Site_ID,Location_ID,country,Sample_ID,Date,Laboratory,Contact_NAme,Contact_email,Paper_code,Latitude,Longitude,Soil_typ,Horizon,Veg_typ,D_min,D_max,D_ave,Bulk_den,Bulk_den_e,LOI,SOC_inst,SOC,SOC_err,STHg_inst,STHg,STHg_err,RHgC,RHgC_err,VWC,VWC_err,Notes,Extractor,Range Flag,Outlier Flag
"Klondike_Region_Central_Yukon",Yukon,CANADA,0,2016-05-25,"Biogeochemical_Analytical_Service_Laboratory,_University_of_Alberta",Sasiri_Bandara,sasiri.bandara@ualberta.ca,Bandara_2019,64.038417,-138.839722,Histosol,NA,NA,0,1,0.5,0,-999,1,LOI,45.185928,-999,DMA,64.8,-999,0.143407,-999,-999,-999,NA,LT,0,0
"Klondike_Region_Central_Yukon",Yukon,CANADA,2,2016-05-25,"Biogeochemical_Analytical_Service_Laboratory,_University_of_Alberta",Sasiri_Bandara,sasiri.bandara@ualberta.ca,Bandara_2019,64.038417,-138.839722,Histosol,NA,NA,2,3,2.5,0,-999,1,LOI,41.17226,-999,DMA,88.99,-999,0.216141,-999,-999,-999,NA,LT,0,0
"Klondike_Region_Central_Yukon",Yukon,CANADA,4,2016-05-25,"Biogeochemical_Analytical_Service_Laboratory,_University_of_Alberta",Sasiri_Bandara,sasiri.bandara@ualberta.ca,Bandara_2019,64.038417,-138.839722,Histosol,NA,NA,4,5,4.5,0,-999,1,LOI,30.869426,-999,DMA,96.66,-999,0.313125,-999,-999,-999,NA,LT,0,0
"Klondike_Region_Central_Yukon",Yukon,CANADA,6,2016-05-25,"Biogeochemical_Analytical_Service_Laboratory,_University_of_Alberta",Sasiri_Bandara,sasiri.bandara@ualberta.ca,Bandara_2019,64.038417,-138.839722,Histosol,NA,NA,6,7,6.5,0,-999,1,LOI,44.508145,-999,DMA,109.74,-999,0.246562,-999,-999,-999,NA,LT,0,0
"Klondike_Region_Central_Yukon",Yukon,CANADA,8,2016-05-25,"Biogeochemical_Analytical_Service_Laboratory,_University_of_Alberta",Sasiri_Bandara,sasiri.bandara@ualberta.ca,Bandara_2019,64.038417,-138.839722,Histosol,NA,NA,8,9,8.5,0,-999,1,LOI,45.134774,-999,DMA,123.33,-999,0.273248,-999,-999,-999,NA,LT,0,0
"Klondike_Region_Central_Yukon",Yukon,CANADA,10,2016-05-25,"Biogeochemical_Analytical_Service_Laboratory,_University_of_Alberta",Sasiri_Bandara,sasiri.bandara@ualberta.ca,Bandara_2019,64.038417,-138.839722,Histosol,NA,NA,10,11,10.5,0,-999,1,LOI,45.290856,-999,DMA,134.74,-999,0.297499,-999,-999,-999,NA,LT,0,0
"Klondike_Region_Central_Yukon",Yukon,CANADA,12,2016-05-25,"Biogeochemical_Analytical_Service_Laboratory,_University_of_Alberta",Sasiri_Bandara,sasiri.bandara@ualberta.ca,Bandara_2019,64.038417,-138.839722,Histosol,NA,NA,12,13,12.5,0,-999,1,LOI,45.271549,-999,DMA,139.96,-999,0.309157,-999,-999,-999,NA,LT,0,0
"Klondike_Region_Central_Yukon",Yukon,CANADA,14,2016-05-25,"Biogeochemical_Analytical_Service_Laboratory,_University_of_Alberta",Sasiri_Bandara,sasiri.bandara@ualberta.ca,Bandara_2019,64.038417,-138.839722,Histosol,NA,NA,14,15,14.5,0,-999,1,LOI,44.938215,-999,DMA,102.7,-999,0.228536,-999,-999,-999,NA,LT,0,0
"Klondike_Region_Central_Yukon",Yukon,CANADA,16,2016-05-25,"Biogeochemical_Analytical_Service_Laboratory,_University_of_Alberta",Sasiri_Bandara,sasiri.bandara@ualberta.ca,Bandara_2019,64.038417,-138.839722,Histosol,NA,NA,16,17,16.5,0,-999,1,LOI,45.086615,-999,DMA,110.19,-999,0.244396,-999,-999,-999,NA,LT,0,0
"Klondike_Region_Central_Yukon",Yukon,CANADA,18,2016-05-25,"Biogeochemical_Analytical_Service_Laboratory,_University_of_Alberta",Sasiri_Bandara,sasiri.bandara@ualberta.ca,Bandara_2019,64.038417,-138.839722,Histosol,NA,NA,18,19,18.5,0,-999,1,LOI,45.033476,-999,DMA,91,-999,0.202072,-999,-999,-999,NA,LT,0,0
"Klondike_Region_Central_Yukon",Yukon,CANADA,20,2016-05-25,"Biogeochemical_Analytical_Service_Laboratory,_University_of_Alberta",Sasiri_Bandara,sasiri.bandara@ualberta.ca,Bandara_2019,64.038417,-138.839722,Histosol,NA,NA,20,21,20.5,0,-999,1,LOI,45.193745,-999,DMA,85.42,-999,0.189008,-999,-999,-999,NA,LT,0,0
"Klondike_Region_Central_Yukon",Yukon,CANADA,22,2016-05-25,"Biogeochemical_Analytical_Service_Laboratory,_University_of_Alberta",Sasiri_Bandara,sasiri.bandara@ualberta.ca,Bandara_2019,64.038417,-138.839722,Histosol,NA,NA,22,23,22.5,0,-999,1,LOI,45.010837,-999,DMA,69.26,-999,0.153874,-999,-999,-999,NA,LT,0,0
"Klondike_Region_Central_Yukon",Yukon,CANADA,24,2016-05-25,"Biogeochemical_Analytical_Service_Laboratory,_University_of_Alberta",Sasiri_Bandara,sasiri.bandara@ualberta.ca,Bandara_2019,64.038417,-138.839722,Histosol,NA,NA,24,25,24.5,0,-999,1,LOI,43.569989,-999,DMA,77.89,-999,0.17877,-999,-999,-999,NA,LT,0,0
"Klondike_Region_Central_Yukon",Yukon,CANADA,26,2016-05-25,"Biogeochemical_Analytical_Service_Laboratory,_University_of_Alberta",Sasiri_Bandara,sasiri.bandara@ualberta.ca,Bandara_2019,64.038417,-138.839722,Histosol,NA,NA,26,27,26.5,0,-999,1,LOI,28.678921,-999,DMA,63.28,-999,0.22065,-999,-999,-999,NA,LT,0,0
"Klondike_Region_Central_Yukon",Yukon,CANADA,28,2016-05-25,"Biogeochemical_Analytical_Service_Laboratory,_University_of_Alberta",Sasiri_Bandara,sasiri.bandara@ualberta.ca,Bandara_2019,64.038417,-138.839722,Histosol,NA,NA,28,29,28.5,0,-999,0,LOI,17.148082,-999,DMA,70.63,-999,0.411883,-999,-999,-999,NA,LT,0,0
"Klondike_Region_Central_Yukon",Yukon,CANADA,30,2016-05-25,"Biogeochemical_Analytical_Service_Laboratory,_University_of_Alberta",Sasiri_Bandara,sasiri.bandara@ualberta.ca,Bandara_2019,64.038417,-138.839722,Histosol,NA,NA,30,31,30.5,0,-999,0,LOI,21.358913,-999,DMA,59.86,-999,0.280258,-999,-999,-999,NA,LT,0,0
"Klondike_Region_Central_Yukon",Yukon,CANADA,32,2016-05-25,"Biogeochemical_Analytical_Service_Laboratory,_University_of_Alberta",Sasiri_Bandara,sasiri.bandara@ualberta.ca,Bandara_2019,64.038417,-138.839722,Histosol,NA,NA,32,33,32.5,0,-999,1,LOI,44.88591,-999,DMA,46.5,-999,0.103596,-999,-999,-999,NA,LT,0,0
"Klondike_Region_Central_Yukon",Yukon,CANADA,34,2016-05-25,"Biogeochemical_Analytical_Service_Laboratory,_University_of_Alberta",Sasiri_Bandara,sasiri.bandara@ualberta.ca,Bandara_2019,64.038417,-138.839722,Histosol,NA,NA,34,35,34.5,0,-999,1,LOI,44.258991,-999,DMA,47.66,-999,0.107684,-999,-999,-999,NA,LT,0,0
"Klondike_Region_Central_Yukon",Yukon,CANADA,36,2016-05-25,"Biogeochemical_Analytical_Service_Laboratory,_University_of_Alberta",Sasiri_Bandara,sasiri.bandara@ualberta.ca,Bandara_2019,64.038417,-138.839722,Histosol,NA,NA,36,37,36.5,0,-999,1,LOI,44.434753,-999,DMA,54.75,-999,0.123214,-999,-999,-999,NA,LT,0,0
"Klondike_Region_Central_Yukon",Yukon,CANADA,38,2016-05-25,"Biogeochemical_Analytical_Service_Laboratory,_University_of_Alberta",Sasiri_Bandara,sasiri.bandara@ualberta.ca,Bandara_2019,64.038417,-138.839722,Histosol,NA,NA,38,39,38.5,0,-999,1,LOI,42.024091,-999,DMA,42.67,-999,0.101537,-999,-999,-999,NA,LT,0,0
"Klondike_Region_Central_Yukon",Yukon,CANADA,40,2016-05-25,"Biogeochemical_Analytical_Service_Laboratory,_University_of_Alberta",Sasiri_Bandara,sasiri.bandara@ualberta.ca,Bandara_2019,64.038417,-138.839722,Histosol,NA,NA,40,41,40.5,0,-999,1,LOI,45.134774,-999,DMA,54.13,-999,0.11993,-999,-999,-999,NA,LT,0,0
"Klondike_Region_Central_Yukon",Yukon,CANADA,42,2016-05-25,"Biogeochemical_Analytical_Service_Laboratory,_University_of_Alberta",Sasiri_Bandara,sasiri.bandara@ualberta.ca,Bandara_2019,64.038417,-138.839722,Histosol,NA,NA,42,43,42.5,0,-999,1,LOI,44.950807,-999,DMA,63.37,-999,0.140976,-999,-999,-999,NA,LT,0,0
"Klondike_Region_Central_Yukon",Yukon,CANADA,44,2016-05-25,"Biogeochemical_Analytical_Service_Laboratory,_University_of_Alberta",Sasiri_Bandara,sasiri.bandara@ualberta.ca,Bandara_2019,64.038417,-138.839722,Histosol,NA,NA,44,45,44.5,0,-999,1,LOI,41.356509,-999,DMA,54.47,-999,0.131708,-999,-999,-999,NA,LT,0,0
"Klondike_Region_Central_Yukon",Yukon,CANADA,46,2016-05-25,"Biogeochemical_Analytical_Service_Laboratory,_University_of_Alberta",Sasiri_Bandara,sasiri.bandara@ualberta.ca,Bandara_2019,64.038417,-138.839722,Histosol,NA,NA,46,47,46.5,0,-999,1,LOI,45.185928,-999,DMA,61.51,-999,0.136126,-999,-999,-999,NA,LT,0,0
"Klondike_Region_Central_Yukon",Yukon,CANADA,48,2016-05-25,"Biogeochemical_Analytical_Service_Laboratory,_University_of_Alberta",Sasiri_Bandara,sasiri.bandara@ualberta.ca,Bandara_2019,64.038417,-138.839722,Histosol,NA,NA,48,49,48.5,0,-999,1,LOI,45.326581,-999,DMA,42.39,-999,0.093521,-999,-999,-999,NA,LT,0,0
"Klondike_Region_Central_Yukon",Yukon,CANADA,50,2016-05-25,"Biogeochemical_Analytical_Service_Laboratory,_University_of_Alberta",Sasiri_Bandara,sasiri.bandara@ualberta.ca,Bandara_2019,64.038417,-138.839722,Histosol,NA,NA,50,51,50.5,0,-999,1,LOI,45.313519,-999,DMA,30.87,-999,0.068125,-999,-999,-999,NA,LT,0,0
"Klondike_Region_Central_Yukon",Yukon,CANADA,52,2016-05-25,"Biogeochemical_Analytical_Service_Laboratory,_University_of_Alberta",Sasiri_Bandara,sasiri.bandara@ualberta.ca,Bandara_2019,64.038417,-138.839722,Histosol,NA,NA,52,53,52.5,0,-999,1,LOI,45.290856,-999,DMA,77.83,-999,0.171845,-999,-999,-999,NA,LT,0,0
"Klondike_Region_Central_Yukon",Yukon,CANADA,54,2016-05-25,"Biogeochemical_Analytical_Service_Laboratory,_University_of_Alberta",Sasiri_Bandara,sasiri.bandara@ualberta.ca,Bandara_2019,64.038417,-138.839722,Histosol,NA,NA,54,55,54.5,0,-999,1,LOI,45.330312,-999,DMA,118.88,-999,0.262253,-999,-999,-999,NA,LT,0,0
"Klondike_Region_Central_Yukon",Yukon,CANADA,56,2016-05-25,"Biogeochemical_Analytical_Service_Laboratory,_University_of_Alberta",Sasiri_Bandara,sasiri.bandara@ualberta.ca,Bandara_2019,64.038417,-138.839722,Histosol,NA,NA,56,57,56.5,0,-999,1,LOI,45.303136,-999,DMA,64.82,-999,0.143081,-999,-999,-999,NA,LT,0,0
"Klondike_Region_Central_Yukon",Yukon,CANADA,58,2016-05-25,"Biogeochemical_Analytical_Service_Laboratory,_University_of_Alberta",Sasiri_Bandara,sasiri.bandara@ualberta.ca,Bandara_2019,64.038417,-138.839722,Histosol,NA,NA,59,60,59.5,0,-999,1,LOI,45.260646,-999,DMA,53.55,-999,0.118315,-999,-999,-999,NA,LT,0,0
"Klondike_Region_Central_Yukon",Yukon,CANADA,60,2016-05-25,"Biogeochemical_Analytical_Service_Laboratory,_University_of_Alberta",Sasiri_Bandara,sasiri.bandara@ualberta.ca,Bandara_2019,64.038417,-138.839722,Histosol,NA,NA,60,61,60.5,0,-999,1,LOI,45.242736,-999,DMA,48.49,-999,0.107177,-999,-999,-999,NA,LT,0,0
"Klondike_Region_Central_Yukon",Yukon,CANADA,62,2016-05-25,"Biogeochemical_Analytical_Service_Laboratory,_University_of_Alberta",Sasiri_Bandara,sasiri.bandara@ualberta.ca,Bandara_2019,64.038417,-138.839722,Histosol,NA,NA,62,63,62.5,0,-999,1,LOI,40.677044,-999,DMA,45.73,-999,0.112422,-999,-999,-999,NA,LT,0,0
"Klondike_Region_Central_Yukon",Yukon,CANADA,64,2016-05-25,"Biogeochemical_Analytical_Service_Laboratory,_University_of_Alberta",Sasiri_Bandara,sasiri.bandara@ualberta.ca,Bandara_2019,64.038417,-138.839722,Histosol,NA,NA,64,65,64.5,0,-999,1,LOI,43.645847,-999,DMA,36.98,-999,0.084727,-999,-999,-999,NA,LT,0,0
"Klondike_Region_Central_Yukon",Yukon,CANADA,66,2016-05-25,"Biogeochemical_Analytical_Service_Laboratory,_University_of_Alberta",Sasiri_Bandara,sasiri.bandara@ualberta.ca,Bandara_2019,64.038417,-138.839722,Histosol,NA,NA,66,67,66.5,0,-999,1,LOI,43.595443,-999,DMA,27.13,-999,0.062231,-999,-999,-999,NA,LT,0,0
"Klondike_Region_Central_Yukon",Yukon,CANADA,68,2016-05-25,"Biogeochemical_Analytical_Service_Laboratory,_University_of_Alberta",Sasiri_Bandara,sasiri.bandara@ualberta.ca,Bandara_2019,64.038417,-138.839722,Histosol,NA,NA,68,69,68.5,0,-999,1,LOI,44.002147,-999,DMA,38.7,-999,0.08795,-999,-999,-999,NA,LT,0,0
"Klondike_Region_Central_Yukon",Yukon,CANADA,70,2016-05-25,"Biogeochemical_Analytical_Service_Laboratory,_University_of_Alberta",Sasiri_Bandara,sasiri.bandara@ualberta.ca,Bandara_2019,64.038417,-138.839722,Histosol,NA,NA,70,71,70.5,0,-999,1,LOI,44.176207,-999,DMA,50.79,-999,0.114971,-999,-999,-999,NA,LT,0,0
"Klondike_Region_Central_Yukon",Yukon,CANADA,72,2016-05-25,"Biogeochemical_Analytical_Service_Laboratory,_University_of_Alberta",Sasiri_Bandara,sasiri.bandara@ualberta.ca,Bandara_2019,64.038417,-138.839722,Histosol,NA,NA,72,73,72.5,0,-999,1,LOI,44.508145,-999,DMA,47.75,-999,0.107284,-999,-999,-999,NA,LT,0,0
"Klondike_Region_Central_Yukon",Yukon,CANADA,74,2016-05-25,"Biogeochemical_Analytical_Service_Laboratory,_University_of_Alberta",Sasiri_Bandara,sasiri.bandara@ualberta.ca,Bandara_2019,64.038417,-138.839722,Histosol,NA,NA,74,75,74.5,0,-999,1,LOI,44.338913,-999,DMA,53.7,-999,0.121113,-999,-999,-999,NA,LT,0,0
"Klondike_Region_Central_Yukon",Yukon,CANADA,76,2016-05-25,"Biogeochemical_Analytical_Service_Laboratory,_University_of_Alberta",Sasiri_Bandara,sasiri.bandara@ualberta.ca,Bandara_2019,64.038417,-138.839722,Histosol,NA,NA,76,77,76.5,0,-999,1,LOI,43.887678,-999,DMA,50.07,-999,0.114087,-999,-999,-999,NA,LT,0,0
"Klondike_Region_Central_Yukon",Yukon,CANADA,78,2016-05-25,"Biogeochemical_Analytical_Service_Laboratory,_University_of_Alberta",Sasiri_Bandara,sasiri.bandara@ualberta.ca,Bandara_2019,64.038417,-138.839722,Histosol,NA,NA,78,79,78.5,0,-999,1,LOI,43.744626,-999,DMA,56.62,-999,0.129433,-999,-999,-999,NA,LT,0,0
"Klondike_Region_Central_Yukon",Yukon,CANADA,80,2016-05-25,"Biogeochemical_Analytical_Service_Laboratory,_University_of_Alberta",Sasiri_Bandara,sasiri.bandara@ualberta.ca,Bandara_2019,64.038417,-138.839722,Histosol,NA,NA,80,81,80.5,0,-999,1,LOI,44.92543,-999,DMA,59.59,-999,0.132642,-999,-999,-999,NA,LT,0,0
"Klondike_Region_Central_Yukon",Yukon,CANADA,82,2016-05-25,"Biogeochemical_Analytical_Service_Laboratory,_University_of_Alberta",Sasiri_Bandara,sasiri.bandara@ualberta.ca,Bandara_2019,64.038417,-138.839722,Histosol,NA,NA,82,83,82.5,0,-999,1,LOI,38.748051,-999,DMA,76.23,-999,0.196732,-999,-999,-999,NA,LT,0,0
"Klondike_Region_Central_Yukon",Yukon,CANADA,84,2016-05-25,"Biogeochemical_Analytical_Service_Laboratory,_University_of_Alberta",Sasiri_Bandara,sasiri.bandara@ualberta.ca,Bandara_2019,64.038417,-138.839722,Histosol,NA,NA,84,85,84.5,0,-999,1,LOI,37.306094,-999,DMA,68.56,-999,0.183777,-999,-999,-999,NA,LT,0,0
"Klondike_Region_Central_Yukon",Yukon,CANADA,86,2016-05-25,"Biogeochemical_Analytical_Service_Laboratory,_University_of_Alberta",Sasiri_Bandara,sasiri.bandara@ualberta.ca,Bandara_2019,64.038417,-138.839722,Histosol,NA,NA,86,87,86.5,0,-999,1,LOI,43.223962,-999,DMA,39.02,-999,0.090274,-999,-999,-999,NA,LT,0,0
"Klondike_Region_Central_Yukon",Yukon,CANADA,88,2016-05-25,"Biogeochemical_Analytical_Service_Laboratory,_University_of_Alberta",Sasiri_Bandara,sasiri.bandara@ualberta.ca,Bandara_2019,64.038417,-138.839722,Histosol,NA,NA,88,89,88.5,0,-999,1,LOI,43.44021,-999,DMA,36.77,-999,0.084645,-999,-999,-999,NA,LT,0,0
"Klondike_Region_Central_Yukon",Yukon,CANADA,90,2016-05-25,"Biogeochemical_Analytical_Service_Laboratory,_University_of_Alberta",Sasiri_Bandara,sasiri.bandara@ualberta.ca,Bandara_2019,64.038417,-138.839722,Histosol,NA,NA,90,91,90.5,0,-999,1,LOI,45.266202,-999,DMA,54.47,-999,0.120333,-999,-999,-999,NA,LT,0,0
"Klondike_Region_Central_Yukon",Yukon,CANADA,92,2016-05-25,"Biogeochemical_Analytical_Service_Laboratory,_University_of_Alberta",Sasiri_Bandara,sasiri.bandara@ualberta.ca,Bandara_2019,64.038417,-138.839722,Histosol,NA,NA,92,93,92.5,0,-999,1,LOI,45.229764,-999,DMA,57,-999,0.126023,-999,-999,-999,NA,LT,0,0
"Klondike_Region_Central_Yukon",Yukon,CANADA,94,2016-05-25,"Biogeochemical_Analytical_Service_Laboratory,_University_of_Alberta",Sasiri_Bandara,sasiri.bandara@ualberta.ca,Bandara_2019,64.038417,-138.839722,Histosol,NA,NA,94,95,94.5,0,-999,1,LOI,45.335879,-999,DMA,39.22,-999,0.08651,-999,-999,-999,NA,LT,0,0
"Klondike_Region_Central_Yukon",Yukon,CANADA,96,2016-05-25,"Biogeochemical_Analytical_Service_Laboratory,_University_of_Alberta",Sasiri_Bandara,sasiri.bandara@ualberta.ca,Bandara_2019,64.038417,-138.839722,Histosol,NA,NA,96,97,96.5,0,-999,1,LOI,45.336345,-999,DMA,24.24,-999,0.053467,-999,-999,-999,NA,LT,0,0
"Klondike_Region_Central_Yukon",Yukon,CANADA,98,2016-05-25,"Biogeochemical_Analytical_Service_Laboratory,_University_of_Alberta",Sasiri_Bandara,sasiri.bandara@ualberta.ca,Bandara_2019,64.038417,-138.839722,Histosol,NA,NA,98,99,98.5,0,-999,1,LOI,45.335879,-999,DMA,26.86,-999,0.059247,-999,-999,-999,NA,LT,0,0
"Klondike_Region_Central_Yukon",Yukon,CANADA,100,2016-05-25,"Biogeochemical_Analytical_Service_Laboratory,_University_of_Alberta",Sasiri_Bandara,sasiri.bandara@ualberta.ca,Bandara_2019,64.038417,-138.839722,Histosol,NA,NA,100,101,100.5,0,-999,1,LOI,45.271549,-999,DMA,35.34,-999,0.078062,-999,-999,-999,NA,LT,0,0
"Klondike_Region_Central_Yukon",Yukon,CANADA,102,2016-05-25,"Biogeochemical_Analytical_Service_Laboratory,_University_of_Alberta",Sasiri_Bandara,sasiri.bandara@ualberta.ca,Bandara_2019,64.038417,-138.839722,Histosol,NA,NA,102,103,102.5,0,-999,1,LOI,45.276689,-999,DMA,34.37,-999,0.075911,-999,-999,-999,NA,LT,0,0
"Klondike_Region_Central_Yukon",Yukon,CANADA,104,2016-05-25,"Biogeochemical_Analytical_Service_Laboratory,_University_of_Alberta",Sasiri_Bandara,sasiri.bandara@ualberta.ca,Bandara_2019,64.038417,-138.839722,Histosol,NA,NA,104,105,104.5,0,-999,1,LOI,45.33644,-999,DMA,22.52,-999,0.049673,-999,-999,-999,NA,LT,0,0
"Klondike_Region_Central_Yukon",Yukon,CANADA,106,2016-05-25,"Biogeochemical_Analytical_Service_Laboratory,_University_of_Alberta",Sasiri_Bandara,sasiri.bandara@ualberta.ca,Bandara_2019,64.038417,-138.839722,Histosol,NA,NA,106,107,106.5,0,-999,1,LOI,45.324394,-999,DMA,39.69,-999,0.087569,-999,-999,-999,NA,LT,0,0
"Klondike_Region_Central_Yukon",Yukon,CANADA,108,2016-05-25,"Biogeochemical_Analytical_Service_Laboratory,_University_of_Alberta",Sasiri_Bandara,sasiri.bandara@ualberta.ca,Bandara_2019,64.038417,-138.839722,Histosol,NA,NA,108,109,108.5,0,-999,1,LOI,45.326581,-999,DMA,19.06,-999,0.04205,-999,-999,-999,NA,LT,0,0
"Klondike_Region_Central_Yukon",Yukon,CANADA,110,2016-05-25,"Biogeochemical_Analytical_Service_Laboratory,_University_of_Alberta",Sasiri_Bandara,sasiri.bandara@ualberta.ca,Bandara_2019,64.038417,-138.839722,Histosol,NA,NA,110,111,110.5,0,-999,1,LOI,45.328553,-999,DMA,21.89,-999,0.048292,-999,-999,-999,NA,LT,0,0
"Klondike_Region_Central_Yukon",Yukon,CANADA,112,2016-05-25,"Biogeochemical_Analytical_Service_Laboratory,_University_of_Alberta",Sasiri_Bandara,sasiri.bandara@ualberta.ca,Bandara_2019,64.038417,-138.839722,Histosol,NA,NA,112,113,112.5,0,-999,1,LOI,45.333185,-999,DMA,23.51,-999,0.05186,-999,-999,-999,NA,LT,0,0
"Klondike_Region_Central_Yukon",Yukon,CANADA,114,2016-05-25,"Biogeochemical_Analytical_Service_Laboratory,_University_of_Alberta",Sasiri_Bandara,sasiri.bandara@ualberta.ca,Bandara_2019,64.038417,-138.839722,Histosol,NA,NA,114,115,114.5,0,-999,1,LOI,45.336594,-999,DMA,21.8,-999,0.048085,-999,-999,-999,NA,LT,0,0
"Klondike_Region_Central_Yukon",Yukon,CANADA,116,2016-05-25,"Biogeochemical_Analytical_Service_Laboratory,_University_of_Alberta",Sasiri_Bandara,sasiri.bandara@ualberta.ca,Bandara_2019,64.038417,-138.839722,Histosol,NA,NA,116,117,116.5,0,-999,1,LOI,45.331856,-999,DMA,23.68,-999,0.052237,-999,-999,-999,NA,LT,0,0
"Klondike_Region_Central_Yukon",Yukon,CANADA,118,2016-05-25,"Biogeochemical_Analytical_Service_Laboratory,_University_of_Alberta",Sasiri_Bandara,sasiri.bandara@ualberta.ca,Bandara_2019,64.038417,-138.839722,Histosol,NA,NA,118,119,118.5,0,-999,1,LOI,45.335197,-999,DMA,20.34,-999,0.044866,-999,-999,-999,NA,LT,0,0
"Klondike_Region_Central_Yukon",Yukon,CANADA,120,2016-05-25,"Biogeochemical_Analytical_Service_Laboratory,_University_of_Alberta",Sasiri_Bandara,sasiri.bandara@ualberta.ca,Bandara_2019,64.038417,-138.839722,Histosol,NA,NA,120,121,120.5,0,-999,1,LOI,45.333185,-999,DMA,26.82,-999,0.059162,-999,-999,-999,NA,LT,0,0
"Klondike_Region_Central_Yukon",Yukon,CANADA,122,2016-05-25,"Biogeochemical_Analytical_Service_Laboratory,_University_of_Alberta",Sasiri_Bandara,sasiri.bandara@ualberta.ca,Bandara_2019,64.038417,-138.839722,Histosol,NA,NA,122,123,122.5,0,-999,1,LOI,45.335879,-999,DMA,22.79,-999,0.050269,-999,-999,-999,NA,LT,0,0
"Klondike_Region_Central_Yukon",Yukon,CANADA,124,2016-05-25,"Biogeochemical_Analytical_Service_Laboratory,_University_of_Alberta",Sasiri_Bandara,sasiri.bandara@ualberta.ca,Bandara_2019,64.038417,-138.839722,Histosol,NA,NA,124,125,124.5,0,-999,1,LOI,45.336626,-999,DMA,24.51,-999,0.054062,-999,-999,-999,NA,LT,0,0
"Klondike_Region_Central_Yukon",Yukon,CANADA,126,2016-05-25,"Biogeochemical_Analytical_Service_Laboratory,_University_of_Alberta",Sasiri_Bandara,sasiri.bandara@ualberta.ca,Bandara_2019,64.038417,-138.839722,Histosol,NA,NA,126,127,126.5,0,-999,1,LOI,45.331856,-999,DMA,17.53,-999,0.03867,-999,-999,-999,NA,LT,0,0
"Klondike_Region_Central_Yukon",Yukon,CANADA,128,2016-05-25,"Biogeochemical_Analytical_Service_Laboratory,_University_of_Alberta",Sasiri_Bandara,sasiri.bandara@ualberta.ca,Bandara_2019,64.038417,-138.839722,Histosol,NA,NA,128,129,128.5,0,-999,1,LOI,45.303136,-999,DMA,20.03,-999,0.044213,-999,-999,-999,NA,LT,0,0
VM6,Lake_Villasjn,SWEDEN,VM6-11,NA,NA,NA,NA,Erikson_2014,68.353875,19.05275,NA,NA,NA,NA,NA,20.1221,-999,-999,-999,NA,40.5889,-999,NA,32.9968,-999,0.0812951,-999,-999,-999,NA,KS,0,0
VM6,Lake_Villasjn,SWEDEN,VM6-3,NA,NA,NA,NA,Erikson_2014,68.353875,19.05275,NA,NA,NA,NA,NA,4.0578,-999,-999,-999,NA,37.4711,-999,NA,49.3973,-999,0.1318277,-999,-999,-999,NA,KS,0,0
VM6,Lake_Villasjn,SWEDEN,VM6-6,NA,NA,NA,NA,Erikson_2014,68.353875,19.05275,NA,NA,NA,NA,NA,10.1208,-999,-999,-999,NA,35.6928,-999,NA,44.5595,-999,0.1248417,-999,-999,-999,NA,KS,0,0
VM6,Lake_Villasjn,SWEDEN,VM6-8,NA,NA,NA,NA,Erikson_2014,68.353875,19.05275,NA,NA,NA,NA,NA,14.0857,-999,-999,-999,NA,33.8684,-999,NA,36.9729,-999,0.1091664,-999,-999,-999,NA,KS,0,0
VM6,Lake_Villasjn,SWEDEN,VM6-1,NA,NA,NA,NA,Erikson_2014,68.353875,19.05275,NA,NA,NA,NA,NA,0.0759,-999,-999,-999,NA,26.1316,-999,NA,103.5998,-999,0.3964541,-999,-999,-999,NA,KS,0,0
VM6,Lake_Villasjn,SWEDEN,VM6-13,NA,NA,NA,NA,Erikson_2014,68.353875,19.05275,NA,NA,NA,NA,NA,24.0128,-999,-999,-999,NA,9.0878,-999,NA,12.9529,-999,0.1425306,-999,-999,-999,NA,KS,0,0
VM6,Lake_Villasjn,SWEDEN,VM6-21,NA,NA,NA,NA,Erikson_2014,68.353875,19.05275,NA,NA,NA,NA,NA,37.9718,-999,-999,-999,NA,3.4988,-999,NA,13.625,-999,0.3894192,-999,-999,-999,NA,KS,0,0
VM6,Lake_Villasjn,SWEDEN,VM6-16,NA,NA,NA,NA,Erikson_2014,68.353875,19.05275,NA,NA,NA,NA,NA,30.0211,-999,-999,-999,NA,1.6975,-999,NA,14.1476,-999,0.8334374,-999,-999,-999,NA,KS,0,0
VM6,Lake_Villasjn,SWEDEN,VM6-17,NA,NA,NA,NA,Erikson_2014,68.353875,19.05275,NA,NA,NA,NA,NA,30.0454,-999,-999,-999,NA,1.6975,-999,NA,19.3969,-999,1.1426745,-999,-999,-999,NA,KS,0,0
VM6,Lake_Villasjn,SWEDEN,VM6-19,NA,NA,NA,NA,Erikson_2014,68.353875,19.05275,NA,NA,NA,NA,NA,34.1138,-999,-999,-999,NA,0.9584,-999,NA,15.8062,-999,1.6492279,-999,-999,-999,NA,KS,0,0
VM6,Lake_Villasjn,SWEDEN,VM6-2,NA,NA,NA,NA,Erikson_2014,68.353875,19.05275,NA,NA,NA,NA,NA,2.0659,-999,-999,-999,NA,NA,-999,NA,43.0448,-999,-999,-999,-999,-999,NA,KS,0,0
VM6,Lake_Villasjn,SWEDEN,VM6-4,NA,NA,NA,NA,Erikson_2014,68.353875,19.05275,NA,NA,NA,NA,NA,6.1595,-999,-999,-999,NA,NA,-999,NA,42.353,-999,-999,-999,-999,-999,NA,KS,0,0
VM6,Lake_Villasjn,SWEDEN,VM6-5,NA,NA,NA,NA,Erikson_2014,68.353875,19.05275,NA,NA,NA,NA,NA,8.0848,-999,-999,-999,NA,NA,-999,NA,15.4082,-999,-999,-999,-999,-999,NA,KS,0,0
VM6,Lake_Villasjn,SWEDEN,VM6-7,NA,NA,NA,NA,Erikson_2014,68.353875,19.05275,NA,NA,NA,NA,NA,12.0618,-999,-999,-999,NA,NA,-999,NA,46.3678,-999,-999,-999,-999,-999,NA,KS,0,0
VM6,Lake_Villasjn,SWEDEN,VM6-9,NA,NA,NA,NA,Erikson_2014,68.353875,19.05275,NA,NA,NA,NA,NA,16.0054,-999,-999,-999,NA,NA,-999,NA,25.2272,-999,-999,-999,-999,-999,NA,KS,0,0
VM6,Lake_Villasjn,SWEDEN,VM6-10,NA,NA,NA,NA,Erikson_2014,68.353875,19.05275,NA,NA,NA,NA,NA,18.0794,-999,-999,-999,NA,NA,-999,NA,22.1001,-999,-999,-999,-999,-999,NA,KS,0,0
VM6,Lake_Villasjn,SWEDEN,VM6-12,NA,NA,NA,NA,Erikson_2014,68.353875,19.05275,NA,NA,NA,NA,NA,22.0921,-999,-999,-999,NA,NA,-999,NA,27.4407,-999,-999,-999,-999,-999,NA,KS,0,0
VM6,Lake_Villasjn,SWEDEN,VM6-14,NA,NA,NA,NA,Erikson_2014,68.353875,19.05275,NA,NA,NA,NA,NA,26.06,-999,-999,-999,NA,NA,-999,NA,11.471,-999,-999,-999,-999,-999,NA,KS,0,0
VM6,Lake_Villasjn,SWEDEN,VM6-15,NA,NA,NA,NA,Erikson_2014,68.353875,19.05275,NA,NA,NA,NA,NA,28.1582,-999,-999,-999,NA,NA,-999,NA,13.9848,-999,-999,-999,-999,-999,NA,KS,0,0
VM6,Lake_Villasjn,SWEDEN,VM6-18,NA,NA,NA,NA,Erikson_2014,68.353875,19.05275,NA,NA,NA,NA,NA,32.1207,-999,-999,-999,NA,NA,-999,NA,12.9792,-999,-999,-999,-999,-999,NA,KS,0,0
VM6,Lake_Villasjn,SWEDEN,VM6-20,NA,NA,NA,NA,Erikson_2014,68.353875,19.05275,NA,NA,NA,NA,NA,36.0568,-999,-999,-999,NA,NA,-999,NA,12.1302,-999,-999,-999,-999,-999,NA,KS,0,0
VM5,Lake_Villasjn,SWEDEN,VM5-3,NA,NA,NA,NA,Erikson_2014,68.354082,19.052198,NA,NA,NA,NA,NA,4.5075,-999,-999,-999,NA,44.3072,-999,NA,68.6688,-999,0.1549834,-999,-999,-999,NA,KS,0,0
VM5,Lake_Villasjn,SWEDEN,VM5-6,NA,NA,NA,NA,Erikson_2014,68.354082,19.052198,NA,NA,NA,NA,NA,10.5082,-999,-999,-999,NA,40.1039,-999,NA,64.4383,-999,0.1606784,-999,-999,-999,NA,KS,0,0
VM5,Lake_Villasjn,SWEDEN,VM5-9,NA,NA,NA,NA,Erikson_2014,68.354082,19.052198,NA,NA,NA,NA,NA,20.6077,-999,-999,-999,NA,38.0254,-999,NA,57.4522,-999,0.151089,-999,-999,-999,NA,KS,0,0
VM5,Lake_Villasjn,SWEDEN,VM5-8,NA,NA,NA,NA,Erikson_2014,68.354082,19.052198,NA,NA,NA,NA,NA,14.5418,-999,-999,-999,NA,29.3187,-999,NA,62.5644,-999,0.2133942,-999,-999,-999,NA,KS,0,0
VM5,Lake_Villasjn,SWEDEN,VM5-10,NA,NA,NA,NA,Erikson_2014,68.354082,19.052198,NA,NA,NA,NA,NA,26.4737,-999,-999,-999,NA,27.4942,-999,NA,43.6247,-999,0.1586687,-999,-999,-999,NA,KS,0,0
VM5,Lake_Villasjn,SWEDEN,VM5-11,NA,NA,NA,NA,Erikson_2014,68.354082,19.052198,NA,NA,NA,NA,NA,32.4667,-999,-999,-999,NA,12.2286,-999,NA,18.4366,-999,0.1507662,-999,-999,-999,NA,KS,0,0
VM5,Lake_Villasjn,SWEDEN,VM5-13,NA,NA,NA,NA,Erikson_2014,68.354082,19.052198,NA,NA,NA,NA,NA,38.4675,-999,-999,-999,NA,3.1755,-999,NA,14.6956,-999,0.4627807,-999,-999,-999,NA,KS,0,0
VM5,Lake_Villasjn,SWEDEN,VM5-12,NA,NA,NA,NA,Erikson_2014,68.354082,19.052198,NA,NA,NA,NA,NA,35.0461,-999,-999,-999,NA,2.5751,-999,NA,NA,-999,-999,-999,-999,-999,NA,KS,1,1
VM5,Lake_Villasjn,SWEDEN,VM5-1,NA,NA,NA,NA,Erikson_2014,68.354082,19.052198,NA,NA,NA,NA,NA,0.5067,-999,-999,-999,NA,NA,-999,NA,70.3467,-999,-999,-999,-999,-999,NA,KS,0,0
VM5,Lake_Villasjn,SWEDEN,VM5-2,NA,NA,NA,NA,Erikson_2014,68.354082,19.052198,NA,NA,NA,NA,NA,2.5427,-999,-999,-999,NA,NA,-999,NA,77.0974,-999,-999,-999,-999,-999,NA,KS,0,0
VM5,Lake_Villasjn,SWEDEN,VM5-4,NA,NA,NA,NA,Erikson_2014,68.354082,19.052198,NA,NA,NA,NA,NA,6.5401,-999,-999,-999,NA,NA,-999,NA,66.0181,-999,-999,-999,-999,-999,NA,KS,0,0
VM5,Lake_Villasjn,SWEDEN,VM5-5,NA,NA,NA,NA,Erikson_2014,68.354082,19.052198,NA,NA,NA,NA,NA,8.5402,-999,-999,-999,NA,NA,-999,NA,64.1509,-999,-999,-999,-999,-999,NA,KS,0,0
VM5,Lake_Villasjn,SWEDEN,VM5-7,NA,NA,NA,NA,Erikson_2014,68.354082,19.052198,NA,NA,NA,NA,NA,12.506,-999,-999,-999,NA,NA,-999,NA,56.4992,-999,-999,-999,-999,-999,NA,KS,0,0
VM2,Lake_Villasjn,SWEDEN,VM2-1,NA,NA,NA,NA,Erikson_2014,68.354509,19.050644,NA,NA,NA,NA,NA,0.5425,-999,-999,-999,NA,34.7691,-999,NA,78.6709,-999,0.2262667,-999,-999,-999,NA,KS,0,0
VM2,Lake_Villasjn,SWEDEN,VM2-3,NA,NA,NA,NA,Erikson_2014,68.354509,19.050644,NA,NA,NA,NA,NA,4.5438,-999,-999,-999,NA,32.9677,-999,NA,78.2661,-999,0.2374024,-999,-999,-999,NA,KS,0,0
VM2,Lake_Villasjn,SWEDEN,VM2-9,NA,NA,NA,NA,Erikson_2014,68.354509,19.050644,NA,NA,NA,NA,NA,20.6063,-999,-999,-999,NA,32.4827,-999,NA,53.7308,-999,0.1654136,-999,-999,-999,NA,KS,0,0
VM2,Lake_Villasjn,SWEDEN,VM2-8,NA,NA,NA,NA,Erikson_2014,68.354509,19.050644,NA,NA,NA,NA,NA,14.5786,-999,-999,-999,NA,31.3972,-999,NA,73.5328,-999,0.2342018,-999,-999,-999,NA,KS,0,0
VM2,Lake_Villasjn,SWEDEN,VM2-6,NA,NA,NA,NA,Erikson_2014,68.354509,19.050644,NA,NA,NA,NA,NA,10.6468,-999,-999,-999,NA,24.0069,-999,NA,84.9057,-999,0.3536721,-999,-999,-999,NA,KS,0,0
VM2,Lake_Villasjn,SWEDEN,VM2-11,NA,NA,NA,NA,Erikson_2014,68.354509,19.050644,NA,NA,NA,NA,NA,32.5611,-999,-999,-999,NA,18.6721,-999,NA,97.6637,-999,0.5230461,-999,-999,-999,NA,KS,0,0
VM2,Lake_Villasjn,SWEDEN,VM2-10,NA,NA,NA,NA,Erikson_2014,68.354509,19.050644,NA,NA,NA,NA,NA,26.4745,-999,-999,-999,NA,13.9146,-999,NA,45.9751,-999,0.3304091,-999,-999,-999,NA,KS,0,0
VM2,Lake_Villasjn,SWEDEN,VM2-2,NA,NA,NA,NA,Erikson_2014,68.354509,19.050644,NA,NA,NA,NA,NA,2.5133,-999,-999,-999,NA,NA,-999,NA,86.4011,-999,-999,-999,-999,-999,NA,KS,0,0
VM2,Lake_Villasjn,SWEDEN,VM2-4,NA,NA,NA,NA,Erikson_2014,68.354509,19.050644,NA,NA,NA,NA,NA,6.4786,-999,-999,-999,NA,NA,-999,NA,77.1826,-999,-999,-999,-999,-999,NA,KS,0,0
VM2,Lake_Villasjn,SWEDEN,VM2-5,NA,NA,NA,NA,Erikson_2014,68.354509,19.050644,NA,NA,NA,NA,NA,8.5126,-999,-999,-999,NA,NA,-999,NA,78.547,-999,-999,-999,-999,-999,NA,KS,0,0
VM2,Lake_Villasjn,SWEDEN,VM2-7,NA,NA,NA,NA,Erikson_2014,68.354509,19.050644,NA,NA,NA,NA,NA,12.5152,-999,-999,-999,NA,NA,-999,NA,81.6679,-999,-999,-999,-999,-999,NA,KS,0,0
VM2,Lake_Villasjn,SWEDEN,VM2-12,NA,NA,NA,NA,Erikson_2014,68.354509,19.050644,NA,NA,NA,NA,NA,38.5565,-999,-999,-999,NA,NA,-999,NA,78.8411,-999,-999,-999,-999,-999,NA,KS,0,0
VM1,Lake_Villasjn,SWEDEN,VM1-1,NA,NA,NA,NA,Erikson_2014,68.354689,19.050129,NA,NA,NA,NA,NA,0.0612,-999,-999,-999,NA,31.1894,-999,NA,71.948,-999,0.2306809,-999,-999,-999,NA,KS,0,0
VM1,Lake_Villasjn,SWEDEN,VM1-4,NA,NA,NA,NA,Erikson_2014,68.354689,19.050129,NA,NA,NA,NA,NA,6.055,-999,-999,-999,NA,30.2887,-999,NA,65.0469,-999,0.2147563,-999,-999,-999,NA,KS,0,0
VM1,Lake_Villasjn,SWEDEN,VM1-6,NA,NA,NA,NA,Erikson_2014,68.354689,19.050129,NA,NA,NA,NA,NA,10.1013,-999,-999,-999,NA,26.2702,-999,NA,62.122,-999,0.2364733,-999,-999,-999,NA,KS,0,0
VM1,Lake_Villasjn,SWEDEN,VM1-13,NA,NA,NA,NA,Erikson_2014,68.354689,19.050129,NA,NA,NA,NA,NA,24.0611,-999,-999,-999,NA,25.9007,-999,NA,36.4438,-999,0.1407058,-999,-999,-999,NA,KS,0,0
VM1,Lake_Villasjn,SWEDEN,VM1-8,NA,NA,NA,NA,Erikson_2014,68.354689,19.050129,NA,NA,NA,NA,NA,14.0191,-999,-999,-999,NA,23.6143,-999,NA,51.5581,-999,0.2183342,-999,-999,-999,NA,KS,0,0
VM1,Lake_Villasjn,SWEDEN,VM1-11,NA,NA,NA,NA,Erikson_2014,68.354689,19.050129,NA,NA,NA,NA,NA,20.0618,-999,-999,-999,NA,22.8522,-999,NA,30.4896,-999,0.1334209,-999,-999,-999,NA,KS,0,0
VM1,Lake_Villasjn,SWEDEN,VM1-16,NA,NA,NA,NA,Erikson_2014,68.354689,19.050129,NA,NA,NA,NA,NA,30.075,-999,-999,-999,NA,22.7598,-999,NA,34.1782,-999,0.1501692,-999,-999,-999,NA,KS,0,0
VM1,Lake_Villasjn,SWEDEN,VM1-18,NA,NA,NA,NA,Erikson_2014,68.354689,19.050129,NA,NA,NA,NA,NA,34.0391,-999,-999,-999,NA,7.9792,-999,NA,16.6938,-999,0.2092165,-999,-999,-999,NA,KS,0,0
VM1,Lake_Villasjn,SWEDEN,VM1-20,NA,NA,NA,NA,Erikson_2014,68.354689,19.050129,NA,NA,NA,NA,NA,40.0306,-999,-999,-999,NA,3.7529,-999,NA,16.1257,-999,0.4296864,-999,-999,-999,NA,KS,0,0
VM1,Lake_Villasjn,SWEDEN,VM1-21,NA,NA,NA,NA,Erikson_2014,68.354689,19.050129,NA,NA,NA,NA,NA,40.0313,-999,-999,-999,NA,3.7529,-999,NA,14.3629,-999,0.3827147,-999,-999,-999,NA,KS,0,0
VM1,Lake_Villasjn,SWEDEN,VM1-2,NA,NA,NA,NA,Erikson_2014,68.354689,19.050129,NA,NA,NA,NA,NA,2.074,-999,-999,-999,NA,NA,-999,NA,68.9512,-999,-999,-999,-999,-999,NA,KS,0,0
VM1,Lake_Villasjn,SWEDEN,VM1-3,NA,NA,NA,NA,Erikson_2014,68.354689,19.050129,NA,NA,NA,NA,NA,4.0587,-999,-999,-999,NA,NA,-999,NA,83.06,-999,-999,-999,-999,-999,NA,KS,0,0
VM1,Lake_Villasjn,SWEDEN,VM1-5,NA,NA,NA,NA,Erikson_2014,68.354689,19.050129,NA,NA,NA,NA,NA,8.0902,-999,-999,-999,NA,NA,-999,NA,60.5486,-999,-999,-999,-999,-999,NA,KS,0,0
VM1,Lake_Villasjn,SWEDEN,VM1-7,NA,NA,NA,NA,Erikson_2014,68.354689,19.050129,NA,NA,NA,NA,NA,12.097,-999,-999,-999,NA,NA,-999,NA,45.8064,-999,-999,-999,-999,-999,NA,KS,0,0
VM1,Lake_Villasjn,SWEDEN,VM1-9,NA,NA,NA,NA,Erikson_2014,68.354689,19.050129,NA,NA,NA,NA,NA,16.0577,-999,-999,-999,NA,NA,-999,NA,37.7888,-999,-999,-999,-999,-999,NA,KS,0,0
VM1,Lake_Villasjn,SWEDEN,VM1-10,NA,NA,NA,NA,Erikson_2014,68.354689,19.050129,NA,NA,NA,NA,NA,18.07,-999,-999,-999,NA,NA,-999,NA,36.0979,-999,-999,-999,-999,-999,NA,KS,0,0
VM1,Lake_Villasjn,SWEDEN,VM1-12,NA,NA,NA,NA,Erikson_2014,68.354689,19.050129,NA,NA,NA,NA,NA,22.0744,-999,-999,-999,NA,NA,-999,NA,28.0151,-999,-999,-999,-999,-999,NA,KS,0,0
VM1,Lake_Villasjn,SWEDEN,VM1-14,NA,NA,NA,NA,Erikson_2014,68.354689,19.050129,NA,NA,NA,NA,NA,26.1183,-999,-999,-999,NA,NA,-999,NA,31.4233,-999,-999,-999,-999,-999,NA,KS,0,0
VM1,Lake_Villasjn,SWEDEN,VM1-15,NA,NA,NA,NA,Erikson_2014,68.354689,19.050129,NA,NA,NA,NA,NA,28.0411,-999,-999,-999,NA,NA,-999,NA,35.4121,-999,-999,-999,-999,-999,NA,KS,0,0
VM1,Lake_Villasjn,SWEDEN,VM1-17,NA,NA,NA,NA,Erikson_2014,68.354689,19.050129,NA,NA,NA,NA,NA,32.0641,-999,-999,-999,NA,NA,-999,NA,36.2739,-999,-999,-999,-999,-999,NA,KS,0,0
VM1,Lake_Villasjn,SWEDEN,VM1-19,NA,NA,NA,NA,Erikson_2014,68.354689,19.050129,NA,NA,NA,NA,NA,36.0732,-999,-999,-999,NA,NA,-999,NA,15.1988,-999,-999,-999,-999,-999,NA,KS,0,0
Stordalen_Mire_bog,Abisko,SWEDEN,S,2013-07-25,University_of_New_Hampshire,Florencia_Fahnestock,florencia.fahnestock@unh.edu,Fahnestock_2019,68.353326,19.047503,Bog,NA,Sphagnum_spp.,0,0,0,0,-999,-999,Total_C_via_CNS_Analyzer,6.066666667,-999,DMA-80,93.03,-999,2.354244667,-999,-999,-999,average replicates,MFF,0,0
Stordalen_Mire_bog,Abisko,SWEDEN,S,2013-07-25,University_of_New_Hampshire,Florencia_Fahnestock,florencia.fahnestock@unh.edu,Fahnestock_2019,68.353326,19.047503,Bog,NA,Sphagnum_spp.,0,2,1,0,-999,-999,Total_C_via_CNS_Analyzer,25.29,-999,DMA-80,131.27,-999,1.761380667,-999,-999,-999,average replicates,MFF,0,0
Stordalen_Mire_bog,Abisko,SWEDEN,S,2013-07-25,University_of_New_Hampshire,Florencia_Fahnestock,florencia.fahnestock@unh.edu,Fahnestock_2019,68.353326,19.047503,Bog,NA,Sphagnum_spp.,4,6,5,0,-999,-999,Total_C_via_CNS_Analyzer,26.285,-999,DMA-80,111.32,-999,0.7172355,-999,-999,-999,average replicates,MFF,0,0
Stordalen_Mire_bog,Abisko,SWEDEN,S,2013-07-25,University_of_New_Hampshire,Florencia_Fahnestock,florencia.fahnestock@unh.edu,Fahnestock_2019,68.353326,19.047503,Bog,NA,Sphagnum_spp.,10,10,10,0,-999,-999,Total_C_via_CNS_Analyzer,20.16,-999,DMA-80,114.35,-999,0.8156365,-999,-999,-999,average replicates,MFF,0,0
Stordalen_Mire_bog,Abisko,SWEDEN,S,2013-07-25,University_of_New_Hampshire,Florencia_Fahnestock,florencia.fahnestock@unh.edu,Fahnestock_2019,68.353326,19.047503,Bog,NA,Sphagnum_spp.,14,16,15,0,-999,-999,Total_C_via_CNS_Analyzer,19.70333333,-999,DMA-80,122.72,-999,2.287791667,-999,-999,-999,average replicates,MFF,0,0
Stordalen_Mire_bog,Abisko,SWEDEN,S,2013-07-25,University_of_New_Hampshire,Florencia_Fahnestock,florencia.fahnestock@unh.edu,Fahnestock_2019,68.353326,19.047503,Bog,NA,Sphagnum_spp.,20,20,20,0,-999,-999,Total_C_via_CNS_Analyzer,22.00866667,-999,DMA-80,105.7,-999,0.750948,-999,-999,-999,average replicates,MFF,0,0
Stordalen_Mire_bog,Abisko,SWEDEN,S,2013-07-25,University_of_New_Hampshire,Florencia_Fahnestock,florencia.fahnestock@unh.edu,Fahnestock_2019,68.353326,19.047503,Bog,NA,Sphagnum_spp.,24,26,25,0,-999,-999,Total_C_via_CNS_Analyzer,24.00833333,-999,DMA-80,144.17,-999,1.390047667,-999,-999,-999,average replicates,MFF,0,0
Stordalen_Mire_bog,Abisko,SWEDEN,S,2013-07-25,University_of_New_Hampshire,Florencia_Fahnestock,florencia.fahnestock@unh.edu,Fahnestock_2019,68.353326,19.047503,Bog,NA,Sphagnum_spp.,30,30,30,0,-999,-999,Total_C_via_CNS_Analyzer,28.533,-999,DMA-80,150.99,-999,1.604798,-999,-999,-999,average replicates,MFF,0,0
Stordalen_Mire_bog,Abisko,SWEDEN,S,2013-07-25,University_of_New_Hampshire,Florencia_Fahnestock,florencia.fahnestock@unh.edu,Fahnestock_2019,68.353326,19.047503,Bog,NA,Sphagnum_spp.,34,36,35,0,-999,-999,Total_C_via_CNS_Analyzer,16.31666667,-999,DMA-80,109.4,-999,0.928112667,-999,-999,-999,average replicates,MFF,0,0
Stordalen_Mire_bog,Abisko,SWEDEN,S,2013-07-25,University_of_New_Hampshire,Florencia_Fahnestock,florencia.fahnestock@unh.edu,Fahnestock_2019,68.353326,19.047503,Bog,NA,Sphagnum_spp.,40,40,40,0,-999,-999,Total_C_via_CNS_Analyzer,29.91666667,-999,DMA-80,121.33,-999,0.565097,-999,-999,-999,average replicates,MFF,0,0
Stordalen_Mire_fen,Abisko,SWEDEN,E2.0,2013-07-25,University_of_New_Hampshire,Florencia_Fahnestock,florencia.fahnestock@unh.edu,Fahnestock_2019,68.353326,19.046782,Fen,NA,Eriophorum_Angustifolium,0,0,0,0,-999,-999,Total_C_via_CNS_Analyzer,10.58,-999,DMA-80,149.17,-999,1.409887,-999,-999,-999,NA,MFF,0,0
Stordalen_Mire_fen,Abisko,SWEDEN,E,2013-07-25,University_of_New_Hampshire,Florencia_Fahnestock,florencia.fahnestock@unh.edu,Fahnestock_2019,68.353326,19.046782,Fen,NA,Eriophorum_Angustifolium,0,2,1,0,-999,-999,Total_C_via_CNS_Analyzer,1.826866667,-999,DMA-80,71.15,-999,4.090993333,-999,-999,-999,average replicates,MFF,0,0
Stordalen_Mire_fen,Abisko,SWEDEN,E1.5,2013-07-25,University_of_New_Hampshire,Florencia_Fahnestock,florencia.fahnestock@unh.edu,Fahnestock_2019,68.353326,19.046782,Fen,NA,Eriophorum_Angustifolium,4,6,5,0,-999,-999,Total_C_via_CNS_Analyzer,2.0668,-999,DMA-80,76.65,-999,3.708632,-999,-999,-999,NA,MFF,0,0
Stordalen_Mire_fen,Abisko,SWEDEN,E3.10,2013-07-25,University_of_New_Hampshire,Florencia_Fahnestock,florencia.fahnestock@unh.edu,Fahnestock_2019,68.353326,19.046782,Fen,NA,Eriophorum_Angustifolium,10,10,10,0,-999,-999,Total_C_via_CNS_Analyzer,2.3136,-999,DMA-80,69.55,-999,3.006138,-999,-999,-999,NA,MFF,0,0
Stordalen_Mire_fen,Abisko,SWEDEN,E1.15,2013-07-25,University_of_New_Hampshire,Florencia_Fahnestock,florencia.fahnestock@unh.edu,Fahnestock_2019,68.353326,19.046782,Fen,NA,Eriophorum_Angustifolium,14,16,15,0,-999,-999,Total_C_via_CNS_Analyzer,2.6948,-999,DMA-80,82.3,-999,3.05403,-999,-999,-999,NA,MFF,0,0
Stordalen_Mire_fen,Abisko,SWEDEN,E,2013-07-25,University_of_New_Hampshire,Florencia_Fahnestock,florencia.fahnestock@unh.edu,Fahnestock_2019,68.353326,19.046782,Fen,NA,Eriophorum_Angustifolium,20,20,20,1,-999,-999,Total_C_via_CNS_Analyzer,2.66225,-999,DMA-80,81.83,-999,3.073316,-999,-999,-999,average replicates,MFF,0,0
Stordalen_Mire_fen,Abisko,SWEDEN,E,2013-07-25,University_of_New_Hampshire,Florencia_Fahnestock,florencia.fahnestock@unh.edu,Fahnestock_2019,68.353326,19.046782,Fen,NA,Eriophorum_Angustifolium,24,26,25,1,-999,-999,Total_C_via_CNS_Analyzer,3.2559,-999,DMA-80,82.03,-999,2.776148667,-999,-999,-999,average replicates,MFF,0,0
Stordalen_Mire_fen,Abisko,SWEDEN,E,2013-07-25,University_of_New_Hampshire,Florencia_Fahnestock,florencia.fahnestock@unh.edu,Fahnestock_2019,68.353326,19.046782,Fen,NA,Eriophorum_Angustifolium,30,30,30,1,-999,-999,Total_C_via_CNS_Analyzer,22.55546667,-999,DMA-80,75.08,-999,0.693590667,-999,-999,-999,average replicates,MFF,0,0
Stordalen_Mire_fen,Abisko,SWEDEN,E,2013-07-25,University_of_New_Hampshire,Florencia_Fahnestock,florencia.fahnestock@unh.edu,Fahnestock_2019,68.353326,19.046782,Fen,NA,Eriophorum_Angustifolium,34,36,35,1,-999,-999,Total_C_via_CNS_Analyzer,13.78445,-999,DMA-80,70.23,-999,1.835707,-999,-999,-999,average replicates,MFF,0,0
Stordalen_Mire_fen,Abisko,SWEDEN,E,2013-07-25,University_of_New_Hampshire,Florencia_Fahnestock,florencia.fahnestock@unh.edu,Fahnestock_2019,68.353326,19.046782,Fen,NA,Eriophorum_Angustifolium,40,40,40,1,-999,-999,Total_C_via_CNS_Analyzer,13.39643333,-999,DMA-80,70.78,-999,0.676317667,-999,-999,-999,average replicates,MFF,0,0
Stordalen_Mire_fen,Abisko,SWEDEN,E,2013-07-25,University_of_New_Hampshire,Florencia_Fahnestock,florencia.fahnestock@unh.edu,Fahnestock_2019,68.353326,19.046782,Fen,NA,Eriophorum_Angustifolium,44,46,45,1,-999,-999,Total_C_via_CNS_Analyzer,15.663,-999,DMA-80,71.05,-999,0.453617,-999,-999,-999,NA,MFF,0,0
Stordalen_Mire_palsa,Abisko,SWEDEN,P2.0,2013-07-25,University_of_New_Hampshire,Florencia_Fahnestock,florencia.fahnestock@unh.edu,Fahnestock_2019,68.353456,19.047204,Palsa,NA,Hummock,0,0,0,0,-999,-999,Total_C_via_CNS_Analyzer,32.3245,-999,DMA-80,72.63,-999,0.395218,-999,-999,-999,average replicates,MFF,0,0
Stordalen_Mire_palsa,Abisko,SWEDEN,P,2013-07-25,University_of_New_Hampshire,Florencia_Fahnestock,florencia.fahnestock@unh.edu,Fahnestock_2019,68.353456,19.047204,Palsa,NA,Hummock,0,2,1,0,-999,-999,Total_C_via_CNS_Analyzer,47.495,-999,DMA-80,22,-999,0.046316,-999,-999,-999,average replicates,MFF,0,0
Stordalen_Mire_palsa,Abisko,SWEDEN,P,2013-07-25,University_of_New_Hampshire,Florencia_Fahnestock,florencia.fahnestock@unh.edu,Fahnestock_2019,68.353456,19.047204,Palsa,NA,Hummock,4,6,5,0,-999,-999,Total_C_via_CNS_Analyzer,47.47666667,-999,DMA-80,28.33,-999,0.059636667,-999,-999,-999,average replicates,MFF,0,0
Stordalen_Mire_palsa,Abisko,SWEDEN,P,2013-07-25,University_of_New_Hampshire,Florencia_Fahnestock,florencia.fahnestock@unh.edu,Fahnestock_2019,68.353456,19.047204,Palsa,NA,Hummock,10,10,10,0,-999,-999,Total_C_via_CNS_Analyzer,47.36,-999,DMA-80,43.33,-999,0.091441333,-999,-999,-999,average replicates,MFF,0,0
Stordalen_Mire_palsa,Abisko,SWEDEN,P,2013-07-25,University_of_New_Hampshire,Florencia_Fahnestock,florencia.fahnestock@unh.edu,Fahnestock_2019,68.353456,19.047204,Palsa,NA,Hummock,14,16,15,0,-999,-999,Total_C_via_CNS_Analyzer,47.62333333,-999,DMA-80,54,-999,0.11338,-999,-999,-999,average replicates,MFF,0,0
Stordalen_Mire_palsa,Abisko,SWEDEN,P,2013-07-25,University_of_New_Hampshire,Florencia_Fahnestock,florencia.fahnestock@unh.edu,Fahnestock_2019,68.353456,19.047204,Palsa,NA,Hummock,20,20,20,0,-999,-999,Total_C_via_CNS_Analyzer,49.13,-999,DMA-80,74.33,-999,0.150923667,-999,-999,-999,average replicates,MFF,0,0
Stordalen_Mire_palsa,Abisko,SWEDEN,P2.25,2013-07-25,University_of_New_Hampshire,Florencia_Fahnestock,florencia.fahnestock@unh.edu,Fahnestock_2019,68.353456,19.047204,Palsa,NA,Hummock,24,26,25,0,-999,-999,Total_C_via_CNS_Analyzer,49.25,-999,DMA-80,83,-999,0.168528,-999,-999,-999,NA,MFF,0,0
Stordalen_Mire_palsa,Abisko,SWEDEN,P,2013-07-25,University_of_New_Hampshire,Florencia_Fahnestock,florencia.fahnestock@unh.edu,Fahnestock_2019,68.353456,19.047204,Palsa,NA,Hummock,30,30,30,0,-999,-999,Total_C_via_CNS_Analyzer,47.61,-999,DMA-80,43.67,-999,0.090500667,-999,-999,-999,average replicates,MFF,0,0
Stordalen_Mire_palsa,Abisko,SWEDEN,P,2013-07-25,University_of_New_Hampshire,Florencia_Fahnestock,florencia.fahnestock@unh.edu,Fahnestock_2019,68.353456,19.047204,Palsa,NA,Hummock,34,36,35,0,-999,-999,Total_C_via_CNS_Analyzer,46.595,-999,DMA-80,20,-999,0.0429145,-999,-999,-999,average replicates,MFF,0,0
Stordalen_Mire_palsa,Abisko,SWEDEN,P,2013-07-25,University_of_New_Hampshire,Florencia_Fahnestock,florencia.fahnestock@unh.edu,Fahnestock_2019,68.353456,19.047204,Palsa,NA,Hummock,40,40,40,0,-999,-999,Total_C_via_CNS_Analyzer,46.66,-999,DMA-80,23.5,-999,0.0503475,-999,-999,-999,average replicates,MFF,0,0
High_ryam,Chainsky,RUSSIA,HR_0_10,NA,Russian_Academy_of_Sciences,E._E._Lyapina,EELDV@mail.ru,Golovatskaya_2009,57.95,82.5,Histosol,NA,High_ryam,0,10,5,-999,-999,0,LOI,23.724444,-999,RGA-11_mercury_gas_analyzer,136.63,-999,0.575883,-999,-999,-999,NA,LT,0,0
High_ryam,Chainsky,RUSSIA,HR_10_30,NA,Russian_Academy_of_Sciences,E._E._Lyapina,EELDV@mail.ru,Golovatskaya_2009,57.95,82.5,Histosol,NA,High_ryam,10,30,20,-999,-999,0,LOI,26.085156,-999,RGA-11_mercury_gas_analyzer,150.1,-999,0.575423,-999,-999,-999,NA,LT,0,0
High_ryam,Chainsky,RUSSIA,HR_30_50,NA,Russian_Academy_of_Sciences,E._E._Lyapina,EELDV@mail.ru,Golovatskaya_2009,57.95,82.5,Histosol,NA,High_ryam,30,50,40,-999,-999,0,LOI,27.625556,-999,RGA-11_mercury_gas_analyzer,112.6,-999,0.407594,-999,-999,-999,NA,LT,0,0
High_ryam,Chainsky,RUSSIA,HR_50_60,NA,Russian_Academy_of_Sciences,E._E._Lyapina,EELDV@mail.ru,Golovatskaya_2009,57.95,82.5,Histosol,NA,High_ryam,50,60,55,-999,-999,0,LOI,25.154979,-999,RGA-11_mercury_gas_analyzer,120.8,-999,0.480223,-999,-999,-999,NA,LT,0,0
High_ryam,Chainsky,RUSSIA,HR_60_70,NA,Russian_Academy_of_Sciences,E._E._Lyapina,EELDV@mail.ru,Golovatskaya_2009,57.95,82.5,Histosol,NA,High_ryam,60,70,65,-999,-999,0,LOI,27.039062,-999,RGA-11_mercury_gas_analyzer,97.6,-999,0.360959,-999,-999,-999,NA,LT,0,0
High_ryam,Chainsky,RUSSIA,HR_70_80,NA,Russian_Academy_of_Sciences,E._E._Lyapina,EELDV@mail.ru,Golovatskaya_2009,57.95,82.5,Histosol,NA,High_ryam,70,80,75,-999,-999,0,LOI,24.075242,-999,RGA-11_mercury_gas_analyzer,83.45,-999,0.346622,-999,-999,-999,NA,LT,0,0
Low_ryam,Chainsky,RUSSIA,LR_0_100,NA,Russian_Academy_of_Sciences,E._E._Lyapina,EELDV@mail.ru,Golovatskaya_2009,57.95,82.5,Histosol,NA,Low_ryam,0,100,50,-999,-999,0,LOI,24.40671,-999,RGA-11_mercury_gas_analyzer,76.38,-999,0.312926,-999,-999,-999,NA,LT,0,0
Low_ryam,Chainsky,RUSSIA,LR_100_150,NA,Russian_Academy_of_Sciences,E._E._Lyapina,EELDV@mail.ru,Golovatskaya_2009,57.95,82.5,Histosol,NA,Low_ryam,100,150,125,-999,-999,0,LOI,24.619049,-999,RGA-11_mercury_gas_analyzer,39.05,-999,0.158617,-999,-999,-999,NA,LT,0,0
Low_ryam,Chainsky,RUSSIA,LR_150_200,NA,Russian_Academy_of_Sciences,E._E._Lyapina,EELDV@mail.ru,Golovatskaya_2009,57.95,82.5,Histosol,NA,Low_ryam,150,200,175,-999,-999,0,LOI,27.686442,-999,RGA-11_mercury_gas_analyzer,53.97,-999,0.194921,-999,-999,-999,NA,LT,0,0
Low_ryam,Chainsky,RUSSIA,LR_200_250,NA,Russian_Academy_of_Sciences,E._E._Lyapina,EELDV@mail.ru,Golovatskaya_2009,57.95,82.5,Histosol,NA,Low_ryam,200,250,225,-999,-999,0,LOI,26.812101,-999,RGA-11_mercury_gas_analyzer,27.75,-999,0.103498,-999,-999,-999,NA,LT,0,0
Low_ryam,Chainsky,RUSSIA,LR_250_300,NA,Russian_Academy_of_Sciences,E._E._Lyapina,EELDV@mail.ru,Golovatskaya_2009,57.95,82.5,Histosol,NA,Low_ryam,250,300,275,-999,-999,0,LOI,16.506951,-999,RGA-11_mercury_gas_analyzer,24.8,-999,0.15024,-999,-999,-999,NA,LT,0,0
Open_bog,Chainsky,RUSSIA,OB_0_10,NA,Russian_Academy_of_Sciences,E._E._Lyapina,EELDV@mail.ru,Golovatskaya_2009,57.95,82.5,Histosol,NA,Open_bog,0,10,5,-999,-999,0,LOI,24.51291,-999,RGA-11_mercury_gas_analyzer,91.08,-999,0.371539,-999,-999,-999,NA,LT,0,0
Open_bog,Chainsky,RUSSIA,OB_10_60,NA,Russian_Academy_of_Sciences,E._E._Lyapina,EELDV@mail.ru,Golovatskaya_2009,57.95,82.5,Histosol,NA,Open_bog,10,60,35,-999,-999,0,LOI,25.266923,-999,RGA-11_mercury_gas_analyzer,77.19,-999,0.305481,-999,-999,-999,NA,LT,0,0
Open_bog,Chainsky,RUSSIA,OB_70_100,NA,Russian_Academy_of_Sciences,E._E._Lyapina,EELDV@mail.ru,Golovatskaya_2009,57.95,82.5,Histosol,NA,Open_bog,70,100,85,-999,-999,0,LOI,26.861215,-999,RGA-11_mercury_gas_analyzer,55.97,-999,0.208355,-999,-999,-999,NA,LT,0,0
Open_bog,Chainsky,RUSSIA,OB_100_150,NA,Russian_Academy_of_Sciences,E._E._Lyapina,EELDV@mail.ru,Golovatskaya_2009,57.95,82.5,Histosol,NA,Open_bog,100,150,125,-999,-999,1,LOI,28.528398,-999,RGA-11_mercury_gas_analyzer,57.1,-999,0.200151,-999,-999,-999,NA,LT,0,0
Open_bog,Chainsky,RUSSIA,OB_150_200,NA,Russian_Academy_of_Sciences,E._E._Lyapina,EELDV@mail.ru,Golovatskaya_2009,57.95,82.5,Histosol,NA,Open_bog,150,200,175,-999,-999,0,LOI,27.179895,-999,RGA-11_mercury_gas_analyzer,25,-999,0.09198,-999,-999,-999,NA,LT,0,0
Open_bog,Chainsky,RUSSIA,OB_200_250,NA,Russian_Academy_of_Sciences,E._E._Lyapina,EELDV@mail.ru,Golovatskaya_2009,57.95,82.5,Histosol,NA,Open_bog,200,250,225,-999,-999,0,LOI,26.048073,-999,RGA-11_mercury_gas_analyzer,20.45,-999,0.078509,-999,-999,-999,NA,LT,0,0
Open_bog,Chainsky,RUSSIA,OB_250_300,NA,Russian_Academy_of_Sciences,E._E._Lyapina,EELDV@mail.ru,Golovatskaya_2009,57.95,82.5,Histosol,NA,Open_bog,250,300,275,-999,-999,0,LOI,24.350462,-999,RGA-11_mercury_gas_analyzer,33.75,-999,0.138601,-999,-999,-999,NA,LT,0,0
Q116,Qinghai_Tibean_Plateau,CHINA,Q116,2013-08-01,NAnjingUniversity,Yanxu Zhang,zhangyx@nju.edu.cn,Gu_2020,31.17515278,91.76206389,NA,NA,Alpinesteppe,0,10,5,-999,-999,-999,CN,1.5,-999,DMA,32.5482,-999,2.16988,-999,-999,-999,NA,LT,0,0
Q116,Qinghai_Tibean_Plateau,CHINA,Q116,2013-08-01,NAnjingUniversity,Yanxu Zhang,zhangyx@nju.edu.cn,Gu_2020,31.17515278,91.76206389,NA,NA,Alpinesteppe,10,20,15,-999,-999,-999,CN,1.5,-999,DMA,24.94043333,-999,1.662695556,-999,-999,-999,NA,LT,0,0
Q116,Qinghai_Tibean_Plateau,CHINA,Q116,2013-08-01,NAnjingUniversity,Yanxu Zhang,zhangyx@nju.edu.cn,Gu_2020,31.17515278,91.76206389,NA,NA,Alpinesteppe,50,70,60,-999,-999,-999,CN,1,-999,DMA,17.2168,-999,1.72168,-999,-999,-999,NA,LT,0,0
Q116,Qinghai_Tibean_Plateau,CHINA,Q116,2013-08-01,NAnjingUniversity,Yanxu Zhang,zhangyx@nju.edu.cn,Gu_2020,31.17515278,91.76206389,NA,NA,Alpinesteppe,150,200,175,-999,-999,-999,CN,0.7,-999,DMA,25.98136667,-999,3.71162381,-999,-999,-999,NA,LT,0,0
Q116,Qinghai_Tibean_Plateau,CHINA,Q116,2013-08-01,NAnjingUniversity,Yanxu Zhang,zhangyx@nju.edu.cn,Gu_2020,31.17515278,91.76206389,NA,NA,Alpinesteppe,250,300,275,-999,-999,-999,CN,0.6,-999,DMA,NA,-999,-999,-999,-999,-999,NA,LT,1,1
Q115,Qinghai_Tibean_Plateau,CHINA,Q115,2013-08-01,NAnjingUniversity,Yanxu Zhang,zhangyx@nju.edu.cn,Gu_2020,31.31281111,91.85978056,NA,NA,Alpinesteppe,0,10,5,-999,-999,-999,CN,1.5,-999,DMA,33.39233333,-999,2.226155556,-999,-999,-999,NA,LT,0,0
Q115,Qinghai_Tibean_Plateau,CHINA,Q115,2013-08-01,NAnjingUniversity,Yanxu Zhang,zhangyx@nju.edu.cn,Gu_2020,31.31281111,91.85978056,NA,NA,Alpinesteppe,10,20,15,-999,-999,-999,CN,1.5,-999,DMA,32.5084,-999,2.167226667,-999,-999,-999,NA,LT,0,0
Q115,Qinghai_Tibean_Plateau,CHINA,Q115,2013-08-01,NAnjingUniversity,Yanxu Zhang,zhangyx@nju.edu.cn,Gu_2020,31.31281111,91.85978056,NA,NA,Alpinesteppe,50,70,60,-999,-999,-999,CN,1,-999,DMA,122.863,-999,12.2863,-999,-999,-999,NA,LT,0,0
Q115,Qinghai_Tibean_Plateau,CHINA,Q115,2013-08-01,NAnjingUniversity,Yanxu Zhang,zhangyx@nju.edu.cn,Gu_2020,31.31281111,91.85978056,NA,NA,Alpinesteppe,150,200,175,-999,-999,-999,CN,0.7,-999,DMA,186.7234333,-999,26.67477619,-999,-999,-999,NA,LT,0,0
Q115,Qinghai_Tibean_Plateau,CHINA,Q115,2013-08-01,NAnjingUniversity,Yanxu Zhang,zhangyx@nju.edu.cn,Gu_2020,31.31281111,91.85978056,NA,NA,Alpinesteppe,250,300,275,-999,-999,-999,CN,0.6,-999,DMA,154.2047667,-999,25.70079444,-999,-999,-999,NA,LT,0,0
Q114,Qinghai_Tibean_Plateau,CHINA,Q114,2013-08-01,NAnjingUniversity,Yanxu Zhang,zhangyx@nju.edu.cn,Gu_2020,31.38342778,91.95506944,NA,NA,Alpinesteppe,0,10,5,-999,-999,-999,CN,1.5,-999,DMA,44.9756,-999,2.998373333,-999,-999,-999,NA,LT,0,0
Q114,Qinghai_Tibean_Plateau,CHINA,Q114,2013-08-01,NAnjingUniversity,Yanxu Zhang,zhangyx@nju.edu.cn,Gu_2020,31.38342778,91.95506944,NA,NA,Alpinesteppe,10,20,15,-999,-999,-999,CN,1.5,-999,DMA,14.53123333,-999,0.968748889,-999,-999,-999,NA,LT,0,0
Q114,Qinghai_Tibean_Plateau,CHINA,Q114,2013-08-01,NAnjingUniversity,Yanxu Zhang,zhangyx@nju.edu.cn,Gu_2020,31.38342778,91.95506944,NA,NA,Alpinesteppe,50,70,60,-999,-999,-999,CN,1,-999,DMA,16.01565,-999,1.601565,-999,-999,-999,NA,LT,0,0
Q114,Qinghai_Tibean_Plateau,CHINA,Q114,2013-08-01,NAnjingUniversity,Yanxu Zhang,zhangyx@nju.edu.cn,Gu_2020,31.38342778,91.95506944,NA,NA,Alpinesteppe,150,200,175,-999,-999,-999,CN,0.7,-999,DMA,16.8277,-999,2.403957143,-999,-999,-999,NA,LT,0,0
Q114,Qinghai_Tibean_Plateau,CHINA,Q114,2013-08-01,NAnjingUniversity,Yanxu Zhang,zhangyx@nju.edu.cn,Gu_2020,31.38342778,91.95506944,NA,NA,Alpinesteppe,250,300,275,-999,-999,-999,CN,0.6,-999,DMA,18.16033333,-999,3.026722222,-999,-999,-999,NA,LT,0,0
Q117,Qinghai_Tibean_Plateau,CHINA,Q117,2013-08-01,NAnjingUniversity,Yanxu Zhang,zhangyx@nju.edu.cn,Gu_2020,31.54189722,91.993525,NA,NA,Alpinesteppe,0,10,5,-999,-999,-999,CN,1.5,-999,DMA,40.82506667,-999,2.721671111,-999,-999,-999,NA,LT,0,0
Q117,Qinghai_Tibean_Plateau,CHINA,Q117,2013-08-01,NAnjingUniversity,Yanxu Zhang,zhangyx@nju.edu.cn,Gu_2020,31.54189722,91.993525,NA,NA,Alpinesteppe,10,20,15,-999,-999,-999,CN,1.5,-999,DMA,43.29833333,-999,2.886555556,-999,-999,-999,NA,LT,0,0
Q117,Qinghai_Tibean_Plateau,CHINA,Q117,2013-08-01,NAnjingUniversity,Yanxu Zhang,zhangyx@nju.edu.cn,Gu_2020,31.54189722,91.993525,NA,NA,Alpinesteppe,50,70,60,-999,-999,-999,CN,1,-999,DMA,24.79173333,-999,2.479173333,-999,-999,-999,NA,LT,0,0
Q117,Qinghai_Tibean_Plateau,CHINA,Q117,2013-08-01,NAnjingUniversity,Yanxu Zhang,zhangyx@nju.edu.cn,Gu_2020,31.54189722,91.993525,NA,NA,Alpinesteppe,150,200,175,-999,-999,-999,CN,0.7,-999,DMA,20.67326667,-999,2.95332381,-999,-999,-999,NA,LT,0,0
Q117,Qinghai_Tibean_Plateau,CHINA,Q117,2013-08-01,NAnjingUniversity,Yanxu Zhang,zhangyx@nju.edu.cn,Gu_2020,31.54189722,91.993525,NA,NA,Alpinesteppe,250,300,275,-999,-999,-999,CN,0.6,-999,DMA,25.3977,-999,4.23295,-999,-999,-999,NA,LT,0,0
Q118,Qinghai_Tibean_Plateau,CHINA,Q118,2013-08-01,NAnjingUniversity,Yanxu Zhang,zhangyx@nju.edu.cn,Gu_2020,31.57880278,91.86157222,NA,NA,Alpinesteppe,0,10,5,-999,-999,-999,CN,1.5,-999,DMA,28.30246667,-999,1.886831111,-999,-999,-999,NA,LT,0,0
Q118,Qinghai_Tibean_Plateau,CHINA,Q118,2013-08-01,NAnjingUniversity,Yanxu Zhang,zhangyx@nju.edu.cn,Gu_2020,31.57880278,91.86157222,NA,NA,Alpinesteppe,10,20,15,-999,-999,-999,CN,1.5,-999,DMA,20.62423333,-999,1.374948889,-999,-999,-999,NA,LT,0,0
Q118,Qinghai_Tibean_Plateau,CHINA,Q118,2013-08-01,NAnjingUniversity,Yanxu Zhang,zhangyx@nju.edu.cn,Gu_2020,31.57880278,91.86157222,NA,NA,Alpinesteppe,50,70,60,-999,-999,-999,CN,1,-999,DMA,30.791,-999,3.0791,-999,-999,-999,NA,LT,0,0
Q118,Qinghai_Tibean_Plateau,CHINA,Q118,2013-08-01,NAnjingUniversity,Yanxu Zhang,zhangyx@nju.edu.cn,Gu_2020,31.57880278,91.86157222,NA,NA,Alpinesteppe,150,200,175,-999,-999,-999,CN,0.7,-999,DMA,25.66653333,-999,3.666647619,-999,-999,-999,NA,LT,0,0
Q118,Qinghai_Tibean_Plateau,CHINA,Q118,2013-08-01,NAnjingUniversity,Yanxu Zhang,zhangyx@nju.edu.cn,Gu_2020,31.57880278,91.86157222,NA,NA,Alpinesteppe,250,300,275,-999,-999,-999,CN,0.6,-999,DMA,27.7661,-999,4.627683333,-999,-999,-999,NA,LT,0,0
Q113,Qinghai_Tibean_Plateau,CHINA,Q113,2013-08-01,NAnjingUniversity,Yanxu Zhang,zhangyx@nju.edu.cn,Gu_2020,31.73508333,91.79675833,NA,NA,Alpinesteppe,0,10,5,-999,-999,-999,CN,1.5,-999,DMA,20.88053333,-999,1.392035556,-999,-999,-999,NA,LT,0,0
Q113,Qinghai_Tibean_Plateau,CHINA,Q113,2013-08-01,NAnjingUniversity,Yanxu Zhang,zhangyx@nju.edu.cn,Gu_2020,31.73508333,91.79675833,NA,NA,Alpinesteppe,10,20,15,-999,-999,-999,CN,1.5,-999,DMA,10.40346667,-999,0.693564444,-999,-999,-999,NA,LT,0,0
Q113,Qinghai_Tibean_Plateau,CHINA,Q113,2013-08-01,NAnjingUniversity,Yanxu Zhang,zhangyx@nju.edu.cn,Gu_2020,31.73508333,91.79675833,NA,NA,Alpinesteppe,50,70,60,-999,-999,-999,CN,1,-999,DMA,6.026033333,-999,0.602603333,-999,-999,-999,NA,LT,0,0
Q113,Qinghai_Tibean_Plateau,CHINA,Q113,2013-08-01,NAnjingUniversity,Yanxu Zhang,zhangyx@nju.edu.cn,Gu_2020,31.73508333,91.79675833,NA,NA,Alpinesteppe,150,200,175,-999,-999,-999,CN,0.7,-999,DMA,5.360333333,-999,0.765761905,-999,-999,-999,NA,LT,0,0
Q113,Qinghai_Tibean_Plateau,CHINA,Q113,2013-08-01,NAnjingUniversity,Yanxu Zhang,zhangyx@nju.edu.cn,Gu_2020,31.73508333,91.79675833,NA,NA,Alpinesteppe,250,300,275,-999,-999,-999,CN,0.6,-999,DMA,8.396066667,-999,1.399344444,-999,-999,-999,NA,LT,0,0
Q045,Qinghai_Tibean_Plateau,CHINA,Q045,2013-08-01,NAnjingUniversity,Yanxu Zhang,zhangyx@nju.edu.cn,Gu_2020,32.00337222,96.39426944,NA,NA,Alpinemeadow,0,10,5,-999,-999,-999,CN,2.7,-999,DMA,24.89636667,-999,0.922087654,-999,-999,-999,NA,LT,0,0
Q045,Qinghai_Tibean_Plateau,CHINA,Q045,2013-08-01,NAnjingUniversity,Yanxu Zhang,zhangyx@nju.edu.cn,Gu_2020,32.00337222,96.39426944,NA,NA,Alpinemeadow,10,20,15,-999,-999,-999,CN,2.7,-999,DMA,13.2214,-999,0.489681481,-999,-999,-999,NA,LT,0,0
Q045,Qinghai_Tibean_Plateau,CHINA,Q045,2013-08-01,NAnjingUniversity,Yanxu Zhang,zhangyx@nju.edu.cn,Gu_2020,32.00337222,96.39426944,NA,NA,Alpinemeadow,50,70,60,-999,-999,-999,CN,1.8,-999,DMA,6.070433333,-999,0.337246296,-999,-999,-999,NA,LT,0,0
Q045,Qinghai_Tibean_Plateau,CHINA,Q045,2013-08-01,NAnjingUniversity,Yanxu Zhang,zhangyx@nju.edu.cn,Gu_2020,32.00337222,96.39426944,NA,NA,Alpinemeadow,150,200,175,-999,-999,-999,CN,1.3,-999,DMA,2.814133333,-999,0.216471795,-999,-999,-999,NA,LT,0,0
Q045,Qinghai_Tibean_Plateau,CHINA,Q045,2013-08-01,NAnjingUniversity,Yanxu Zhang,zhangyx@nju.edu.cn,Gu_2020,32.00337222,96.39426944,NA,NA,Alpinemeadow,250,300,275,-999,-999,-999,CN,1.1,-999,DMA,2.872033333,-999,0.261093939,-999,-999,-999,NA,LT,0,0
Q112,Qinghai_Tibean_Plateau,CHINA,Q112,2013-08-01,NAnjingUniversity,Yanxu Zhang,zhangyx@nju.edu.cn,Gu_2020,32.10025,91.69333889,NA,NA,Alpinesteppe,0,10,5,-999,-999,-999,CN,1.5,-999,DMA,24.9239,-999,1.661593333,-999,-999,-999,NA,LT,0,0
Q112,Qinghai_Tibean_Plateau,CHINA,Q112,2013-08-01,NAnjingUniversity,Yanxu Zhang,zhangyx@nju.edu.cn,Gu_2020,32.10025,91.69333889,NA,NA,Alpinesteppe,10,20,15,-999,-999,-999,CN,1.5,-999,DMA,23.38853333,-999,1.559235556,-999,-999,-999,NA,LT,0,0
Q112,Qinghai_Tibean_Plateau,CHINA,Q112,2013-08-01,NAnjingUniversity,Yanxu Zhang,zhangyx@nju.edu.cn,Gu_2020,32.10025,91.69333889,NA,NA,Alpinesteppe,50,70,60,-999,-999,-999,CN,1,-999,DMA,16.94256667,-999,1.694256667,-999,-999,-999,NA,LT,0,0
Q112,Qinghai_Tibean_Plateau,CHINA,Q112,2013-08-01,NAnjingUniversity,Yanxu Zhang,zhangyx@nju.edu.cn,Gu_2020,32.10025,91.69333889,NA,NA,Alpinesteppe,150,200,175,-999,-999,-999,CN,0.7,-999,DMA,25.10263333,-999,3.586090476,-999,-999,-999,NA,LT,0,0
Q112,Qinghai_Tibean_Plateau,CHINA,Q112,2013-08-01,NAnjingUniversity,Yanxu Zhang,zhangyx@nju.edu.cn,Gu_2020,32.10025,91.69333889,NA,NA,Alpinesteppe,250,300,275,-999,-999,-999,CN,0.6,-999,DMA,25.45786667,-999,4.242977778,-999,-999,-999,NA,LT,0,0
Q111,Qinghai_Tibean_Plateau,CHINA,Q111,2013-08-01,NAnjingUniversity,Yanxu Zhang,zhangyx@nju.edu.cn,Gu_2020,32.186975,91.678375,NA,NA,Alpinesteppe,0,10,5,-999,-999,-999,CN,1.5,-999,DMA,43.13953333,-999,2.875968889,-999,-999,-999,NA,LT,0,0
Q111,Qinghai_Tibean_Plateau,CHINA,Q111,2013-08-01,NAnjingUniversity,Yanxu Zhang,zhangyx@nju.edu.cn,Gu_2020,32.186975,91.678375,NA,NA,Alpinesteppe,10,20,15,-999,-999,-999,CN,1.5,-999,DMA,25.49476667,-999,1.699651111,-999,-999,-999,NA,LT,0,0
Q111,Qinghai_Tibean_Plateau,CHINA,Q111,2013-08-01,NAnjingUniversity,Yanxu Zhang,zhangyx@nju.edu.cn,Gu_2020,32.186975,91.678375,NA,NA,Alpinesteppe,50,70,60,-999,-999,-999,CN,1,-999,DMA,15.08443333,-999,1.508443333,-999,-999,-999,NA,LT,0,0
Q111,Qinghai_Tibean_Plateau,CHINA,Q111,2013-08-01,NAnjingUniversity,Yanxu Zhang,zhangyx@nju.edu.cn,Gu_2020,32.186975,91.678375,NA,NA,Alpinesteppe,150,200,175,-999,-999,-999,CN,0.7,-999,DMA,12.731,-999,1.818714286,-999,-999,-999,NA,LT,0,0
Q111,Qinghai_Tibean_Plateau,CHINA,Q111,2013-08-01,NAnjingUniversity,Yanxu Zhang,zhangyx@nju.edu.cn,Gu_2020,32.186975,91.678375,NA,NA,Alpinesteppe,250,300,275,-999,-999,-999,CN,0.6,-999,DMA,9.683866667,-999,1.613977778,-999,-999,-999,NA,LT,0,0
Q044,Qinghai_Tibean_Plateau,CHINA,Q044,2013-08-01,NAnjingUniversity,Yanxu Zhang,zhangyx@nju.edu.cn,Gu_2020,32.2,96.4,NA,NA,Alpinemeadow,0,10,5,-999,-999,-999,CN,2.7,-999,DMA,109.2426,-999,4.046022222,-999,-999,-999,NA,LT,0,0
Q044,Qinghai_Tibean_Plateau,CHINA,Q044,2013-08-01,NAnjingUniversity,Yanxu Zhang,zhangyx@nju.edu.cn,Gu_2020,32.2,96.4,NA,NA,Alpinemeadow,10,20,15,-999,-999,-999,CN,2.7,-999,DMA,88.0077,-999,3.259544444,-999,-999,-999,NA,LT,0,0
Q044,Qinghai_Tibean_Plateau,CHINA,Q044,2013-08-01,NAnjingUniversity,Yanxu Zhang,zhangyx@nju.edu.cn,Gu_2020,32.2,96.4,NA,NA,Alpinemeadow,50,70,60,-999,-999,-999,CN,1.8,-999,DMA,29.38356667,-999,1.63242037,-999,-999,-999,NA,LT,0,0
Q044,Qinghai_Tibean_Plateau,CHINA,Q044,2013-08-01,NAnjingUniversity,Yanxu Zhang,zhangyx@nju.edu.cn,Gu_2020,32.2,96.4,NA,NA,Alpinemeadow,150,200,175,-999,-999,-999,CN,1.3,-999,DMA,26.1027,-999,2.0079,-999,-999,-999,NA,LT,0,0
Q044,Qinghai_Tibean_Plateau,CHINA,Q044,2013-08-01,NAnjingUniversity,Yanxu Zhang,zhangyx@nju.edu.cn,Gu_2020,32.2,96.4,NA,NA,Alpinemeadow,250,300,275,-999,-999,-999,CN,1.1,-999,DMA,23.70913333,-999,2.155375758,-999,-999,-999,NA,LT,0,0
Q110,Qinghai_Tibean_Plateau,CHINA,Q110,2013-08-01,NAnjingUniversity,Yanxu Zhang,zhangyx@nju.edu.cn,Gu_2020,32.34078889,91.71721389,NA,NA,Alpinesteppe,0,10,5,-999,-999,-999,CN,1.5,-999,DMA,28.5363,-999,1.90242,-999,-999,-999,NA,LT,0,0
Q110,Qinghai_Tibean_Plateau,CHINA,Q110,2013-08-01,NAnjingUniversity,Yanxu Zhang,zhangyx@nju.edu.cn,Gu_2020,32.34078889,91.71721389,NA,NA,Alpinesteppe,10,20,15,-999,-999,-999,CN,1.5,-999,DMA,22.62236667,-999,1.508157778,-999,-999,-999,NA,LT,0,0
Q110,Qinghai_Tibean_Plateau,CHINA,Q110,2013-08-01,NAnjingUniversity,Yanxu Zhang,zhangyx@nju.edu.cn,Gu_2020,32.34078889,91.71721389,NA,NA,Alpinesteppe,50,70,60,-999,-999,-999,CN,1,-999,DMA,36.91146667,-999,3.691146667,-999,-999,-999,NA,LT,0,0
Q110,Qinghai_Tibean_Plateau,CHINA,Q110,2013-08-01,NAnjingUniversity,Yanxu Zhang,zhangyx@nju.edu.cn,Gu_2020,32.34078889,91.71721389,NA,NA,Alpinesteppe,150,200,175,-999,-999,-999,CN,0.7,-999,DMA,36.62493333,-999,5.232133333,-999,-999,-999,NA,LT,0,0
Q110,Qinghai_Tibean_Plateau,CHINA,Q110,2013-08-01,NAnjingUniversity,Yanxu Zhang,zhangyx@nju.edu.cn,Gu_2020,32.34078889,91.71721389,NA,NA,Alpinesteppe,250,300,275,-999,-999,-999,CN,0.6,-999,DMA,74.5612,-999,12.42686667,-999,-999,-999,NA,LT,0,0
Q109,Qinghai_Tibean_Plateau,CHINA,Q109,2013-08-01,NAnjingUniversity,Yanxu Zhang,zhangyx@nju.edu.cn,Gu_2020,32.58934167,91.86038056,NA,NA,Alpinesteppe,0,10,5,-999,-999,-999,CN,1.5,-999,DMA,23.48806667,-999,1.565871111,-999,-999,-999,NA,LT,0,0
Q109,Qinghai_Tibean_Plateau,CHINA,Q109,2013-08-01,NAnjingUniversity,Yanxu Zhang,zhangyx@nju.edu.cn,Gu_2020,32.58934167,91.86038056,NA,NA,Alpinesteppe,10,20,15,-999,-999,-999,CN,1.5,-999,DMA,18.8771,-999,1.258473333,-999,-999,-999,NA,LT,0,0
Q109,Qinghai_Tibean_Plateau,CHINA,Q109,2013-08-01,NAnjingUniversity,Yanxu Zhang,zhangyx@nju.edu.cn,Gu_2020,32.58934167,91.86038056,NA,NA,Alpinesteppe,50,70,60,-999,-999,-999,CN,1,-999,DMA,19.0533,-999,1.90533,-999,-999,-999,NA,LT,0,0
Q109,Qinghai_Tibean_Plateau,CHINA,Q109,2013-08-01,NAnjingUniversity,Yanxu Zhang,zhangyx@nju.edu.cn,Gu_2020,32.58934167,91.86038056,NA,NA,Alpinesteppe,150,200,175,-999,-999,-999,CN,0.7,-999,DMA,33.77026667,-999,4.82432381,-999,-999,-999,NA,LT,0,0
Q109,Qinghai_Tibean_Plateau,CHINA,Q109,2013-08-01,NAnjingUniversity,Yanxu Zhang,zhangyx@nju.edu.cn,Gu_2020,32.58934167,91.86038056,NA,NA,Alpinesteppe,250,300,275,-999,-999,-999,CN,0.6,-999,DMA,44.6091,-999,7.43485,-999,-999,-999,NA,LT,0,0
Q043,Qinghai_Tibean_Plateau,CHINA,Q043,2013-08-01,NAnjingUniversity,Yanxu Zhang,zhangyx@nju.edu.cn,Gu_2020,32.6,96.56,NA,NA,Alpinemeadow,0,10,5,-999,-999,-999,CN,2.7,-999,DMA,243.0130667,-999,9.000483951,-999,-999,-999,NA,LT,0,0
Q043,Qinghai_Tibean_Plateau,CHINA,Q043,2013-08-01,NAnjingUniversity,Yanxu Zhang,zhangyx@nju.edu.cn,Gu_2020,32.6,96.56,NA,NA,Alpinemeadow,10,20,15,-999,-999,-999,CN,2.7,-999,DMA,109.7391667,-999,4.06441358,-999,-999,-999,NA,LT,0,0
Q043,Qinghai_Tibean_Plateau,CHINA,Q043,2013-08-01,NAnjingUniversity,Yanxu Zhang,zhangyx@nju.edu.cn,Gu_2020,32.6,96.56,NA,NA,Alpinemeadow,50,70,60,-999,-999,-999,CN,1.8,-999,DMA,69.72203333,-999,3.873446296,-999,-999,-999,NA,LT,0,0
Q043,Qinghai_Tibean_Plateau,CHINA,Q043,2013-08-01,NAnjingUniversity,Yanxu Zhang,zhangyx@nju.edu.cn,Gu_2020,32.6,96.56,NA,NA,Alpinemeadow,150,200,175,-999,-999,-999,CN,1.3,-999,DMA,22.1815,-999,1.706269231,-999,-999,-999,NA,LT,0,0
Q043,Qinghai_Tibean_Plateau,CHINA,Q043,2013-08-01,NAnjingUniversity,Yanxu Zhang,zhangyx@nju.edu.cn,Gu_2020,32.6,96.56,NA,NA,Alpinemeadow,250,300,275,-999,-999,-999,CN,1.1,-999,DMA,16.63275,-999,1.512068182,-999,-999,-999,NA,LT,0,0
Q041,Qinghai_Tibean_Plateau,CHINA,Q041,2013-08-01,NAnjingUniversity,Yanxu Zhang,zhangyx@nju.edu.cn,Gu_2020,32.81292778,97.09727778,NA,NA,Alpinemeadow,0,10,5,-999,-999,-999,CN,2.7,-999,DMA,30.08786667,-999,1.114365432,-999,-999,-999,NA,LT,0,0
Q041,Qinghai_Tibean_Plateau,CHINA,Q041,2013-08-01,NAnjingUniversity,Yanxu Zhang,zhangyx@nju.edu.cn,Gu_2020,32.81292778,97.09727778,NA,NA,Alpinemeadow,10,20,15,-999,-999,-999,CN,2.7,-999,DMA,22.79676667,-999,0.844324691,-999,-999,-999,NA,LT,0,0
Q041,Qinghai_Tibean_Plateau,CHINA,Q041,2013-08-01,NAnjingUniversity,Yanxu Zhang,zhangyx@nju.edu.cn,Gu_2020,32.81292778,97.09727778,NA,NA,Alpinemeadow,50,70,60,-999,-999,-999,CN,1.8,-999,DMA,22.17806667,-999,1.232114815,-999,-999,-999,NA,LT,0,0
Q041,Qinghai_Tibean_Plateau,CHINA,Q041,2013-08-01,NAnjingUniversity,Yanxu Zhang,zhangyx@nju.edu.cn,Gu_2020,32.81292778,97.09727778,NA,NA,Alpinemeadow,150,200,175,-999,-999,-999,CN,1.3,-999,DMA,24.8129,-999,1.908684615,-999,-999,-999,NA,LT,0,0
Q041,Qinghai_Tibean_Plateau,CHINA,Q041,2013-08-01,NAnjingUniversity,Yanxu Zhang,zhangyx@nju.edu.cn,Gu_2020,32.81292778,97.09727778,NA,NA,Alpinemeadow,250,300,275,-999,-999,-999,CN,1.1,-999,DMA,22.56413333,-999,2.051284848,-999,-999,-999,NA,LT,0,0
Q042,Qinghai_Tibean_Plateau,CHINA,Q042,2013-08-01,NAnjingUniversity,Yanxu Zhang,zhangyx@nju.edu.cn,Gu_2020,32.89,96.74,NA,NA,Alpinemeadow,0,10,5,-999,-999,-999,CN,2.7,-999,DMA,52.4647,-999,1.943137037,-999,-999,-999,NA,LT,0,0
Q042,Qinghai_Tibean_Plateau,CHINA,Q042,2013-08-01,NAnjingUniversity,Yanxu Zhang,zhangyx@nju.edu.cn,Gu_2020,32.89,96.74,NA,NA,Alpinemeadow,10,20,15,-999,-999,-999,CN,2.7,-999,DMA,18.94193333,-999,0.701553086,-999,-999,-999,NA,LT,0,0
Q042,Qinghai_Tibean_Plateau,CHINA,Q042,2013-08-01,NAnjingUniversity,Yanxu Zhang,zhangyx@nju.edu.cn,Gu_2020,32.89,96.74,NA,NA,Alpinemeadow,50,70,60,-999,-999,-999,CN,1.8,-999,DMA,17.5772,-999,0.976511111,-999,-999,-999,NA,LT,0,0
Q042,Qinghai_Tibean_Plateau,CHINA,Q042,2013-08-01,NAnjingUniversity,Yanxu Zhang,zhangyx@nju.edu.cn,Gu_2020,32.89,96.74,NA,NA,Alpinemeadow,150,200,175,-999,-999,-999,CN,1.3,-999,DMA,10.73685,-999,0.825911538,-999,-999,-999,NA,LT,0,0
Q042,Qinghai_Tibean_Plateau,CHINA,Q042,2013-08-01,NAnjingUniversity,Yanxu Zhang,zhangyx@nju.edu.cn,Gu_2020,32.89,96.74,NA,NA,Alpinemeadow,250,300,275,-999,-999,-999,CN,1.1,-999,DMA,14.4022,-999,1.309290909,-999,-999,-999,NA,LT,0,0
Q107,Qinghai_Tibean_Plateau,CHINA,Q107,2013-08-01,NAnjingUniversity,Yanxu Zhang,zhangyx@nju.edu.cn,Gu_2020,33.0198,91.96356667,NA,NA,Alpinesteppe,0,10,5,-999,-999,-999,CN,1.5,-999,DMA,17.87563333,-999,1.191708889,-999,-999,-999,NA,LT,0,0
Q107,Qinghai_Tibean_Plateau,CHINA,Q107,2013-08-01,NAnjingUniversity,Yanxu Zhang,zhangyx@nju.edu.cn,Gu_2020,33.0198,91.96356667,NA,NA,Alpinesteppe,10,20,15,-999,-999,-999,CN,1.5,-999,DMA,17.5446,-999,1.16964,-999,-999,-999,NA,LT,0,0
Q107,Qinghai_Tibean_Plateau,CHINA,Q107,2013-08-01,NAnjingUniversity,Yanxu Zhang,zhangyx@nju.edu.cn,Gu_2020,33.0198,91.96356667,NA,NA,Alpinesteppe,50,70,60,-999,-999,-999,CN,1,-999,DMA,19.18063333,-999,1.918063333,-999,-999,-999,NA,LT,0,0
Q107,Qinghai_Tibean_Plateau,CHINA,Q107,2013-08-01,NAnjingUniversity,Yanxu Zhang,zhangyx@nju.edu.cn,Gu_2020,33.0198,91.96356667,NA,NA,Alpinesteppe,150,200,175,-999,-999,-999,CN,0.7,-999,DMA,19.42603333,-999,2.775147619,-999,-999,-999,NA,LT,0,0
Q107,Qinghai_Tibean_Plateau,CHINA,Q107,2013-08-01,NAnjingUniversity,Yanxu Zhang,zhangyx@nju.edu.cn,Gu_2020,33.0198,91.96356667,NA,NA,Alpinesteppe,250,300,275,-999,-999,-999,CN,0.6,-999,DMA,NA,-999,-999,-999,-999,-999,NA,LT,1,1
Q046,Qinghai_Tibean_Plateau,CHINA,Q046,2013-08-01,NAnjingUniversity,Yanxu Zhang,zhangyx@nju.edu.cn,Gu_2020,33.02356944,96.91874167,NA,NA,Alpinemeadow,0,10,5,-999,-999,-999,CN,2.7,-999,DMA,40.6568,-999,1.505807407,-999,-999,-999,NA,LT,0,0
Q046,Qinghai_Tibean_Plateau,CHINA,Q046,2013-08-01,NAnjingUniversity,Yanxu Zhang,zhangyx@nju.edu.cn,Gu_2020,33.02356944,96.91874167,NA,NA,Alpinemeadow,10,20,15,-999,-999,-999,CN,2.7,-999,DMA,21.96376667,-999,0.81347284,-999,-999,-999,NA,LT,0,0
Q046,Qinghai_Tibean_Plateau,CHINA,Q046,2013-08-01,NAnjingUniversity,Yanxu Zhang,zhangyx@nju.edu.cn,Gu_2020,33.02356944,96.91874167,NA,NA,Alpinemeadow,50,70,60,-999,-999,-999,CN,1.8,-999,DMA,62.40736667,-999,3.467075926,-999,-999,-999,NA,LT,0,0
Q046,Qinghai_Tibean_Plateau,CHINA,Q046,2013-08-01,NAnjingUniversity,Yanxu Zhang,zhangyx@nju.edu.cn,Gu_2020,33.02356944,96.91874167,NA,NA,Alpinemeadow,150,200,175,-999,-999,-999,CN,1.3,-999,DMA,39.02265,-999,3.001742308,-999,-999,-999,NA,LT,0,0
Q046,Qinghai_Tibean_Plateau,CHINA,Q046,2013-08-01,NAnjingUniversity,Yanxu Zhang,zhangyx@nju.edu.cn,Gu_2020,33.02356944,96.91874167,NA,NA,Alpinemeadow,250,300,275,-999,-999,-999,CN,1.1,-999,DMA,30.87315,-999,2.80665,-999,-999,-999,NA,LT,0,0
Q047,Qinghai_Tibean_Plateau,CHINA,Q047,2013-08-01,NAnjingUniversity,Yanxu Zhang,zhangyx@nju.edu.cn,Gu_2020,33.20466389,96.57226667,NA,NA,Alpinemeadow,0,10,5,-999,-999,-999,CN,2.7,-999,DMA,NA,-999,-999,-999,-999,-999,NA,LT,1,1
Q047,Qinghai_Tibean_Plateau,CHINA,Q047,2013-08-01,NAnjingUniversity,Yanxu Zhang,zhangyx@nju.edu.cn,Gu_2020,33.20466389,96.57226667,NA,NA,Alpinemeadow,10,20,15,-999,-999,-999,CN,2.7,-999,DMA,15.87575,-999,0.587990741,-999,-999,-999,NA,LT,0,0
Q047,Qinghai_Tibean_Plateau,CHINA,Q047,2013-08-01,NAnjingUniversity,Yanxu Zhang,zhangyx@nju.edu.cn,Gu_2020,33.20466389,96.57226667,NA,NA,Alpinemeadow,50,70,60,-999,-999,-999,CN,1.8,-999,DMA,10.9523,-999,0.608461111,-999,-999,-999,NA,LT,0,0
Q047,Qinghai_Tibean_Plateau,CHINA,Q047,2013-08-01,NAnjingUniversity,Yanxu Zhang,zhangyx@nju.edu.cn,Gu_2020,33.20466389,96.57226667,NA,NA,Alpinemeadow,150,200,175,-999,-999,-999,CN,1.3,-999,DMA,21.31563333,-999,1.639664103,-999,-999,-999,NA,LT,0,0
Q047,Qinghai_Tibean_Plateau,CHINA,Q047,2013-08-01,NAnjingUniversity,Yanxu Zhang,zhangyx@nju.edu.cn,Gu_2020,33.20466389,96.57226667,NA,NA,Alpinemeadow,250,300,275,-999,-999,-999,CN,1.1,-999,DMA,26.8133,-999,2.437572727,-999,-999,-999,NA,LT,0,0
Q106,Qinghai_Tibean_Plateau,CHINA,Q106,2013-08-01,NAnjingUniversity,Yanxu Zhang,zhangyx@nju.edu.cn,Gu_2020,33.25855556,91.85886111,NA,NA,Alpinesteppe,0,10,5,-999,-999,-999,CN,1.5,-999,DMA,134.3244889,-999,8.954965926,-999,-999,-999,NA,LT,0,0
Q106,Qinghai_Tibean_Plateau,CHINA,Q106,2013-08-01,NAnjingUniversity,Yanxu Zhang,zhangyx@nju.edu.cn,Gu_2020,33.25855556,91.85886111,NA,NA,Alpinesteppe,10,20,15,-999,-999,-999,CN,1.5,-999,DMA,79.89856667,-999,5.326571111,-999,-999,-999,NA,LT,0,0
Q106,Qinghai_Tibean_Plateau,CHINA,Q106,2013-08-01,NAnjingUniversity,Yanxu Zhang,zhangyx@nju.edu.cn,Gu_2020,33.25855556,91.85886111,NA,NA,Alpinesteppe,50,70,60,-999,-999,-999,CN,1,-999,DMA,162.3058222,-999,16.23058222,-999,-999,-999,NA,LT,0,0
Q106,Qinghai_Tibean_Plateau,CHINA,Q106,2013-08-01,NAnjingUniversity,Yanxu Zhang,zhangyx@nju.edu.cn,Gu_2020,33.25855556,91.85886111,NA,NA,Alpinesteppe,150,200,175,-999,-999,-999,CN,0.7,-999,DMA,52.40077778,-999,7.485825397,-999,-999,-999,NA,LT,0,0
Q106,Qinghai_Tibean_Plateau,CHINA,Q106,2013-08-01,NAnjingUniversity,Yanxu Zhang,zhangyx@nju.edu.cn,Gu_2020,33.25855556,91.85886111,NA,NA,Alpinesteppe,250,300,275,-999,-999,-999,CN,0.6,-999,DMA,49.68496667,-999,8.280827778,-999,-999,-999,NA,LT,0,0
Q048,Qinghai_Tibean_Plateau,CHINA,Q048,2013-08-01,NAnjingUniversity,Yanxu Zhang,zhangyx@nju.edu.cn,Gu_2020,33.27971389,96.36189444,NA,NA,Alpinemeadow,0,10,5,-999,-999,-999,CN,2.7,-999,DMA,19.7955,-999,0.733166667,-999,-999,-999,NA,LT,0,0
Q048,Qinghai_Tibean_Plateau,CHINA,Q048,2013-08-01,NAnjingUniversity,Yanxu Zhang,zhangyx@nju.edu.cn,Gu_2020,33.27971389,96.36189444,NA,NA,Alpinemeadow,10,20,15,-999,-999,-999,CN,2.7,-999,DMA,17.3641,-999,0.643114815,-999,-999,-999,NA,LT,0,0
Q048,Qinghai_Tibean_Plateau,CHINA,Q048,2013-08-01,NAnjingUniversity,Yanxu Zhang,zhangyx@nju.edu.cn,Gu_2020,33.27971389,96.36189444,NA,NA,Alpinemeadow,50,70,60,-999,-999,-999,CN,1.8,-999,DMA,8.885266667,-999,0.493625926,-999,-999,-999,NA,LT,0,0
Q048,Qinghai_Tibean_Plateau,CHINA,Q048,2013-08-01,NAnjingUniversity,Yanxu Zhang,zhangyx@nju.edu.cn,Gu_2020,33.27971389,96.36189444,NA,NA,Alpinemeadow,150,200,175,-999,-999,-999,CN,1.3,-999,DMA,9.779166667,-999,0.75224359,-999,-999,-999,NA,LT,0,0
Q048,Qinghai_Tibean_Plateau,CHINA,Q048,2013-08-01,NAnjingUniversity,Yanxu Zhang,zhangyx@nju.edu.cn,Gu_2020,33.27971389,96.36189444,NA,NA,Alpinemeadow,250,300,275,-999,-999,-999,CN,1.1,-999,DMA,7.2556,-999,0.6596,-999,-999,-999,NA,LT,0,0
Q040,Qinghai_Tibean_Plateau,CHINA,Q040,2013-08-01,NAnjingUniversity,Yanxu Zhang,zhangyx@nju.edu.cn,Gu_2020,33.34155,97.20731389,NA,NA,Alpinemeadow,0,10,5,-999,-999,-999,CN,2.7,-999,DMA,50.16623333,-999,1.858008642,-999,-999,-999,NA,LT,0,0
Q040,Qinghai_Tibean_Plateau,CHINA,Q040,2013-08-01,NAnjingUniversity,Yanxu Zhang,zhangyx@nju.edu.cn,Gu_2020,33.34155,97.20731389,NA,NA,Alpinemeadow,10,20,15,-999,-999,-999,CN,2.7,-999,DMA,22.3046,-999,0.826096296,-999,-999,-999,NA,LT,0,0
Q040,Qinghai_Tibean_Plateau,CHINA,Q040,2013-08-01,NAnjingUniversity,Yanxu Zhang,zhangyx@nju.edu.cn,Gu_2020,33.34155,97.20731389,NA,NA,Alpinemeadow,50,70,60,-999,-999,-999,CN,1.8,-999,DMA,9.167866667,-999,0.509325926,-999,-999,-999,NA,LT,0,0
Q040,Qinghai_Tibean_Plateau,CHINA,Q040,2013-08-01,NAnjingUniversity,Yanxu Zhang,zhangyx@nju.edu.cn,Gu_2020,33.34155,97.20731389,NA,NA,Alpinemeadow,150,200,175,-999,-999,-999,CN,1.3,-999,DMA,7.839733333,-999,0.60305641,-999,-999,-999,NA,LT,0,0
Q040,Qinghai_Tibean_Plateau,CHINA,Q040,2013-08-01,NAnjingUniversity,Yanxu Zhang,zhangyx@nju.edu.cn,Gu_2020,33.34155,97.20731389,NA,NA,Alpinemeadow,250,300,275,-999,-999,-999,CN,1.1,-999,DMA,5.765233333,-999,0.524112121,-999,-999,-999,NA,LT,0,0
Q105,Qinghai_Tibean_Plateau,CHINA,Q105,2013-08-01,NAnjingUniversity,Yanxu Zhang,zhangyx@nju.edu.cn,Gu_2020,33.50829444,91.96681667,NA,NA,Alpinesteppe,0,10,5,-999,-999,-999,CN,1.5,-999,DMA,524.4458333,-999,34.96305556,-999,-999,-999,NA,LT,1,1
Q105,Qinghai_Tibean_Plateau,CHINA,Q105,2013-08-01,NAnjingUniversity,Yanxu Zhang,zhangyx@nju.edu.cn,Gu_2020,33.50829444,91.96681667,NA,NA,Alpinesteppe,10,20,15,-999,-999,-999,CN,1.5,-999,DMA,298.4583667,-999,19.89722444,-999,-999,-999,NA,LT,0,1
Q105,Qinghai_Tibean_Plateau,CHINA,Q105,2013-08-01,NAnjingUniversity,Yanxu Zhang,zhangyx@nju.edu.cn,Gu_2020,33.50829444,91.96681667,NA,NA,Alpinesteppe,50,70,60,-999,-999,-999,CN,1,-999,DMA,223.5123,-999,22.35123,-999,-999,-999,NA,LT,0,0
Q105,Qinghai_Tibean_Plateau,CHINA,Q105,2013-08-01,NAnjingUniversity,Yanxu Zhang,zhangyx@nju.edu.cn,Gu_2020,33.50829444,91.96681667,NA,NA,Alpinesteppe,150,200,175,-999,-999,-999,CN,0.7,-999,DMA,387.3035667,-999,55.32908095,-999,-999,-999,NA,LT,0,1
Q105,Qinghai_Tibean_Plateau,CHINA,Q105,2013-08-01,NAnjingUniversity,Yanxu Zhang,zhangyx@nju.edu.cn,Gu_2020,33.50829444,91.96681667,NA,NA,Alpinesteppe,250,300,275,-999,-999,-999,CN,0.6,-999,DMA,1265.236,-999,210.8726667,-999,-999,-999,NA,LT,1,1
Q049,Qinghai_Tibean_Plateau,CHINA,Q049,2013-08-01,NAnjingUniversity,Yanxu Zhang,zhangyx@nju.edu.cn,Gu_2020,33.73333333,95.86766666,NA,NA,Alpinemeadow,0,10,5,-999,-999,-999,CN,2.7,-999,DMA,17.44243333,-999,0.646016049,-999,-999,-999,NA,LT,0,0
Q049,Qinghai_Tibean_Plateau,CHINA,Q049,2013-08-01,NAnjingUniversity,Yanxu Zhang,zhangyx@nju.edu.cn,Gu_2020,33.73333333,95.86766666,NA,NA,Alpinemeadow,10,20,15,-999,-999,-999,CN,2.7,-999,DMA,12.2103,-999,0.452233333,-999,-999,-999,NA,LT,0,0
Q049,Qinghai_Tibean_Plateau,CHINA,Q049,2013-08-01,NAnjingUniversity,Yanxu Zhang,zhangyx@nju.edu.cn,Gu_2020,33.73333333,95.86766666,NA,NA,Alpinemeadow,50,70,60,-999,-999,-999,CN,1.8,-999,DMA,6.230366667,-999,0.346131481,-999,-999,-999,NA,LT,0,0
Q049,Qinghai_Tibean_Plateau,CHINA,Q049,2013-08-01,NAnjingUniversity,Yanxu Zhang,zhangyx@nju.edu.cn,Gu_2020,33.73333333,95.86766666,NA,NA,Alpinemeadow,150,200,175,-999,-999,-999,CN,1.3,-999,DMA,5.6636,-999,0.435661538,-999,-999,-999,NA,LT,0,0
Q049,Qinghai_Tibean_Plateau,CHINA,Q049,2013-08-01,NAnjingUniversity,Yanxu Zhang,zhangyx@nju.edu.cn,Gu_2020,33.73333333,95.86766666,NA,NA,Alpinemeadow,250,300,275,-999,-999,-999,CN,1.1,-999,DMA,4.350933333,-999,0.395539394,-999,-999,-999,NA,LT,0,0
Q104,Qinghai_Tibean_Plateau,CHINA,Q104,2013-08-01,NAnjingUniversity,Yanxu Zhang,zhangyx@nju.edu.cn,Gu_2020,33.73662778,92.11933056,NA,NA,Alpinesteppe,0,10,5,-999,-999,-999,CN,1.5,-999,DMA,28.26106667,-999,1.884071111,-999,-999,-999,NA,LT,0,0
Q104,Qinghai_Tibean_Plateau,CHINA,Q104,2013-08-01,NAnjingUniversity,Yanxu Zhang,zhangyx@nju.edu.cn,Gu_2020,33.73662778,92.11933056,NA,NA,Alpinesteppe,10,20,15,-999,-999,-999,CN,1.5,-999,DMA,20.63086667,-999,1.375391111,-999,-999,-999,NA,LT,0,0
Q104,Qinghai_Tibean_Plateau,CHINA,Q104,2013-08-01,NAnjingUniversity,Yanxu Zhang,zhangyx@nju.edu.cn,Gu_2020,33.73662778,92.11933056,NA,NA,Alpinesteppe,50,70,60,-999,-999,-999,CN,1,-999,DMA,15.22266667,-999,1.522266667,-999,-999,-999,NA,LT,0,0
Q104,Qinghai_Tibean_Plateau,CHINA,Q104,2013-08-01,NAnjingUniversity,Yanxu Zhang,zhangyx@nju.edu.cn,Gu_2020,33.73662778,92.11933056,NA,NA,Alpinesteppe,150,200,175,-999,-999,-999,CN,0.7,-999,DMA,16.04653333,-999,2.292361905,-999,-999,-999,NA,LT,0,0
Q104,Qinghai_Tibean_Plateau,CHINA,Q104,2013-08-01,NAnjingUniversity,Yanxu Zhang,zhangyx@nju.edu.cn,Gu_2020,33.73662778,92.11933056,NA,NA,Alpinesteppe,250,300,275,-999,-999,-999,CN,0.6,-999,DMA,18.9013,-999,3.150216667,-999,-999,-999,NA,LT,0,0
Q058,Qinghai_Tibean_Plateau,CHINA,Q058,2013-08-01,NAnjingUniversity,Yanxu Zhang,zhangyx@nju.edu.cn,Gu_2020,33.75716667,97.02016667,NA,NA,Alpinemeadow,0,10,5,-999,-999,-999,CN,2.7,-999,DMA,22.1594,-999,0.820718519,-999,-999,-999,NA,LT,0,0
Q058,Qinghai_Tibean_Plateau,CHINA,Q058,2013-08-01,NAnjingUniversity,Yanxu Zhang,zhangyx@nju.edu.cn,Gu_2020,33.75716667,97.02016667,NA,NA,Alpinemeadow,10,20,15,-999,-999,-999,CN,2.7,-999,DMA,13.89825,-999,0.51475,-999,-999,-999,NA,LT,0,0
Q058,Qinghai_Tibean_Plateau,CHINA,Q058,2013-08-01,NAnjingUniversity,Yanxu Zhang,zhangyx@nju.edu.cn,Gu_2020,33.75716667,97.02016667,NA,NA,Alpinemeadow,50,70,60,-999,-999,-999,CN,1.8,-999,DMA,10.65715,-999,0.592063889,-999,-999,-999,NA,LT,0,0
Q058,Qinghai_Tibean_Plateau,CHINA,Q058,2013-08-01,NAnjingUniversity,Yanxu Zhang,zhangyx@nju.edu.cn,Gu_2020,33.75716667,97.02016667,NA,NA,Alpinemeadow,150,200,175,-999,-999,-999,CN,1.3,-999,DMA,11.58495,-999,0.89115,-999,-999,-999,NA,LT,0,0
Q058,Qinghai_Tibean_Plateau,CHINA,Q058,2013-08-01,NAnjingUniversity,Yanxu Zhang,zhangyx@nju.edu.cn,Gu_2020,33.75716667,97.02016667,NA,NA,Alpinemeadow,250,300,275,-999,-999,-999,CN,1.1,-999,DMA,10.3608,-999,0.941890909,-999,-999,-999,NA,LT,0,0
Q057,Qinghai_Tibean_Plateau,CHINA,Q057,2013-08-01,NAnjingUniversity,Yanxu Zhang,zhangyx@nju.edu.cn,Gu_2020,33.80498889,96.7286,NA,NA,Alpinemeadow,0,10,5,-999,-999,-999,CN,2.7,-999,DMA,28.6339,-999,1.060514815,-999,-999,-999,NA,LT,0,0
Q057,Qinghai_Tibean_Plateau,CHINA,Q057,2013-08-01,NAnjingUniversity,Yanxu Zhang,zhangyx@nju.edu.cn,Gu_2020,33.80498889,96.7286,NA,NA,Alpinemeadow,10,20,15,-999,-999,-999,CN,2.7,-999,DMA,18.7559,-999,0.694662963,-999,-999,-999,NA,LT,0,0
Q057,Qinghai_Tibean_Plateau,CHINA,Q057,2013-08-01,NAnjingUniversity,Yanxu Zhang,zhangyx@nju.edu.cn,Gu_2020,33.80498889,96.7286,NA,NA,Alpinemeadow,50,70,60,-999,-999,-999,CN,1.8,-999,DMA,12.94286667,-999,0.719048148,-999,-999,-999,NA,LT,0,0
Q057,Qinghai_Tibean_Plateau,CHINA,Q057,2013-08-01,NAnjingUniversity,Yanxu Zhang,zhangyx@nju.edu.cn,Gu_2020,33.80498889,96.7286,NA,NA,Alpinemeadow,150,200,175,-999,-999,-999,CN,1.3,-999,DMA,16.13173333,-999,1.240902564,-999,-999,-999,NA,LT,0,0
Q057,Qinghai_Tibean_Plateau,CHINA,Q057,2013-08-01,NAnjingUniversity,Yanxu Zhang,zhangyx@nju.edu.cn,Gu_2020,33.80498889,96.7286,NA,NA,Alpinemeadow,250,300,275,-999,-999,-999,CN,1.1,-999,DMA,12.8125,-999,1.164772727,-999,-999,-999,NA,LT,0,0
Q103,Qinghai_Tibean_Plateau,CHINA,Q103,2013-08-01,NAnjingUniversity,Yanxu Zhang,zhangyx@nju.edu.cn,Gu_2020,33.81770278,92.31862222,NA,NA,Alpinesteppe,0,10,5,-999,-999,-999,CN,1.5,-999,DMA,23.32983333,-999,1.555322222,-999,-999,-999,NA,LT,0,0
Q103,Qinghai_Tibean_Plateau,CHINA,Q103,2013-08-01,NAnjingUniversity,Yanxu Zhang,zhangyx@nju.edu.cn,Gu_2020,33.81770278,92.31862222,NA,NA,Alpinesteppe,10,20,15,-999,-999,-999,CN,1.5,-999,DMA,24.37716667,-999,1.625144444,-999,-999,-999,NA,LT,0,0
Q103,Qinghai_Tibean_Plateau,CHINA,Q103,2013-08-01,NAnjingUniversity,Yanxu Zhang,zhangyx@nju.edu.cn,Gu_2020,33.81770278,92.31862222,NA,NA,Alpinesteppe,50,70,60,-999,-999,-999,CN,1,-999,DMA,21.40213333,-999,2.140213333,-999,-999,-999,NA,LT,0,0
Q103,Qinghai_Tibean_Plateau,CHINA,Q103,2013-08-01,NAnjingUniversity,Yanxu Zhang,zhangyx@nju.edu.cn,Gu_2020,33.81770278,92.31862222,NA,NA,Alpinesteppe,150,200,175,-999,-999,-999,CN,0.7,-999,DMA,94.90903333,-999,13.55843333,-999,-999,-999,NA,LT,0,0
Q103,Qinghai_Tibean_Plateau,CHINA,Q103,2013-08-01,NAnjingUniversity,Yanxu Zhang,zhangyx@nju.edu.cn,Gu_2020,33.81770278,92.31862222,NA,NA,Alpinesteppe,250,300,275,-999,-999,-999,CN,0.6,-999,DMA,37.86323333,-999,6.310538889,-999,-999,-999,NA,LT,0,0
Q039,Qinghai_Tibean_Plateau,CHINA,Q039,2013-08-01,NAnjingUniversity,Yanxu Zhang,zhangyx@nju.edu.cn,Gu_2020,33.81995,97.14000278,NA,NA,Alpinemeadow,0,10,5,-999,-999,-999,CN,2.7,-999,DMA,26.109,-999,0.967,-999,-999,-999,NA,LT,0,0
Q039,Qinghai_Tibean_Plateau,CHINA,Q039,2013-08-01,NAnjingUniversity,Yanxu Zhang,zhangyx@nju.edu.cn,Gu_2020,33.81995,97.14000278,NA,NA,Alpinemeadow,10,20,15,-999,-999,-999,CN,2.7,-999,DMA,14.849,-999,0.549962963,-999,-999,-999,NA,LT,0,0
Q039,Qinghai_Tibean_Plateau,CHINA,Q039,2013-08-01,NAnjingUniversity,Yanxu Zhang,zhangyx@nju.edu.cn,Gu_2020,33.81995,97.14000278,NA,NA,Alpinemeadow,50,70,60,-999,-999,-999,CN,1.8,-999,DMA,21.4309,-999,1.190605556,-999,-999,-999,NA,LT,0,0
Q039,Qinghai_Tibean_Plateau,CHINA,Q039,2013-08-01,NAnjingUniversity,Yanxu Zhang,zhangyx@nju.edu.cn,Gu_2020,33.81995,97.14000278,NA,NA,Alpinemeadow,150,200,175,-999,-999,-999,CN,1.3,-999,DMA,31.43896667,-999,2.418382051,-999,-999,-999,NA,LT,0,0
Q039,Qinghai_Tibean_Plateau,CHINA,Q039,2013-08-01,NAnjingUniversity,Yanxu Zhang,zhangyx@nju.edu.cn,Gu_2020,33.81995,97.14000278,NA,NA,Alpinemeadow,250,300,275,-999,-999,-999,CN,1.1,-999,DMA,33.7756,-999,3.070509091,-999,-999,-999,NA,LT,0,0
Q032,Qinghai_Tibean_Plateau,CHINA,Q032,2013-08-01,NAnjingUniversity,Yanxu Zhang,zhangyx@nju.edu.cn,Gu_2020,33.89835833,99.600225,NA,NA,Alpinemeadow,0,10,5,-999,-999,-999,CN,2.7,-999,DMA,31.3692,-999,1.161822222,-999,-999,-999,NA,LT,0,0
Q032,Qinghai_Tibean_Plateau,CHINA,Q032,2013-08-01,NAnjingUniversity,Yanxu Zhang,zhangyx@nju.edu.cn,Gu_2020,33.89835833,99.600225,NA,NA,Alpinemeadow,10,20,15,-999,-999,-999,CN,2.7,-999,DMA,18.85123333,-999,0.698193827,-999,-999,-999,NA,LT,0,0
Q032,Qinghai_Tibean_Plateau,CHINA,Q032,2013-08-01,NAnjingUniversity,Yanxu Zhang,zhangyx@nju.edu.cn,Gu_2020,33.89835833,99.600225,NA,NA,Alpinemeadow,50,70,60,-999,-999,-999,CN,1.8,-999,DMA,18.3148,-999,1.017488889,-999,-999,-999,NA,LT,0,0
Q032,Qinghai_Tibean_Plateau,CHINA,Q032,2013-08-01,NAnjingUniversity,Yanxu Zhang,zhangyx@nju.edu.cn,Gu_2020,33.89835833,99.600225,NA,NA,Alpinemeadow,150,200,175,-999,-999,-999,CN,1.3,-999,DMA,17.5019,-999,1.3463,-999,-999,-999,NA,LT,0,0
Q032,Qinghai_Tibean_Plateau,CHINA,Q032,2013-08-01,NAnjingUniversity,Yanxu Zhang,zhangyx@nju.edu.cn,Gu_2020,33.89835833,99.600225,NA,NA,Alpinemeadow,250,300,275,-999,-999,-999,CN,1.1,-999,DMA,17.5124,-999,1.592036364,-999,-999,-999,NA,LT,0,0
Q031,Qinghai_Tibean_Plateau,CHINA,Q031,2013-08-01,NAnjingUniversity,Yanxu Zhang,zhangyx@nju.edu.cn,Gu_2020,33.91589722,99.81259722,NA,NA,Alpinemeadow,0,10,5,-999,-999,-999,CN,2.7,-999,DMA,28.82233333,-999,1.067493827,-999,-999,-999,NA,LT,0,0
Q031,Qinghai_Tibean_Plateau,CHINA,Q031,2013-08-01,NAnjingUniversity,Yanxu Zhang,zhangyx@nju.edu.cn,Gu_2020,33.91589722,99.81259722,NA,NA,Alpinemeadow,10,20,15,-999,-999,-999,CN,2.7,-999,DMA,26.3627,-999,0.976396296,-999,-999,-999,NA,LT,0,0
Q031,Qinghai_Tibean_Plateau,CHINA,Q031,2013-08-01,NAnjingUniversity,Yanxu Zhang,zhangyx@nju.edu.cn,Gu_2020,33.91589722,99.81259722,NA,NA,Alpinemeadow,50,70,60,-999,-999,-999,CN,1.8,-999,DMA,132.6285333,-999,7.368251852,-999,-999,-999,NA,LT,0,0
Q031,Qinghai_Tibean_Plateau,CHINA,Q031,2013-08-01,NAnjingUniversity,Yanxu Zhang,zhangyx@nju.edu.cn,Gu_2020,33.91589722,99.81259722,NA,NA,Alpinemeadow,150,200,175,-999,-999,-999,CN,1.3,-999,DMA,75.1673,-999,5.7821,-999,-999,-999,NA,LT,0,0
Q031,Qinghai_Tibean_Plateau,CHINA,Q031,2013-08-01,NAnjingUniversity,Yanxu Zhang,zhangyx@nju.edu.cn,Gu_2020,33.91589722,99.81259722,NA,NA,Alpinemeadow,250,300,275,-999,-999,-999,CN,1.1,-999,DMA,305.51915,-999,27.77446818,-999,-999,-999,NA,LT,0,1
Q050,Qinghai_Tibean_Plateau,CHINA,Q050,2013-08-01,NAnjingUniversity,Yanxu Zhang,zhangyx@nju.edu.cn,Gu_2020,33.94666667,95.70366667,NA,NA,Alpinemeadow,0,10,5,-999,-999,-999,CN,2.7,-999,DMA,22.6893,-999,0.840344444,-999,-999,-999,NA,LT,0,0
Q050,Qinghai_Tibean_Plateau,CHINA,Q050,2013-08-01,NAnjingUniversity,Yanxu Zhang,zhangyx@nju.edu.cn,Gu_2020,33.94666667,95.70366667,NA,NA,Alpinemeadow,10,20,15,-999,-999,-999,CN,2.7,-999,DMA,39.28403333,-999,1.454964198,-999,-999,-999,NA,LT,0,0
Q050,Qinghai_Tibean_Plateau,CHINA,Q050,2013-08-01,NAnjingUniversity,Yanxu Zhang,zhangyx@nju.edu.cn,Gu_2020,33.94666667,95.70366667,NA,NA,Alpinemeadow,50,70,60,-999,-999,-999,CN,1.8,-999,DMA,9.573933333,-999,0.531885185,-999,-999,-999,NA,LT,0,0
Q050,Qinghai_Tibean_Plateau,CHINA,Q050,2013-08-01,NAnjingUniversity,Yanxu Zhang,zhangyx@nju.edu.cn,Gu_2020,33.94666667,95.70366667,NA,NA,Alpinemeadow,150,200,175,-999,-999,-999,CN,1.3,-999,DMA,14.158,-999,1.089076923,-999,-999,-999,NA,LT,0,0
Q050,Qinghai_Tibean_Plateau,CHINA,Q050,2013-08-01,NAnjingUniversity,Yanxu Zhang,zhangyx@nju.edu.cn,Gu_2020,33.94666667,95.70366667,NA,NA,Alpinemeadow,250,300,275,-999,-999,-999,CN,1.1,-999,DMA,18.0021,-999,1.636554545,-999,-999,-999,NA,LT,0,0
Q056,Qinghai_Tibean_Plateau,CHINA,Q056,2013-08-01,NAnjingUniversity,Yanxu Zhang,zhangyx@nju.edu.cn,Gu_2020,33.97066667,96.371,NA,NA,Alpinemeadow,0,10,5,-999,-999,-999,CN,2.7,-999,DMA,NA,-999,-999,-999,-999,-999,NA,LT,1,1
Q056,Qinghai_Tibean_Plateau,CHINA,Q056,2013-08-01,NAnjingUniversity,Yanxu Zhang,zhangyx@nju.edu.cn,Gu_2020,33.97066667,96.371,NA,NA,Alpinemeadow,10,20,15,-999,-999,-999,CN,2.7,-999,DMA,13.64555,-999,0.505390741,-999,-999,-999,NA,LT,0,0
Q056,Qinghai_Tibean_Plateau,CHINA,Q056,2013-08-01,NAnjingUniversity,Yanxu Zhang,zhangyx@nju.edu.cn,Gu_2020,33.97066667,96.371,NA,NA,Alpinemeadow,50,70,60,-999,-999,-999,CN,1.8,-999,DMA,9.783533333,-999,0.54352963,-999,-999,-999,NA,LT,0,0
Q056,Qinghai_Tibean_Plateau,CHINA,Q056,2013-08-01,NAnjingUniversity,Yanxu Zhang,zhangyx@nju.edu.cn,Gu_2020,33.97066667,96.371,NA,NA,Alpinemeadow,150,200,175,-999,-999,-999,CN,1.3,-999,DMA,13.90166667,-999,1.069358974,-999,-999,-999,NA,LT,0,0
Q056,Qinghai_Tibean_Plateau,CHINA,Q056,2013-08-01,NAnjingUniversity,Yanxu Zhang,zhangyx@nju.edu.cn,Gu_2020,33.97066667,96.371,NA,NA,Alpinemeadow,250,300,275,-999,-999,-999,CN,1.1,-999,DMA,16.77626667,-999,1.525115152,-999,-999,-999,NA,LT,0,0
Q030,Qinghai_Tibean_Plateau,CHINA,Q030,2013-08-01,NAnjingUniversity,Yanxu Zhang,zhangyx@nju.edu.cn,Gu_2020,34.01753611,100.0799556,NA,NA,Alpinemeadow,0,10,5,-999,-999,-999,CN,2.7,-999,DMA,15.84156667,-999,0.586724691,-999,-999,-999,NA,LT,0,0
Q030,Qinghai_Tibean_Plateau,CHINA,Q030,2013-08-01,NAnjingUniversity,Yanxu Zhang,zhangyx@nju.edu.cn,Gu_2020,34.01753611,100.0799556,NA,NA,Alpinemeadow,10,20,15,-999,-999,-999,CN,2.7,-999,DMA,11.95886667,-999,0.442920988,-999,-999,-999,NA,LT,0,0
Q030,Qinghai_Tibean_Plateau,CHINA,Q030,2013-08-01,NAnjingUniversity,Yanxu Zhang,zhangyx@nju.edu.cn,Gu_2020,34.01753611,100.0799556,NA,NA,Alpinemeadow,50,70,60,-999,-999,-999,CN,1.8,-999,DMA,25.36133333,-999,1.408962963,-999,-999,-999,NA,LT,0,0
Q030,Qinghai_Tibean_Plateau,CHINA,Q030,2013-08-01,NAnjingUniversity,Yanxu Zhang,zhangyx@nju.edu.cn,Gu_2020,34.01753611,100.0799556,NA,NA,Alpinemeadow,150,200,175,-999,-999,-999,CN,1.3,-999,DMA,24.6549,-999,1.896530769,-999,-999,-999,NA,LT,0,0
Q030,Qinghai_Tibean_Plateau,CHINA,Q030,2013-08-01,NAnjingUniversity,Yanxu Zhang,zhangyx@nju.edu.cn,Gu_2020,34.01753611,100.0799556,NA,NA,Alpinemeadow,250,300,275,-999,-999,-999,CN,1.1,-999,DMA,21.7167,-999,1.974245455,-999,-999,-999,NA,LT,0,0
Q033,Qinghai_Tibean_Plateau,CHINA,Q033,2013-08-01,NAnjingUniversity,Yanxu Zhang,zhangyx@nju.edu.cn,Gu_2020,34.03436389,99.40831111,NA,NA,Alpinemeadow,0,10,5,-999,-999,-999,CN,2.7,-999,DMA,28.96473333,-999,1.072767901,-999,-999,-999,NA,LT,0,0
Q033,Qinghai_Tibean_Plateau,CHINA,Q033,2013-08-01,NAnjingUniversity,Yanxu Zhang,zhangyx@nju.edu.cn,Gu_2020,34.03436389,99.40831111,NA,NA,Alpinemeadow,10,20,15,-999,-999,-999,CN,2.7,-999,DMA,21.30146667,-999,0.78894321,-999,-999,-999,NA,LT,0,0
Q033,Qinghai_Tibean_Plateau,CHINA,Q033,2013-08-01,NAnjingUniversity,Yanxu Zhang,zhangyx@nju.edu.cn,Gu_2020,34.03436389,99.40831111,NA,NA,Alpinemeadow,50,70,60,-999,-999,-999,CN,1.8,-999,DMA,11.63446667,-999,0.646359259,-999,-999,-999,NA,LT,0,0
Q033,Qinghai_Tibean_Plateau,CHINA,Q033,2013-08-01,NAnjingUniversity,Yanxu Zhang,zhangyx@nju.edu.cn,Gu_2020,34.03436389,99.40831111,NA,NA,Alpinemeadow,150,200,175,-999,-999,-999,CN,1.3,-999,DMA,13.93336667,-999,1.071797436,-999,-999,-999,NA,LT,0,0
Q033,Qinghai_Tibean_Plateau,CHINA,Q033,2013-08-01,NAnjingUniversity,Yanxu Zhang,zhangyx@nju.edu.cn,Gu_2020,34.03436389,99.40831111,NA,NA,Alpinemeadow,250,300,275,-999,-999,-999,CN,1.1,-999,DMA,14.8665,-999,1.3515,-999,-999,-999,NA,LT,0,0
Q051,Qinghai_Tibean_Plateau,CHINA,Q051,2013-08-01,NAnjingUniversity,Yanxu Zhang,zhangyx@nju.edu.cn,Gu_2020,34.03863611,95.83193333,NA,NA,Alpinemeadow,0,10,5,-999,-999,-999,CN,2.7,-999,DMA,239.6599667,-999,8.876295062,-999,-999,-999,NA,LT,0,0
Q051,Qinghai_Tibean_Plateau,CHINA,Q051,2013-08-01,NAnjingUniversity,Yanxu Zhang,zhangyx@nju.edu.cn,Gu_2020,34.03863611,95.83193333,NA,NA,Alpinemeadow,10,20,15,-999,-999,-999,CN,2.7,-999,DMA,116.9526,-999,4.331577778,-999,-999,-999,NA,LT,0,0
Q051,Qinghai_Tibean_Plateau,CHINA,Q051,2013-08-01,NAnjingUniversity,Yanxu Zhang,zhangyx@nju.edu.cn,Gu_2020,34.03863611,95.83193333,NA,NA,Alpinemeadow,50,70,60,-999,-999,-999,CN,1.8,-999,DMA,52.67463333,-999,2.926368519,-999,-999,-999,NA,LT,0,0
Q051,Qinghai_Tibean_Plateau,CHINA,Q051,2013-08-01,NAnjingUniversity,Yanxu Zhang,zhangyx@nju.edu.cn,Gu_2020,34.03863611,95.83193333,NA,NA,Alpinemeadow,150,200,175,-999,-999,-999,CN,1.3,-999,DMA,52.17116667,-999,4.013166667,-999,-999,-999,NA,LT,0,0
Q051,Qinghai_Tibean_Plateau,CHINA,Q051,2013-08-01,NAnjingUniversity,Yanxu Zhang,zhangyx@nju.edu.cn,Gu_2020,34.03863611,95.83193333,NA,NA,Alpinemeadow,250,300,275,-999,-999,-999,CN,1.1,-999,DMA,41.40376667,-999,3.763978788,-999,-999,-999,NA,LT,0,0
Q102,Qinghai_Tibean_Plateau,CHINA,Q102,2013-08-01,NAnjingUniversity,Yanxu Zhang,zhangyx@nju.edu.cn,Gu_2020,34.07770556,92.33468889,NA,NA,Alpinesteppe,0,10,5,-999,-999,-999,CN,1.5,-999,DMA,13.74253333,-999,0.916168889,-999,-999,-999,NA,LT,0,0
Q102,Qinghai_Tibean_Plateau,CHINA,Q102,2013-08-01,NAnjingUniversity,Yanxu Zhang,zhangyx@nju.edu.cn,Gu_2020,34.07770556,92.33468889,NA,NA,Alpinesteppe,10,20,15,-999,-999,-999,CN,1.5,-999,DMA,12.53483333,-999,0.835655556,-999,-999,-999,NA,LT,0,0
Q102,Qinghai_Tibean_Plateau,CHINA,Q102,2013-08-01,NAnjingUniversity,Yanxu Zhang,zhangyx@nju.edu.cn,Gu_2020,34.07770556,92.33468889,NA,NA,Alpinesteppe,50,70,60,-999,-999,-999,CN,1,-999,DMA,27.6367,-999,2.76367,-999,-999,-999,NA,LT,0,0
Q102,Qinghai_Tibean_Plateau,CHINA,Q102,2013-08-01,NAnjingUniversity,Yanxu Zhang,zhangyx@nju.edu.cn,Gu_2020,34.07770556,92.33468889,NA,NA,Alpinesteppe,150,200,175,-999,-999,-999,CN,0.7,-999,DMA,28.30145,-999,4.043064286,-999,-999,-999,NA,LT,0,0
Q102,Qinghai_Tibean_Plateau,CHINA,Q102,2013-08-01,NAnjingUniversity,Yanxu Zhang,zhangyx@nju.edu.cn,Gu_2020,34.07770556,92.33468889,NA,NA,Alpinesteppe,250,300,275,-999,-999,-999,CN,0.6,-999,DMA,36.83615,-999,6.139358333,-999,-999,-999,NA,LT,0,0
Q029,Qinghai_Tibean_Plateau,CHINA,Q029,2013-08-01,NAnjingUniversity,Yanxu Zhang,zhangyx@nju.edu.cn,Gu_2020,34.07923611,100.0973389,NA,NA,Alpinemeadow,0,10,5,-999,-999,-999,CN,2.7,-999,DMA,22.1363,-999,0.819862963,-999,-999,-999,NA,LT,0,0
Q029,Qinghai_Tibean_Plateau,CHINA,Q029,2013-08-01,NAnjingUniversity,Yanxu Zhang,zhangyx@nju.edu.cn,Gu_2020,34.07923611,100.0973389,NA,NA,Alpinemeadow,10,20,15,-999,-999,-999,CN,2.7,-999,DMA,15.2481,-999,0.564744444,-999,-999,-999,NA,LT,0,0
Q029,Qinghai_Tibean_Plateau,CHINA,Q029,2013-08-01,NAnjingUniversity,Yanxu Zhang,zhangyx@nju.edu.cn,Gu_2020,34.07923611,100.0973389,NA,NA,Alpinemeadow,50,70,60,-999,-999,-999,CN,1.8,-999,DMA,10.01326667,-999,0.556292593,-999,-999,-999,NA,LT,0,0
Q029,Qinghai_Tibean_Plateau,CHINA,Q029,2013-08-01,NAnjingUniversity,Yanxu Zhang,zhangyx@nju.edu.cn,Gu_2020,34.07923611,100.0973389,NA,NA,Alpinemeadow,150,200,175,-999,-999,-999,CN,1.3,-999,DMA,11.51723333,-999,0.885941026,-999,-999,-999,NA,LT,0,0
Q029,Qinghai_Tibean_Plateau,CHINA,Q029,2013-08-01,NAnjingUniversity,Yanxu Zhang,zhangyx@nju.edu.cn,Gu_2020,34.07923611,100.0973389,NA,NA,Alpinemeadow,250,300,275,-999,-999,-999,CN,1.1,-999,DMA,9.3071,-999,0.8461,-999,-999,-999,NA,LT,0,0
Q054,Qinghai_Tibean_Plateau,CHINA,Q054,2013-08-01,NAnjingUniversity,Yanxu Zhang,zhangyx@nju.edu.cn,Gu_2020,34.13008333,95.82871111,NA,NA,Alpinemeadow,0,10,5,-999,-999,-999,CN,2.7,-999,DMA,11.351,-999,0.420407407,-999,-999,-999,NA,LT,0,0
Q054,Qinghai_Tibean_Plateau,CHINA,Q054,2013-08-01,NAnjingUniversity,Yanxu Zhang,zhangyx@nju.edu.cn,Gu_2020,34.13008333,95.82871111,NA,NA,Alpinemeadow,10,20,15,-999,-999,-999,CN,2.7,-999,DMA,14.13293333,-999,0.523441975,-999,-999,-999,NA,LT,0,0
Q054,Qinghai_Tibean_Plateau,CHINA,Q054,2013-08-01,NAnjingUniversity,Yanxu Zhang,zhangyx@nju.edu.cn,Gu_2020,34.13008333,95.82871111,NA,NA,Alpinemeadow,50,70,60,-999,-999,-999,CN,1.8,-999,DMA,18.98113333,-999,1.054507407,-999,-999,-999,NA,LT,0,0
Q054,Qinghai_Tibean_Plateau,CHINA,Q054,2013-08-01,NAnjingUniversity,Yanxu Zhang,zhangyx@nju.edu.cn,Gu_2020,34.13008333,95.82871111,NA,NA,Alpinemeadow,150,200,175,-999,-999,-999,CN,1.3,-999,DMA,12.95786667,-999,0.996758974,-999,-999,-999,NA,LT,0,0
Q054,Qinghai_Tibean_Plateau,CHINA,Q054,2013-08-01,NAnjingUniversity,Yanxu Zhang,zhangyx@nju.edu.cn,Gu_2020,34.13008333,95.82871111,NA,NA,Alpinemeadow,250,300,275,-999,-999,-999,CN,1.1,-999,DMA,12.84806667,-999,1.168006061,-999,-999,-999,NA,LT,0,0
Q034,Qinghai_Tibean_Plateau,CHINA,Q034,2013-08-01,NAnjingUniversity,Yanxu Zhang,zhangyx@nju.edu.cn,Gu_2020,34.14405833,99.30181389,NA,NA,Alpinemeadow,0,10,5,-999,-999,-999,CN,2.7,-999,DMA,42.48533333,-999,1.573530864,-999,-999,-999,NA,LT,0,0
Q034,Qinghai_Tibean_Plateau,CHINA,Q034,2013-08-01,NAnjingUniversity,Yanxu Zhang,zhangyx@nju.edu.cn,Gu_2020,34.14405833,99.30181389,NA,NA,Alpinemeadow,10,20,15,-999,-999,-999,CN,2.7,-999,DMA,26.8884,-999,0.995866667,-999,-999,-999,NA,LT,0,0
Q034,Qinghai_Tibean_Plateau,CHINA,Q034,2013-08-01,NAnjingUniversity,Yanxu Zhang,zhangyx@nju.edu.cn,Gu_2020,34.14405833,99.30181389,NA,NA,Alpinemeadow,50,70,60,-999,-999,-999,CN,1.8,-999,DMA,12.45193333,-999,0.691774074,-999,-999,-999,NA,LT,0,0
Q034,Qinghai_Tibean_Plateau,CHINA,Q034,2013-08-01,NAnjingUniversity,Yanxu Zhang,zhangyx@nju.edu.cn,Gu_2020,34.14405833,99.30181389,NA,NA,Alpinemeadow,150,200,175,-999,-999,-999,CN,1.3,-999,DMA,13.77733333,-999,1.059794872,-999,-999,-999,NA,LT,0,0
Q034,Qinghai_Tibean_Plateau,CHINA,Q034,2013-08-01,NAnjingUniversity,Yanxu Zhang,zhangyx@nju.edu.cn,Gu_2020,34.14405833,99.30181389,NA,NA,Alpinemeadow,250,300,275,-999,-999,-999,CN,1.1,-999,DMA,14.97163333,-999,1.361057576,-999,-999,-999,NA,LT,0,0
Q055,Qinghai_Tibean_Plateau,CHINA,Q055,2013-08-01,NAnjingUniversity,Yanxu Zhang,zhangyx@nju.edu.cn,Gu_2020,34.15229722,95.90533333,NA,NA,Alpinemeadow,0,10,5,-999,-999,-999,CN,2.7,-999,DMA,15.2022,-999,0.563044444,-999,-999,-999,NA,LT,0,0
Q055,Qinghai_Tibean_Plateau,CHINA,Q055,2013-08-01,NAnjingUniversity,Yanxu Zhang,zhangyx@nju.edu.cn,Gu_2020,34.15229722,95.90533333,NA,NA,Alpinemeadow,10,20,15,-999,-999,-999,CN,2.7,-999,DMA,11.86843333,-999,0.439571605,-999,-999,-999,NA,LT,0,0
Q055,Qinghai_Tibean_Plateau,CHINA,Q055,2013-08-01,NAnjingUniversity,Yanxu Zhang,zhangyx@nju.edu.cn,Gu_2020,34.15229722,95.90533333,NA,NA,Alpinemeadow,50,70,60,-999,-999,-999,CN,1.8,-999,DMA,11.87576667,-999,0.659764815,-999,-999,-999,NA,LT,0,0
Q055,Qinghai_Tibean_Plateau,CHINA,Q055,2013-08-01,NAnjingUniversity,Yanxu Zhang,zhangyx@nju.edu.cn,Gu_2020,34.15229722,95.90533333,NA,NA,Alpinemeadow,150,200,175,-999,-999,-999,CN,1.3,-999,DMA,14.61616667,-999,1.124320513,-999,-999,-999,NA,LT,0,0
Q055,Qinghai_Tibean_Plateau,CHINA,Q055,2013-08-01,NAnjingUniversity,Yanxu Zhang,zhangyx@nju.edu.cn,Gu_2020,34.15229722,95.90533333,NA,NA,Alpinemeadow,250,300,275,-999,-999,-999,CN,1.1,-999,DMA,13.92913333,-999,1.266284848,-999,-999,-999,NA,LT,0,0
Q028,Qinghai_Tibean_Plateau,CHINA,Q028,2013-08-01,NAnjingUniversity,Yanxu Zhang,zhangyx@nju.edu.cn,Gu_2020,34.19744167,100.212425,NA,NA,Alpinemeadow,0,10,5,-999,-999,-999,CN,2.7,-999,DMA,28.56926667,-999,1.058120988,-999,-999,-999,NA,LT,0,0
Q028,Qinghai_Tibean_Plateau,CHINA,Q028,2013-08-01,NAnjingUniversity,Yanxu Zhang,zhangyx@nju.edu.cn,Gu_2020,34.19744167,100.212425,NA,NA,Alpinemeadow,10,20,15,-999,-999,-999,CN,2.7,-999,DMA,20.51426667,-999,0.759787654,-999,-999,-999,NA,LT,0,0
Q028,Qinghai_Tibean_Plateau,CHINA,Q028,2013-08-01,NAnjingUniversity,Yanxu Zhang,zhangyx@nju.edu.cn,Gu_2020,34.19744167,100.212425,NA,NA,Alpinemeadow,50,70,60,-999,-999,-999,CN,1.8,-999,DMA,30.58623333,-999,1.699235185,-999,-999,-999,NA,LT,0,0
Q028,Qinghai_Tibean_Plateau,CHINA,Q028,2013-08-01,NAnjingUniversity,Yanxu Zhang,zhangyx@nju.edu.cn,Gu_2020,34.19744167,100.212425,NA,NA,Alpinemeadow,150,200,175,-999,-999,-999,CN,1.3,-999,DMA,28.06183333,-999,2.158602564,-999,-999,-999,NA,LT,0,0
Q028,Qinghai_Tibean_Plateau,CHINA,Q028,2013-08-01,NAnjingUniversity,Yanxu Zhang,zhangyx@nju.edu.cn,Gu_2020,34.19744167,100.212425,NA,NA,Alpinemeadow,250,300,275,-999,-999,-999,CN,1.1,-999,DMA,21.51406667,-999,1.955824242,-999,-999,-999,NA,LT,0,0
Q101,Qinghai_Tibean_Plateau,CHINA,Q101,2013-08-01,NAnjingUniversity,Yanxu Zhang,zhangyx@nju.edu.cn,Gu_2020,34.26915278,92.48590833,NA,NA,Alpinesteppe,0,10,5,-999,-999,-999,CN,1.5,-999,DMA,18.5576,-999,1.237173333,-999,-999,-999,NA,LT,0,0
Q101,Qinghai_Tibean_Plateau,CHINA,Q101,2013-08-01,NAnjingUniversity,Yanxu Zhang,zhangyx@nju.edu.cn,Gu_2020,34.26915278,92.48590833,NA,NA,Alpinesteppe,10,20,15,-999,-999,-999,CN,1.5,-999,DMA,20.1338,-999,1.342253333,-999,-999,-999,NA,LT,0,0
Q101,Qinghai_Tibean_Plateau,CHINA,Q101,2013-08-01,NAnjingUniversity,Yanxu Zhang,zhangyx@nju.edu.cn,Gu_2020,34.26915278,92.48590833,NA,NA,Alpinesteppe,50,70,60,-999,-999,-999,CN,1,-999,DMA,16.5836,-999,1.65836,-999,-999,-999,NA,LT,0,0
Q101,Qinghai_Tibean_Plateau,CHINA,Q101,2013-08-01,NAnjingUniversity,Yanxu Zhang,zhangyx@nju.edu.cn,Gu_2020,34.26915278,92.48590833,NA,NA,Alpinesteppe,150,200,175,-999,-999,-999,CN,0.7,-999,DMA,13.87745,-999,1.982492857,-999,-999,-999,NA,LT,0,0
Q101,Qinghai_Tibean_Plateau,CHINA,Q101,2013-08-01,NAnjingUniversity,Yanxu Zhang,zhangyx@nju.edu.cn,Gu_2020,34.26915278,92.48590833,NA,NA,Alpinesteppe,250,300,275,-999,-999,-999,CN,0.6,-999,DMA,19.24475,-999,3.207458333,-999,-999,-999,NA,LT,0,0
Q100,Qinghai_Tibean_Plateau,CHINA,Q100,2013-08-01,NAnjingUniversity,Yanxu Zhang,zhangyx@nju.edu.cn,Gu_2020,34.324825,92.59173889,NA,NA,Alpinesteppe,0,10,5,-999,-999,-999,CN,1.5,-999,DMA,14.28305,-999,0.952203333,-999,-999,-999,NA,LT,0,0
Q100,Qinghai_Tibean_Plateau,CHINA,Q100,2013-08-01,NAnjingUniversity,Yanxu Zhang,zhangyx@nju.edu.cn,Gu_2020,34.324825,92.59173889,NA,NA,Alpinesteppe,10,20,15,-999,-999,-999,CN,1.5,-999,DMA,17.76986667,-999,1.184657778,-999,-999,-999,NA,LT,0,0
Q100,Qinghai_Tibean_Plateau,CHINA,Q100,2013-08-01,NAnjingUniversity,Yanxu Zhang,zhangyx@nju.edu.cn,Gu_2020,34.324825,92.59173889,NA,NA,Alpinesteppe,50,70,60,-999,-999,-999,CN,1,-999,DMA,21.35243333,-999,2.135243333,-999,-999,-999,NA,LT,0,0
Q100,Qinghai_Tibean_Plateau,CHINA,Q100,2013-08-01,NAnjingUniversity,Yanxu Zhang,zhangyx@nju.edu.cn,Gu_2020,34.324825,92.59173889,NA,NA,Alpinesteppe,150,200,175,-999,-999,-999,CN,0.7,-999,DMA,17.1391,-999,2.448442857,-999,-999,-999,NA,LT,0,0
Q100,Qinghai_Tibean_Plateau,CHINA,Q100,2013-08-01,NAnjingUniversity,Yanxu Zhang,zhangyx@nju.edu.cn,Gu_2020,34.324825,92.59173889,NA,NA,Alpinesteppe,250,300,275,-999,-999,-999,CN,0.6,-999,DMA,25.7557,-999,4.292616667,-999,-999,-999,NA,LT,0,0
Q099,Qinghai_Tibean_Plateau,CHINA,Q099,2013-08-01,NAnjingUniversity,Yanxu Zhang,zhangyx@nju.edu.cn,Gu_2020,34.38436667,92.677625,NA,NA,Alpinesteppe,0,10,5,-999,-999,-999,CN,1.5,-999,DMA,25.3613,-999,1.690753333,-999,-999,-999,NA,LT,0,0
Q099,Qinghai_Tibean_Plateau,CHINA,Q099,2013-08-01,NAnjingUniversity,Yanxu Zhang,zhangyx@nju.edu.cn,Gu_2020,34.38436667,92.677625,NA,NA,Alpinesteppe,10,20,15,-999,-999,-999,CN,1.5,-999,DMA,25.6929,-999,1.71286,-999,-999,-999,NA,LT,0,0
Q099,Qinghai_Tibean_Plateau,CHINA,Q099,2013-08-01,NAnjingUniversity,Yanxu Zhang,zhangyx@nju.edu.cn,Gu_2020,34.38436667,92.677625,NA,NA,Alpinesteppe,50,70,60,-999,-999,-999,CN,1,-999,DMA,52.48503333,-999,5.248503333,-999,-999,-999,NA,LT,0,0
Q099,Qinghai_Tibean_Plateau,CHINA,Q099,2013-08-01,NAnjingUniversity,Yanxu Zhang,zhangyx@nju.edu.cn,Gu_2020,34.38436667,92.677625,NA,NA,Alpinesteppe,150,200,175,-999,-999,-999,CN,0.7,-999,DMA,26.00763333,-999,3.71537619,-999,-999,-999,NA,LT,0,0
Q099,Qinghai_Tibean_Plateau,CHINA,Q099,2013-08-01,NAnjingUniversity,Yanxu Zhang,zhangyx@nju.edu.cn,Gu_2020,34.38436667,92.677625,NA,NA,Alpinesteppe,250,300,275,-999,-999,-999,CN,0.6,-999,DMA,27.9112,-999,4.651866667,-999,-999,-999,NA,LT,0,0
Q026,Qinghai_Tibean_Plateau,CHINA,Q026,2013-08-01,NAnjingUniversity,Yanxu Zhang,zhangyx@nju.edu.cn,Gu_2020,34.40810833,100.3409833,NA,NA,Alpinemeadow,0,10,5,-999,-999,-999,CN,2.7,-999,DMA,34.88303333,-999,1.291964198,-999,-999,-999,NA,LT,0,0
Q026,Qinghai_Tibean_Plateau,CHINA,Q026,2013-08-01,NAnjingUniversity,Yanxu Zhang,zhangyx@nju.edu.cn,Gu_2020,34.40810833,100.3409833,NA,NA,Alpinemeadow,10,20,15,-999,-999,-999,CN,2.7,-999,DMA,14.53866667,-999,0.538469136,-999,-999,-999,NA,LT,0,0
Q026,Qinghai_Tibean_Plateau,CHINA,Q026,2013-08-01,NAnjingUniversity,Yanxu Zhang,zhangyx@nju.edu.cn,Gu_2020,34.40810833,100.3409833,NA,NA,Alpinemeadow,50,70,60,-999,-999,-999,CN,1.8,-999,DMA,11.5689,-999,0.642716667,-999,-999,-999,NA,LT,0,0
Q026,Qinghai_Tibean_Plateau,CHINA,Q026,2013-08-01,NAnjingUniversity,Yanxu Zhang,zhangyx@nju.edu.cn,Gu_2020,34.40810833,100.3409833,NA,NA,Alpinemeadow,150,200,175,-999,-999,-999,CN,1.3,-999,DMA,18.00866667,-999,1.385282051,-999,-999,-999,NA,LT,0,0
Q026,Qinghai_Tibean_Plateau,CHINA,Q026,2013-08-01,NAnjingUniversity,Yanxu Zhang,zhangyx@nju.edu.cn,Gu_2020,34.40810833,100.3409833,NA,NA,Alpinemeadow,250,300,275,-999,-999,-999,CN,1.1,-999,DMA,12.73226667,-999,1.157478788,-999,-999,-999,NA,LT,0,0
Q027,Qinghai_Tibean_Plateau,CHINA,Q027,2013-08-01,NAnjingUniversity,Yanxu Zhang,zhangyx@nju.edu.cn,Gu_2020,34.41649722,100.3660222,NA,NA,Alpinemeadow,0,10,5,-999,-999,-999,CN,2.7,-999,DMA,15.03306667,-999,0.556780247,-999,-999,-999,NA,LT,0,0
Q027,Qinghai_Tibean_Plateau,CHINA,Q027,2013-08-01,NAnjingUniversity,Yanxu Zhang,zhangyx@nju.edu.cn,Gu_2020,34.41649722,100.3660222,NA,NA,Alpinemeadow,10,20,15,-999,-999,-999,CN,2.7,-999,DMA,13.96743333,-999,0.517312346,-999,-999,-999,NA,LT,0,0
Q027,Qinghai_Tibean_Plateau,CHINA,Q027,2013-08-01,NAnjingUniversity,Yanxu Zhang,zhangyx@nju.edu.cn,Gu_2020,34.41649722,100.3660222,NA,NA,Alpinemeadow,50,70,60,-999,-999,-999,CN,1.8,-999,DMA,19.4769,-999,1.08205,-999,-999,-999,NA,LT,0,0
Q027,Qinghai_Tibean_Plateau,CHINA,Q027,2013-08-01,NAnjingUniversity,Yanxu Zhang,zhangyx@nju.edu.cn,Gu_2020,34.41649722,100.3660222,NA,NA,Alpinemeadow,150,200,175,-999,-999,-999,CN,1.3,-999,DMA,17.24263333,-999,1.32635641,-999,-999,-999,NA,LT,0,0
Q027,Qinghai_Tibean_Plateau,CHINA,Q027,2013-08-01,NAnjingUniversity,Yanxu Zhang,zhangyx@nju.edu.cn,Gu_2020,34.41649722,100.3660222,NA,NA,Alpinemeadow,250,300,275,-999,-999,-999,CN,1.1,-999,DMA,22.5067,-999,2.046063636,-999,-999,-999,NA,LT,0,0
Q024,Qinghai_Tibean_Plateau,CHINA,Q024,2013-08-01,NAnjingUniversity,Yanxu Zhang,zhangyx@nju.edu.cn,Gu_2020,34.51581944,100.0809306,NA,NA,Alpinemeadow,0,10,5,-999,-999,-999,CN,2.7,-999,DMA,33.6585,-999,1.246611111,-999,-999,-999,NA,LT,0,0
Q024,Qinghai_Tibean_Plateau,CHINA,Q024,2013-08-01,NAnjingUniversity,Yanxu Zhang,zhangyx@nju.edu.cn,Gu_2020,34.51581944,100.0809306,NA,NA,Alpinemeadow,10,20,15,-999,-999,-999,CN,2.7,-999,DMA,19.57113333,-999,0.72485679,-999,-999,-999,NA,LT,0,0
Q024,Qinghai_Tibean_Plateau,CHINA,Q024,2013-08-01,NAnjingUniversity,Yanxu Zhang,zhangyx@nju.edu.cn,Gu_2020,34.51581944,100.0809306,NA,NA,Alpinemeadow,50,70,60,-999,-999,-999,CN,1.8,-999,DMA,17.15573333,-999,0.953096296,-999,-999,-999,NA,LT,0,0
Q024,Qinghai_Tibean_Plateau,CHINA,Q024,2013-08-01,NAnjingUniversity,Yanxu Zhang,zhangyx@nju.edu.cn,Gu_2020,34.51581944,100.0809306,NA,NA,Alpinemeadow,150,200,175,-999,-999,-999,CN,1.3,-999,DMA,14.91363333,-999,1.147202564,-999,-999,-999,NA,LT,0,0
Q024,Qinghai_Tibean_Plateau,CHINA,Q024,2013-08-01,NAnjingUniversity,Yanxu Zhang,zhangyx@nju.edu.cn,Gu_2020,34.51581944,100.0809306,NA,NA,Alpinemeadow,250,300,275,-999,-999,-999,CN,1.1,-999,DMA,12.3141,-999,1.119463636,-999,-999,-999,NA,LT,0,0
Q025,Qinghai_Tibean_Plateau,CHINA,Q025,2013-08-01,NAnjingUniversity,Yanxu Zhang,zhangyx@nju.edu.cn,Gu_2020,34.51990833,100.2198889,NA,NA,Alpinemeadow,0,10,5,-999,-999,-999,CN,2.7,-999,DMA,22.33676667,-999,0.827287654,-999,-999,-999,NA,LT,0,0
Q025,Qinghai_Tibean_Plateau,CHINA,Q025,2013-08-01,NAnjingUniversity,Yanxu Zhang,zhangyx@nju.edu.cn,Gu_2020,34.51990833,100.2198889,NA,NA,Alpinemeadow,10,20,15,-999,-999,-999,CN,2.7,-999,DMA,19.3121,-999,0.715262963,-999,-999,-999,NA,LT,0,0
Q025,Qinghai_Tibean_Plateau,CHINA,Q025,2013-08-01,NAnjingUniversity,Yanxu Zhang,zhangyx@nju.edu.cn,Gu_2020,34.51990833,100.2198889,NA,NA,Alpinemeadow,50,70,60,-999,-999,-999,CN,1.8,-999,DMA,11.875,-999,0.659722222,-999,-999,-999,NA,LT,0,0
Q025,Qinghai_Tibean_Plateau,CHINA,Q025,2013-08-01,NAnjingUniversity,Yanxu Zhang,zhangyx@nju.edu.cn,Gu_2020,34.51990833,100.2198889,NA,NA,Alpinemeadow,150,200,175,-999,-999,-999,CN,1.3,-999,DMA,NA,-999,-999,-999,-999,-999,NA,LT,1,1
Q025,Qinghai_Tibean_Plateau,CHINA,Q025,2013-08-01,NAnjingUniversity,Yanxu Zhang,zhangyx@nju.edu.cn,Gu_2020,34.51990833,100.2198889,NA,NA,Alpinemeadow,250,300,275,-999,-999,-999,CN,1.1,-999,DMA,NA,-999,-999,-999,-999,-999,NA,LT,1,1
Q023,Qinghai_Tibean_Plateau,CHINA,Q023,2013-08-01,NAnjingUniversity,Yanxu Zhang,zhangyx@nju.edu.cn,Gu_2020,34.53625278,99.96843333,NA,NA,Alpinemeadow,0,10,5,-999,-999,-999,CN,2.7,-999,DMA,26.13063333,-999,0.967801235,-999,-999,-999,NA,LT,0,0
Q023,Qinghai_Tibean_Plateau,CHINA,Q023,2013-08-01,NAnjingUniversity,Yanxu Zhang,zhangyx@nju.edu.cn,Gu_2020,34.53625278,99.96843333,NA,NA,Alpinemeadow,10,20,15,-999,-999,-999,CN,2.7,-999,DMA,21.06873333,-999,0.780323457,-999,-999,-999,NA,LT,0,0
Q023,Qinghai_Tibean_Plateau,CHINA,Q023,2013-08-01,NAnjingUniversity,Yanxu Zhang,zhangyx@nju.edu.cn,Gu_2020,34.53625278,99.96843333,NA,NA,Alpinemeadow,50,70,60,-999,-999,-999,CN,1.8,-999,DMA,35.31583333,-999,1.961990741,-999,-999,-999,NA,LT,0,0
Q023,Qinghai_Tibean_Plateau,CHINA,Q023,2013-08-01,NAnjingUniversity,Yanxu Zhang,zhangyx@nju.edu.cn,Gu_2020,34.53625278,99.96843333,NA,NA,Alpinemeadow,150,200,175,-999,-999,-999,CN,1.3,-999,DMA,NA,-999,-999,-999,-999,-999,NA,LT,1,1
Q023,Qinghai_Tibean_Plateau,CHINA,Q023,2013-08-01,NAnjingUniversity,Yanxu Zhang,zhangyx@nju.edu.cn,Gu_2020,34.53625278,99.96843333,NA,NA,Alpinemeadow,250,300,275,-999,-999,-999,CN,1.1,-999,DMA,NA,-999,-999,-999,-999,-999,NA,LT,1,1
Q035,Qinghai_Tibean_Plateau,CHINA,Q035,2013-08-01,NAnjingUniversity,Yanxu Zhang,zhangyx@nju.edu.cn,Gu_2020,34.56560556,99.14316667,NA,NA,Alpinemeadow,0,10,5,-999,-999,-999,CN,2.7,-999,DMA,40.55482222,-999,1.502030453,-999,-999,-999,NA,LT,0,0
Q035,Qinghai_Tibean_Plateau,CHINA,Q035,2013-08-01,NAnjingUniversity,Yanxu Zhang,zhangyx@nju.edu.cn,Gu_2020,34.56560556,99.14316667,NA,NA,Alpinemeadow,10,20,15,-999,-999,-999,CN,2.7,-999,DMA,11.88601111,-999,0.440222634,-999,-999,-999,NA,LT,0,0
Q035,Qinghai_Tibean_Plateau,CHINA,Q035,2013-08-01,NAnjingUniversity,Yanxu Zhang,zhangyx@nju.edu.cn,Gu_2020,34.56560556,99.14316667,NA,NA,Alpinemeadow,50,70,60,-999,-999,-999,CN,1.8,-999,DMA,9.460833333,-999,0.525601852,-999,-999,-999,NA,LT,0,0
Q035,Qinghai_Tibean_Plateau,CHINA,Q035,2013-08-01,NAnjingUniversity,Yanxu Zhang,zhangyx@nju.edu.cn,Gu_2020,34.56560556,99.14316667,NA,NA,Alpinemeadow,150,200,175,-999,-999,-999,CN,1.3,-999,DMA,16.52495556,-999,1.271150427,-999,-999,-999,NA,LT,0,0
Q035,Qinghai_Tibean_Plateau,CHINA,Q035,2013-08-01,NAnjingUniversity,Yanxu Zhang,zhangyx@nju.edu.cn,Gu_2020,34.56560556,99.14316667,NA,NA,Alpinemeadow,250,300,275,-999,-999,-999,CN,1.1,-999,DMA,11.76762222,-999,1.069783838,-999,-999,-999,NA,LT,0,0
Q098,Qinghai_Tibean_Plateau,CHINA,Q098,2013-08-01,NAnjingUniversity,Yanxu Zhang,zhangyx@nju.edu.cn,Gu_2020,34.590975,92.74906667,NA,NA,Alpinesteppe,0,10,5,-999,-999,-999,CN,1.5,-999,DMA,13.56396667,-999,0.904264444,-999,-999,-999,NA,LT,0,0
Q098,Qinghai_Tibean_Plateau,CHINA,Q098,2013-08-01,NAnjingUniversity,Yanxu Zhang,zhangyx@nju.edu.cn,Gu_2020,34.590975,92.74906667,NA,NA,Alpinesteppe,10,20,15,-999,-999,-999,CN,1.5,-999,DMA,15.18166667,-999,1.012111111,-999,-999,-999,NA,LT,0,0
Q098,Qinghai_Tibean_Plateau,CHINA,Q098,2013-08-01,NAnjingUniversity,Yanxu Zhang,zhangyx@nju.edu.cn,Gu_2020,34.590975,92.74906667,NA,NA,Alpinesteppe,50,70,60,-999,-999,-999,CN,1,-999,DMA,7.9559,-999,0.79559,-999,-999,-999,NA,LT,0,0
Q098,Qinghai_Tibean_Plateau,CHINA,Q098,2013-08-01,NAnjingUniversity,Yanxu Zhang,zhangyx@nju.edu.cn,Gu_2020,34.590975,92.74906667,NA,NA,Alpinesteppe,150,200,175,-999,-999,-999,CN,0.7,-999,DMA,6.530433333,-999,0.932919048,-999,-999,-999,NA,LT,0,0
Q098,Qinghai_Tibean_Plateau,CHINA,Q098,2013-08-01,NAnjingUniversity,Yanxu Zhang,zhangyx@nju.edu.cn,Gu_2020,34.590975,92.74906667,NA,NA,Alpinesteppe,250,300,275,-999,-999,-999,CN,0.6,-999,DMA,7.136333333,-999,1.189388889,-999,-999,-999,NA,LT,0,0
Q022,Qinghai_Tibean_Plateau,CHINA,Q022,2013-08-01,NAnjingUniversity,Yanxu Zhang,zhangyx@nju.edu.cn,Gu_2020,34.68807222,100.6882333,NA,NA,Alpinemeadow,0,10,5,-999,-999,-999,CN,2.7,-999,DMA,20.87426667,-999,0.773120988,-999,-999,-999,NA,LT,0,0
Q022,Qinghai_Tibean_Plateau,CHINA,Q022,2013-08-01,NAnjingUniversity,Yanxu Zhang,zhangyx@nju.edu.cn,Gu_2020,34.68807222,100.6882333,NA,NA,Alpinemeadow,10,20,15,-999,-999,-999,CN,2.7,-999,DMA,14.3713,-999,0.53227037,-999,-999,-999,NA,LT,0,0
Q022,Qinghai_Tibean_Plateau,CHINA,Q022,2013-08-01,NAnjingUniversity,Yanxu Zhang,zhangyx@nju.edu.cn,Gu_2020,34.68807222,100.6882333,NA,NA,Alpinemeadow,50,70,60,-999,-999,-999,CN,1.8,-999,DMA,13.5883,-999,0.754905556,-999,-999,-999,NA,LT,0,0
Q022,Qinghai_Tibean_Plateau,CHINA,Q022,2013-08-01,NAnjingUniversity,Yanxu Zhang,zhangyx@nju.edu.cn,Gu_2020,34.68807222,100.6882333,NA,NA,Alpinemeadow,150,200,175,-999,-999,-999,CN,1.3,-999,DMA,9.572933333,-999,0.736379487,-999,-999,-999,NA,LT,0,0
Q022,Qinghai_Tibean_Plateau,CHINA,Q022,2013-08-01,NAnjingUniversity,Yanxu Zhang,zhangyx@nju.edu.cn,Gu_2020,34.68807222,100.6882333,NA,NA,Alpinemeadow,250,300,275,-999,-999,-999,CN,1.1,-999,DMA,10.9594,-999,0.996309091,-999,-999,-999,NA,LT,0,0
Q019,Qinghai_Tibean_Plateau,CHINA,Q019,2013-08-01,NAnjingUniversity,Yanxu Zhang,zhangyx@nju.edu.cn,Gu_2020,34.77548611,101.5652556,NA,NA,Alpinemeadow,0,10,5,-999,-999,-999,CN,2.7,-999,DMA,21.0309,-999,0.778922222,-999,-999,-999,NA,LT,0,0
Q019,Qinghai_Tibean_Plateau,CHINA,Q019,2013-08-01,NAnjingUniversity,Yanxu Zhang,zhangyx@nju.edu.cn,Gu_2020,34.77548611,101.5652556,NA,NA,Alpinemeadow,10,20,15,-999,-999,-999,CN,2.7,-999,DMA,15.76283333,-999,0.583808642,-999,-999,-999,NA,LT,0,0
Q019,Qinghai_Tibean_Plateau,CHINA,Q019,2013-08-01,NAnjingUniversity,Yanxu Zhang,zhangyx@nju.edu.cn,Gu_2020,34.77548611,101.5652556,NA,NA,Alpinemeadow,50,70,60,-999,-999,-999,CN,1.8,-999,DMA,22.03273333,-999,1.224040741,-999,-999,-999,NA,LT,0,0
Q019,Qinghai_Tibean_Plateau,CHINA,Q019,2013-08-01,NAnjingUniversity,Yanxu Zhang,zhangyx@nju.edu.cn,Gu_2020,34.77548611,101.5652556,NA,NA,Alpinemeadow,150,200,175,-999,-999,-999,CN,1.3,-999,DMA,20.6493,-999,1.588407692,-999,-999,-999,NA,LT,0,0
Q019,Qinghai_Tibean_Plateau,CHINA,Q019,2013-08-01,NAnjingUniversity,Yanxu Zhang,zhangyx@nju.edu.cn,Gu_2020,34.77548611,101.5652556,NA,NA,Alpinemeadow,250,300,275,-999,-999,-999,CN,1.1,-999,DMA,NA,-999,-999,-999,-999,-999,NA,LT,1,1
Q020,Qinghai_Tibean_Plateau,CHINA,Q020,2013-08-01,NAnjingUniversity,Yanxu Zhang,zhangyx@nju.edu.cn,Gu_2020,34.81767778,101.5398778,NA,NA,Alpinemeadow,0,10,5,-999,-999,-999,CN,2.7,-999,DMA,24.41,-999,0.904074074,-999,-999,-999,NA,LT,0,0
Q020,Qinghai_Tibean_Plateau,CHINA,Q020,2013-08-01,NAnjingUniversity,Yanxu Zhang,zhangyx@nju.edu.cn,Gu_2020,34.81767778,101.5398778,NA,NA,Alpinemeadow,10,20,15,-999,-999,-999,CN,2.7,-999,DMA,20.54206667,-999,0.760817284,-999,-999,-999,NA,LT,0,0
Q020,Qinghai_Tibean_Plateau,CHINA,Q020,2013-08-01,NAnjingUniversity,Yanxu Zhang,zhangyx@nju.edu.cn,Gu_2020,34.81767778,101.5398778,NA,NA,Alpinemeadow,50,70,60,-999,-999,-999,CN,1.8,-999,DMA,16.49106667,-999,0.91617037,-999,-999,-999,NA,LT,0,0
Q020,Qinghai_Tibean_Plateau,CHINA,Q020,2013-08-01,NAnjingUniversity,Yanxu Zhang,zhangyx@nju.edu.cn,Gu_2020,34.81767778,101.5398778,NA,NA,Alpinemeadow,150,200,175,-999,-999,-999,CN,1.3,-999,DMA,8.8473,-999,0.680561538,-999,-999,-999,NA,LT,0,0
Q020,Qinghai_Tibean_Plateau,CHINA,Q020,2013-08-01,NAnjingUniversity,Yanxu Zhang,zhangyx@nju.edu.cn,Gu_2020,34.81767778,101.5398778,NA,NA,Alpinemeadow,250,300,275,-999,-999,-999,CN,1.1,-999,DMA,4.954166667,-999,0.450378788,-999,-999,-999,NA,LT,0,0
Q097,Qinghai_Tibean_Plateau,CHINA,Q097,2013-08-01,NAnjingUniversity,Yanxu Zhang,zhangyx@nju.edu.cn,Gu_2020,34.83605,92.94128889,NA,NA,Alpinesteppe,0,10,5,-999,-999,-999,CN,1.5,-999,DMA,13.21753333,-999,0.881168889,-999,-999,-999,NA,LT,0,0
Q097,Qinghai_Tibean_Plateau,CHINA,Q097,2013-08-01,NAnjingUniversity,Yanxu Zhang,zhangyx@nju.edu.cn,Gu_2020,34.83605,92.94128889,NA,NA,Alpinesteppe,10,20,15,-999,-999,-999,CN,1.5,-999,DMA,9.5257,-999,0.635046667,-999,-999,-999,NA,LT,0,0
Q097,Qinghai_Tibean_Plateau,CHINA,Q097,2013-08-01,NAnjingUniversity,Yanxu Zhang,zhangyx@nju.edu.cn,Gu_2020,34.83605,92.94128889,NA,NA,Alpinesteppe,50,70,60,-999,-999,-999,CN,1,-999,DMA,9.765766667,-999,0.976576667,-999,-999,-999,NA,LT,0,0
Q097,Qinghai_Tibean_Plateau,CHINA,Q097,2013-08-01,NAnjingUniversity,Yanxu Zhang,zhangyx@nju.edu.cn,Gu_2020,34.83605,92.94128889,NA,NA,Alpinesteppe,150,200,175,-999,-999,-999,CN,0.7,-999,DMA,7.0729,-999,1.010414286,-999,-999,-999,NA,LT,0,0
Q097,Qinghai_Tibean_Plateau,CHINA,Q097,2013-08-01,NAnjingUniversity,Yanxu Zhang,zhangyx@nju.edu.cn,Gu_2020,34.83605,92.94128889,NA,NA,Alpinesteppe,250,300,275,-999,-999,-999,CN,0.6,-999,DMA,4.7627,-999,0.793783333,-999,-999,-999,NA,LT,0,0
Q060,Qinghai_Tibean_Plateau,CHINA,Q060,2013-08-01,NAnjingUniversity,Yanxu Zhang,zhangyx@nju.edu.cn,Gu_2020,34.8515,98.45183333,NA,NA,Alpinemeadow,0,10,5,-999,-999,-999,CN,2.7,-999,DMA,9.474133333,-999,0.350893827,-999,-999,-999,NA,LT,0,0
Q060,Qinghai_Tibean_Plateau,CHINA,Q060,2013-08-01,NAnjingUniversity,Yanxu Zhang,zhangyx@nju.edu.cn,Gu_2020,34.8515,98.45183333,NA,NA,Alpinemeadow,10,20,15,-999,-999,-999,CN,2.7,-999,DMA,11.92186667,-999,0.441550617,-999,-999,-999,NA,LT,0,0
Q060,Qinghai_Tibean_Plateau,CHINA,Q060,2013-08-01,NAnjingUniversity,Yanxu Zhang,zhangyx@nju.edu.cn,Gu_2020,34.8515,98.45183333,NA,NA,Alpinemeadow,50,70,60,-999,-999,-999,CN,1.8,-999,DMA,33.41716667,-999,1.856509259,-999,-999,-999,NA,LT,0,0
Q060,Qinghai_Tibean_Plateau,CHINA,Q060,2013-08-01,NAnjingUniversity,Yanxu Zhang,zhangyx@nju.edu.cn,Gu_2020,34.8515,98.45183333,NA,NA,Alpinemeadow,150,200,175,-999,-999,-999,CN,1.3,-999,DMA,36.5802,-999,2.813861538,-999,-999,-999,NA,LT,0,0
Q060,Qinghai_Tibean_Plateau,CHINA,Q060,2013-08-01,NAnjingUniversity,Yanxu Zhang,zhangyx@nju.edu.cn,Gu_2020,34.8515,98.45183333,NA,NA,Alpinemeadow,250,300,275,-999,-999,-999,CN,1.1,-999,DMA,NA,-999,-999,-999,-999,-999,NA,LT,1,1
Q016,Qinghai_Tibean_Plateau,CHINA,Q016,2013-08-01,NAnjingUniversity,Yanxu Zhang,zhangyx@nju.edu.cn,Gu_2020,34.85683333,100.8231667,NA,NA,Alpinemeadow,0,10,5,-999,-999,-999,CN,2.7,-999,DMA,18.28285,-999,0.677142593,-999,-999,-999,NA,LT,0,0
Q016,Qinghai_Tibean_Plateau,CHINA,Q016,2013-08-01,NAnjingUniversity,Yanxu Zhang,zhangyx@nju.edu.cn,Gu_2020,34.85683333,100.8231667,NA,NA,Alpinemeadow,10,20,15,-999,-999,-999,CN,2.7,-999,DMA,17.2299,-999,0.638144444,-999,-999,-999,NA,LT,0,0
Q016,Qinghai_Tibean_Plateau,CHINA,Q016,2013-08-01,NAnjingUniversity,Yanxu Zhang,zhangyx@nju.edu.cn,Gu_2020,34.85683333,100.8231667,NA,NA,Alpinemeadow,50,70,60,-999,-999,-999,CN,1.8,-999,DMA,15.38266667,-999,0.854592593,-999,-999,-999,NA,LT,0,0
Q016,Qinghai_Tibean_Plateau,CHINA,Q016,2013-08-01,NAnjingUniversity,Yanxu Zhang,zhangyx@nju.edu.cn,Gu_2020,34.85683333,100.8231667,NA,NA,Alpinemeadow,150,200,175,-999,-999,-999,CN,1.3,-999,DMA,9.1103,-999,0.700792308,-999,-999,-999,NA,LT,0,0
Q016,Qinghai_Tibean_Plateau,CHINA,Q016,2013-08-01,NAnjingUniversity,Yanxu Zhang,zhangyx@nju.edu.cn,Gu_2020,34.85683333,100.8231667,NA,NA,Alpinemeadow,250,300,275,-999,-999,-999,CN,1.1,-999,DMA,12.77806667,-999,1.161642424,-999,-999,-999,NA,LT,0,0
Q059,Qinghai_Tibean_Plateau,CHINA,Q059,2013-08-01,NAnjingUniversity,Yanxu Zhang,zhangyx@nju.edu.cn,Gu_2020,34.87516667,98.252,NA,NA,Alpinemeadow,0,10,5,-999,-999,-999,CN,2.7,-999,DMA,11.87304444,-999,0.439742387,-999,-999,-999,NA,LT,0,0
Q059,Qinghai_Tibean_Plateau,CHINA,Q059,2013-08-01,NAnjingUniversity,Yanxu Zhang,zhangyx@nju.edu.cn,Gu_2020,34.87516667,98.252,NA,NA,Alpinemeadow,10,20,15,-999,-999,-999,CN,2.7,-999,DMA,14.72638889,-999,0.545421811,-999,-999,-999,NA,LT,0,0
Q059,Qinghai_Tibean_Plateau,CHINA,Q059,2013-08-01,NAnjingUniversity,Yanxu Zhang,zhangyx@nju.edu.cn,Gu_2020,34.87516667,98.252,NA,NA,Alpinemeadow,50,70,60,-999,-999,-999,CN,1.8,-999,DMA,22.24175556,-999,1.235653086,-999,-999,-999,NA,LT,0,0
Q059,Qinghai_Tibean_Plateau,CHINA,Q059,2013-08-01,NAnjingUniversity,Yanxu Zhang,zhangyx@nju.edu.cn,Gu_2020,34.87516667,98.252,NA,NA,Alpinemeadow,150,200,175,-999,-999,-999,CN,1.3,-999,DMA,23.64214444,-999,1.818626496,-999,-999,-999,NA,LT,0,0
Q059,Qinghai_Tibean_Plateau,CHINA,Q059,2013-08-01,NAnjingUniversity,Yanxu Zhang,zhangyx@nju.edu.cn,Gu_2020,34.87516667,98.252,NA,NA,Alpinemeadow,250,300,275,-999,-999,-999,CN,1.1,-999,DMA,30.14173333,-999,2.740157576,-999,-999,-999,NA,LT,0,0
Q038,Qinghai_Tibean_Plateau,CHINA,Q038,2013-08-01,NAnjingUniversity,Yanxu Zhang,zhangyx@nju.edu.cn,Gu_2020,34.90137778,98.20826667,NA,NA,Alpinemeadow,0,10,5,-999,-999,-999,CN,2.7,-999,DMA,10.70306667,-999,0.396409877,-999,-999,-999,NA,LT,0,0
Q038,Qinghai_Tibean_Plateau,CHINA,Q038,2013-08-01,NAnjingUniversity,Yanxu Zhang,zhangyx@nju.edu.cn,Gu_2020,34.90137778,98.20826667,NA,NA,Alpinemeadow,10,20,15,-999,-999,-999,CN,2.7,-999,DMA,10.4416,-999,0.386725926,-999,-999,-999,NA,LT,0,0
Q038,Qinghai_Tibean_Plateau,CHINA,Q038,2013-08-01,NAnjingUniversity,Yanxu Zhang,zhangyx@nju.edu.cn,Gu_2020,34.90137778,98.20826667,NA,NA,Alpinemeadow,50,70,60,-999,-999,-999,CN,1.8,-999,DMA,9.1074,-999,0.505966667,-999,-999,-999,NA,LT,0,0
Q038,Qinghai_Tibean_Plateau,CHINA,Q038,2013-08-01,NAnjingUniversity,Yanxu Zhang,zhangyx@nju.edu.cn,Gu_2020,34.90137778,98.20826667,NA,NA,Alpinemeadow,150,200,175,-999,-999,-999,CN,1.3,-999,DMA,29.67185,-999,2.28245,-999,-999,-999,NA,LT,0,0
Q038,Qinghai_Tibean_Plateau,CHINA,Q038,2013-08-01,NAnjingUniversity,Yanxu Zhang,zhangyx@nju.edu.cn,Gu_2020,34.90137778,98.20826667,NA,NA,Alpinemeadow,250,300,275,-999,-999,-999,CN,1.1,-999,DMA,81.9348,-999,7.448618182,-999,-999,-999,NA,LT,0,0
Q021,Qinghai_Tibean_Plateau,CHINA,Q021,2013-08-01,NAnjingUniversity,Yanxu Zhang,zhangyx@nju.edu.cn,Gu_2020,34.90813611,101.5282083,NA,NA,Alpinemeadow,0,10,5,-999,-999,-999,CN,2.7,-999,DMA,18.8783,-999,0.699196296,-999,-999,-999,NA,LT,0,0
Q021,Qinghai_Tibean_Plateau,CHINA,Q021,2013-08-01,NAnjingUniversity,Yanxu Zhang,zhangyx@nju.edu.cn,Gu_2020,34.90813611,101.5282083,NA,NA,Alpinemeadow,10,20,15,-999,-999,-999,CN,2.7,-999,DMA,13.0116,-999,0.481911111,-999,-999,-999,NA,LT,0,0
Q021,Qinghai_Tibean_Plateau,CHINA,Q021,2013-08-01,NAnjingUniversity,Yanxu Zhang,zhangyx@nju.edu.cn,Gu_2020,34.90813611,101.5282083,NA,NA,Alpinemeadow,50,70,60,-999,-999,-999,CN,1.8,-999,DMA,8.918966667,-999,0.495498148,-999,-999,-999,NA,LT,0,0
Q021,Qinghai_Tibean_Plateau,CHINA,Q021,2013-08-01,NAnjingUniversity,Yanxu Zhang,zhangyx@nju.edu.cn,Gu_2020,34.90813611,101.5282083,NA,NA,Alpinemeadow,150,200,175,-999,-999,-999,CN,1.3,-999,DMA,7.898733333,-999,0.607594872,-999,-999,-999,NA,LT,0,0
Q021,Qinghai_Tibean_Plateau,CHINA,Q021,2013-08-01,NAnjingUniversity,Yanxu Zhang,zhangyx@nju.edu.cn,Gu_2020,34.90813611,101.5282083,NA,NA,Alpinemeadow,250,300,275,-999,-999,-999,CN,1.1,-999,DMA,7.695633333,-999,0.69960303,-999,-999,-999,NA,LT,0,0
Q036,Qinghai_Tibean_Plateau,CHINA,Q036,2013-08-01,NAnjingUniversity,Yanxu Zhang,zhangyx@nju.edu.cn,Gu_2020,34.92991111,98.140025,NA,NA,Alpinemeadow,0,10,5,-999,-999,-999,CN,2.7,-999,DMA,12.90293333,-999,0.47788642,-999,-999,-999,NA,LT,0,0
Q036,Qinghai_Tibean_Plateau,CHINA,Q036,2013-08-01,NAnjingUniversity,Yanxu Zhang,zhangyx@nju.edu.cn,Gu_2020,34.92991111,98.140025,NA,NA,Alpinemeadow,10,20,15,-999,-999,-999,CN,2.7,-999,DMA,10.47003333,-999,0.387779012,-999,-999,-999,NA,LT,0,0
Q036,Qinghai_Tibean_Plateau,CHINA,Q036,2013-08-01,NAnjingUniversity,Yanxu Zhang,zhangyx@nju.edu.cn,Gu_2020,34.92991111,98.140025,NA,NA,Alpinemeadow,50,70,60,-999,-999,-999,CN,1.8,-999,DMA,15.11843333,-999,0.839912963,-999,-999,-999,NA,LT,0,0
Q036,Qinghai_Tibean_Plateau,CHINA,Q036,2013-08-01,NAnjingUniversity,Yanxu Zhang,zhangyx@nju.edu.cn,Gu_2020,34.92991111,98.140025,NA,NA,Alpinemeadow,150,200,175,-999,-999,-999,CN,1.3,-999,DMA,16.76116667,-999,1.289320513,-999,-999,-999,NA,LT,0,0
Q036,Qinghai_Tibean_Plateau,CHINA,Q036,2013-08-01,NAnjingUniversity,Yanxu Zhang,zhangyx@nju.edu.cn,Gu_2020,34.92991111,98.140025,NA,NA,Alpinemeadow,250,300,275,-999,-999,-999,CN,1.1,-999,DMA,13.784,-999,1.253090909,-999,-999,-999,NA,LT,0,0
Q061,Qinghai_Tibean_Plateau,CHINA,Q061,2013-08-01,NAnjingUniversity,Yanxu Zhang,zhangyx@nju.edu.cn,Gu_2020,34.98581944,98.58302222,NA,NA,Alpinemeadow,0,10,5,-999,-999,-999,CN,2.7,-999,DMA,15.4648,-999,0.57277037,-999,-999,-999,NA,LT,0,0
Q061,Qinghai_Tibean_Plateau,CHINA,Q061,2013-08-01,NAnjingUniversity,Yanxu Zhang,zhangyx@nju.edu.cn,Gu_2020,34.98581944,98.58302222,NA,NA,Alpinemeadow,10,20,15,-999,-999,-999,CN,2.7,-999,DMA,18.6109,-999,0.689292593,-999,-999,-999,NA,LT,0,0
Q061,Qinghai_Tibean_Plateau,CHINA,Q061,2013-08-01,NAnjingUniversity,Yanxu Zhang,zhangyx@nju.edu.cn,Gu_2020,34.98581944,98.58302222,NA,NA,Alpinemeadow,50,70,60,-999,-999,-999,CN,1.8,-999,DMA,39.0431,-999,2.169061111,-999,-999,-999,NA,LT,0,0
Q061,Qinghai_Tibean_Plateau,CHINA,Q061,2013-08-01,NAnjingUniversity,Yanxu Zhang,zhangyx@nju.edu.cn,Gu_2020,34.98581944,98.58302222,NA,NA,Alpinemeadow,150,200,175,-999,-999,-999,CN,1.3,-999,DMA,NA,-999,-999,-999,-999,-999,NA,LT,1,1
Q061,Qinghai_Tibean_Plateau,CHINA,Q061,2013-08-01,NAnjingUniversity,Yanxu Zhang,zhangyx@nju.edu.cn,Gu_2020,34.98581944,98.58302222,NA,NA,Alpinemeadow,250,300,275,-999,-999,-999,CN,1.1,-999,DMA,NA,-999,-999,-999,-999,-999,NA,LT,1,1
Q037,Qinghai_Tibean_Plateau,CHINA,Q037,2013-08-01,NAnjingUniversity,Yanxu Zhang,zhangyx@nju.edu.cn,Gu_2020,35.00998611,98.07009444,NA,NA,Alpinemeadow,0,10,5,-999,-999,-999,CN,2.7,-999,DMA,12.65803333,-999,0.468816049,-999,-999,-999,NA,LT,0,0
Q037,Qinghai_Tibean_Plateau,CHINA,Q037,2013-08-01,NAnjingUniversity,Yanxu Zhang,zhangyx@nju.edu.cn,Gu_2020,35.00998611,98.07009444,NA,NA,Alpinemeadow,10,20,15,-999,-999,-999,CN,2.7,-999,DMA,14.3329,-999,0.530848148,-999,-999,-999,NA,LT,0,0
Q037,Qinghai_Tibean_Plateau,CHINA,Q037,2013-08-01,NAnjingUniversity,Yanxu Zhang,zhangyx@nju.edu.cn,Gu_2020,35.00998611,98.07009444,NA,NA,Alpinemeadow,50,70,60,-999,-999,-999,CN,1.8,-999,DMA,20.238,-999,1.124333333,-999,-999,-999,NA,LT,0,0
Q037,Qinghai_Tibean_Plateau,CHINA,Q037,2013-08-01,NAnjingUniversity,Yanxu Zhang,zhangyx@nju.edu.cn,Gu_2020,35.00998611,98.07009444,NA,NA,Alpinemeadow,150,200,175,-999,-999,-999,CN,1.3,-999,DMA,19.75566667,-999,1.519666667,-999,-999,-999,NA,LT,0,0
Q037,Qinghai_Tibean_Plateau,CHINA,Q037,2013-08-01,NAnjingUniversity,Yanxu Zhang,zhangyx@nju.edu.cn,Gu_2020,35.00998611,98.07009444,NA,NA,Alpinemeadow,250,300,275,-999,-999,-999,CN,1.1,-999,DMA,29.8313,-999,2.711936364,-999,-999,-999,NA,LT,0,0
Q015,Qinghai_Tibean_Plateau,CHINA,Q015,2013-08-01,NAnjingUniversity,Yanxu Zhang,zhangyx@nju.edu.cn,Gu_2020,35.0785,100.7695,NA,NA,Alpinemeadow,0,10,5,-999,-999,-999,CN,2.7,-999,DMA,27.81083333,-999,1.030030864,-999,-999,-999,NA,LT,0,0
Q015,Qinghai_Tibean_Plateau,CHINA,Q015,2013-08-01,NAnjingUniversity,Yanxu Zhang,zhangyx@nju.edu.cn,Gu_2020,35.0785,100.7695,NA,NA,Alpinemeadow,10,20,15,-999,-999,-999,CN,2.7,-999,DMA,24.085,-999,0.892037037,-999,-999,-999,NA,LT,0,0
Q015,Qinghai_Tibean_Plateau,CHINA,Q015,2013-08-01,NAnjingUniversity,Yanxu Zhang,zhangyx@nju.edu.cn,Gu_2020,35.0785,100.7695,NA,NA,Alpinemeadow,50,70,60,-999,-999,-999,CN,1.8,-999,DMA,9.875233333,-999,0.548624074,-999,-999,-999,NA,LT,0,0
Q015,Qinghai_Tibean_Plateau,CHINA,Q015,2013-08-01,NAnjingUniversity,Yanxu Zhang,zhangyx@nju.edu.cn,Gu_2020,35.0785,100.7695,NA,NA,Alpinemeadow,150,200,175,-999,-999,-999,CN,1.3,-999,DMA,12.2438,-999,0.941830769,-999,-999,-999,NA,LT,0,0
Q015,Qinghai_Tibean_Plateau,CHINA,Q015,2013-08-01,NAnjingUniversity,Yanxu Zhang,zhangyx@nju.edu.cn,Gu_2020,35.0785,100.7695,NA,NA,Alpinemeadow,250,300,275,-999,-999,-999,CN,1.1,-999,DMA,12.54036667,-999,1.140033333,-999,-999,-999,NA,LT,0,0
Q062,Qinghai_Tibean_Plateau,CHINA,Q062,2013-08-01,NAnjingUniversity,Yanxu Zhang,zhangyx@nju.edu.cn,Gu_2020,35.10745278,98.83186944,NA,NA,Alpinemeadow,0,10,5,-999,-999,-999,CN,2.7,-999,DMA,14.09433333,-999,0.522012346,-999,-999,-999,NA,LT,0,0
Q062,Qinghai_Tibean_Plateau,CHINA,Q062,2013-08-01,NAnjingUniversity,Yanxu Zhang,zhangyx@nju.edu.cn,Gu_2020,35.10745278,98.83186944,NA,NA,Alpinemeadow,10,20,15,-999,-999,-999,CN,2.7,-999,DMA,12.61235,-999,0.467124074,-999,-999,-999,NA,LT,0,0
Q062,Qinghai_Tibean_Plateau,CHINA,Q062,2013-08-01,NAnjingUniversity,Yanxu Zhang,zhangyx@nju.edu.cn,Gu_2020,35.10745278,98.83186944,NA,NA,Alpinemeadow,50,70,60,-999,-999,-999,CN,1.8,-999,DMA,52.19843333,-999,2.899912963,-999,-999,-999,NA,LT,0,0
Q062,Qinghai_Tibean_Plateau,CHINA,Q062,2013-08-01,NAnjingUniversity,Yanxu Zhang,zhangyx@nju.edu.cn,Gu_2020,35.10745278,98.83186944,NA,NA,Alpinemeadow,150,200,175,-999,-999,-999,CN,1.3,-999,DMA,72.71323333,-999,5.593325641,-999,-999,-999,NA,LT,0,0
Q062,Qinghai_Tibean_Plateau,CHINA,Q062,2013-08-01,NAnjingUniversity,Yanxu Zhang,zhangyx@nju.edu.cn,Gu_2020,35.10745278,98.83186944,NA,NA,Alpinemeadow,250,300,275,-999,-999,-999,CN,1.1,-999,DMA,60.79986667,-999,5.527260606,-999,-999,-999,NA,LT,0,0
Q096,Qinghai_Tibean_Plateau,CHINA,Q096,2013-08-01,NAnjingUniversity,Yanxu Zhang,zhangyx@nju.edu.cn,Gu_2020,35.1771,93.04478889,NA,NA,Alpinesteppe,0,10,5,-999,-999,-999,CN,1.5,-999,DMA,7.337633333,-999,0.489175556,-999,-999,-999,NA,LT,0,0
Q096,Qinghai_Tibean_Plateau,CHINA,Q096,2013-08-01,NAnjingUniversity,Yanxu Zhang,zhangyx@nju.edu.cn,Gu_2020,35.1771,93.04478889,NA,NA,Alpinesteppe,10,20,15,-999,-999,-999,CN,1.5,-999,DMA,8.570066667,-999,0.571337778,-999,-999,-999,NA,LT,0,0
Q096,Qinghai_Tibean_Plateau,CHINA,Q096,2013-08-01,NAnjingUniversity,Yanxu Zhang,zhangyx@nju.edu.cn,Gu_2020,35.1771,93.04478889,NA,NA,Alpinesteppe,50,70,60,-999,-999,-999,CN,1,-999,DMA,17.68603333,-999,1.768603333,-999,-999,-999,NA,LT,0,0
Q096,Qinghai_Tibean_Plateau,CHINA,Q096,2013-08-01,NAnjingUniversity,Yanxu Zhang,zhangyx@nju.edu.cn,Gu_2020,35.1771,93.04478889,NA,NA,Alpinesteppe,150,200,175,-999,-999,-999,CN,0.7,-999,DMA,27.65133333,-999,3.950190476,-999,-999,-999,NA,LT,0,0
Q096,Qinghai_Tibean_Plateau,CHINA,Q096,2013-08-01,NAnjingUniversity,Yanxu Zhang,zhangyx@nju.edu.cn,Gu_2020,35.1771,93.04478889,NA,NA,Alpinesteppe,250,300,275,-999,-999,-999,CN,0.6,-999,DMA,26.04423333,-999,4.340705556,-999,-999,-999,NA,LT,0,0
Q014,Qinghai_Tibean_Plateau,CHINA,Q014,2013-08-01,NAnjingUniversity,Yanxu Zhang,zhangyx@nju.edu.cn,Gu_2020,35.19386944,100.5583472,NA,NA,Alpinemeadow,0,10,5,-999,-999,-999,CN,2.7,-999,DMA,29.57316667,-999,1.095302469,-999,-999,-999,NA,LT,0,0
Q014,Qinghai_Tibean_Plateau,CHINA,Q014,2013-08-01,NAnjingUniversity,Yanxu Zhang,zhangyx@nju.edu.cn,Gu_2020,35.19386944,100.5583472,NA,NA,Alpinemeadow,10,20,15,-999,-999,-999,CN,2.7,-999,DMA,13.64706667,-999,0.505446914,-999,-999,-999,NA,LT,0,0
Q014,Qinghai_Tibean_Plateau,CHINA,Q014,2013-08-01,NAnjingUniversity,Yanxu Zhang,zhangyx@nju.edu.cn,Gu_2020,35.19386944,100.5583472,NA,NA,Alpinemeadow,50,70,60,-999,-999,-999,CN,1.8,-999,DMA,9.8369,-999,0.546494444,-999,-999,-999,NA,LT,0,0
Q014,Qinghai_Tibean_Plateau,CHINA,Q014,2013-08-01,NAnjingUniversity,Yanxu Zhang,zhangyx@nju.edu.cn,Gu_2020,35.19386944,100.5583472,NA,NA,Alpinemeadow,150,200,175,-999,-999,-999,CN,1.3,-999,DMA,20.16406667,-999,1.551082051,-999,-999,-999,NA,LT,0,0
Q014,Qinghai_Tibean_Plateau,CHINA,Q014,2013-08-01,NAnjingUniversity,Yanxu Zhang,zhangyx@nju.edu.cn,Gu_2020,35.19386944,100.5583472,NA,NA,Alpinemeadow,250,300,275,-999,-999,-999,CN,1.1,-999,DMA,12.10586667,-999,1.100533333,-999,-999,-999,NA,LT,0,0
Q017,Qinghai_Tibean_Plateau,CHINA,Q017,2013-08-01,NAnjingUniversity,Yanxu Zhang,zhangyx@nju.edu.cn,Gu_2020,35.21934167,100.8335139,NA,NA,Alpinemeadow,0,10,5,-999,-999,-999,CN,2.7,-999,DMA,51.93846667,-999,1.923646914,-999,-999,-999,NA,LT,0,0
Q017,Qinghai_Tibean_Plateau,CHINA,Q017,2013-08-01,NAnjingUniversity,Yanxu Zhang,zhangyx@nju.edu.cn,Gu_2020,35.21934167,100.8335139,NA,NA,Alpinemeadow,10,20,15,-999,-999,-999,CN,2.7,-999,DMA,13.9704,-999,0.517422222,-999,-999,-999,NA,LT,0,0
Q017,Qinghai_Tibean_Plateau,CHINA,Q017,2013-08-01,NAnjingUniversity,Yanxu Zhang,zhangyx@nju.edu.cn,Gu_2020,35.21934167,100.8335139,NA,NA,Alpinemeadow,50,70,60,-999,-999,-999,CN,1.8,-999,DMA,8.375766667,-999,0.46532037,-999,-999,-999,NA,LT,0,0
Q017,Qinghai_Tibean_Plateau,CHINA,Q017,2013-08-01,NAnjingUniversity,Yanxu Zhang,zhangyx@nju.edu.cn,Gu_2020,35.21934167,100.8335139,NA,NA,Alpinemeadow,150,200,175,-999,-999,-999,CN,1.3,-999,DMA,4.408333333,-999,0.339102564,-999,-999,-999,NA,LT,0,0
Q017,Qinghai_Tibean_Plateau,CHINA,Q017,2013-08-01,NAnjingUniversity,Yanxu Zhang,zhangyx@nju.edu.cn,Gu_2020,35.21934167,100.8335139,NA,NA,Alpinemeadow,250,300,275,-999,-999,-999,CN,1.1,-999,DMA,5.3652,-999,0.487745455,-999,-999,-999,NA,LT,0,0
Q013,Qinghai_Tibean_Plateau,CHINA,Q013,2013-08-01,NAnjingUniversity,Yanxu Zhang,zhangyx@nju.edu.cn,Gu_2020,35.24248333,100.5177,NA,NA,Alpinemeadow,0,10,5,-999,-999,-999,CN,2.7,-999,DMA,25.5247,-999,0.945359259,-999,-999,-999,NA,LT,0,0
Q013,Qinghai_Tibean_Plateau,CHINA,Q013,2013-08-01,NAnjingUniversity,Yanxu Zhang,zhangyx@nju.edu.cn,Gu_2020,35.24248333,100.5177,NA,NA,Alpinemeadow,10,20,15,-999,-999,-999,CN,2.7,-999,DMA,19.1972,-999,0.711007407,-999,-999,-999,NA,LT,0,0
Q013,Qinghai_Tibean_Plateau,CHINA,Q013,2013-08-01,NAnjingUniversity,Yanxu Zhang,zhangyx@nju.edu.cn,Gu_2020,35.24248333,100.5177,NA,NA,Alpinemeadow,50,70,60,-999,-999,-999,CN,1.8,-999,DMA,18.2363,-999,1.013127778,-999,-999,-999,NA,LT,0,0
Q013,Qinghai_Tibean_Plateau,CHINA,Q013,2013-08-01,NAnjingUniversity,Yanxu Zhang,zhangyx@nju.edu.cn,Gu_2020,35.24248333,100.5177,NA,NA,Alpinemeadow,150,200,175,-999,-999,-999,CN,1.3,-999,DMA,10.68866667,-999,0.822205128,-999,-999,-999,NA,LT,0,0
Q013,Qinghai_Tibean_Plateau,CHINA,Q013,2013-08-01,NAnjingUniversity,Yanxu Zhang,zhangyx@nju.edu.cn,Gu_2020,35.24248333,100.5177,NA,NA,Alpinemeadow,250,300,275,-999,-999,-999,CN,1.1,-999,DMA,7.665033333,-999,0.696821212,-999,-999,-999,NA,LT,0,0
Q002,Qinghai_Tibean_Plateau,CHINA,Q002,2013-08-01,NAnjingUniversity,Yanxu Zhang,zhangyx@nju.edu.cn,Gu_2020,35.25328889,100.5804083,NA,NA,Alpinemeadow,0,10,5,-999,-999,-999,CN,2.7,-999,DMA,40.18333333,-999,1.488271605,-999,-999,-999,NA,LT,0,0
Q002,Qinghai_Tibean_Plateau,CHINA,Q002,2013-08-01,NAnjingUniversity,Yanxu Zhang,zhangyx@nju.edu.cn,Gu_2020,35.25328889,100.5804083,NA,NA,Alpinemeadow,10,20,15,-999,-999,-999,CN,2.7,-999,DMA,42.3396,-999,1.568133333,-999,-999,-999,NA,LT,0,0
Q002,Qinghai_Tibean_Plateau,CHINA,Q002,2013-08-01,NAnjingUniversity,Yanxu Zhang,zhangyx@nju.edu.cn,Gu_2020,35.25328889,100.5804083,NA,NA,Alpinemeadow,50,70,60,-999,-999,-999,CN,1.8,-999,DMA,10.941,-999,0.607833333,-999,-999,-999,NA,LT,0,0
Q002,Qinghai_Tibean_Plateau,CHINA,Q002,2013-08-01,NAnjingUniversity,Yanxu Zhang,zhangyx@nju.edu.cn,Gu_2020,35.25328889,100.5804083,NA,NA,Alpinemeadow,150,200,175,-999,-999,-999,CN,1.3,-999,DMA,39.0948,-999,3.007292308,-999,-999,-999,NA,LT,0,0
Q002,Qinghai_Tibean_Plateau,CHINA,Q002,2013-08-01,NAnjingUniversity,Yanxu Zhang,zhangyx@nju.edu.cn,Gu_2020,35.25328889,100.5804083,NA,NA,Alpinemeadow,250,300,275,-999,-999,-999,CN,1.1,-999,DMA,4.1173,-999,0.3743,-999,-999,-999,NA,LT,0,0
Q095,Qinghai_Tibean_Plateau,CHINA,Q095,2013-08-01,NAnjingUniversity,Yanxu Zhang,zhangyx@nju.edu.cn,Gu_2020,35.25470278,93.12466389,NA,NA,Alpinesteppe,0,10,5,-999,-999,-999,CN,1.5,-999,DMA,12.17484444,-999,0.811656296,-999,-999,-999,NA,LT,0,0
Q095,Qinghai_Tibean_Plateau,CHINA,Q095,2013-08-01,NAnjingUniversity,Yanxu Zhang,zhangyx@nju.edu.cn,Gu_2020,35.25470278,93.12466389,NA,NA,Alpinesteppe,10,20,15,-999,-999,-999,CN,1.5,-999,DMA,9.756588889,-999,0.650439259,-999,-999,-999,NA,LT,0,0
Q095,Qinghai_Tibean_Plateau,CHINA,Q095,2013-08-01,NAnjingUniversity,Yanxu Zhang,zhangyx@nju.edu.cn,Gu_2020,35.25470278,93.12466389,NA,NA,Alpinesteppe,50,70,60,-999,-999,-999,CN,1,-999,DMA,4.121466667,-999,0.412146667,-999,-999,-999,NA,LT,0,0
Q095,Qinghai_Tibean_Plateau,CHINA,Q095,2013-08-01,NAnjingUniversity,Yanxu Zhang,zhangyx@nju.edu.cn,Gu_2020,35.25470278,93.12466389,NA,NA,Alpinesteppe,150,200,175,-999,-999,-999,CN,0.7,-999,DMA,5.795077778,-999,0.827868254,-999,-999,-999,NA,LT,0,0
Q095,Qinghai_Tibean_Plateau,CHINA,Q095,2013-08-01,NAnjingUniversity,Yanxu Zhang,zhangyx@nju.edu.cn,Gu_2020,35.25470278,93.12466389,NA,NA,Alpinesteppe,250,300,275,-999,-999,-999,CN,0.6,-999,DMA,3.683988889,-999,0.613998148,-999,-999,-999,NA,LT,0,0
Q094,Qinghai_Tibean_Plateau,CHINA,Q094,2013-08-01,NAnjingUniversity,Yanxu Zhang,zhangyx@nju.edu.cn,Gu_2020,35.28419722,93.23921667,NA,NA,Alpinesteppe,0,10,5,-999,-999,-999,CN,1.5,-999,DMA,9.5612,-999,0.637413333,-999,-999,-999,NA,LT,0,0
Q094,Qinghai_Tibean_Plateau,CHINA,Q094,2013-08-01,NAnjingUniversity,Yanxu Zhang,zhangyx@nju.edu.cn,Gu_2020,35.28419722,93.23921667,NA,NA,Alpinesteppe,10,20,15,-999,-999,-999,CN,1.5,-999,DMA,6.141266667,-999,0.409417778,-999,-999,-999,NA,LT,0,0
Q094,Qinghai_Tibean_Plateau,CHINA,Q094,2013-08-01,NAnjingUniversity,Yanxu Zhang,zhangyx@nju.edu.cn,Gu_2020,35.28419722,93.23921667,NA,NA,Alpinesteppe,50,70,60,-999,-999,-999,CN,1,-999,DMA,3.549533333,-999,0.354953333,-999,-999,-999,NA,LT,0,0
Q094,Qinghai_Tibean_Plateau,CHINA,Q094,2013-08-01,NAnjingUniversity,Yanxu Zhang,zhangyx@nju.edu.cn,Gu_2020,35.28419722,93.23921667,NA,NA,Alpinesteppe,150,200,175,-999,-999,-999,CN,0.7,-999,DMA,4.101266667,-999,0.585895238,-999,-999,-999,NA,LT,0,0
Q094,Qinghai_Tibean_Plateau,CHINA,Q094,2013-08-01,NAnjingUniversity,Yanxu Zhang,zhangyx@nju.edu.cn,Gu_2020,35.28419722,93.23921667,NA,NA,Alpinesteppe,250,300,275,-999,-999,-999,CN,0.6,-999,DMA,3.463,-999,0.577166667,-999,-999,-999,NA,LT,0,0
Q018,Qinghai_Tibean_Plateau,CHINA,Q018,2013-08-01,NAnjingUniversity,Yanxu Zhang,zhangyx@nju.edu.cn,Gu_2020,35.299375,101.1213528,NA,NA,Alpinemeadow,0,10,5,-999,-999,-999,CN,2.7,-999,DMA,11.02036667,-999,0.408161728,-999,-999,-999,NA,LT,0,0
Q018,Qinghai_Tibean_Plateau,CHINA,Q018,2013-08-01,NAnjingUniversity,Yanxu Zhang,zhangyx@nju.edu.cn,Gu_2020,35.299375,101.1213528,NA,NA,Alpinemeadow,10,20,15,-999,-999,-999,CN,2.7,-999,DMA,8.688,-999,0.321777778,-999,-999,-999,NA,LT,0,0
Q018,Qinghai_Tibean_Plateau,CHINA,Q018,2013-08-01,NAnjingUniversity,Yanxu Zhang,zhangyx@nju.edu.cn,Gu_2020,35.299375,101.1213528,NA,NA,Alpinemeadow,50,70,60,-999,-999,-999,CN,1.8,-999,DMA,5.940066667,-999,0.330003704,-999,-999,-999,NA,LT,0,0
Q018,Qinghai_Tibean_Plateau,CHINA,Q018,2013-08-01,NAnjingUniversity,Yanxu Zhang,zhangyx@nju.edu.cn,Gu_2020,35.299375,101.1213528,NA,NA,Alpinemeadow,150,200,175,-999,-999,-999,CN,1.3,-999,DMA,3.8438,-999,0.295676923,-999,-999,-999,NA,LT,0,0
Q018,Qinghai_Tibean_Plateau,CHINA,Q018,2013-08-01,NAnjingUniversity,Yanxu Zhang,zhangyx@nju.edu.cn,Gu_2020,35.299375,101.1213528,NA,NA,Alpinemeadow,250,300,275,-999,-999,-999,CN,1.1,-999,DMA,4.07605,-999,0.37055,-999,-999,-999,NA,LT,0,0
Q012,Qinghai_Tibean_Plateau,CHINA,Q012,2013-08-01,NAnjingUniversity,Yanxu Zhang,zhangyx@nju.edu.cn,Gu_2020,35.3515,100.9288333,NA,NA,Alpinemeadow,0,10,5,-999,-999,-999,CN,2.7,-999,DMA,10.9901,-999,0.407040741,-999,-999,-999,NA,LT,0,0
Q012,Qinghai_Tibean_Plateau,CHINA,Q012,2013-08-01,NAnjingUniversity,Yanxu Zhang,zhangyx@nju.edu.cn,Gu_2020,35.3515,100.9288333,NA,NA,Alpinemeadow,10,20,15,-999,-999,-999,CN,2.7,-999,DMA,12.41195,-999,0.459701852,-999,-999,-999,NA,LT,0,0
Q012,Qinghai_Tibean_Plateau,CHINA,Q012,2013-08-01,NAnjingUniversity,Yanxu Zhang,zhangyx@nju.edu.cn,Gu_2020,35.3515,100.9288333,NA,NA,Alpinemeadow,50,70,60,-999,-999,-999,CN,1.8,-999,DMA,5.260333333,-999,0.292240741,-999,-999,-999,NA,LT,0,0
Q012,Qinghai_Tibean_Plateau,CHINA,Q012,2013-08-01,NAnjingUniversity,Yanxu Zhang,zhangyx@nju.edu.cn,Gu_2020,35.3515,100.9288333,NA,NA,Alpinemeadow,150,200,175,-999,-999,-999,CN,1.3,-999,DMA,12.2998,-999,0.946138462,-999,-999,-999,NA,LT,0,0
Q012,Qinghai_Tibean_Plateau,CHINA,Q012,2013-08-01,NAnjingUniversity,Yanxu Zhang,zhangyx@nju.edu.cn,Gu_2020,35.3515,100.9288333,NA,NA,Alpinemeadow,250,300,275,-999,-999,-999,CN,1.1,-999,DMA,9.1408,-999,0.830981818,-999,-999,-999,NA,LT,0,0
Q093,Qinghai_Tibean_Plateau,CHINA,Q093,2013-08-01,NAnjingUniversity,Yanxu Zhang,zhangyx@nju.edu.cn,Gu_2020,35.35894444,93.409475,NA,NA,Alpinesteppe,0,10,5,-999,-999,-999,CN,1.5,-999,DMA,10.11146667,-999,0.674097778,-999,-999,-999,NA,LT,0,0
Q093,Qinghai_Tibean_Plateau,CHINA,Q093,2013-08-01,NAnjingUniversity,Yanxu Zhang,zhangyx@nju.edu.cn,Gu_2020,35.35894444,93.409475,NA,NA,Alpinesteppe,10,20,15,-999,-999,-999,CN,1.5,-999,DMA,11.1943,-999,0.746286667,-999,-999,-999,NA,LT,0,0
Q093,Qinghai_Tibean_Plateau,CHINA,Q093,2013-08-01,NAnjingUniversity,Yanxu Zhang,zhangyx@nju.edu.cn,Gu_2020,35.35894444,93.409475,NA,NA,Alpinesteppe,50,70,60,-999,-999,-999,CN,1,-999,DMA,12.8825,-999,1.28825,-999,-999,-999,NA,LT,0,0
Q093,Qinghai_Tibean_Plateau,CHINA,Q093,2013-08-01,NAnjingUniversity,Yanxu Zhang,zhangyx@nju.edu.cn,Gu_2020,35.35894444,93.409475,NA,NA,Alpinesteppe,150,200,175,-999,-999,-999,CN,0.7,-999,DMA,11.41076667,-999,1.630109524,-999,-999,-999,NA,LT,0,0
Q093,Qinghai_Tibean_Plateau,CHINA,Q093,2013-08-01,NAnjingUniversity,Yanxu Zhang,zhangyx@nju.edu.cn,Gu_2020,35.35894444,93.409475,NA,NA,Alpinesteppe,250,300,275,-999,-999,-999,CN,0.6,-999,DMA,12.33086667,-999,2.055144444,-999,-999,-999,NA,LT,0,0
Q063,Qinghai_Tibean_Plateau,CHINA,Q063,2013-08-01,NAnjingUniversity,Yanxu Zhang,zhangyx@nju.edu.cn,Gu_2020,35.36421111,99.18005,NA,NA,Alpinesteppe,0,10,5,-999,-999,-999,CN,1.5,-999,DMA,21.3545,-999,1.423633333,-999,-999,-999,NA,LT,0,0
Q063,Qinghai_Tibean_Plateau,CHINA,Q063,2013-08-01,NAnjingUniversity,Yanxu Zhang,zhangyx@nju.edu.cn,Gu_2020,35.36421111,99.18005,NA,NA,Alpinesteppe,10,20,15,-999,-999,-999,CN,1.5,-999,DMA,16.51796667,-999,1.101197778,-999,-999,-999,NA,LT,0,0
Q063,Qinghai_Tibean_Plateau,CHINA,Q063,2013-08-01,NAnjingUniversity,Yanxu Zhang,zhangyx@nju.edu.cn,Gu_2020,35.36421111,99.18005,NA,NA,Alpinesteppe,50,70,60,-999,-999,-999,CN,1,-999,DMA,21.8783,-999,2.18783,-999,-999,-999,NA,LT,0,0
Q063,Qinghai_Tibean_Plateau,CHINA,Q063,2013-08-01,NAnjingUniversity,Yanxu Zhang,zhangyx@nju.edu.cn,Gu_2020,35.36421111,99.18005,NA,NA,Alpinesteppe,150,200,175,-999,-999,-999,CN,0.7,-999,DMA,29.88346667,-999,4.269066667,-999,-999,-999,NA,LT,0,0
Q063,Qinghai_Tibean_Plateau,CHINA,Q063,2013-08-01,NAnjingUniversity,Yanxu Zhang,zhangyx@nju.edu.cn,Gu_2020,35.36421111,99.18005,NA,NA,Alpinesteppe,250,300,275,-999,-999,-999,CN,0.6,-999,DMA,31.49205,-999,5.248675,-999,-999,-999,NA,LT,0,0
Q064,Qinghai_Tibean_Plateau,CHINA,Q064,2013-08-01,NAnjingUniversity,Yanxu Zhang,zhangyx@nju.edu.cn,Gu_2020,35.42566111,99.38666667,NA,NA,Alpinesteppe,0,10,5,-999,-999,-999,CN,1.5,-999,DMA,20.82586667,-999,1.388391111,-999,-999,-999,NA,LT,0,0
Q064,Qinghai_Tibean_Plateau,CHINA,Q064,2013-08-01,NAnjingUniversity,Yanxu Zhang,zhangyx@nju.edu.cn,Gu_2020,35.42566111,99.38666667,NA,NA,Alpinesteppe,10,20,15,-999,-999,-999,CN,1.5,-999,DMA,23.09183333,-999,1.539455556,-999,-999,-999,NA,LT,0,0
Q064,Qinghai_Tibean_Plateau,CHINA,Q064,2013-08-01,NAnjingUniversity,Yanxu Zhang,zhangyx@nju.edu.cn,Gu_2020,35.42566111,99.38666667,NA,NA,Alpinesteppe,50,70,60,-999,-999,-999,CN,1,-999,DMA,16.70193333,-999,1.670193333,-999,-999,-999,NA,LT,0,0
Q064,Qinghai_Tibean_Plateau,CHINA,Q064,2013-08-01,NAnjingUniversity,Yanxu Zhang,zhangyx@nju.edu.cn,Gu_2020,35.42566111,99.38666667,NA,NA,Alpinesteppe,150,200,175,-999,-999,-999,CN,0.7,-999,DMA,9.629066667,-999,1.375580952,-999,-999,-999,NA,LT,0,0
Q064,Qinghai_Tibean_Plateau,CHINA,Q064,2013-08-01,NAnjingUniversity,Yanxu Zhang,zhangyx@nju.edu.cn,Gu_2020,35.42566111,99.38666667,NA,NA,Alpinesteppe,250,300,275,-999,-999,-999,CN,0.6,-999,DMA,17.5104,-999,2.9184,-999,-999,-999,NA,LT,0,0
Q065,Qinghai_Tibean_Plateau,CHINA,Q065,2013-08-01,NAnjingUniversity,Yanxu Zhang,zhangyx@nju.edu.cn,Gu_2020,35.44136389,99.48161111,NA,NA,Alpinesteppe,0,10,5,-999,-999,-999,CN,1.5,-999,DMA,19.867,-999,1.324466667,-999,-999,-999,NA,LT,0,0
Q065,Qinghai_Tibean_Plateau,CHINA,Q065,2013-08-01,NAnjingUniversity,Yanxu Zhang,zhangyx@nju.edu.cn,Gu_2020,35.44136389,99.48161111,NA,NA,Alpinesteppe,10,20,15,-999,-999,-999,CN,1.5,-999,DMA,19.09066667,-999,1.272711111,-999,-999,-999,NA,LT,0,0
Q065,Qinghai_Tibean_Plateau,CHINA,Q065,2013-08-01,NAnjingUniversity,Yanxu Zhang,zhangyx@nju.edu.cn,Gu_2020,35.44136389,99.48161111,NA,NA,Alpinesteppe,50,70,60,-999,-999,-999,CN,1,-999,DMA,9.47025,-999,0.947025,-999,-999,-999,NA,LT,0,0
Q065,Qinghai_Tibean_Plateau,CHINA,Q065,2013-08-01,NAnjingUniversity,Yanxu Zhang,zhangyx@nju.edu.cn,Gu_2020,35.44136389,99.48161111,NA,NA,Alpinesteppe,150,200,175,-999,-999,-999,CN,0.7,-999,DMA,10.0157,-999,1.430814286,-999,-999,-999,NA,LT,0,0
Q065,Qinghai_Tibean_Plateau,CHINA,Q065,2013-08-01,NAnjingUniversity,Yanxu Zhang,zhangyx@nju.edu.cn,Gu_2020,35.44136389,99.48161111,NA,NA,Alpinesteppe,250,300,275,-999,-999,-999,CN,0.6,-999,DMA,9.867666667,-999,1.644611111,-999,-999,-999,NA,LT,0,0
Q066,Qinghai_Tibean_Plateau,CHINA,Q066,2013-08-01,NAnjingUniversity,Yanxu Zhang,zhangyx@nju.edu.cn,Gu_2020,35.47386944,100.0674944,NA,NA,Alpinesteppe,0,10,5,-999,-999,-999,CN,1.5,-999,DMA,29.37976667,-999,1.958651111,-999,-999,-999,NA,LT,0,0
Q066,Qinghai_Tibean_Plateau,CHINA,Q066,2013-08-01,NAnjingUniversity,Yanxu Zhang,zhangyx@nju.edu.cn,Gu_2020,35.47386944,100.0674944,NA,NA,Alpinesteppe,10,20,15,-999,-999,-999,CN,1.5,-999,DMA,34.0237,-999,2.268246667,-999,-999,-999,NA,LT,0,0
Q066,Qinghai_Tibean_Plateau,CHINA,Q066,2013-08-01,NAnjingUniversity,Yanxu Zhang,zhangyx@nju.edu.cn,Gu_2020,35.47386944,100.0674944,NA,NA,Alpinesteppe,50,70,60,-999,-999,-999,CN,1,-999,DMA,17.287,-999,1.7287,-999,-999,-999,NA,LT,0,0
Q066,Qinghai_Tibean_Plateau,CHINA,Q066,2013-08-01,NAnjingUniversity,Yanxu Zhang,zhangyx@nju.edu.cn,Gu_2020,35.47386944,100.0674944,NA,NA,Alpinesteppe,150,200,175,-999,-999,-999,CN,0.7,-999,DMA,21.99573333,-999,3.142247619,-999,-999,-999,NA,LT,0,0
Q066,Qinghai_Tibean_Plateau,CHINA,Q066,2013-08-01,NAnjingUniversity,Yanxu Zhang,zhangyx@nju.edu.cn,Gu_2020,35.47386944,100.0674944,NA,NA,Alpinesteppe,250,300,275,-999,-999,-999,CN,0.6,-999,DMA,49.60493333,-999,8.267488889,-999,-999,-999,NA,LT,0,0
Q092,Qinghai_Tibean_Plateau,CHINA,Q092,2013-08-01,NAnjingUniversity,Yanxu Zhang,zhangyx@nju.edu.cn,Gu_2020,35.49436389,93.67429444,NA,NA,Alpinesteppe,0,10,5,-999,-999,-999,CN,1.5,-999,DMA,14.69976667,-999,0.979984444,-999,-999,-999,NA,LT,0,0
Q092,Qinghai_Tibean_Plateau,CHINA,Q092,2013-08-01,NAnjingUniversity,Yanxu Zhang,zhangyx@nju.edu.cn,Gu_2020,35.49436389,93.67429444,NA,NA,Alpinesteppe,10,20,15,-999,-999,-999,CN,1.5,-999,DMA,19.79306667,-999,1.319537778,-999,-999,-999,NA,LT,0,0
Q092,Qinghai_Tibean_Plateau,CHINA,Q092,2013-08-01,NAnjingUniversity,Yanxu Zhang,zhangyx@nju.edu.cn,Gu_2020,35.49436389,93.67429444,NA,NA,Alpinesteppe,50,70,60,-999,-999,-999,CN,1,-999,DMA,22.51113333,-999,2.251113333,-999,-999,-999,NA,LT,0,0
Q092,Qinghai_Tibean_Plateau,CHINA,Q092,2013-08-01,NAnjingUniversity,Yanxu Zhang,zhangyx@nju.edu.cn,Gu_2020,35.49436389,93.67429444,NA,NA,Alpinesteppe,150,200,175,-999,-999,-999,CN,0.7,-999,DMA,12.72606667,-999,1.818009524,-999,-999,-999,NA,LT,0,0
Q092,Qinghai_Tibean_Plateau,CHINA,Q092,2013-08-01,NAnjingUniversity,Yanxu Zhang,zhangyx@nju.edu.cn,Gu_2020,35.49436389,93.67429444,NA,NA,Alpinesteppe,250,300,275,-999,-999,-999,CN,0.6,-999,DMA,13.68006667,-999,2.280011111,-999,-999,-999,NA,LT,0,0
Q011,Qinghai_Tibean_Plateau,CHINA,Q011,2013-08-01,NAnjingUniversity,Yanxu Zhang,zhangyx@nju.edu.cn,Gu_2020,35.50166389,101.0630194,NA,NA,Alpinemeadow,0,10,5,-999,-999,-999,CN,2.7,-999,DMA,15.86655,-999,0.58765,-999,-999,-999,NA,LT,0,0
Q011,Qinghai_Tibean_Plateau,CHINA,Q011,2013-08-01,NAnjingUniversity,Yanxu Zhang,zhangyx@nju.edu.cn,Gu_2020,35.50166389,101.0630194,NA,NA,Alpinemeadow,10,20,15,-999,-999,-999,CN,2.7,-999,DMA,11.42956667,-999,0.423317284,-999,-999,-999,NA,LT,0,0
Q011,Qinghai_Tibean_Plateau,CHINA,Q011,2013-08-01,NAnjingUniversity,Yanxu Zhang,zhangyx@nju.edu.cn,Gu_2020,35.50166389,101.0630194,NA,NA,Alpinemeadow,50,70,60,-999,-999,-999,CN,1.8,-999,DMA,13.95933333,-999,0.775518519,-999,-999,-999,NA,LT,0,0
Q011,Qinghai_Tibean_Plateau,CHINA,Q011,2013-08-01,NAnjingUniversity,Yanxu Zhang,zhangyx@nju.edu.cn,Gu_2020,35.50166389,101.0630194,NA,NA,Alpinemeadow,150,200,175,-999,-999,-999,CN,1.3,-999,DMA,3.374766667,-999,0.259597436,-999,-999,-999,NA,LT,0,0
Q011,Qinghai_Tibean_Plateau,CHINA,Q011,2013-08-01,NAnjingUniversity,Yanxu Zhang,zhangyx@nju.edu.cn,Gu_2020,35.50166389,101.0630194,NA,NA,Alpinemeadow,250,300,275,-999,-999,-999,CN,1.1,-999,DMA,4.23,-999,0.384545455,-999,-999,-999,NA,LT,0,0
Q010,Qinghai_Tibean_Plateau,CHINA,Q010,2013-08-01,NAnjingUniversity,Yanxu Zhang,zhangyx@nju.edu.cn,Gu_2020,35.52327222,100.9059583,NA,NA,Alpinemeadow,0,10,5,-999,-999,-999,CN,2.7,-999,DMA,17.02353333,-999,0.630501235,-999,-999,-999,NA,LT,0,0
Q010,Qinghai_Tibean_Plateau,CHINA,Q010,2013-08-01,NAnjingUniversity,Yanxu Zhang,zhangyx@nju.edu.cn,Gu_2020,35.52327222,100.9059583,NA,NA,Alpinemeadow,10,20,15,-999,-999,-999,CN,2.7,-999,DMA,12.69673333,-999,0.470249383,-999,-999,-999,NA,LT,0,0
Q010,Qinghai_Tibean_Plateau,CHINA,Q010,2013-08-01,NAnjingUniversity,Yanxu Zhang,zhangyx@nju.edu.cn,Gu_2020,35.52327222,100.9059583,NA,NA,Alpinemeadow,50,70,60,-999,-999,-999,CN,1.8,-999,DMA,8.726533333,-999,0.484807407,-999,-999,-999,NA,LT,0,0
Q010,Qinghai_Tibean_Plateau,CHINA,Q010,2013-08-01,NAnjingUniversity,Yanxu Zhang,zhangyx@nju.edu.cn,Gu_2020,35.52327222,100.9059583,NA,NA,Alpinemeadow,150,200,175,-999,-999,-999,CN,1.3,-999,DMA,9.6019,-999,0.738607692,-999,-999,-999,NA,LT,0,0
Q010,Qinghai_Tibean_Plateau,CHINA,Q010,2013-08-01,NAnjingUniversity,Yanxu Zhang,zhangyx@nju.edu.cn,Gu_2020,35.52327222,100.9059583,NA,NA,Alpinemeadow,250,300,275,-999,-999,-999,CN,1.1,-999,DMA,7.572633333,-999,0.688421212,-999,-999,-999,NA,LT,0,0
Q008,Qinghai_Tibean_Plateau,CHINA,Q008,2013-08-01,NAnjingUniversity,Yanxu Zhang,zhangyx@nju.edu.cn,Gu_2020,35.55532222,100.6262361,NA,NA,Alpinemeadow,0,10,5,-999,-999,-999,CN,2.7,-999,DMA,31.2514,-999,1.157459259,-999,-999,-999,NA,LT,0,0
Q008,Qinghai_Tibean_Plateau,CHINA,Q008,2013-08-01,NAnjingUniversity,Yanxu Zhang,zhangyx@nju.edu.cn,Gu_2020,35.55532222,100.6262361,NA,NA,Alpinemeadow,10,20,15,-999,-999,-999,CN,2.7,-999,DMA,18.1413,-999,0.6719,-999,-999,-999,NA,LT,0,0
Q008,Qinghai_Tibean_Plateau,CHINA,Q008,2013-08-01,NAnjingUniversity,Yanxu Zhang,zhangyx@nju.edu.cn,Gu_2020,35.55532222,100.6262361,NA,NA,Alpinemeadow,50,70,60,-999,-999,-999,CN,1.8,-999,DMA,9.245866667,-999,0.513659259,-999,-999,-999,NA,LT,0,0
Q008,Qinghai_Tibean_Plateau,CHINA,Q008,2013-08-01,NAnjingUniversity,Yanxu Zhang,zhangyx@nju.edu.cn,Gu_2020,35.55532222,100.6262361,NA,NA,Alpinemeadow,150,200,175,-999,-999,-999,CN,1.3,-999,DMA,20.08685,-999,1.545142308,-999,-999,-999,NA,LT,0,0
Q008,Qinghai_Tibean_Plateau,CHINA,Q008,2013-08-01,NAnjingUniversity,Yanxu Zhang,zhangyx@nju.edu.cn,Gu_2020,35.55532222,100.6262361,NA,NA,Alpinemeadow,250,300,275,-999,-999,-999,CN,1.1,-999,DMA,12.3574,-999,1.1234,-999,-999,-999,NA,LT,0,0
Q009,Qinghai_Tibean_Plateau,CHINA,Q009,2013-08-01,NAnjingUniversity,Yanxu Zhang,zhangyx@nju.edu.cn,Gu_2020,35.56766667,100.492,NA,NA,Alpinemeadow,0,10,5,-999,-999,-999,CN,2.7,-999,DMA,16.0538,-999,0.594585185,-999,-999,-999,NA,LT,0,0
Q009,Qinghai_Tibean_Plateau,CHINA,Q009,2013-08-01,NAnjingUniversity,Yanxu Zhang,zhangyx@nju.edu.cn,Gu_2020,35.56766667,100.492,NA,NA,Alpinemeadow,10,20,15,-999,-999,-999,CN,2.7,-999,DMA,12.05863333,-999,0.446616049,-999,-999,-999,NA,LT,0,0
Q009,Qinghai_Tibean_Plateau,CHINA,Q009,2013-08-01,NAnjingUniversity,Yanxu Zhang,zhangyx@nju.edu.cn,Gu_2020,35.56766667,100.492,NA,NA,Alpinemeadow,50,70,60,-999,-999,-999,CN,1.8,-999,DMA,11.9564,-999,0.664244444,-999,-999,-999,NA,LT,0,0
Q009,Qinghai_Tibean_Plateau,CHINA,Q009,2013-08-01,NAnjingUniversity,Yanxu Zhang,zhangyx@nju.edu.cn,Gu_2020,35.56766667,100.492,NA,NA,Alpinemeadow,150,200,175,-999,-999,-999,CN,1.3,-999,DMA,8.7738,-999,0.674907692,-999,-999,-999,NA,LT,0,0
Q009,Qinghai_Tibean_Plateau,CHINA,Q009,2013-08-01,NAnjingUniversity,Yanxu Zhang,zhangyx@nju.edu.cn,Gu_2020,35.56766667,100.492,NA,NA,Alpinemeadow,250,300,275,-999,-999,-999,CN,1.1,-999,DMA,9.7567,-999,0.886972727,-999,-999,-999,NA,LT,0,0
Q007,Qinghai_Tibean_Plateau,CHINA,Q007,2013-08-01,NAnjingUniversity,Yanxu Zhang,zhangyx@nju.edu.cn,Gu_2020,35.5865,100.7843333,NA,NA,Alpinemeadow,0,10,5,-999,-999,-999,CN,2.7,-999,DMA,48.1411,-999,1.783003704,-999,-999,-999,NA,LT,0,0
Q007,Qinghai_Tibean_Plateau,CHINA,Q007,2013-08-01,NAnjingUniversity,Yanxu Zhang,zhangyx@nju.edu.cn,Gu_2020,35.5865,100.7843333,NA,NA,Alpinemeadow,10,20,15,-999,-999,-999,CN,2.7,-999,DMA,34.28283333,-999,1.269734568,-999,-999,-999,NA,LT,0,0
Q007,Qinghai_Tibean_Plateau,CHINA,Q007,2013-08-01,NAnjingUniversity,Yanxu Zhang,zhangyx@nju.edu.cn,Gu_2020,35.5865,100.7843333,NA,NA,Alpinemeadow,50,70,60,-999,-999,-999,CN,1.8,-999,DMA,11.0436,-999,0.613533333,-999,-999,-999,NA,LT,0,0
Q007,Qinghai_Tibean_Plateau,CHINA,Q007,2013-08-01,NAnjingUniversity,Yanxu Zhang,zhangyx@nju.edu.cn,Gu_2020,35.5865,100.7843333,NA,NA,Alpinemeadow,150,200,175,-999,-999,-999,CN,1.3,-999,DMA,10.13903333,-999,0.779925641,-999,-999,-999,NA,LT,0,0
Q007,Qinghai_Tibean_Plateau,CHINA,Q007,2013-08-01,NAnjingUniversity,Yanxu Zhang,zhangyx@nju.edu.cn,Gu_2020,35.5865,100.7843333,NA,NA,Alpinemeadow,250,300,275,-999,-999,-999,CN,1.1,-999,DMA,10.8518,-999,0.986527273,-999,-999,-999,NA,LT,0,0
Q091,Qinghai_Tibean_Plateau,CHINA,Q091,2013-08-01,NAnjingUniversity,Yanxu Zhang,zhangyx@nju.edu.cn,Gu_2020,35.62508333,94.06583889,NA,NA,Alpinesteppe,0,10,5,-999,-999,-999,CN,1.5,-999,DMA,7.397966667,-999,0.493197778,-999,-999,-999,NA,LT,0,0
Q091,Qinghai_Tibean_Plateau,CHINA,Q091,2013-08-01,NAnjingUniversity,Yanxu Zhang,zhangyx@nju.edu.cn,Gu_2020,35.62508333,94.06583889,NA,NA,Alpinesteppe,10,20,15,-999,-999,-999,CN,1.5,-999,DMA,8.738966667,-999,0.582597778,-999,-999,-999,NA,LT,0,0
Q091,Qinghai_Tibean_Plateau,CHINA,Q091,2013-08-01,NAnjingUniversity,Yanxu Zhang,zhangyx@nju.edu.cn,Gu_2020,35.62508333,94.06583889,NA,NA,Alpinesteppe,50,70,60,-999,-999,-999,CN,1,-999,DMA,8.205866667,-999,0.820586667,-999,-999,-999,NA,LT,0,0
Q091,Qinghai_Tibean_Plateau,CHINA,Q091,2013-08-01,NAnjingUniversity,Yanxu Zhang,zhangyx@nju.edu.cn,Gu_2020,35.62508333,94.06583889,NA,NA,Alpinesteppe,150,200,175,-999,-999,-999,CN,0.7,-999,DMA,7.539133333,-999,1.077019048,-999,-999,-999,NA,LT,0,0
Q091,Qinghai_Tibean_Plateau,CHINA,Q091,2013-08-01,NAnjingUniversity,Yanxu Zhang,zhangyx@nju.edu.cn,Gu_2020,35.62508333,94.06583889,NA,NA,Alpinesteppe,250,300,275,-999,-999,-999,CN,0.6,-999,DMA,10.48063333,-999,1.746772222,-999,-999,-999,NA,LT,0,0
Q067,Qinghai_Tibean_Plateau,CHINA,Q067,2013-08-01,NAnjingUniversity,Yanxu Zhang,zhangyx@nju.edu.cn,Gu_2020,35.70978611,99.93901389,NA,NA,Alpinesteppe,0,10,5,-999,-999,-999,CN,1.5,-999,DMA,22.49366667,-999,1.499577778,-999,-999,-999,NA,LT,0,0
Q067,Qinghai_Tibean_Plateau,CHINA,Q067,2013-08-01,NAnjingUniversity,Yanxu Zhang,zhangyx@nju.edu.cn,Gu_2020,35.70978611,99.93901389,NA,NA,Alpinesteppe,10,20,15,-999,-999,-999,CN,1.5,-999,DMA,17.31073333,-999,1.154048889,-999,-999,-999,NA,LT,0,0
Q067,Qinghai_Tibean_Plateau,CHINA,Q067,2013-08-01,NAnjingUniversity,Yanxu Zhang,zhangyx@nju.edu.cn,Gu_2020,35.70978611,99.93901389,NA,NA,Alpinesteppe,50,70,60,-999,-999,-999,CN,1,-999,DMA,12.53303333,-999,1.253303333,-999,-999,-999,NA,LT,0,0
Q067,Qinghai_Tibean_Plateau,CHINA,Q067,2013-08-01,NAnjingUniversity,Yanxu Zhang,zhangyx@nju.edu.cn,Gu_2020,35.70978611,99.93901389,NA,NA,Alpinesteppe,150,200,175,-999,-999,-999,CN,0.7,-999,DMA,28.09606667,-999,4.01372381,-999,-999,-999,NA,LT,0,0
Q067,Qinghai_Tibean_Plateau,CHINA,Q067,2013-08-01,NAnjingUniversity,Yanxu Zhang,zhangyx@nju.edu.cn,Gu_2020,35.70978611,99.93901389,NA,NA,Alpinesteppe,250,300,275,-999,-999,-999,CN,0.6,-999,DMA,19.6605,-999,3.27675,-999,-999,-999,NA,LT,0,0
Q004,Qinghai_Tibean_Plateau,CHINA,Q004,2013-08-01,NAnjingUniversity,Yanxu Zhang,zhangyx@nju.edu.cn,Gu_2020,35.72615,101.6510083,NA,NA,Alpinemeadow,0,10,5,-999,-999,-999,CN,2.7,-999,DMA,28.7149,-999,1.063514815,-999,-999,-999,NA,LT,0,0
Q004,Qinghai_Tibean_Plateau,CHINA,Q004,2013-08-01,NAnjingUniversity,Yanxu Zhang,zhangyx@nju.edu.cn,Gu_2020,35.72615,101.6510083,NA,NA,Alpinemeadow,10,20,15,-999,-999,-999,CN,2.7,-999,DMA,20.22803333,-999,0.74918642,-999,-999,-999,NA,LT,0,0
Q004,Qinghai_Tibean_Plateau,CHINA,Q004,2013-08-01,NAnjingUniversity,Yanxu Zhang,zhangyx@nju.edu.cn,Gu_2020,35.72615,101.6510083,NA,NA,Alpinemeadow,50,70,60,-999,-999,-999,CN,1.8,-999,DMA,13.69893333,-999,0.761051852,-999,-999,-999,NA,LT,0,0
Q004,Qinghai_Tibean_Plateau,CHINA,Q004,2013-08-01,NAnjingUniversity,Yanxu Zhang,zhangyx@nju.edu.cn,Gu_2020,35.72615,101.6510083,NA,NA,Alpinemeadow,150,200,175,-999,-999,-999,CN,1.3,-999,DMA,19.70616667,-999,1.515858974,-999,-999,-999,NA,LT,0,0
Q004,Qinghai_Tibean_Plateau,CHINA,Q004,2013-08-01,NAnjingUniversity,Yanxu Zhang,zhangyx@nju.edu.cn,Gu_2020,35.72615,101.6510083,NA,NA,Alpinemeadow,250,300,275,-999,-999,-999,CN,1.1,-999,DMA,24.61146667,-999,2.237406061,-999,-999,-999,NA,LT,0,0
Q003,Qinghai_Tibean_Plateau,CHINA,Q003,2013-08-01,NAnjingUniversity,Yanxu Zhang,zhangyx@nju.edu.cn,Gu_2020,35.75453333,101.6212,NA,NA,Alpinemeadow,0,10,5,-999,-999,-999,CN,2.7,-999,DMA,18.8246,-999,0.697207407,-999,-999,-999,NA,LT,0,0
Q003,Qinghai_Tibean_Plateau,CHINA,Q003,2013-08-01,NAnjingUniversity,Yanxu Zhang,zhangyx@nju.edu.cn,Gu_2020,35.75453333,101.6212,NA,NA,Alpinemeadow,10,20,15,-999,-999,-999,CN,2.7,-999,DMA,14.08005,-999,0.521483333,-999,-999,-999,NA,LT,0,0
Q003,Qinghai_Tibean_Plateau,CHINA,Q003,2013-08-01,NAnjingUniversity,Yanxu Zhang,zhangyx@nju.edu.cn,Gu_2020,35.75453333,101.6212,NA,NA,Alpinemeadow,50,70,60,-999,-999,-999,CN,1.8,-999,DMA,12.31953333,-999,0.684418519,-999,-999,-999,NA,LT,0,0
Q003,Qinghai_Tibean_Plateau,CHINA,Q003,2013-08-01,NAnjingUniversity,Yanxu Zhang,zhangyx@nju.edu.cn,Gu_2020,35.75453333,101.6212,NA,NA,Alpinemeadow,150,200,175,-999,-999,-999,CN,1.3,-999,DMA,17.0399,-999,1.310761538,-999,-999,-999,NA,LT,0,0
Q003,Qinghai_Tibean_Plateau,CHINA,Q003,2013-08-01,NAnjingUniversity,Yanxu Zhang,zhangyx@nju.edu.cn,Gu_2020,35.75453333,101.6212,NA,NA,Alpinemeadow,250,300,275,-999,-999,-999,CN,1.1,-999,DMA,15.7461,-999,1.431463636,-999,-999,-999,NA,LT,0,0
Q070,Qinghai_Tibean_Plateau,CHINA,Q070,2013-08-01,NAnjingUniversity,Yanxu Zhang,zhangyx@nju.edu.cn,Gu_2020,35.76234444,100.2253361,NA,NA,Alpinesteppe,0,10,5,-999,-999,-999,CN,1.5,-999,DMA,43.08483333,-999,2.872322222,-999,-999,-999,NA,LT,0,0
Q070,Qinghai_Tibean_Plateau,CHINA,Q070,2013-08-01,NAnjingUniversity,Yanxu Zhang,zhangyx@nju.edu.cn,Gu_2020,35.76234444,100.2253361,NA,NA,Alpinesteppe,10,20,15,-999,-999,-999,CN,1.5,-999,DMA,36.97333333,-999,2.464888889,-999,-999,-999,NA,LT,0,0
Q070,Qinghai_Tibean_Plateau,CHINA,Q070,2013-08-01,NAnjingUniversity,Yanxu Zhang,zhangyx@nju.edu.cn,Gu_2020,35.76234444,100.2253361,NA,NA,Alpinesteppe,50,70,60,-999,-999,-999,CN,1,-999,DMA,19.6226,-999,1.96226,-999,-999,-999,NA,LT,0,0
Q070,Qinghai_Tibean_Plateau,CHINA,Q070,2013-08-01,NAnjingUniversity,Yanxu Zhang,zhangyx@nju.edu.cn,Gu_2020,35.76234444,100.2253361,NA,NA,Alpinesteppe,150,200,175,-999,-999,-999,CN,0.7,-999,DMA,74.29396667,-999,10.61342381,-999,-999,-999,NA,LT,0,0
Q070,Qinghai_Tibean_Plateau,CHINA,Q070,2013-08-01,NAnjingUniversity,Yanxu Zhang,zhangyx@nju.edu.cn,Gu_2020,35.76234444,100.2253361,NA,NA,Alpinesteppe,250,300,275,-999,-999,-999,CN,0.6,-999,DMA,160.0526333,-999,26.67543889,-999,-999,-999,NA,LT,0,0
Q005,Qinghai_Tibean_Plateau,CHINA,Q005,2013-08-01,NAnjingUniversity,Yanxu Zhang,zhangyx@nju.edu.cn,Gu_2020,35.77395,101.6186417,NA,NA,Alpinemeadow,0,10,5,-999,-999,-999,CN,2.7,-999,DMA,74.12763333,-999,2.745467901,-999,-999,-999,NA,LT,0,0
Q005,Qinghai_Tibean_Plateau,CHINA,Q005,2013-08-01,NAnjingUniversity,Yanxu Zhang,zhangyx@nju.edu.cn,Gu_2020,35.77395,101.6186417,NA,NA,Alpinemeadow,10,20,15,-999,-999,-999,CN,2.7,-999,DMA,22.22676667,-999,0.82321358,-999,-999,-999,NA,LT,0,0
Q005,Qinghai_Tibean_Plateau,CHINA,Q005,2013-08-01,NAnjingUniversity,Yanxu Zhang,zhangyx@nju.edu.cn,Gu_2020,35.77395,101.6186417,NA,NA,Alpinemeadow,50,70,60,-999,-999,-999,CN,1.8,-999,DMA,13.70053333,-999,0.761140741,-999,-999,-999,NA,LT,0,0
Q005,Qinghai_Tibean_Plateau,CHINA,Q005,2013-08-01,NAnjingUniversity,Yanxu Zhang,zhangyx@nju.edu.cn,Gu_2020,35.77395,101.6186417,NA,NA,Alpinemeadow,150,200,175,-999,-999,-999,CN,1.3,-999,DMA,14.5313,-999,1.117792308,-999,-999,-999,NA,LT,0,0
Q005,Qinghai_Tibean_Plateau,CHINA,Q005,2013-08-01,NAnjingUniversity,Yanxu Zhang,zhangyx@nju.edu.cn,Gu_2020,35.77395,101.6186417,NA,NA,Alpinemeadow,250,300,275,-999,-999,-999,CN,1.1,-999,DMA,9.427466667,-999,0.857042424,-999,-999,-999,NA,LT,0,0
Q068,Qinghai_Tibean_Plateau,CHINA,Q068,2013-08-01,NAnjingUniversity,Yanxu Zhang,zhangyx@nju.edu.cn,Gu_2020,35.93266111,100.0701667,NA,NA,Alpinesteppe,0,10,5,-999,-999,-999,CN,1.5,-999,DMA,25.9064,-999,1.727093333,-999,-999,-999,NA,LT,0,0
Q068,Qinghai_Tibean_Plateau,CHINA,Q068,2013-08-01,NAnjingUniversity,Yanxu Zhang,zhangyx@nju.edu.cn,Gu_2020,35.93266111,100.0701667,NA,NA,Alpinesteppe,10,20,15,-999,-999,-999,CN,1.5,-999,DMA,21.99323333,-999,1.466215556,-999,-999,-999,NA,LT,0,0
Q068,Qinghai_Tibean_Plateau,CHINA,Q068,2013-08-01,NAnjingUniversity,Yanxu Zhang,zhangyx@nju.edu.cn,Gu_2020,35.93266111,100.0701667,NA,NA,Alpinesteppe,50,70,60,-999,-999,-999,CN,1,-999,DMA,13.46126667,-999,1.346126667,-999,-999,-999,NA,LT,0,0
Q068,Qinghai_Tibean_Plateau,CHINA,Q068,2013-08-01,NAnjingUniversity,Yanxu Zhang,zhangyx@nju.edu.cn,Gu_2020,35.93266111,100.0701667,NA,NA,Alpinesteppe,150,200,175,-999,-999,-999,CN,0.7,-999,DMA,22.73736667,-999,3.248195238,-999,-999,-999,NA,LT,0,0
Q068,Qinghai_Tibean_Plateau,CHINA,Q068,2013-08-01,NAnjingUniversity,Yanxu Zhang,zhangyx@nju.edu.cn,Gu_2020,35.93266111,100.0701667,NA,NA,Alpinesteppe,250,300,275,-999,-999,-999,CN,0.6,-999,DMA,28.8679,-999,4.811316667,-999,-999,-999,NA,LT,0,0
Q069,Qinghai_Tibean_Plateau,CHINA,Q069,2013-08-01,NAnjingUniversity,Yanxu Zhang,zhangyx@nju.edu.cn,Gu_2020,35.99870278,100.219425,NA,NA,Alpinesteppe,0,10,5,-999,-999,-999,CN,1.5,-999,DMA,40.3952,-999,2.693013333,-999,-999,-999,NA,LT,0,0
Q069,Qinghai_Tibean_Plateau,CHINA,Q069,2013-08-01,NAnjingUniversity,Yanxu Zhang,zhangyx@nju.edu.cn,Gu_2020,35.99870278,100.219425,NA,NA,Alpinesteppe,10,20,15,-999,-999,-999,CN,1.5,-999,DMA,30.22586667,-999,2.015057778,-999,-999,-999,NA,LT,0,0
Q069,Qinghai_Tibean_Plateau,CHINA,Q069,2013-08-01,NAnjingUniversity,Yanxu Zhang,zhangyx@nju.edu.cn,Gu_2020,35.99870278,100.219425,NA,NA,Alpinesteppe,50,70,60,-999,-999,-999,CN,1,-999,DMA,74.90786667,-999,7.490786667,-999,-999,-999,NA,LT,0,0
Q069,Qinghai_Tibean_Plateau,CHINA,Q069,2013-08-01,NAnjingUniversity,Yanxu Zhang,zhangyx@nju.edu.cn,Gu_2020,35.99870278,100.219425,NA,NA,Alpinesteppe,150,200,175,-999,-999,-999,CN,0.7,-999,DMA,75.11136667,-999,10.73019524,-999,-999,-999,NA,LT,0,0
Q069,Qinghai_Tibean_Plateau,CHINA,Q069,2013-08-01,NAnjingUniversity,Yanxu Zhang,zhangyx@nju.edu.cn,Gu_2020,35.99870278,100.219425,NA,NA,Alpinesteppe,250,300,275,-999,-999,-999,CN,0.6,-999,DMA,74.46996667,-999,12.41166111,-999,-999,-999,NA,LT,0,0
Q071,Qinghai_Tibean_Plateau,CHINA,Q071,2013-08-01,NAnjingUniversity,Yanxu Zhang,zhangyx@nju.edu.cn,Gu_2020,36.0895,100.3896667,NA,NA,Alpinesteppe,0,10,5,-999,-999,-999,CN,1.5,-999,DMA,17.9124,-999,1.19416,-999,-999,-999,NA,LT,0,0
Q071,Qinghai_Tibean_Plateau,CHINA,Q071,2013-08-01,NAnjingUniversity,Yanxu Zhang,zhangyx@nju.edu.cn,Gu_2020,36.0895,100.3896667,NA,NA,Alpinesteppe,10,20,15,-999,-999,-999,CN,1.5,-999,DMA,20.84866667,-999,1.389911111,-999,-999,-999,NA,LT,0,0
Q071,Qinghai_Tibean_Plateau,CHINA,Q071,2013-08-01,NAnjingUniversity,Yanxu Zhang,zhangyx@nju.edu.cn,Gu_2020,36.0895,100.3896667,NA,NA,Alpinesteppe,50,70,60,-999,-999,-999,CN,1,-999,DMA,32.10223333,-999,3.210223333,-999,-999,-999,NA,LT,0,0
Q071,Qinghai_Tibean_Plateau,CHINA,Q071,2013-08-01,NAnjingUniversity,Yanxu Zhang,zhangyx@nju.edu.cn,Gu_2020,36.0895,100.3896667,NA,NA,Alpinesteppe,150,200,175,-999,-999,-999,CN,0.7,-999,DMA,NA,-999,-999,-999,-999,-999,NA,LT,1,1
Q071,Qinghai_Tibean_Plateau,CHINA,Q071,2013-08-01,NAnjingUniversity,Yanxu Zhang,zhangyx@nju.edu.cn,Gu_2020,36.0895,100.3896667,NA,NA,Alpinesteppe,250,300,275,-999,-999,-999,CN,0.6,-999,DMA,NA,-999,-999,-999,-999,-999,NA,LT,1,1
Q090,Qinghai_Tibean_Plateau,CHINA,Q090,2013-08-01,NAnjingUniversity,Yanxu Zhang,zhangyx@nju.edu.cn,Gu_2020,36.10771944,98.16615,NA,NA,Alpinesteppe,0,10,5,-999,-999,-999,CN,1.5,-999,DMA,21.0478,-999,1.403186667,-999,-999,-999,NA,LT,0,0
Q090,Qinghai_Tibean_Plateau,CHINA,Q090,2013-08-01,NAnjingUniversity,Yanxu Zhang,zhangyx@nju.edu.cn,Gu_2020,36.10771944,98.16615,NA,NA,Alpinesteppe,10,20,15,-999,-999,-999,CN,1.5,-999,DMA,17.0487,-999,1.13658,-999,-999,-999,NA,LT,0,0
Q090,Qinghai_Tibean_Plateau,CHINA,Q090,2013-08-01,NAnjingUniversity,Yanxu Zhang,zhangyx@nju.edu.cn,Gu_2020,36.10771944,98.16615,NA,NA,Alpinesteppe,50,70,60,-999,-999,-999,CN,1,-999,DMA,9.138633333,-999,0.913863333,-999,-999,-999,NA,LT,0,0
Q090,Qinghai_Tibean_Plateau,CHINA,Q090,2013-08-01,NAnjingUniversity,Yanxu Zhang,zhangyx@nju.edu.cn,Gu_2020,36.10771944,98.16615,NA,NA,Alpinesteppe,150,200,175,-999,-999,-999,CN,0.7,-999,DMA,12.5599,-999,1.794271429,-999,-999,-999,NA,LT,0,0
Q090,Qinghai_Tibean_Plateau,CHINA,Q090,2013-08-01,NAnjingUniversity,Yanxu Zhang,zhangyx@nju.edu.cn,Gu_2020,36.10771944,98.16615,NA,NA,Alpinesteppe,250,300,275,-999,-999,-999,CN,0.6,-999,DMA,9.4154,-999,1.569233333,-999,-999,-999,NA,LT,0,0
Q072,Qinghai_Tibean_Plateau,CHINA,Q072,2013-08-01,NAnjingUniversity,Yanxu Zhang,zhangyx@nju.edu.cn,Gu_2020,36.12116667,100.4561667,NA,NA,Alpinesteppe,0,10,5,-999,-999,-999,CN,1.5,-999,DMA,26.9767,-999,1.798446667,-999,-999,-999,NA,LT,0,0
Q072,Qinghai_Tibean_Plateau,CHINA,Q072,2013-08-01,NAnjingUniversity,Yanxu Zhang,zhangyx@nju.edu.cn,Gu_2020,36.12116667,100.4561667,NA,NA,Alpinesteppe,10,20,15,-999,-999,-999,CN,1.5,-999,DMA,22.97485,-999,1.531656667,-999,-999,-999,NA,LT,0,0
Q072,Qinghai_Tibean_Plateau,CHINA,Q072,2013-08-01,NAnjingUniversity,Yanxu Zhang,zhangyx@nju.edu.cn,Gu_2020,36.12116667,100.4561667,NA,NA,Alpinesteppe,50,70,60,-999,-999,-999,CN,1,-999,DMA,12.6713,-999,1.26713,-999,-999,-999,NA,LT,0,0
Q072,Qinghai_Tibean_Plateau,CHINA,Q072,2013-08-01,NAnjingUniversity,Yanxu Zhang,zhangyx@nju.edu.cn,Gu_2020,36.12116667,100.4561667,NA,NA,Alpinesteppe,150,200,175,-999,-999,-999,CN,0.7,-999,DMA,32.5716,-999,4.653085714,-999,-999,-999,NA,LT,0,0
Q072,Qinghai_Tibean_Plateau,CHINA,Q072,2013-08-01,NAnjingUniversity,Yanxu Zhang,zhangyx@nju.edu.cn,Gu_2020,36.12116667,100.4561667,NA,NA,Alpinesteppe,250,300,275,-999,-999,-999,CN,0.6,-999,DMA,106.32155,-999,17.72025833,-999,-999,-999,NA,LT,0,0
Q001,Qinghai_Tibean_Plateau,CHINA,Q001,2013-08-01,NAnjingUniversity,Yanxu Zhang,zhangyx@nju.edu.cn,Gu_2020,36.364475,101.4899056,NA,NA,Alpinemeadow,0,10,5,-999,-999,-999,CN,2.7,-999,DMA,34.3179,-999,1.271033333,-999,-999,-999,NA,LT,0,0
Q001,Qinghai_Tibean_Plateau,CHINA,Q001,2013-08-01,NAnjingUniversity,Yanxu Zhang,zhangyx@nju.edu.cn,Gu_2020,36.364475,101.4899056,NA,NA,Alpinemeadow,10,20,15,-999,-999,-999,CN,2.7,-999,DMA,37.92376667,-999,1.404583951,-999,-999,-999,NA,LT,0,0
Q001,Qinghai_Tibean_Plateau,CHINA,Q001,2013-08-01,NAnjingUniversity,Yanxu Zhang,zhangyx@nju.edu.cn,Gu_2020,36.364475,101.4899056,NA,NA,Alpinemeadow,50,70,60,-999,-999,-999,CN,1.8,-999,DMA,13.2598,-999,0.736655556,-999,-999,-999,NA,LT,0,0
Q001,Qinghai_Tibean_Plateau,CHINA,Q001,2013-08-01,NAnjingUniversity,Yanxu Zhang,zhangyx@nju.edu.cn,Gu_2020,36.364475,101.4899056,NA,NA,Alpinemeadow,150,200,175,-999,-999,-999,CN,1.3,-999,DMA,24.19006667,-999,1.860774359,-999,-999,-999,NA,LT,0,0
Q001,Qinghai_Tibean_Plateau,CHINA,Q001,2013-08-01,NAnjingUniversity,Yanxu Zhang,zhangyx@nju.edu.cn,Gu_2020,36.364475,101.4899056,NA,NA,Alpinemeadow,250,300,275,-999,-999,-999,CN,1.1,-999,DMA,20.43723333,-999,1.857930303,-999,-999,-999,NA,LT,0,0
Q088,Qinghai_Tibean_Plateau,CHINA,Q088,2013-08-01,NAnjingUniversity,Yanxu Zhang,zhangyx@nju.edu.cn,Gu_2020,36.43687778,98.59132222,NA,NA,Alpinesteppe,0,10,5,-999,-999,-999,CN,1.5,-999,DMA,11.71846667,-999,0.781231111,-999,-999,-999,NA,LT,0,0
Q088,Qinghai_Tibean_Plateau,CHINA,Q088,2013-08-01,NAnjingUniversity,Yanxu Zhang,zhangyx@nju.edu.cn,Gu_2020,36.43687778,98.59132222,NA,NA,Alpinesteppe,10,20,15,-999,-999,-999,CN,1.5,-999,DMA,8.337733333,-999,0.555848889,-999,-999,-999,NA,LT,0,0
Q088,Qinghai_Tibean_Plateau,CHINA,Q088,2013-08-01,NAnjingUniversity,Yanxu Zhang,zhangyx@nju.edu.cn,Gu_2020,36.43687778,98.59132222,NA,NA,Alpinesteppe,50,70,60,-999,-999,-999,CN,1,-999,DMA,9.119166667,-999,0.911916667,-999,-999,-999,NA,LT,0,0
Q088,Qinghai_Tibean_Plateau,CHINA,Q088,2013-08-01,NAnjingUniversity,Yanxu Zhang,zhangyx@nju.edu.cn,Gu_2020,36.43687778,98.59132222,NA,NA,Alpinesteppe,150,200,175,-999,-999,-999,CN,0.7,-999,DMA,4.822,-999,0.688857143,-999,-999,-999,NA,LT,0,0
Q088,Qinghai_Tibean_Plateau,CHINA,Q088,2013-08-01,NAnjingUniversity,Yanxu Zhang,zhangyx@nju.edu.cn,Gu_2020,36.43687778,98.59132222,NA,NA,Alpinesteppe,250,300,275,-999,-999,-999,CN,0.6,-999,DMA,3.484166667,-999,0.580694444,-999,-999,-999,NA,LT,0,0
Q089,Qinghai_Tibean_Plateau,CHINA,Q089,2013-08-01,NAnjingUniversity,Yanxu Zhang,zhangyx@nju.edu.cn,Gu_2020,36.44610556,98.24056944,NA,NA,Alpinesteppe,0,10,5,-999,-999,-999,CN,1.5,-999,DMA,11.31126667,-999,0.754084444,-999,-999,-999,NA,LT,0,0
Q089,Qinghai_Tibean_Plateau,CHINA,Q089,2013-08-01,NAnjingUniversity,Yanxu Zhang,zhangyx@nju.edu.cn,Gu_2020,36.44610556,98.24056944,NA,NA,Alpinesteppe,10,20,15,-999,-999,-999,CN,1.5,-999,DMA,7.6709,-999,0.511393333,-999,-999,-999,NA,LT,0,0
Q089,Qinghai_Tibean_Plateau,CHINA,Q089,2013-08-01,NAnjingUniversity,Yanxu Zhang,zhangyx@nju.edu.cn,Gu_2020,36.44610556,98.24056944,NA,NA,Alpinesteppe,50,70,60,-999,-999,-999,CN,1,-999,DMA,7.3499,-999,0.73499,-999,-999,-999,NA,LT,0,0
Q089,Qinghai_Tibean_Plateau,CHINA,Q089,2013-08-01,NAnjingUniversity,Yanxu Zhang,zhangyx@nju.edu.cn,Gu_2020,36.44610556,98.24056944,NA,NA,Alpinesteppe,150,200,175,-999,-999,-999,CN,0.7,-999,DMA,7.574233333,-999,1.082033333,-999,-999,-999,NA,LT,0,0
Q089,Qinghai_Tibean_Plateau,CHINA,Q089,2013-08-01,NAnjingUniversity,Yanxu Zhang,zhangyx@nju.edu.cn,Gu_2020,36.44610556,98.24056944,NA,NA,Alpinesteppe,250,300,275,-999,-999,-999,CN,0.6,-999,DMA,5.951133333,-999,0.991855556,-999,-999,-999,NA,LT,0,0
Q074,Qinghai_Tibean_Plateau,CHINA,Q074,2013-08-01,NAnjingUniversity,Yanxu Zhang,zhangyx@nju.edu.cn,Gu_2020,36.88783611,101.05845,NA,NA,Alpinemeadow,0,10,5,-999,-999,-999,CN,2.7,-999,DMA,32.62373333,-999,1.20828642,-999,-999,-999,NA,LT,0,0
Q074,Qinghai_Tibean_Plateau,CHINA,Q074,2013-08-01,NAnjingUniversity,Yanxu Zhang,zhangyx@nju.edu.cn,Gu_2020,36.88783611,101.05845,NA,NA,Alpinemeadow,10,20,15,-999,-999,-999,CN,2.7,-999,DMA,15.3544,-999,0.568681481,-999,-999,-999,NA,LT,0,0
Q074,Qinghai_Tibean_Plateau,CHINA,Q074,2013-08-01,NAnjingUniversity,Yanxu Zhang,zhangyx@nju.edu.cn,Gu_2020,36.88783611,101.05845,NA,NA,Alpinemeadow,50,70,60,-999,-999,-999,CN,1.8,-999,DMA,11.86123333,-999,0.658957407,-999,-999,-999,NA,LT,0,0
Q074,Qinghai_Tibean_Plateau,CHINA,Q074,2013-08-01,NAnjingUniversity,Yanxu Zhang,zhangyx@nju.edu.cn,Gu_2020,36.88783611,101.05845,NA,NA,Alpinemeadow,150,200,175,-999,-999,-999,CN,1.3,-999,DMA,8.490533333,-999,0.653117949,-999,-999,-999,NA,LT,0,0
Q074,Qinghai_Tibean_Plateau,CHINA,Q074,2013-08-01,NAnjingUniversity,Yanxu Zhang,zhangyx@nju.edu.cn,Gu_2020,36.88783611,101.05845,NA,NA,Alpinemeadow,250,300,275,-999,-999,-999,CN,1.1,-999,DMA,5.9836,-999,0.543963636,-999,-999,-999,NA,LT,0,0
Q087,Qinghai_Tibean_Plateau,CHINA,Q087,2013-08-01,NAnjingUniversity,Yanxu Zhang,zhangyx@nju.edu.cn,Gu_2020,36.89259444,98.89756667,NA,NA,Alpinesteppe,0,10,5,-999,-999,-999,CN,1.5,-999,DMA,25.78237778,-999,1.718825185,-999,-999,-999,NA,LT,0,0
Q087,Qinghai_Tibean_Plateau,CHINA,Q087,2013-08-01,NAnjingUniversity,Yanxu Zhang,zhangyx@nju.edu.cn,Gu_2020,36.89259444,98.89756667,NA,NA,Alpinesteppe,10,20,15,-999,-999,-999,CN,1.5,-999,DMA,15.8929,-999,1.059526667,-999,-999,-999,NA,LT,0,0
Q087,Qinghai_Tibean_Plateau,CHINA,Q087,2013-08-01,NAnjingUniversity,Yanxu Zhang,zhangyx@nju.edu.cn,Gu_2020,36.89259444,98.89756667,NA,NA,Alpinesteppe,50,70,60,-999,-999,-999,CN,1,-999,DMA,9.742844444,-999,0.974284444,-999,-999,-999,NA,LT,0,0
Q087,Qinghai_Tibean_Plateau,CHINA,Q087,2013-08-01,NAnjingUniversity,Yanxu Zhang,zhangyx@nju.edu.cn,Gu_2020,36.89259444,98.89756667,NA,NA,Alpinesteppe,150,200,175,-999,-999,-999,CN,0.7,-999,DMA,13.09128889,-999,1.870184127,-999,-999,-999,NA,LT,0,0
Q087,Qinghai_Tibean_Plateau,CHINA,Q087,2013-08-01,NAnjingUniversity,Yanxu Zhang,zhangyx@nju.edu.cn,Gu_2020,36.89259444,98.89756667,NA,NA,Alpinesteppe,250,300,275,-999,-999,-999,CN,0.6,-999,DMA,13.49905556,-999,2.249842593,-999,-999,-999,NA,LT,0,0
Q073,Qinghai_Tibean_Plateau,CHINA,Q073,2013-08-01,NAnjingUniversity,Yanxu Zhang,zhangyx@nju.edu.cn,Gu_2020,36.93517778,100.9518417,NA,NA,Alpinesteppe,0,10,5,-999,-999,-999,CN,1.5,-999,DMA,30.022,-999,2.001466667,-999,-999,-999,NA,LT,0,0
Q073,Qinghai_Tibean_Plateau,CHINA,Q073,2013-08-01,NAnjingUniversity,Yanxu Zhang,zhangyx@nju.edu.cn,Gu_2020,36.93517778,100.9518417,NA,NA,Alpinesteppe,10,20,15,-999,-999,-999,CN,1.5,-999,DMA,25.9462,-999,1.729746667,-999,-999,-999,NA,LT,0,0
Q073,Qinghai_Tibean_Plateau,CHINA,Q073,2013-08-01,NAnjingUniversity,Yanxu Zhang,zhangyx@nju.edu.cn,Gu_2020,36.93517778,100.9518417,NA,NA,Alpinesteppe,50,70,60,-999,-999,-999,CN,1,-999,DMA,15.52006667,-999,1.552006667,-999,-999,-999,NA,LT,0,0
Q073,Qinghai_Tibean_Plateau,CHINA,Q073,2013-08-01,NAnjingUniversity,Yanxu Zhang,zhangyx@nju.edu.cn,Gu_2020,36.93517778,100.9518417,NA,NA,Alpinesteppe,150,200,175,-999,-999,-999,CN,0.7,-999,DMA,22.0748,-999,3.153542857,-999,-999,-999,NA,LT,0,0
Q073,Qinghai_Tibean_Plateau,CHINA,Q073,2013-08-01,NAnjingUniversity,Yanxu Zhang,zhangyx@nju.edu.cn,Gu_2020,36.93517778,100.9518417,NA,NA,Alpinesteppe,250,300,275,-999,-999,-999,CN,0.6,-999,DMA,33.73883333,-999,5.623138889,-999,-999,-999,NA,LT,0,0
Q075,Qinghai_Tibean_Plateau,CHINA,Q075,2013-08-01,NAnjingUniversity,Yanxu Zhang,zhangyx@nju.edu.cn,Gu_2020,37.00615833,100.8119028,NA,NA,Alpinemeadow,0,10,5,-999,-999,-999,CN,2.7,-999,DMA,33.35571111,-999,1.235396708,-999,-999,-999,NA,LT,0,0
Q075,Qinghai_Tibean_Plateau,CHINA,Q075,2013-08-01,NAnjingUniversity,Yanxu Zhang,zhangyx@nju.edu.cn,Gu_2020,37.00615833,100.8119028,NA,NA,Alpinemeadow,10,20,15,-999,-999,-999,CN,2.7,-999,DMA,21.33722778,-999,0.790267695,-999,-999,-999,NA,LT,0,0
Q075,Qinghai_Tibean_Plateau,CHINA,Q075,2013-08-01,NAnjingUniversity,Yanxu Zhang,zhangyx@nju.edu.cn,Gu_2020,37.00615833,100.8119028,NA,NA,Alpinemeadow,50,70,60,-999,-999,-999,CN,1.8,-999,DMA,12.52563333,-999,0.695868519,-999,-999,-999,NA,LT,0,0
Q075,Qinghai_Tibean_Plateau,CHINA,Q075,2013-08-01,NAnjingUniversity,Yanxu Zhang,zhangyx@nju.edu.cn,Gu_2020,37.00615833,100.8119028,NA,NA,Alpinemeadow,150,200,175,-999,-999,-999,CN,1.3,-999,DMA,8.910422222,-999,0.685417094,-999,-999,-999,NA,LT,0,0
Q075,Qinghai_Tibean_Plateau,CHINA,Q075,2013-08-01,NAnjingUniversity,Yanxu Zhang,zhangyx@nju.edu.cn,Gu_2020,37.00615833,100.8119028,NA,NA,Alpinemeadow,250,300,275,-999,-999,-999,CN,1.1,-999,DMA,4.439144444,-999,0.403558586,-999,-999,-999,NA,LT,0,0
Q086,Qinghai_Tibean_Plateau,CHINA,Q086,2013-08-01,NAnjingUniversity,Yanxu Zhang,zhangyx@nju.edu.cn,Gu_2020,37.00835833,98.69336667,NA,NA,Alpinemeadow,0,10,5,-999,-999,-999,CN,2.7,-999,DMA,236.7640667,-999,8.769039506,-999,-999,-999,NA,LT,0,0
Q086,Qinghai_Tibean_Plateau,CHINA,Q086,2013-08-01,NAnjingUniversity,Yanxu Zhang,zhangyx@nju.edu.cn,Gu_2020,37.00835833,98.69336667,NA,NA,Alpinemeadow,10,20,15,-999,-999,-999,CN,2.7,-999,DMA,72.07533333,-999,2.66945679,-999,-999,-999,NA,LT,0,0
Q086,Qinghai_Tibean_Plateau,CHINA,Q086,2013-08-01,NAnjingUniversity,Yanxu Zhang,zhangyx@nju.edu.cn,Gu_2020,37.00835833,98.69336667,NA,NA,Alpinemeadow,50,70,60,-999,-999,-999,CN,1.8,-999,DMA,11.0483,-999,0.613794444,-999,-999,-999,NA,LT,0,0
Q086,Qinghai_Tibean_Plateau,CHINA,Q086,2013-08-01,NAnjingUniversity,Yanxu Zhang,zhangyx@nju.edu.cn,Gu_2020,37.00835833,98.69336667,NA,NA,Alpinemeadow,150,200,175,-999,-999,-999,CN,1.3,-999,DMA,6.0872,-999,0.468246154,-999,-999,-999,NA,LT,0,0
Q086,Qinghai_Tibean_Plateau,CHINA,Q086,2013-08-01,NAnjingUniversity,Yanxu Zhang,zhangyx@nju.edu.cn,Gu_2020,37.00835833,98.69336667,NA,NA,Alpinemeadow,250,300,275,-999,-999,-999,CN,1.1,-999,DMA,5.33055,-999,0.484595455,-999,-999,-999,NA,LT,0,0
Q085,Qinghai_Tibean_Plateau,CHINA,Q085,2013-08-01,NAnjingUniversity,Yanxu Zhang,zhangyx@nju.edu.cn,Gu_2020,37.07088889,98.87372222,NA,NA,Alpinemeadow,0,10,5,-999,-999,-999,CN,2.7,-999,DMA,19.04073333,-999,0.705212346,-999,-999,-999,NA,LT,0,0
Q085,Qinghai_Tibean_Plateau,CHINA,Q085,2013-08-01,NAnjingUniversity,Yanxu Zhang,zhangyx@nju.edu.cn,Gu_2020,37.07088889,98.87372222,NA,NA,Alpinemeadow,10,20,15,-999,-999,-999,CN,2.7,-999,DMA,13.8686,-999,0.513651852,-999,-999,-999,NA,LT,0,0
Q085,Qinghai_Tibean_Plateau,CHINA,Q085,2013-08-01,NAnjingUniversity,Yanxu Zhang,zhangyx@nju.edu.cn,Gu_2020,37.07088889,98.87372222,NA,NA,Alpinemeadow,50,70,60,-999,-999,-999,CN,1.8,-999,DMA,26.29363333,-999,1.460757407,-999,-999,-999,NA,LT,0,0
Q085,Qinghai_Tibean_Plateau,CHINA,Q085,2013-08-01,NAnjingUniversity,Yanxu Zhang,zhangyx@nju.edu.cn,Gu_2020,37.07088889,98.87372222,NA,NA,Alpinemeadow,150,200,175,-999,-999,-999,CN,1.3,-999,DMA,10.20723333,-999,0.785171795,-999,-999,-999,NA,LT,0,0
Q085,Qinghai_Tibean_Plateau,CHINA,Q085,2013-08-01,NAnjingUniversity,Yanxu Zhang,zhangyx@nju.edu.cn,Gu_2020,37.07088889,98.87372222,NA,NA,Alpinemeadow,250,300,275,-999,-999,-999,CN,1.1,-999,DMA,12.4469,-999,1.131536364,-999,-999,-999,NA,LT,0,0
Q076,Qinghai_Tibean_Plateau,CHINA,Q076,2013-08-01,NAnjingUniversity,Yanxu Zhang,zhangyx@nju.edu.cn,Gu_2020,37.08243889,100.6832194,NA,NA,Alpinemeadow,0,10,5,-999,-999,-999,CN,2.7,-999,DMA,38.09903333,-999,1.411075309,-999,-999,-999,NA,LT,0,0
Q076,Qinghai_Tibean_Plateau,CHINA,Q076,2013-08-01,NAnjingUniversity,Yanxu Zhang,zhangyx@nju.edu.cn,Gu_2020,37.08243889,100.6832194,NA,NA,Alpinemeadow,10,20,15,-999,-999,-999,CN,2.7,-999,DMA,24.35176667,-999,0.901917284,-999,-999,-999,NA,LT,0,0
Q076,Qinghai_Tibean_Plateau,CHINA,Q076,2013-08-01,NAnjingUniversity,Yanxu Zhang,zhangyx@nju.edu.cn,Gu_2020,37.08243889,100.6832194,NA,NA,Alpinemeadow,50,70,60,-999,-999,-999,CN,1.8,-999,DMA,14.76373333,-999,0.820207407,-999,-999,-999,NA,LT,0,0
Q076,Qinghai_Tibean_Plateau,CHINA,Q076,2013-08-01,NAnjingUniversity,Yanxu Zhang,zhangyx@nju.edu.cn,Gu_2020,37.08243889,100.6832194,NA,NA,Alpinemeadow,150,200,175,-999,-999,-999,CN,1.3,-999,DMA,17.73763333,-999,1.364433333,-999,-999,-999,NA,LT,0,0
Q076,Qinghai_Tibean_Plateau,CHINA,Q076,2013-08-01,NAnjingUniversity,Yanxu Zhang,zhangyx@nju.edu.cn,Gu_2020,37.08243889,100.6832194,NA,NA,Alpinemeadow,250,300,275,-999,-999,-999,CN,1.1,-999,DMA,21.08266667,-999,1.916606061,-999,-999,-999,NA,LT,0,0
Q083,Qinghai_Tibean_Plateau,CHINA,Q083,2013-08-01,NAnjingUniversity,Yanxu Zhang,zhangyx@nju.edu.cn,Gu_2020,37.16155556,99.32208611,NA,NA,Alpinemeadow,0,10,5,-999,-999,-999,CN,2.7,-999,DMA,24.08203333,-999,0.89192716,-999,-999,-999,NA,LT,0,0
Q083,Qinghai_Tibean_Plateau,CHINA,Q083,2013-08-01,NAnjingUniversity,Yanxu Zhang,zhangyx@nju.edu.cn,Gu_2020,37.16155556,99.32208611,NA,NA,Alpinemeadow,10,20,15,-999,-999,-999,CN,2.7,-999,DMA,15.49273333,-999,0.573804938,-999,-999,-999,NA,LT,0,0
Q083,Qinghai_Tibean_Plateau,CHINA,Q083,2013-08-01,NAnjingUniversity,Yanxu Zhang,zhangyx@nju.edu.cn,Gu_2020,37.16155556,99.32208611,NA,NA,Alpinemeadow,50,70,60,-999,-999,-999,CN,1.8,-999,DMA,8.039533333,-999,0.446640741,-999,-999,-999,NA,LT,0,0
Q083,Qinghai_Tibean_Plateau,CHINA,Q083,2013-08-01,NAnjingUniversity,Yanxu Zhang,zhangyx@nju.edu.cn,Gu_2020,37.16155556,99.32208611,NA,NA,Alpinemeadow,150,200,175,-999,-999,-999,CN,1.3,-999,DMA,7.116066667,-999,0.547389744,-999,-999,-999,NA,LT,0,0
Q083,Qinghai_Tibean_Plateau,CHINA,Q083,2013-08-01,NAnjingUniversity,Yanxu Zhang,zhangyx@nju.edu.cn,Gu_2020,37.16155556,99.32208611,NA,NA,Alpinemeadow,250,300,275,-999,-999,-999,CN,1.1,-999,DMA,7.2257,-999,0.656881818,-999,-999,-999,NA,LT,0,0
Q077,Qinghai_Tibean_Plateau,CHINA,Q077,2013-08-01,NAnjingUniversity,Yanxu Zhang,zhangyx@nju.edu.cn,Gu_2020,37.22229444,100.4601417,NA,NA,Alpinemeadow,0,10,5,-999,-999,-999,CN,2.7,-999,DMA,41.46836667,-999,1.535865432,-999,-999,-999,NA,LT,0,0
Q077,Qinghai_Tibean_Plateau,CHINA,Q077,2013-08-01,NAnjingUniversity,Yanxu Zhang,zhangyx@nju.edu.cn,Gu_2020,37.22229444,100.4601417,NA,NA,Alpinemeadow,10,20,15,-999,-999,-999,CN,2.7,-999,DMA,36.1349,-999,1.33832963,-999,-999,-999,NA,LT,0,0
Q077,Qinghai_Tibean_Plateau,CHINA,Q077,2013-08-01,NAnjingUniversity,Yanxu Zhang,zhangyx@nju.edu.cn,Gu_2020,37.22229444,100.4601417,NA,NA,Alpinemeadow,50,70,60,-999,-999,-999,CN,1.8,-999,DMA,38.82266667,-999,2.156814815,-999,-999,-999,NA,LT,0,0
Q077,Qinghai_Tibean_Plateau,CHINA,Q077,2013-08-01,NAnjingUniversity,Yanxu Zhang,zhangyx@nju.edu.cn,Gu_2020,37.22229444,100.4601417,NA,NA,Alpinemeadow,150,200,175,-999,-999,-999,CN,1.3,-999,DMA,39.25966667,-999,3.019974359,-999,-999,-999,NA,LT,0,0
Q077,Qinghai_Tibean_Plateau,CHINA,Q077,2013-08-01,NAnjingUniversity,Yanxu Zhang,zhangyx@nju.edu.cn,Gu_2020,37.22229444,100.4601417,NA,NA,Alpinemeadow,250,300,275,-999,-999,-999,CN,1.1,-999,DMA,58.19316667,-999,5.290287879,-999,-999,-999,NA,LT,0,0
Q082,Qinghai_Tibean_Plateau,CHINA,Q082,2013-08-01,NAnjingUniversity,Yanxu Zhang,zhangyx@nju.edu.cn,Gu_2020,37.26635556,99.86103611,NA,NA,Alpinemeadow,0,10,5,-999,-999,-999,CN,2.7,-999,DMA,18.77823333,-999,0.695490123,-999,-999,-999,NA,LT,0,0
Q082,Qinghai_Tibean_Plateau,CHINA,Q082,2013-08-01,NAnjingUniversity,Yanxu Zhang,zhangyx@nju.edu.cn,Gu_2020,37.26635556,99.86103611,NA,NA,Alpinemeadow,10,20,15,-999,-999,-999,CN,2.7,-999,DMA,15.2877,-999,0.566211111,-999,-999,-999,NA,LT,0,0
Q082,Qinghai_Tibean_Plateau,CHINA,Q082,2013-08-01,NAnjingUniversity,Yanxu Zhang,zhangyx@nju.edu.cn,Gu_2020,37.26635556,99.86103611,NA,NA,Alpinemeadow,50,70,60,-999,-999,-999,CN,1.8,-999,DMA,11.5078,-999,0.639322222,-999,-999,-999,NA,LT,0,0
Q082,Qinghai_Tibean_Plateau,CHINA,Q082,2013-08-01,NAnjingUniversity,Yanxu Zhang,zhangyx@nju.edu.cn,Gu_2020,37.26635556,99.86103611,NA,NA,Alpinemeadow,150,200,175,-999,-999,-999,CN,1.3,-999,DMA,7.770533333,-999,0.597733333,-999,-999,-999,NA,LT,0,0
Q082,Qinghai_Tibean_Plateau,CHINA,Q082,2013-08-01,NAnjingUniversity,Yanxu Zhang,zhangyx@nju.edu.cn,Gu_2020,37.26635556,99.86103611,NA,NA,Alpinemeadow,250,300,275,-999,-999,-999,CN,1.1,-999,DMA,6.748766667,-999,0.613524242,-999,-999,-999,NA,LT,0,0
Q084,Qinghai_Tibean_Plateau,CHINA,Q084,2013-08-01,NAnjingUniversity,Yanxu Zhang,zhangyx@nju.edu.cn,Gu_2020,37.27806111,98.98908056,NA,NA,Alpinemeadow,0,10,5,-999,-999,-999,CN,2.7,-999,DMA,22.94423333,-999,0.84978642,-999,-999,-999,NA,LT,0,0
Q084,Qinghai_Tibean_Plateau,CHINA,Q084,2013-08-01,NAnjingUniversity,Yanxu Zhang,zhangyx@nju.edu.cn,Gu_2020,37.27806111,98.98908056,NA,NA,Alpinemeadow,10,20,15,-999,-999,-999,CN,2.7,-999,DMA,10.4335,-999,0.386425926,-999,-999,-999,NA,LT,0,0
Q084,Qinghai_Tibean_Plateau,CHINA,Q084,2013-08-01,NAnjingUniversity,Yanxu Zhang,zhangyx@nju.edu.cn,Gu_2020,37.27806111,98.98908056,NA,NA,Alpinemeadow,50,70,60,-999,-999,-999,CN,1.8,-999,DMA,9.471733333,-999,0.526207407,-999,-999,-999,NA,LT,0,0
Q084,Qinghai_Tibean_Plateau,CHINA,Q084,2013-08-01,NAnjingUniversity,Yanxu Zhang,zhangyx@nju.edu.cn,Gu_2020,37.27806111,98.98908056,NA,NA,Alpinemeadow,150,200,175,-999,-999,-999,CN,1.3,-999,DMA,11.72376667,-999,0.901828205,-999,-999,-999,NA,LT,0,0
Q084,Qinghai_Tibean_Plateau,CHINA,Q084,2013-08-01,NAnjingUniversity,Yanxu Zhang,zhangyx@nju.edu.cn,Gu_2020,37.27806111,98.98908056,NA,NA,Alpinemeadow,250,300,275,-999,-999,-999,CN,1.1,-999,DMA,15.43586667,-999,1.403260606,-999,-999,-999,NA,LT,0,0
Q078,Qinghai_Tibean_Plateau,CHINA,Q078,2013-08-01,NAnjingUniversity,Yanxu Zhang,zhangyx@nju.edu.cn,Gu_2020,37.28080833,100.2433472,NA,NA,Alpinemeadow,0,10,5,-999,-999,-999,CN,2.7,-999,DMA,27.9241,-999,1.034225926,-999,-999,-999,NA,LT,0,0
Q078,Qinghai_Tibean_Plateau,CHINA,Q078,2013-08-01,NAnjingUniversity,Yanxu Zhang,zhangyx@nju.edu.cn,Gu_2020,37.28080833,100.2433472,NA,NA,Alpinemeadow,10,20,15,-999,-999,-999,CN,2.7,-999,DMA,20.94663333,-999,0.775801235,-999,-999,-999,NA,LT,0,0
Q078,Qinghai_Tibean_Plateau,CHINA,Q078,2013-08-01,NAnjingUniversity,Yanxu Zhang,zhangyx@nju.edu.cn,Gu_2020,37.28080833,100.2433472,NA,NA,Alpinemeadow,50,70,60,-999,-999,-999,CN,1.8,-999,DMA,11.17703333,-999,0.620946296,-999,-999,-999,NA,LT,0,0
Q078,Qinghai_Tibean_Plateau,CHINA,Q078,2013-08-01,NAnjingUniversity,Yanxu Zhang,zhangyx@nju.edu.cn,Gu_2020,37.28080833,100.2433472,NA,NA,Alpinemeadow,150,200,175,-999,-999,-999,CN,1.3,-999,DMA,20.3571,-999,1.565930769,-999,-999,-999,NA,LT,0,0
Q078,Qinghai_Tibean_Plateau,CHINA,Q078,2013-08-01,NAnjingUniversity,Yanxu Zhang,zhangyx@nju.edu.cn,Gu_2020,37.28080833,100.2433472,NA,NA,Alpinemeadow,250,300,275,-999,-999,-999,CN,1.1,-999,DMA,31.3508,-999,2.850072727,-999,-999,-999,NA,LT,0,0
Q081,Qinghai_Tibean_Plateau,CHINA,Q081,2013-08-01,NAnjingUniversity,Yanxu Zhang,zhangyx@nju.edu.cn,Gu_2020,37.36018056,100.1255944,NA,NA,Alpinemeadow,0,10,5,-999,-999,-999,CN,2.7,-999,DMA,26.7676,-999,0.991392593,-999,-999,-999,NA,LT,0,0
Q081,Qinghai_Tibean_Plateau,CHINA,Q081,2013-08-01,NAnjingUniversity,Yanxu Zhang,zhangyx@nju.edu.cn,Gu_2020,37.36018056,100.1255944,NA,NA,Alpinemeadow,10,20,15,-999,-999,-999,CN,2.7,-999,DMA,24.08343333,-999,0.891979012,-999,-999,-999,NA,LT,0,0
Q081,Qinghai_Tibean_Plateau,CHINA,Q081,2013-08-01,NAnjingUniversity,Yanxu Zhang,zhangyx@nju.edu.cn,Gu_2020,37.36018056,100.1255944,NA,NA,Alpinemeadow,50,70,60,-999,-999,-999,CN,1.8,-999,DMA,12.91486667,-999,0.717492593,-999,-999,-999,NA,LT,0,0
Q081,Qinghai_Tibean_Plateau,CHINA,Q081,2013-08-01,NAnjingUniversity,Yanxu Zhang,zhangyx@nju.edu.cn,Gu_2020,37.36018056,100.1255944,NA,NA,Alpinemeadow,150,200,175,-999,-999,-999,CN,1.3,-999,DMA,8.8055,-999,0.677346154,-999,-999,-999,NA,LT,0,0
Q081,Qinghai_Tibean_Plateau,CHINA,Q081,2013-08-01,NAnjingUniversity,Yanxu Zhang,zhangyx@nju.edu.cn,Gu_2020,37.36018056,100.1255944,NA,NA,Alpinemeadow,250,300,275,-999,-999,-999,CN,1.1,-999,DMA,7.27,-999,0.660909091,-999,-999,-999,NA,LT,0,0
Q080,Qinghai_Tibean_Plateau,CHINA,Q080,2013-08-01,NAnjingUniversity,Yanxu Zhang,zhangyx@nju.edu.cn,Gu_2020,37.75540278,100.1082139,NA,NA,Alpinemeadow,0,10,5,-999,-999,-999,CN,2.7,-999,DMA,42.15073333,-999,1.561138272,-999,-999,-999,NA,LT,0,0
Q080,Qinghai_Tibean_Plateau,CHINA,Q080,2013-08-01,NAnjingUniversity,Yanxu Zhang,zhangyx@nju.edu.cn,Gu_2020,37.75540278,100.1082139,NA,NA,Alpinemeadow,10,20,15,-999,-999,-999,CN,2.7,-999,DMA,46.62796667,-999,1.726961728,-999,-999,-999,NA,LT,0,0
Q080,Qinghai_Tibean_Plateau,CHINA,Q080,2013-08-01,NAnjingUniversity,Yanxu Zhang,zhangyx@nju.edu.cn,Gu_2020,37.75540278,100.1082139,NA,NA,Alpinemeadow,50,70,60,-999,-999,-999,CN,1.8,-999,DMA,31.4375,-999,1.746527778,-999,-999,-999,NA,LT,0,0
Q080,Qinghai_Tibean_Plateau,CHINA,Q080,2013-08-01,NAnjingUniversity,Yanxu Zhang,zhangyx@nju.edu.cn,Gu_2020,37.75540278,100.1082139,NA,NA,Alpinemeadow,150,200,175,-999,-999,-999,CN,1.3,-999,DMA,18.99383333,-999,1.461064103,-999,-999,-999,NA,LT,0,0
Q080,Qinghai_Tibean_Plateau,CHINA,Q080,2013-08-01,NAnjingUniversity,Yanxu Zhang,zhangyx@nju.edu.cn,Gu_2020,37.75540278,100.1082139,NA,NA,Alpinemeadow,250,300,275,-999,-999,-999,CN,1.1,-999,DMA,18.7607,-999,1.705518182,-999,-999,-999,NA,LT,0,0
Q079,Qinghai_Tibean_Plateau,CHINA,Q079,2013-08-01,NAnjingUniversity,Yanxu Zhang,zhangyx@nju.edu.cn,Gu_2020,37.7626,100.0849889,NA,NA,Alpinemeadow,0,10,5,-999,-999,-999,CN,2.7,-999,DMA,36.3781,-999,1.347337037,-999,-999,-999,NA,LT,0,0
Q079,Qinghai_Tibean_Plateau,CHINA,Q079,2013-08-01,NAnjingUniversity,Yanxu Zhang,zhangyx@nju.edu.cn,Gu_2020,37.7626,100.0849889,NA,NA,Alpinemeadow,10,20,15,-999,-999,-999,CN,2.7,-999,DMA,37.451,-999,1.387074074,-999,-999,-999,NA,LT,0,0
Q079,Qinghai_Tibean_Plateau,CHINA,Q079,2013-08-01,NAnjingUniversity,Yanxu Zhang,zhangyx@nju.edu.cn,Gu_2020,37.7626,100.0849889,NA,NA,Alpinemeadow,50,70,60,-999,-999,-999,CN,1.8,-999,DMA,24.04876667,-999,1.336042593,-999,-999,-999,NA,LT,0,0
Q079,Qinghai_Tibean_Plateau,CHINA,Q079,2013-08-01,NAnjingUniversity,Yanxu Zhang,zhangyx@nju.edu.cn,Gu_2020,37.7626,100.0849889,NA,NA,Alpinemeadow,150,200,175,-999,-999,-999,CN,1.3,-999,DMA,21.94116667,-999,1.687782051,-999,-999,-999,NA,LT,0,0
Q079,Qinghai_Tibean_Plateau,CHINA,Q079,2013-08-01,NAnjingUniversity,Yanxu Zhang,zhangyx@nju.edu.cn,Gu_2020,37.7626,100.0849889,NA,NA,Alpinemeadow,250,300,275,-999,-999,-999,CN,1.1,-999,DMA,37.05423333,-999,3.368566667,-999,-999,-999,NA,LT,0,0
Bayelva,Svalbard,NORWAY,B_Mineral,2014-08-01,Norwegian_University_of_Science_and_Technology,Katharina_Halbach,katharina.halbach@ufz.de,Halbach_2017,78.91442,11.982611,Regosolic_Cryosol,B,"bryophytes,_lichens,_grasses,_sedges",-999,-999,20,-999,-999,0,LOI,11,6,ICP-MS,29.4,1.6,0.27,-999,-999,-999,Individual Mineral Site,LT,0,0
Bayelva,Svalbard,NORWAY,B_surface,2014-08-01,Norwegian_University_of_Science_and_Technology,Katharina_Halbach,katharina.halbach@ufz.de,Halbach_2017,78.91442,11.982611,Regosolic_Cryosol,O,"bryophytes,_lichens,_grasses,_sedges",0,5,2.5,-999,-999,1,LOI,59,14,ICP-MS,122,43,0.21,-999,-999,-999,Individual Surface site,LT,0,0
Adventdalen,Svalbard,NORWAY,B_surface,2014-08-01,Norwegian_University_of_Science_and_Technology,Katharina_Halbach,katharina.halbach@ufz.de,Halbach_2017,78.197573,15.73087,Leptic_Cryosol,O,"bryophytes,_lichens,_grasses,_sedges",0,5,2.5,-999,-999,0,LOI,59,14,ICP-MS,110,34,0.19,-999,-999,-999,Individual Surface site,LT,0,0
Adventdalen,Svalbard,NORWAY,A_Mineral,2014-08-01,Norwegian_University_of_Science_and_Technology,Katharina_Halbach,katharina.halbach@ufz.de,Halbach_2017,78.197573,15.73087,Leptic_Cryosol,B,"bryophytes,_lichens,_grasses,_sedges",-999,-999,20,-999,-999,0,LOI,11,6,ICP-MS,30,6.8,0.27,-999,-999,-999,Individual Mineral Site,LT,0,0
South_slope,Tibet,CHINA,S-c01,2013-04-01,ChineseAcademyofSciences,JieHuang,huangjie@itpcas.ac.cn,Huang_2020,27.88144,86.10611,NA,NA,"moss,lichen,grass",0,5,2.5,-999,-999,-999,ElementalANAlyzer,0.49,-999,DMA,111.05,-999,22.66326531,-999,-999,-999,NA,LT,0,0
South_slope,Tibet,CHINA,S-106,2013-04-01,ChineseAcademyofSciences,JieHuang,huangjie@itpcas.ac.cn,Huang_2020,27.89655,86.37124,NA,NA,"moss,lichen,grass",0,5,2.5,-999,-999,-999,ElementalANAlyzer,1.7,-999,DMA,32.7,-999,1.923529412,-999,-999,-999,NA,LT,0,0
South_slope,Tibet,CHINA,S-c02,2013-04-01,ChineseAcademyofSciences,JieHuang,huangjie@itpcas.ac.cn,Huang_2020,27.93524,86.27097,NA,NA,"moss,lichen,grass",0,5,2.5,-999,-999,-999,ElementalANAlyzer,0.94,-999,DMA,39.49,-999,4.20106383,-999,-999,-999,NA,LT,0,0
South_slope,Tibet,CHINA,S-111,2013-04-01,ChineseAcademyofSciences,JieHuang,huangjie@itpcas.ac.cn,Huang_2020,27.99682,85.91801,NA,NA,"moss,lichen,grass",0,5,2.5,-999,-999,-999,ElementalANAlyzer,0.69,-999,DMA,53.29,-999,7.723188406,-999,-999,-999,NA,LT,0,0
South_slope,Tibet,CHINA,S-102,2013-04-01,ChineseAcademyofSciences,JieHuang,huangjie@itpcas.ac.cn,Huang_2020,28.06741,85.80323,NA,NA,"moss,lichen,grass",0,5,2.5,-999,-999,-999,ElementalANAlyzer,3.08,-999,DMA,62.25,-999,2.021103896,-999,-999,-999,NA,LT,0,0
South_slope,Tibet,CHINA,S-c07,2013-04-01,ChineseAcademyofSciences,JieHuang,huangjie@itpcas.ac.cn,Huang_2020,28.073,86.0716,NA,NA,"moss,lichen,grass",0,5,2.5,-999,-999,-999,ElementalANAlyzer,0.82,-999,DMA,38.12,-999,4.648780488,-999,-999,-999,NA,LT,0,0
South_slope,Tibet,CHINA,S-100,2013-04-01,ChineseAcademyofSciences,JieHuang,huangjie@itpcas.ac.cn,Huang_2020,28.08435,85.67847,NA,NA,"moss,lichen,grass",0,5,2.5,-999,-999,-999,ElementalANAlyzer,1.9,-999,DMA,43.25,-999,2.276315789,-999,-999,-999,NA,LT,0,0
South_slope,Tibet,CHINA,S-092,2013-04-01,ChineseAcademyofSciences,JieHuang,huangjie@itpcas.ac.cn,Huang_2020,28.10483,85.57663,NA,NA,"moss,lichen,grass",0,5,2.5,-999,-999,-999,ElementalANAlyzer,1.17,-999,DMA,34.86,-999,2.979487179,-999,-999,-999,NA,LT,0,0
South_slope,Tibet,CHINA,S-88,2013-04-01,ChineseAcademyofSciences,JieHuang,huangjie@itpcas.ac.cn,Huang_2020,28.16536,85.44064,NA,NA,"moss,lichen,grass",0,5,2.5,-999,-999,-999,ElementalANAlyzer,2.31,-999,DMA,43.37,-999,1.877489177,-999,-999,-999,NA,LT,0,0
South_slope,Tibet,CHINA,S-74,2013-04-01,ChineseAcademyofSciences,JieHuang,huangjie@itpcas.ac.cn,Huang_2020,28.19198,85.23744,NA,NA,"moss,lichen,grass",0,5,2.5,-999,-999,-999,ElementalANAlyzer,1.94,-999,DMA,51.12,-999,2.635051546,-999,-999,-999,NA,LT,0,0
South_slope,Tibet,CHINA,S-69,2013-04-01,ChineseAcademyofSciences,JieHuang,huangjie@itpcas.ac.cn,Huang_2020,28.22177,85.18582,NA,NA,"moss,lichen,grass",0,5,2.5,-999,-999,-999,ElementalANAlyzer,1.82,-999,DMA,49.38,-999,2.713186813,-999,-999,-999,NA,LT,0,0
South_slope,Tibet,CHINA,S-82,2013-04-01,ChineseAcademyofSciences,JieHuang,huangjie@itpcas.ac.cn,Huang_2020,28.23316,85.37781,NA,NA,"moss,lichen,grass",0,5,2.5,-999,-999,-999,ElementalANAlyzer,3.43,-999,DMA,52.75,-999,1.537900875,-999,-999,-999,NA,LT,0,0
South_slope,Tibet,CHINA,S-68,2013-04-01,ChineseAcademyofSciences,JieHuang,huangjie@itpcas.ac.cn,Huang_2020,28.25271,85.10646,NA,NA,"moss,lichen,grass",0,5,2.5,-999,-999,-999,ElementalANAlyzer,1.87,-999,DMA,70.51,-999,3.770588235,-999,-999,-999,NA,LT,0,0
South_slope,Tibet,CHINA,S-67,2013-04-01,ChineseAcademyofSciences,JieHuang,huangjie@itpcas.ac.cn,Huang_2020,28.30563,84.97252,NA,NA,"moss,lichen,grass",0,5,2.5,-999,-999,-999,ElementalANAlyzer,1.01,-999,DMA,32.46,-999,3.213861386,-999,-999,-999,NA,LT,0,0
South_slope,Tibet,CHINA,S-36,2013-04-01,ChineseAcademyofSciences,JieHuang,huangjie@itpcas.ac.cn,Huang_2020,28.32989,84.73946,NA,NA,"moss,lichen,grass",0,5,2.5,-999,-999,-999,ElementalANAlyzer,0.82,-999,DMA,82.95,-999,10.11585366,-999,-999,-999,NA,LT,0,0
South_slope,Tibet,CHINA,S-18,2013-04-01,ChineseAcademyofSciences,JieHuang,huangjie@itpcas.ac.cn,Huang_2020,28.42089,83.93153,NA,NA,"moss,lichen,grass",0,5,2.5,-999,-999,-999,ElementalANAlyzer,1.97,-999,DMA,255.4,-999,12.96446701,-999,-999,-999,NA,LT,0,0
North_slope,Tibet,CHINA,N-28,2013-04-01,ChineseAcademyofSciences,JieHuang,huangjie@itpcas.ac.cn,Huang_2020,28.42444,85.27353,NA,NA,"moss,lichen,grass",0,5,2.5,-999,-999,-999,ElementalANAlyzer,2.12,-999,DMA,23.63,-999,1.114622642,-999,-999,-999,NA,LT,0,0
South_slope,Tibet,CHINA,S-19,2013-04-01,ChineseAcademyofSciences,JieHuang,huangjie@itpcas.ac.cn,Huang_2020,28.42453,84.19053,NA,NA,"moss,lichen,grass",0,5,2.5,-999,-999,-999,ElementalANAlyzer,1.65,-999,DMA,122.99,-999,7.453939394,-999,-999,-999,NA,LT,0,0
South_slope,Tibet,CHINA,S-28,2013-04-01,ChineseAcademyofSciences,JieHuang,huangjie@itpcas.ac.cn,Huang_2020,28.42472,84.50116,NA,NA,"moss,lichen,grass",0,5,2.5,-999,-999,-999,ElementalANAlyzer,2.42,-999,DMA,69.25,-999,2.861570248,-999,-999,-999,NA,LT,0,0
South_slope,Tibet,CHINA,S-8,2013-04-01,ChineseAcademyofSciences,JieHuang,huangjie@itpcas.ac.cn,Huang_2020,28.46658,83.77388,NA,NA,"moss,lichen,grass",0,5,2.5,-999,-999,-999,ElementalANAlyzer,2.47,-999,DMA,83.98,-999,3.4,-999,-999,-999,NA,LT,0,0
South_slope,Tibet,CHINA,S-24,2013-04-01,ChineseAcademyofSciences,JieHuang,huangjie@itpcas.ac.cn,Huang_2020,28.47783,84.33696,NA,NA,"moss,lichen,grass",0,5,2.5,-999,-999,-999,ElementalANAlyzer,1.27,-999,DMA,141.85,-999,11.16929134,-999,-999,-999,NA,LT,0,0
South_slope,Tibet,CHINA,S-3,2013-04-01,ChineseAcademyofSciences,JieHuang,huangjie@itpcas.ac.cn,Huang_2020,28.62189,83.71774,NA,NA,"moss,lichen,grass",0,5,2.5,-999,-999,-999,ElementalANAlyzer,1.67,-999,DMA,42.57,-999,2.549101796,-999,-999,-999,NA,LT,0,0
North_slope,Tibet,CHINA,N-17,2013-04-01,ChineseAcademyofSciences,JieHuang,huangjie@itpcas.ac.cn,Huang_2020,28.75363,85.59806,NA,NA,"moss,lichen,grass",0,5,2.5,-999,-999,-999,ElementalANAlyzer,3.32,-999,DMA,25.18,-999,0.758433735,-999,-999,-999,NA,LT,0,0
North_slope,Tibet,CHINA,N-45,2013-04-01,ChineseAcademyofSciences,JieHuang,huangjie@itpcas.ac.cn,Huang_2020,29.12762,87.56786,NA,NA,"moss,lichen,grass",0,5,2.5,-999,-999,-999,ElementalANAlyzer,3.2,-999,DMA,33.06,-999,1.033125,-999,-999,-999,NA,LT,0,0
North_slope,Tibet,CHINA,N-43,2013-04-01,ChineseAcademyofSciences,JieHuang,huangjie@itpcas.ac.cn,Huang_2020,29.14432,90.38435,NA,NA,"moss,lichen,grass",0,5,2.5,-999,-999,-999,ElementalANAlyzer,0.84,-999,DMA,38.15,-999,4.541666667,-999,-999,-999,NA,LT,0,0
North_slope,Tibet,CHINA,N-31,2013-04-01,ChineseAcademyofSciences,JieHuang,huangjie@itpcas.ac.cn,Huang_2020,29.16916,85.36332,NA,NA,"moss,lichen,grass",0,5,2.5,-999,-999,-999,ElementalANAlyzer,1.17,-999,DMA,23.58,-999,2.015384615,-999,-999,-999,NA,LT,0,0
North_slope,Tibet,CHINA,N-11,2013-04-01,ChineseAcademyofSciences,JieHuang,huangjie@itpcas.ac.cn,Huang_2020,29.33943,85.23163,NA,NA,"moss,lichen,grass",0,5,2.5,-999,-999,-999,ElementalANAlyzer,1.43,-999,DMA,31.67,-999,2.214685315,-999,-999,-999,NA,LT,0,0
North_slope,Tibet,CHINA,N-07,2013-04-01,ChineseAcademyofSciences,JieHuang,huangjie@itpcas.ac.cn,Huang_2020,29.39259,85.51338,NA,NA,"moss,lichen,grass",0,5,2.5,-999,-999,-999,ElementalANAlyzer,1.48,-999,DMA,33.92,-999,2.291891892,-999,-999,-999,NA,LT,0,0
North_slope,Tibet,CHINA,N-03,2013-04-01,ChineseAcademyofSciences,JieHuang,huangjie@itpcas.ac.cn,Huang_2020,30.28776,90.29453,NA,NA,"moss,lichen,grass",0,5,2.5,-999,-999,-999,ElementalANAlyzer,0.97,-999,DMA,42.94,-999,4.426804124,-999,-999,-999,NA,LT,0,0
North_slope,Tibet,CHINA,N-12,2013-04-01,ChineseAcademyofSciences,JieHuang,huangjie@itpcas.ac.cn,Huang_2020,33.54532,91.17325,NA,NA,"moss,lichen,grass",0,5,2.5,-999,-999,-999,ElementalANAlyzer,0.72,-999,DMA,57.52,-999,7.988888889,-999,-999,-999,NA,LT,0,0
North_slope,Tibet,CHINA,N-13,2013-04-01,ChineseAcademyofSciences,JieHuang,huangjie@itpcas.ac.cn,Huang_2020,33.55532,91.18323,NA,NA,"moss,lichen,grass",0,5,2.5,-999,-999,-999,ElementalANAlyzer,2.42,-999,DMA,118.3,-999,4.888429752,-999,-999,-999,NA,LT,0,0
H2,Svalbard,NORWAY,H2-1,NA,NA,NA,NA,Jiang_2011,78.916667,11.933333,NA,NA,NA,NA,NA,1,-999,-999,-999,NA,7.274892,-999,NA,47.95,-999,0.6591026,-999,-999,-999,NA,KS,0,0
H2,Svalbard,NORWAY,H2-2,NA,NA,NA,NA,Jiang_2011,78.916667,11.933333,NA,NA,NA,NA,NA,2,-999,-999,-999,NA,5.705628,-999,NA,45.8,-999,0.8026461,-999,-999,-999,NA,KS,0,0
H2,Svalbard,NORWAY,H2-6,NA,NA,NA,NA,Jiang_2011,78.916667,11.933333,NA,NA,NA,NA,NA,5.9,-999,-999,-999,NA,5.45671,-999,NA,36.38,-999,0.6667204,-999,-999,-999,NA,KS,0,0
H2,Svalbard,NORWAY,H2-3,NA,NA,NA,NA,Jiang_2011,78.916667,11.933333,NA,NA,NA,NA,NA,3,-999,-999,-999,NA,5.402597,-999,NA,37.47,-999,0.6935368,-999,-999,-999,NA,KS,0,0
H2,Svalbard,NORWAY,H2-16,NA,NA,NA,NA,Jiang_2011,78.916667,11.933333,NA,NA,NA,NA,NA,16.4,-999,-999,-999,NA,5.229437,-999,NA,30.09,-999,0.5753774,-999,-999,-999,NA,KS,0,0
H2,Svalbard,NORWAY,H2-7,NA,NA,NA,NA,Jiang_2011,78.916667,11.933333,NA,NA,NA,NA,NA,7,-999,-999,-999,NA,4.980519,-999,NA,35.44,-999,0.7115122,-999,-999,-999,NA,KS,0,0
H2,Svalbard,NORWAY,H2-4,NA,NA,NA,NA,Jiang_2011,78.916667,11.933333,NA,NA,NA,NA,NA,3.9,-999,-999,-999,NA,4.904762,-999,NA,39.34,-999,0.8021592,-999,-999,-999,NA,KS,0,0
H2,Svalbard,NORWAY,H2-13,NA,NA,NA,NA,Jiang_2011,78.916667,11.933333,NA,NA,NA,NA,NA,12.8,-999,-999,-999,NA,4.590909,-999,NA,NA,-999,-999,-999,-999,-999,NA,KS,1,1
H2,Svalbard,NORWAY,H2-8,NA,NA,NA,NA,Jiang_2011,78.916667,11.933333,NA,NA,NA,NA,NA,7.8,-999,-999,-999,NA,4.558442,-999,NA,33.89,-999,0.7434119,-999,-999,-999,NA,KS,0,0
H2,Svalbard,NORWAY,H2-9,NA,NA,NA,NA,Jiang_2011,78.916667,11.933333,NA,NA,NA,NA,NA,9,-999,-999,-999,NA,4.493506,-999,NA,34.82,-999,0.774896,-999,-999,-999,NA,KS,0,0
H2,Svalbard,NORWAY,H2-12,NA,NA,NA,NA,Jiang_2011,78.916667,11.933333,NA,NA,NA,NA,NA,11.8,-999,-999,-999,NA,4.493506,-999,NA,34.61,-999,0.7701781,-999,-999,-999,NA,KS,0,0
H2,Svalbard,NORWAY,H2-14,NA,NA,NA,NA,Jiang_2011,78.916667,11.933333,NA,NA,NA,NA,NA,14.2,-999,-999,-999,NA,4.428571,-999,NA,29.56,-999,0.6675517,-999,-999,-999,NA,KS,0,0
H2,Svalbard,NORWAY,H2-5,NA,NA,NA,NA,Jiang_2011,78.916667,11.933333,NA,NA,NA,NA,NA,4.9,-999,-999,-999,NA,4.396104,-999,NA,40.55,-999,0.9223394,-999,-999,-999,NA,KS,0,0
H2,Svalbard,NORWAY,H2-18,NA,NA,NA,NA,Jiang_2011,78.916667,11.933333,NA,NA,NA,NA,NA,18.2,-999,-999,-999,NA,4.331169,-999,NA,32.7,-999,0.7549463,-999,-999,-999,NA,KS,0,0
H2,Svalbard,NORWAY,H2-15,NA,NA,NA,NA,Jiang_2011,78.916667,11.933333,NA,NA,NA,NA,NA,15.4,-999,-999,-999,NA,4.190476,-999,NA,NA,-999,-999,-999,-999,-999,NA,KS,1,1
H2,Svalbard,NORWAY,H2-17,NA,NA,NA,NA,Jiang_2011,78.916667,11.933333,NA,NA,NA,NA,NA,17,-999,-999,-999,NA,4.168831,-999,NA,31.16,-999,0.7474278,-999,-999,-999,NA,KS,0,0
H2,Svalbard,NORWAY,H2-10,NA,NA,NA,NA,Jiang_2011,78.916667,11.933333,NA,NA,NA,NA,NA,9.8,-999,-999,-999,NA,4.071429,-999,NA,NA,-999,-999,-999,-999,-999,NA,KS,1,1
H2,Svalbard,NORWAY,H2-11,NA,NA,NA,NA,Jiang_2011,78.916667,11.933333,NA,NA,NA,NA,NA,10.9,-999,-999,-999,NA,3.811688,-999,NA,NA,-999,-999,-999,-999,-999,NA,KS,1,1
H2,Svalbard,NORWAY,H2-19,NA,NA,NA,NA,Jiang_2011,78.916667,11.933333,NA,NA,NA,NA,NA,20.1,-999,-999,-999,NA,3.757576,-999,NA,30.81,-999,0.8199169,-999,-999,-999,NA,KS,0,0
H2,Svalbard,NORWAY,H2-20,NA,NA,NA,NA,Jiang_2011,78.916667,11.933333,NA,NA,NA,NA,NA,22.1,-999,-999,-999,NA,3.735931,-999,NA,27.44,-999,0.7345692,-999,-999,-999,NA,KS,0,0
H2,Svalbard,NORWAY,H2-22,NA,NA,NA,NA,Jiang_2011,78.916667,11.933333,NA,NA,NA,NA,NA,25,-999,-999,-999,NA,3.735931,-999,NA,29.11,-999,0.7791364,-999,-999,-999,NA,KS,0,0
H2,Svalbard,NORWAY,H2-21,NA,NA,NA,NA,Jiang_2011,78.916667,11.933333,NA,NA,NA,NA,NA,23.3,-999,-999,-999,NA,3.638528,-999,NA,28.31,-999,0.7780894,-999,-999,-999,NA,KS,0,0
H2,Svalbard,NORWAY,H2-23,NA,NA,NA,NA,Jiang_2011,78.916667,11.933333,NA,NA,NA,NA,NA,27.2,-999,-999,-999,NA,3.530303,-999,NA,NA,-999,-999,-999,-999,-999,NA,KS,1,1
H2,Svalbard,NORWAY,H2-25,NA,NA,NA,NA,Jiang_2011,78.916667,11.933333,NA,NA,NA,NA,NA,31,-999,-999,-999,NA,3.497835,-999,NA,28.54,-999,0.8159905,-999,-999,-999,NA,KS,0,0
H2,Svalbard,NORWAY,H2-36,NA,NA,NA,NA,Jiang_2011,78.916667,11.933333,NA,NA,NA,NA,NA,53,-999,-999,-999,NA,3.454546,-999,NA,20.92,-999,0.6055499,-999,-999,-999,NA,KS,0,0
H2,Svalbard,NORWAY,H2-26,NA,NA,NA,NA,Jiang_2011,78.916667,11.933333,NA,NA,NA,NA,NA,33.1,-999,-999,-999,NA,3.422078,-999,NA,22.76,-999,0.665093,-999,-999,-999,NA,KS,0,0
H2,Svalbard,NORWAY,H2-24,NA,NA,NA,NA,Jiang_2011,78.916667,11.933333,NA,NA,NA,NA,NA,29.2,-999,-999,-999,NA,3.367966,-999,NA,23.52,-999,0.6982553,-999,-999,-999,NA,KS,0,0
H2,Svalbard,NORWAY,H2-27,NA,NA,NA,NA,Jiang_2011,78.916667,11.933333,NA,NA,NA,NA,NA,35.1,-999,-999,-999,NA,3.367966,-999,NA,21.41,-999,0.6356359,-999,-999,-999,NA,KS,0,0
H2,Svalbard,NORWAY,H2-28,NA,NA,NA,NA,Jiang_2011,78.916667,11.933333,NA,NA,NA,NA,NA,37,-999,-999,-999,NA,3.30303,-999,NA,NA,-999,-999,-999,-999,-999,NA,KS,1,1
H2,Svalbard,NORWAY,H2-38,NA,NA,NA,NA,Jiang_2011,78.916667,11.933333,NA,NA,NA,NA,NA,57.1,-999,-999,-999,NA,3.292208,-999,NA,25.8,-999,0.7836686,-999,-999,-999,NA,KS,0,0
H2,Svalbard,NORWAY,H2-37,NA,NA,NA,NA,Jiang_2011,78.916667,11.933333,NA,NA,NA,NA,NA,55.1,-999,-999,-999,NA,3.281385,-999,NA,25.74,-999,0.7844858,-999,-999,-999,NA,KS,0,0
H2,Svalbard,NORWAY,H2-29,NA,NA,NA,NA,Jiang_2011,78.916667,11.933333,NA,NA,NA,NA,NA,39,-999,-999,-999,NA,3.21645,-999,NA,26.83,-999,0.8340251,-999,-999,-999,NA,KS,0,0
H2,Svalbard,NORWAY,H2-31,NA,NA,NA,NA,Jiang_2011,78.916667,11.933333,NA,NA,NA,NA,NA,43.1,-999,-999,-999,NA,3.205628,-999,NA,21.3,-999,0.6645188,-999,-999,-999,NA,KS,0,0
H2,Svalbard,NORWAY,H2-33,NA,NA,NA,NA,Jiang_2011,78.916667,11.933333,NA,NA,NA,NA,NA,47.2,-999,-999,-999,NA,3.194805,-999,NA,21.69,-999,0.6788208,-999,-999,-999,NA,KS,0,0
H2,Svalbard,NORWAY,H2-35,NA,NA,NA,NA,Jiang_2011,78.916667,11.933333,NA,NA,NA,NA,NA,51,-999,-999,-999,NA,3.194805,-999,NA,24.55,-999,0.7685289,-999,-999,-999,NA,KS,0,0
H2,Svalbard,NORWAY,H2-32,NA,NA,NA,NA,Jiang_2011,78.916667,11.933333,NA,NA,NA,NA,NA,44.9,-999,-999,-999,NA,3.140693,-999,NA,24.45,-999,0.7784269,-999,-999,-999,NA,KS,0,0
H2,Svalbard,NORWAY,H2-30,NA,NA,NA,NA,Jiang_2011,78.916667,11.933333,NA,NA,NA,NA,NA,41.1,-999,-999,-999,NA,3.12987,-999,NA,21.25,-999,0.6787822,-999,-999,-999,NA,KS,0,0
H2,Svalbard,NORWAY,H2-34,NA,NA,NA,NA,Jiang_2011,78.916667,11.933333,NA,NA,NA,NA,NA,49,-999,-999,-999,NA,3.119048,-999,NA,21.61,-999,0.6928396,-999,-999,-999,NA,KS,0,0
100_km,Holmsvattnet,SWEDEN,100_km-2,NA,NA,NA,NA,Klaminder_2008,64.435332,17.599958,NA,O,NA,0.5,1,0.8,-999,-999,-999,NA,50.980392,-999,NA,137.47,-999,0.2696488,-999,-999,-999,NA,KS,0,0
100_km,Holmsvattnet,SWEDEN,100_km-1,NA,NA,NA,NA,Klaminder_2008,64.435332,17.599958,NA,O,NA,0,0.5,0.3,-999,-999,-999,NA,48.039215,-999,NA,98.97,-999,0.206015,-999,-999,-999,NA,KS,0,0
100_km,Holmsvattnet,SWEDEN,100_km-6,NA,NA,NA,NA,Klaminder_2008,64.435332,17.599958,NA,O,NA,2.5,3,2.8,-999,-999,-999,NA,46.358543,-999,NA,202.24,-999,0.4362454,-999,-999,-999,NA,KS,0,0
100_km,Holmsvattnet,SWEDEN,100_km-8,NA,NA,NA,NA,Klaminder_2008,64.435332,17.599958,NA,A,NA,3.5,4,3.8,-999,-999,-999,NA,40.056023,-999,NA,208.01,-999,0.5192927,-999,-999,-999,NA,KS,0,0
100_km,Holmsvattnet,SWEDEN,100_km-3,NA,NA,NA,NA,Klaminder_2008,64.435332,17.599958,NA,O,NA,1,1.5,1.3,-999,-999,-999,NA,NA,-999,NA,239.69,-999,-999,-999,-999,-999,NA,KS,0,0
100_km,Holmsvattnet,SWEDEN,100_km-4,NA,NA,NA,NA,Klaminder_2008,64.435332,17.599958,NA,O,NA,1.5,2,1.8,-999,-999,-999,NA,NA,-999,NA,191.49,-999,-999,-999,-999,-999,NA,KS,0,0
100_km,Holmsvattnet,SWEDEN,100_km-5,NA,NA,NA,NA,Klaminder_2008,64.435332,17.599958,NA,O,NA,2,2.5,2.3,-999,-999,-999,NA,NA,-999,NA,133.08,-999,-999,-999,-999,-999,NA,KS,0,0
100_km,Holmsvattnet,SWEDEN,100_km-7,NA,NA,NA,NA,Klaminder_2008,64.435332,17.599958,NA,O,NA,3,3.5,3.3,-999,-999,-999,NA,NA,-999,NA,220.4,-999,-999,-999,-999,-999,NA,KS,0,0
3_km,Holmsvattnet,SWEDEN,3_km-4,NA,NA,NA,NA,Klaminder_2008,64.68978,20.990126,NA,O,NA,1.5,2,1.8,-999,-999,-999,NA,48.457947,-999,NA,414.84,-999,0.8560825,-999,-999,-999,NA,KS,0,1
3_km,Holmsvattnet,SWEDEN,3_km-3,NA,NA,NA,NA,Klaminder_2008,64.68978,20.990126,NA,O,NA,1,1.5,1.3,-999,-999,-999,NA,48.06793,-999,NA,209.82,-999,0.4365135,-999,-999,-999,NA,KS,0,0
3_km,Holmsvattnet,SWEDEN,3_km-5,NA,NA,NA,NA,Klaminder_2008,64.68978,20.990126,NA,O,NA,2,2.5,2.3,-999,-999,-999,NA,47.176098,-999,NA,816.23,-999,1.7301791,-999,-999,-999,NA,KS,1,1
3_km,Holmsvattnet,SWEDEN,3_km-6,NA,NA,NA,NA,Klaminder_2008,64.68978,20.990126,NA,O,NA,2.5,3,2.8,-999,-999,-999,NA,45.892895,-999,NA,1525.55,-999,3.3241616,-999,-999,-999,NA,KS,1,1
3_km,Holmsvattnet,SWEDEN,3_km-2,NA,NA,NA,NA,Klaminder_2008,64.68978,20.990126,NA,O,NA,0.5,1,0.8,-999,-999,-999,NA,44.920853,-999,NA,134.32,-999,0.2990037,-999,-999,-999,NA,KS,0,0
3_km,Holmsvattnet,SWEDEN,3_km-7,NA,NA,NA,NA,Klaminder_2008,64.68978,20.990126,NA,O,NA,3,3.5,3.3,-999,-999,-999,NA,40.376842,-999,NA,538.38,-999,1.3333807,-999,-999,-999,NA,KS,1,1
3_km,Holmsvattnet,SWEDEN,3_km-9,NA,NA,NA,NA,Klaminder_2008,64.68978,20.990126,NA,A,NA,4,5,4.5,-999,-999,-999,NA,37.706974,-999,NA,161.95,-999,0.4295041,-999,-999,-999,NA,KS,0,0
3_km,Holmsvattnet,SWEDEN,3_km-8,NA,NA,NA,NA,Klaminder_2008,64.68978,20.990126,NA,O,NA,3.5,4,3.8,-999,-999,-999,NA,34.071842,-999,NA,118.17,-999,0.3468348,-999,-999,-999,NA,KS,0,0
3_km,Holmsvattnet,SWEDEN,3_km-1,NA,NA,NA,NA,Klaminder_2008,64.68978,20.990126,NA,O,NA,0,0.5,0.3,-999,-999,-999,NA,NA,-999,NA,366.76,-999,-999,-999,-999,-999,NA,KS,0,1
12_km,Holmsvattnet,SWEDEN,12_km-2,NA,NA,NA,NA,Klaminder_2008,64.825917,20.63092,NA,O,NA,0.5,1,0.8,-999,-999,-999,NA,46.910088,-999,NA,259.86,-999,0.5539469,-999,-999,-999,NA,KS,0,0
12_km,Holmsvattnet,SWEDEN,12_km-3,NA,NA,NA,NA,Klaminder_2008,64.825917,20.63092,NA,O,NA,1,1.5,1.3,-999,-999,-999,NA,45.56921,-999,NA,291.22,-999,0.6390697,-999,-999,-999,NA,KS,0,1
12_km,Holmsvattnet,SWEDEN,12_km-4,NA,NA,NA,NA,Klaminder_2008,64.825917,20.63092,NA,O,NA,1.5,2,1.8,-999,-999,-999,NA,44.851578,-999,NA,591.4,-999,1.3185668,-999,-999,-999,NA,KS,1,1
12_km,Holmsvattnet,SWEDEN,12_km-5,NA,NA,NA,NA,Klaminder_2008,64.825917,20.63092,NA,O,NA,2,2.5,2.3,-999,-999,-999,NA,44.401325,-999,NA,2047.49,-999,4.6113286,-999,-999,-999,NA,KS,1,1
12_km,Holmsvattnet,SWEDEN,12_km-1,NA,NA,NA,NA,Klaminder_2008,64.825917,20.63092,NA,O,NA,0,0.5,0.3,-999,-999,-999,NA,42.358284,-999,NA,67.2,-999,0.1586561,-999,-999,-999,NA,KS,0,0
12_km,Holmsvattnet,SWEDEN,12_km-6,NA,NA,NA,NA,Klaminder_2008,64.825917,20.63092,NA,O,NA,2.5,3,2.8,-999,-999,-999,NA,40.73855,-999,NA,2401.43,-999,5.8947459,-999,-999,-999,NA,KS,1,1
12_km,Holmsvattnet,SWEDEN,12_km-7,NA,NA,NA,NA,Klaminder_2008,64.825917,20.63092,NA,O,NA,3,3.5,3.3,-999,-999,-999,NA,35.378555,-999,NA,1290.32,-999,3.6471897,-999,-999,-999,NA,KS,1,1
12_km,Holmsvattnet,SWEDEN,12_km-8,NA,NA,NA,NA,Klaminder_2008,64.825917,20.63092,NA,O,NA,3.5,4,3.8,-999,-999,-999,NA,32.069893,-999,NA,824.37,-999,2.5705511,-999,-999,-999,NA,KS,1,1
12_km,Holmsvattnet,SWEDEN,12_km-10,NA,NA,NA,NA,Klaminder_2008,64.825917,20.63092,NA,A,NA,4.5,5,4.8,-999,-999,-999,NA,24.292812,-999,NA,273.3,-999,1.1250159,-999,-999,-999,NA,KS,0,1
12_km,Holmsvattnet,SWEDEN,12_km-9,NA,NA,NA,NA,Klaminder_2008,64.825917,20.63092,NA,O,NA,4,4.5,4.3,-999,-999,-999,NA,20.724743,-999,NA,412.19,-999,1.9888594,-999,-999,-999,NA,KS,0,1
60_km,Holmsvattnet,SWEDEN,60_km-3,NA,NA,NA,NA,Klaminder_2008,65.255713,19.480836,NA,O,NA,1,1.5,1.3,-999,-999,-999,NA,49.73741,-999,NA,336.36,-999,0.6762797,-999,-999,-999,NA,KS,0,1
60_km,Holmsvattnet,SWEDEN,60_km-2,NA,NA,NA,NA,Klaminder_2008,65.255713,19.480836,NA,O,NA,0.5,1,0.8,-999,-999,-999,NA,48.15766,-999,NA,167.68,-999,0.3481814,-999,-999,-999,NA,KS,0,0
60_km,Holmsvattnet,SWEDEN,60_km-5,NA,NA,NA,NA,Klaminder_2008,65.255713,19.480836,NA,O,NA,2,2.5,2.3,-999,-999,-999,NA,40.833668,-999,NA,495.73,-999,1.2140203,-999,-999,-999,NA,KS,0,1
60_km,Holmsvattnet,SWEDEN,60_km-7,NA,NA,NA,NA,Klaminder_2008,65.255713,19.480836,NA,O,NA,3,3.5,3.3,-999,-999,-999,NA,24.769707,-999,NA,206.02,-999,0.8317297,-999,-999,-999,NA,KS,0,0
60_km,Holmsvattnet,SWEDEN,60_km-8,NA,NA,NA,NA,Klaminder_2008,65.255713,19.480836,NA,O,NA,3.5,4,3.8,-999,-999,-999,NA,24.6759,-999,NA,210.24,-999,0.8520216,-999,-999,-999,NA,KS,0,0
60_km,Holmsvattnet,SWEDEN,60_km-9,NA,NA,NA,NA,Klaminder_2008,65.255713,19.480836,NA,A,NA,4,5,4.5,-999,-999,-999,NA,24.298357,-999,NA,169.65,-999,0.6982118,-999,-999,-999,NA,KS,0,0
60_km,Holmsvattnet,SWEDEN,60_km-1,NA,NA,NA,NA,Klaminder_2008,65.255713,19.480836,NA,O,NA,0,0.5,0.3,-999,-999,-999,NA,NA,-999,NA,110.29,-999,-999,-999,-999,-999,NA,KS,0,0
60_km,Holmsvattnet,SWEDEN,60_km-4,NA,NA,NA,NA,Klaminder_2008,65.255713,19.480836,NA,O,NA,1.5,2,1.8,-999,-999,-999,NA,NA,-999,NA,531.82,-999,-999,-999,-999,-999,NA,KS,1,1
60_km,Holmsvattnet,SWEDEN,60_km-6,NA,NA,NA,NA,Klaminder_2008,65.255713,19.480836,NA,O,NA,2.5,3,2.8,-999,-999,-999,NA,NA,-999,NA,370.92,-999,-999,-999,-999,-999,NA,KS,0,1
80_km,Holmsvattnet,SWEDEN,80_km-5,NA,NA,NA,NA,Klaminder_2008,65.273168,18.741214,NA,O,NA,2,2.5,2.3,-999,-999,-999,NA,47.584213,-999,NA,125.75,-999,0.2642746,-999,-999,-999,NA,KS,0,0
80_km,Holmsvattnet,SWEDEN,80_km-1,NA,NA,NA,NA,Klaminder_2008,65.273168,18.741214,NA,O,NA,0,0.5,0.3,-999,-999,-999,NA,44.75968,-999,NA,23.86,-999,0.0533047,-999,-999,-999,NA,KS,0,0
80_km,Holmsvattnet,SWEDEN,80_km-7,NA,NA,NA,NA,Klaminder_2008,65.273168,18.741214,NA,O,NA,3,3.5,3.3,-999,-999,-999,NA,42.801342,-999,NA,30.91,-999,0.0722127,-999,-999,-999,NA,KS,0,0
80_km,Holmsvattnet,SWEDEN,80_km-9,NA,NA,NA,NA,Klaminder_2008,65.273168,18.741214,NA,O,NA,4,4.5,4.3,-999,-999,-999,NA,17.455034,-999,NA,166.08,-999,0.9514447,-999,-999,-999,NA,KS,0,0
80_km,Holmsvattnet,SWEDEN,80_km-10,NA,NA,NA,NA,Klaminder_2008,65.273168,18.741214,NA,A,NA,4.5,5,4.8,-999,-999,-999,NA,17.390265,-999,NA,275.71,-999,1.5854215,-999,-999,-999,NA,KS,0,1
80_km,Holmsvattnet,SWEDEN,80_km-2,NA,NA,NA,NA,Klaminder_2008,65.273168,18.741214,NA,O,NA,0.5,1,0.8,-999,-999,-999,NA,NA,-999,NA,21.24,-999,-999,-999,-999,-999,NA,KS,0,0
80_km,Holmsvattnet,SWEDEN,80_km-3,NA,NA,NA,NA,Klaminder_2008,65.273168,18.741214,NA,O,NA,1,1.5,1.3,-999,-999,-999,NA,NA,-999,NA,21.2,-999,-999,-999,-999,-999,NA,KS,0,0
80_km,Holmsvattnet,SWEDEN,80_km-4,NA,NA,NA,NA,Klaminder_2008,65.273168,18.741214,NA,O,NA,1.5,2,1.8,-999,-999,-999,NA,NA,-999,NA,28.74,-999,-999,-999,-999,-999,NA,KS,0,0
80_km,Holmsvattnet,SWEDEN,80_km-6,NA,NA,NA,NA,Klaminder_2008,65.273168,18.741214,NA,O,NA,2.5,3,2.8,-999,-999,-999,NA,NA,-999,NA,128.18,-999,-999,-999,-999,-999,NA,KS,0,0
80_km,Holmsvattnet,SWEDEN,80_km-8,NA,NA,NA,NA,Klaminder_2008,65.273168,18.741214,NA,O,NA,3.5,4,3.8,-999,-999,-999,NA,NA,-999,NA,214.74,-999,-999,-999,-999,-999,NA,KS,0,0
King_Point,NWT,CANADA,KP,2004-08-13,Freshwater_Institute,Daniel_Leitch,NA,Leitch_2006,69.09188333,-137.9456833,NA,Active_layer,NA,-999,-999,0,-999,-999,-999,NA,NA,-999,HNO3-CVAAS,176.77,-999,-999,-999,54.71,-999,NA,KSP,0,0
King_Point,NWT,CANADA,KP,2004-08-13,Freshwater_Institute,Daniel_Leitch,NA,Leitch_2006,69.09188333,-137.9456833,NA,Active_layer,NA,-999,-999,0.5,-999,-999,-999,NA,NA,-999,HNO3-CVAAS,231.31,-999,-999,-999,-999,-999,NA,KSP,0,0
King_Point,NWT,CANADA,KP,2004-08-13,Freshwater_Institute,Daniel_Leitch,NA,Leitch_2006,69.09188333,-137.9456833,NA,Active_layer,NA,-999,-999,1.33,-999,-999,-999,NA,NA,-999,HNO3-CVAAS,261.63,-999,-999,-999,78.24,-999,NA,KSP,0,1
King_Point,NWT,CANADA,KP,2004-08-13,Freshwater_Institute,Daniel_Leitch,NA,Leitch_2006,69.09188333,-137.9456833,NA,Active_layer,NA,-999,-999,2.66,-999,-999,-999,NA,NA,-999,HNO3-CVAAS,211.14,-999,-999,-999,81.76,-999,NA,KSP,0,0
King_Point,NWT,CANADA,KP,2004-08-13,Freshwater_Institute,Daniel_Leitch,NA,Leitch_2006,69.09188333,-137.9456833,NA,Active_layer,NA,-999,-999,3.98,-999,-999,-999,NA,NA,-999,HNO3-CVAAS,265.71,-999,-999,-999,80,-999,NA,KSP,0,1
King_Point,NWT,CANADA,KP,2004-08-13,Freshwater_Institute,Daniel_Leitch,NA,Leitch_2006,69.09188333,-137.9456833,NA,Active_layer,NA,-999,-999,3.98,-999,-999,-999,NA,NA,-999,HNO3-CVAAS,249.55,-999,-999,-999,80,-999,NA,KSP,0,0
King_Point,NWT,CANADA,KP,2004-08-13,Freshwater_Institute,Daniel_Leitch,NA,Leitch_2006,69.09188333,-137.9456833,NA,Active_layer,NA,-999,-999,5.31,-999,-999,-999,NA,NA,-999,HNO3-CVAAS,180.88,-999,-999,-999,74.12,-999,NA,KSP,0,0
King_Point,NWT,CANADA,KP,2004-08-13,Freshwater_Institute,Daniel_Leitch,NA,Leitch_2006,69.09188333,-137.9456833,NA,Active_layer,NA,-999,-999,5.98,-999,-999,-999,NA,NA,-999,HNO3-CVAAS,273.81,-999,-999,-999,69.41,-999,NA,KSP,0,1
King_Point,NWT,CANADA,KP,2004-08-13,Freshwater_Institute,Daniel_Leitch,NA,Leitch_2006,69.09188333,-137.9456833,NA,Active_layer,NA,-999,-999,5.98,-999,-999,-999,NA,NA,-999,HNO3-CVAAS,118.26,-999,-999,-999,69.41,-999,NA,KSP,0,0
King_Point,NWT,CANADA,KP,2004-08-13,Freshwater_Institute,Daniel_Leitch,NA,Leitch_2006,69.09188333,-137.9456833,NA,Active_layer,NA,-999,-999,8.63,-999,-999,-999,NA,NA,-999,HNO3-CVAAS,106.17,-999,-999,-999,63.53,-999,NA,KSP,0,0
King_Point,NWT,CANADA,KP,2004-08-13,Freshwater_Institute,Daniel_Leitch,NA,Leitch_2006,69.09188333,-137.9456833,NA,Active_layer,NA,-999,-999,11.29,-999,-999,-999,NA,NA,-999,HNO3-CVAAS,180.95,-999,-999,-999,47.06,-999,NA,KSP,0,0
King_Point,NWT,CANADA,KP,2004-08-13,Freshwater_Institute,Daniel_Leitch,NA,Leitch_2006,69.09188333,-137.9456833,NA,Active_layer,NA,-999,-999,11.95,-999,-999,-999,NA,NA,-999,HNO3-CVAAS,83.99,-999,-999,-999,41.18,-999,NA,KSP,0,0
King_Point,NWT,CANADA,KP,2004-08-13,Freshwater_Institute,Daniel_Leitch,NA,Leitch_2006,69.09188333,-137.9456833,NA,Active_layer,NA,-999,-999,13.28,-999,-999,-999,NA,NA,-999,HNO3-CVAAS,102.19,-999,-999,-999,-999,-999,NA,KSP,0,0
King_Point,NWT,CANADA,KP,2004-08-13,Freshwater_Institute,Daniel_Leitch,NA,Leitch_2006,69.09188333,-137.9456833,NA,Active_layer,NA,-999,-999,15.27,-999,-999,-999,NA,NA,-999,HNO3-CVAAS,116.35,-999,-999,-999,51.76,-999,NA,KSP,0,0
King_Point,NWT,CANADA,KP,2004-08-13,Freshwater_Institute,Daniel_Leitch,NA,Leitch_2006,69.09188333,-137.9456833,NA,Active_layer,NA,-999,-999,15.93,-999,-999,-999,NA,NA,-999,HNO3-CVAAS,92.12,-999,-999,-999,47.65,-999,NA,KSP,0,0
King_Point,NWT,CANADA,KP,2004-08-13,Freshwater_Institute,Daniel_Leitch,NA,Leitch_2006,69.09188333,-137.9456833,NA,Active_layer,NA,-999,-999,18.59,-999,-999,-999,NA,NA,-999,HNO3-CVAAS,98.21,-999,-999,-999,40,-999,NA,KSP,0,0
King_Point,NWT,CANADA,KP,2004-08-13,Freshwater_Institute,Daniel_Leitch,NA,Leitch_2006,69.09188333,-137.9456833,NA,Active_layer,NA,-999,-999,22.57,-999,-999,-999,NA,NA,-999,HNO3-CVAAS,96.24,-999,-999,-999,44.12,-999,NA,KSP,0,0
King_Point,NWT,CANADA,KP,2004-08-13,Freshwater_Institute,Daniel_Leitch,NA,Leitch_2006,69.09188333,-137.9456833,NA,Active_layer,NA,-999,-999,25.89,-999,-999,-999,NA,NA,-999,HNO3-CVAAS,96.29,-999,-999,-999,46.47,-999,NA,KSP,0,0
King_Point,NWT,CANADA,KP,2004-08-13,Freshwater_Institute,Daniel_Leitch,NA,Leitch_2006,69.09188333,-137.9456833,NA,Active_layer,NA,-999,-999,27.88,-999,-999,-999,NA,NA,-999,HNO3-CVAAS,88.23,-999,-999,-999,52.94,-999,NA,KSP,0,0
King_Point,NWT,CANADA,KP,2004-08-13,Freshwater_Institute,Daniel_Leitch,NA,Leitch_2006,69.09188333,-137.9456833,NA,Active_layer,NA,-999,-999,30.54,-999,-999,-999,NA,NA,-999,HNO3-CVAAS,84.22,-999,-999,-999,51.76,-999,NA,KSP,0,0
King_Point,NWT,CANADA,KP,2004-08-13,Freshwater_Institute,Daniel_Leitch,NA,Leitch_2006,69.09188333,-137.9456833,NA,Active_layer,NA,-999,-999,32.53,-999,-999,-999,NA,NA,-999,HNO3-CVAAS,84.25,-999,-999,-999,55.88,-999,NA,KSP,0,0
King_Point,NWT,CANADA,KP,2004-08-13,Freshwater_Institute,Daniel_Leitch,NA,Leitch_2006,69.09188333,-137.9456833,NA,Permafrost,NA,-999,-999,35.19,-999,-999,-999,NA,NA,-999,HNO3-CVAAS,88.32,-999,-999,-999,60,-999,NA,KSP,0,0
King_Point,NWT,CANADA,KP,2004-08-13,Freshwater_Institute,Daniel_Leitch,NA,Leitch_2006,69.09188333,-137.9456833,NA,Permafrost,NA,-999,-999,39.17,-999,-999,-999,NA,NA,-999,HNO3-CVAAS,84.33,-999,-999,-999,60,-999,NA,KSP,0,0
King_Point,NWT,CANADA,KP,2004-08-13,Freshwater_Institute,Daniel_Leitch,NA,Leitch_2006,69.09188333,-137.9456833,NA,Permafrost,NA,-999,-999,46.47,-999,-999,-999,NA,NA,-999,HNO3-CVAAS,110.69,-999,-999,-999,74.12,-999,NA,KSP,0,0
King_Point,NWT,CANADA,KP,2004-08-13,Freshwater_Institute,Daniel_Leitch,NA,Leitch_2006,69.09188333,-137.9456833,NA,Permafrost,NA,-999,-999,51.78,-999,-999,-999,NA,NA,-999,HNO3-CVAAS,88.53,-999,-999,-999,45.88,-999,NA,KSP,0,0
King_Point,NWT,CANADA,KP,2004-08-13,Freshwater_Institute,Daniel_Leitch,NA,Leitch_2006,69.09188333,-137.9456833,NA,Permafrost,NA,-999,-999,56.43,-999,-999,-999,NA,NA,-999,HNO3-CVAAS,62.33,-999,-999,-999,44.71,-999,NA,KSP,0,0
King_Point,NWT,CANADA,KP,2004-08-13,Freshwater_Institute,Daniel_Leitch,NA,Leitch_2006,69.09188333,-137.9456833,NA,Permafrost,NA,-999,-999,61.08,-999,-999,-999,NA,NA,-999,HNO3-CVAAS,66.43,-999,-999,-999,48.82,-999,NA,KSP,0,0
King_Point,NWT,CANADA,KP,2004-08-13,Freshwater_Institute,Daniel_Leitch,NA,Leitch_2006,69.09188333,-137.9456833,NA,Permafrost,NA,-999,-999,67.05,-999,-999,-999,NA,NA,-999,HNO3-CVAAS,72.56,-999,-999,-999,44.71,-999,NA,KSP,0,0
King_Point,NWT,CANADA,KP,2004-08-13,Freshwater_Institute,Daniel_Leitch,NA,Leitch_2006,69.09188333,-137.9456833,NA,Permafrost,NA,-999,-999,71.7,-999,-999,-999,NA,NA,-999,HNO3-CVAAS,60.5,-999,-999,-999,44.71,-999,NA,KSP,0,0
King_Point,NWT,CANADA,KP,2004-08-13,Freshwater_Institute,Daniel_Leitch,NA,Leitch_2006,69.09188333,-137.9456833,NA,Permafrost,NA,-999,-999,78.34,-999,-999,-999,NA,NA,-999,HNO3-CVAAS,54.52,-999,-999,-999,41.76,-999,NA,KSP,0,0
King_Point,NWT,CANADA,KP,2004-08-13,Freshwater_Institute,Daniel_Leitch,NA,Leitch_2006,69.09188333,-137.9456833,NA,Permafrost,NA,-999,-999,83.65,-999,-999,-999,NA,NA,-999,HNO3-CVAAS,54.59,-999,-999,-999,48.24,-999,NA,KSP,0,0
King_Point,NWT,CANADA,KP,2004-08-13,Freshwater_Institute,Daniel_Leitch,NA,Leitch_2006,69.09188333,-137.9456833,NA,Permafrost,NA,-999,-999,88.3,-999,-999,-999,NA,NA,-999,HNO3-CVAAS,48.59,-999,-999,-999,34.71,-999,NA,KSP,0,0
King_Point,NWT,CANADA,KP,2004-08-13,Freshwater_Institute,Daniel_Leitch,NA,Leitch_2006,69.09188333,-137.9456833,NA,Permafrost,NA,-999,-999,93.61,-999,-999,-999,NA,NA,-999,HNO3-CVAAS,58.76,-999,-999,-999,35.88,-999,NA,KSP,0,0
King_Point,NWT,CANADA,KP,2004-08-13,Freshwater_Institute,Daniel_Leitch,NA,Leitch_2006,69.09188333,-137.9456833,NA,Permafrost,NA,-999,-999,98.92,-999,-999,-999,NA,NA,-999,HNO3-CVAAS,52.76,-999,-999,-999,34.71,-999,NA,KSP,0,0
King_Point,NWT,CANADA,KP,2004-08-13,Freshwater_Institute,Daniel_Leitch,NA,Leitch_2006,69.09188333,-137.9456833,NA,Permafrost,NA,-999,-999,104.23,-999,-999,-999,NA,NA,-999,HNO3-CVAAS,54.85,-999,-999,-999,31.18,-999,NA,KSP,0,0
King_Point,NWT,CANADA,KP,2004-08-13,Freshwater_Institute,Daniel_Leitch,NA,Leitch_2006,69.09188333,-137.9456833,NA,Permafrost,NA,-999,-999,108.88,-999,-999,-999,NA,NA,-999,HNO3-CVAAS,71.07,-999,-999,-999,52.35,-999,NA,KSP,0,0
King_Point,NWT,CANADA,KP,2004-08-13,Freshwater_Institute,Daniel_Leitch,NA,Leitch_2006,69.09188333,-137.9456833,NA,Permafrost,NA,-999,-999,114.19,-999,-999,-999,NA,NA,-999,HNO3-CVAAS,93.36,-999,-999,-999,34.12,-999,NA,KSP,0,0
King_Point,NWT,CANADA,KP,2004-08-13,Freshwater_Institute,Daniel_Leitch,NA,Leitch_2006,69.09188333,-137.9456833,NA,Permafrost,NA,-999,-999,120.17,-999,-999,-999,NA,NA,-999,HNO3-CVAAS,93.44,-999,-999,-999,33.53,-999,NA,KSP,0,0
King_Point,NWT,CANADA,KP,2004-08-13,Freshwater_Institute,Daniel_Leitch,NA,Leitch_2006,69.09188333,-137.9456833,NA,Permafrost,NA,-999,-999,125.48,-999,-999,-999,NA,NA,-999,HNO3-CVAAS,97.54,-999,-999,-999,37.65,-999,NA,KSP,0,0
King_Point,NWT,CANADA,KP,2004-08-13,Freshwater_Institute,Daniel_Leitch,NA,Leitch_2006,69.09188333,-137.9456833,NA,Permafrost,NA,-999,-999,130.12,-999,-999,-999,NA,NA,-999,HNO3-CVAAS,91.54,-999,-999,-999,49.41,-999,NA,KSP,0,0
King_Point,NWT,CANADA,KP,2004-08-13,Freshwater_Institute,Daniel_Leitch,NA,Leitch_2006,69.09188333,-137.9456833,NA,Permafrost,NA,-999,-999,134.77,-999,-999,-999,NA,NA,-999,HNO3-CVAAS,89.58,-999,-999,-999,45.29,-999,NA,KSP,0,0
King_Point,NWT,CANADA,KP,2004-08-13,Freshwater_Institute,Daniel_Leitch,NA,Leitch_2006,69.09188333,-137.9456833,NA,Permafrost,NA,-999,-999,138.76,-999,-999,-999,NA,NA,-999,HNO3-CVAAS,93.67,-999,-999,-999,-999,-999,NA,KSP,0,0
King_Point,NWT,CANADA,KP,2004-08-13,Freshwater_Institute,Daniel_Leitch,NA,Leitch_2006,69.09188333,-137.9456833,NA,Permafrost,NA,-999,-999,143.4,-999,-999,-999,NA,NA,-999,HNO3-CVAAS,95.75,-999,-999,-999,60.59,-999,NA,KSP,0,0
King_Point,NWT,CANADA,KP,2004-08-13,Freshwater_Institute,Daniel_Leitch,NA,Leitch_2006,69.09188333,-137.9456833,NA,Permafrost,NA,-999,-999,152.03,-999,-999,-999,NA,NA,-999,HNO3-CVAAS,95.86,-999,-999,-999,90,-999,NA,KSP,0,0
King_Point,NWT,CANADA,KP,2004-08-13,Freshwater_Institute,Daniel_Leitch,NA,Leitch_2006,69.09188333,-137.9456833,NA,Permafrost,NA,-999,-999,157.34,-999,-999,-999,NA,NA,-999,HNO3-CVAAS,101.99,-999,-999,-999,-999,-999,NA,KSP,0,0
Tuktoyuktuk,NWT,CANADA,TK-1,2003-09-10,Freshwater_Institute,Daniel_Leitch,NA,Leitch_2006,69.40185,-133.0279617,NA,Active_layer,NA,-999,-999,0,-999,-999,-999,NA,NA,-999,HNO3-CVAAS,38.14,-999,-999,-999,-999,-999,NA,KSP,0,0
Tuktoyuktuk,NWT,CANADA,TK-1,2003-09-10,Freshwater_Institute,Daniel_Leitch,NA,Leitch_2006,69.40185,-133.0279617,NA,Active_layer,NA,-999,-999,0.5,-999,-999,-999,NA,NA,-999,HNO3-CVAAS,116.49,-999,-999,-999,-999,-999,NA,KSP,0,0
Tuktoyuktuk,NWT,CANADA,TK-1,2003-09-10,Freshwater_Institute,Daniel_Leitch,NA,Leitch_2006,69.40185,-133.0279617,NA,Active_layer,NA,-999,-999,1.54,-999,-999,-999,NA,NA,-999,HNO3-CVAAS,182.47,-999,-999,-999,-999,-999,NA,KSP,0,0
Tuktoyuktuk,NWT,CANADA,TK-1,2003-09-10,Freshwater_Institute,Daniel_Leitch,NA,Leitch_2006,69.40185,-133.0279617,NA,Active_layer,NA,-999,-999,2.51,-999,-999,-999,NA,NA,-999,HNO3-CVAAS,205.15,-999,-999,-999,-999,-999,NA,KSP,0,0
Tuktoyuktuk,NWT,CANADA,TK-1,2003-09-10,Freshwater_Institute,Daniel_Leitch,NA,Leitch_2006,69.40185,-133.0279617,NA,Active_layer,NA,-999,-999,4.15,-999,-999,-999,NA,NA,-999,HNO3-CVAAS,254.64,-999,-999,-999,-999,-999,NA,KSP,0,0
Tuktoyuktuk,NWT,CANADA,TK-1,2003-09-10,Freshwater_Institute,Daniel_Leitch,NA,Leitch_2006,69.40185,-133.0279617,NA,Active_layer,NA,-999,-999,5.99,-999,-999,-999,NA,NA,-999,HNO3-CVAAS,234.02,-999,-999,-999,-999,-999,NA,KSP,0,0
Tuktoyuktuk,NWT,CANADA,TK-1,2003-09-10,Freshwater_Institute,Daniel_Leitch,NA,Leitch_2006,69.40185,-133.0279617,NA,Active_layer,NA,-999,-999,8.53,-999,-999,-999,NA,NA,-999,HNO3-CVAAS,256.7,-999,-999,-999,-999,-999,NA,KSP,0,0
Tuktoyuktuk,NWT,CANADA,TK-1,2003-09-10,Freshwater_Institute,Daniel_Leitch,NA,Leitch_2006,69.40185,-133.0279617,NA,Active_layer,NA,-999,-999,10.11,-999,-999,-999,NA,NA,-999,HNO3-CVAAS,267.01,-999,-999,-999,-999,-999,NA,KSP,0,1
Tuktoyuktuk,NWT,CANADA,TK-1,2003-09-10,Freshwater_Institute,Daniel_Leitch,NA,Leitch_2006,69.40185,-133.0279617,NA,Active_layer,NA,-999,-999,12.22,-999,-999,-999,NA,NA,-999,HNO3-CVAAS,221.65,-999,-999,-999,-999,-999,NA,KSP,0,0
Tuktoyuktuk,NWT,CANADA,TK-1,2003-09-10,Freshwater_Institute,Daniel_Leitch,NA,Leitch_2006,69.40185,-133.0279617,NA,Active_layer,NA,-999,-999,14.01,-999,-999,-999,NA,NA,-999,HNO3-CVAAS,165.98,-999,-999,-999,-999,-999,NA,KSP,0,0
Tuktoyuktuk,NWT,CANADA,TK-1,2003-09-10,Freshwater_Institute,Daniel_Leitch,NA,Leitch_2006,69.40185,-133.0279617,NA,Active_layer,NA,-999,-999,16.12,-999,-999,-999,NA,NA,-999,HNO3-CVAAS,118.56,-999,-999,-999,-999,-999,NA,KSP,0,0
Tuktoyuktuk,NWT,CANADA,TK-1,2003-09-10,Freshwater_Institute,Daniel_Leitch,NA,Leitch_2006,69.40185,-133.0279617,NA,Active_layer,NA,-999,-999,17.97,-999,-999,-999,NA,NA,-999,HNO3-CVAAS,102.06,-999,-999,-999,-999,-999,NA,KSP,0,0
Tuktoyuktuk,NWT,CANADA,TK-1,2003-09-10,Freshwater_Institute,Daniel_Leitch,NA,Leitch_2006,69.40185,-133.0279617,NA,Active_layer,NA,-999,-999,20.5,-999,-999,-999,NA,NA,-999,HNO3-CVAAS,118.56,-999,-999,-999,-999,-999,NA,KSP,0,0
Tuktoyuktuk,NWT,CANADA,TK-1,2003-09-10,Freshwater_Institute,Daniel_Leitch,NA,Leitch_2006,69.40185,-133.0279617,NA,Active_layer,NA,-999,-999,22.08,-999,-999,-999,NA,NA,-999,HNO3-CVAAS,130.93,-999,-999,-999,-999,-999,NA,KSP,0,0
Tuktoyuktuk,NWT,CANADA,TK-1,2003-09-10,Freshwater_Institute,Daniel_Leitch,NA,Leitch_2006,69.40185,-133.0279617,NA,Active_layer,NA,-999,-999,24.23,-999,-999,-999,NA,NA,-999,HNO3-CVAAS,106.19,-999,-999,-999,-999,-999,NA,KSP,0,0
Tuktoyuktuk,NWT,CANADA,TK-1,2003-09-10,Freshwater_Institute,Daniel_Leitch,NA,Leitch_2006,69.40185,-133.0279617,NA,Active_layer,NA,-999,-999,26.45,-999,-999,-999,NA,NA,-999,HNO3-CVAAS,124.74,-999,-999,-999,-999,-999,NA,KSP,0,0
Tuktoyuktuk,NWT,CANADA,TK-1,2003-09-10,Freshwater_Institute,Daniel_Leitch,NA,Leitch_2006,69.40185,-133.0279617,NA,Active_layer,NA,-999,-999,28.3,-999,-999,-999,NA,NA,-999,HNO3-CVAAS,110.31,-999,-999,-999,-999,-999,NA,KSP,0,0
Tuktoyuktuk,NWT,CANADA,TK-1,2003-09-10,Freshwater_Institute,Daniel_Leitch,NA,Leitch_2006,69.40185,-133.0279617,NA,Active_layer,NA,-999,-999,30.14,-999,-999,-999,NA,NA,-999,HNO3-CVAAS,91.75,-999,-999,-999,-999,-999,NA,KSP,0,0
Tuktoyuktuk,NWT,CANADA,TK-1,2003-09-10,Freshwater_Institute,Daniel_Leitch,NA,Leitch_2006,69.40185,-133.0279617,NA,Active_layer,NA,-999,-999,32.05,-999,-999,-999,NA,NA,-999,HNO3-CVAAS,108.25,-999,-999,-999,-999,-999,NA,KSP,0,0
Tuktoyuktuk,NWT,CANADA,TK-1,2003-09-10,Freshwater_Institute,Daniel_Leitch,NA,Leitch_2006,69.40185,-133.0279617,NA,Active_layer,NA,-999,-999,34.22,-999,-999,-999,NA,NA,-999,HNO3-CVAAS,97.94,-999,-999,-999,-999,-999,NA,KSP,0,0
Tuktoyuktuk,NWT,CANADA,TK-1,2003-09-10,Freshwater_Institute,Daniel_Leitch,NA,Leitch_2006,69.40185,-133.0279617,NA,Permafrost,NA,-999,-999,37.98,-999,-999,-999,NA,NA,-999,HNO3-CVAAS,106.19,-999,-999,-999,-999,-999,NA,KSP,0,0
Tuktoyuktuk,NWT,CANADA,TK-1,2003-09-10,Freshwater_Institute,Daniel_Leitch,NA,Leitch_2006,69.40185,-133.0279617,NA,Permafrost,NA,-999,-999,40.77,-999,-999,-999,NA,NA,-999,HNO3-CVAAS,89.69,-999,-999,-999,-999,-999,NA,KSP,0,0
Tuktoyuktuk,NWT,CANADA,TK-1,2003-09-10,Freshwater_Institute,Daniel_Leitch,NA,Leitch_2006,69.40185,-133.0279617,NA,Permafrost,NA,-999,-999,43.9,-999,-999,-999,NA,NA,-999,HNO3-CVAAS,93.81,-999,-999,-999,-999,-999,NA,KSP,0,0
Tuktoyuktuk,NWT,CANADA,TK-1,2003-09-10,Freshwater_Institute,Daniel_Leitch,NA,Leitch_2006,69.40185,-133.0279617,NA,Permafrost,NA,-999,-999,46.06,-999,-999,-999,NA,NA,-999,HNO3-CVAAS,79.38,-999,-999,-999,-999,-999,NA,KSP,0,0
Tuktoyuktuk,NWT,CANADA,TK-1,2003-09-10,Freshwater_Institute,Daniel_Leitch,NA,Leitch_2006,69.40185,-133.0279617,NA,Permafrost,NA,-999,-999,48.86,-999,-999,-999,NA,NA,-999,HNO3-CVAAS,71.13,-999,-999,-999,-999,-999,NA,KSP,0,0
Tuktoyuktuk,NWT,CANADA,TK-1,2003-09-10,Freshwater_Institute,Daniel_Leitch,NA,Leitch_2006,69.40185,-133.0279617,NA,Permafrost,NA,-999,-999,51.99,-999,-999,-999,NA,NA,-999,HNO3-CVAAS,71.13,-999,-999,-999,-999,-999,NA,KSP,0,0
Tuktoyuktuk,NWT,CANADA,TK-1,2003-09-10,Freshwater_Institute,Daniel_Leitch,NA,Leitch_2006,69.40185,-133.0279617,NA,Permafrost,NA,-999,-999,55.42,-999,-999,-999,NA,NA,-999,HNO3-CVAAS,69.07,-999,-999,-999,-999,-999,NA,KSP,0,0
Tuktoyuktuk,NWT,CANADA,TK-1,2003-09-10,Freshwater_Institute,Daniel_Leitch,NA,Leitch_2006,69.40185,-133.0279617,NA,Permafrost,NA,-999,-999,60.11,-999,-999,-999,NA,NA,-999,HNO3-CVAAS,71.13,-999,-999,-999,-999,-999,NA,KSP,0,0
Tuktoyuktuk,NWT,CANADA,TK-1,2003-09-10,Freshwater_Institute,Daniel_Leitch,NA,Leitch_2006,69.40185,-133.0279617,NA,Permafrost,NA,-999,-999,65.74,-999,-999,-999,NA,NA,-999,HNO3-CVAAS,73.2,-999,-999,-999,-999,-999,NA,KSP,0,0
Tuktoyuktuk,NWT,CANADA,TK-2,2003-09-10,Freshwater_Institute,Daniel_Leitch,NA,Leitch_2006,69.40185,-133.0279617,NA,Active_layer,NA,-999,-999,0,-999,-999,-999,NA,NA,-999,HNO3-CVAAS,69.39,-999,-999,-999,-999,-999,NA,KSP,0,0
Tuktoyuktuk,NWT,CANADA,TK-2,2003-09-10,Freshwater_Institute,Daniel_Leitch,NA,Leitch_2006,69.40185,-133.0279617,NA,Active_layer,NA,-999,-999,0.31,-999,-999,-999,NA,NA,-999,HNO3-CVAAS,140.82,-999,-999,-999,-999,-999,NA,KSP,0,0
Tuktoyuktuk,NWT,CANADA,TK-2,2003-09-10,Freshwater_Institute,Daniel_Leitch,NA,Leitch_2006,69.40185,-133.0279617,NA,Active_layer,NA,-999,-999,1.56,-999,-999,-999,NA,NA,-999,HNO3-CVAAS,148.98,-999,-999,-999,-999,-999,NA,KSP,0,0
Tuktoyuktuk,NWT,CANADA,TK-2,2003-09-10,Freshwater_Institute,Daniel_Leitch,NA,Leitch_2006,69.40185,-133.0279617,NA,Active_layer,NA,-999,-999,2.19,-999,-999,-999,NA,NA,-999,HNO3-CVAAS,302.04,-999,-999,-999,-999,-999,NA,KSP,0,1
Tuktoyuktuk,NWT,CANADA,TK-2,2003-09-10,Freshwater_Institute,Daniel_Leitch,NA,Leitch_2006,69.40185,-133.0279617,NA,Active_layer,NA,-999,-999,3.44,-999,-999,-999,NA,NA,-999,HNO3-CVAAS,287.76,-999,-999,-999,-999,-999,NA,KSP,0,1
Tuktoyuktuk,NWT,CANADA,TK-2,2003-09-10,Freshwater_Institute,Daniel_Leitch,NA,Leitch_2006,69.40185,-133.0279617,NA,Active_layer,NA,-999,-999,4.06,-999,-999,-999,NA,NA,-999,HNO3-CVAAS,234.69,-999,-999,-999,-999,-999,NA,KSP,0,0
Tuktoyuktuk,NWT,CANADA,TK-2,2003-09-10,Freshwater_Institute,Daniel_Leitch,NA,Leitch_2006,69.40185,-133.0279617,NA,Active_layer,NA,-999,-999,5.94,-999,-999,-999,NA,NA,-999,HNO3-CVAAS,151.02,-999,-999,-999,-999,-999,NA,KSP,0,0
Tuktoyuktuk,NWT,CANADA,TK-2,2003-09-10,Freshwater_Institute,Daniel_Leitch,NA,Leitch_2006,69.40185,-133.0279617,NA,Active_layer,NA,-999,-999,7.5,-999,-999,-999,NA,NA,-999,HNO3-CVAAS,97.96,-999,-999,-999,-999,-999,NA,KSP,0,0
Tuktoyuktuk,NWT,CANADA,TK-2,2003-09-10,Freshwater_Institute,Daniel_Leitch,NA,Leitch_2006,69.40185,-133.0279617,NA,Active_layer,NA,-999,-999,10,-999,-999,-999,NA,NA,-999,HNO3-CVAAS,81.63,-999,-999,-999,-999,-999,NA,KSP,0,0
Tuktoyuktuk,NWT,CANADA,TK-2,2003-09-10,Freshwater_Institute,Daniel_Leitch,NA,Leitch_2006,69.40185,-133.0279617,NA,Active_layer,NA,-999,-999,11.88,-999,-999,-999,NA,NA,-999,HNO3-CVAAS,100,-999,-999,-999,-999,-999,NA,KSP,0,0
Tuktoyuktuk,NWT,CANADA,TK-2,2003-09-10,Freshwater_Institute,Daniel_Leitch,NA,Leitch_2006,69.40185,-133.0279617,NA,Active_layer,NA,-999,-999,14.06,-999,-999,-999,NA,NA,-999,HNO3-CVAAS,112.24,-999,-999,-999,-999,-999,NA,KSP,0,0
Tuktoyuktuk,NWT,CANADA,TK-2,2003-09-10,Freshwater_Institute,Daniel_Leitch,NA,Leitch_2006,69.40185,-133.0279617,NA,Active_layer,NA,-999,-999,15.94,-999,-999,-999,NA,NA,-999,HNO3-CVAAS,120.41,-999,-999,-999,-999,-999,NA,KSP,0,0
Tuktoyuktuk,NWT,CANADA,TK-2,2003-09-10,Freshwater_Institute,Daniel_Leitch,NA,Leitch_2006,69.40185,-133.0279617,NA,Active_layer,NA,-999,-999,17.81,-999,-999,-999,NA,NA,-999,HNO3-CVAAS,120.41,-999,-999,-999,-999,-999,NA,KSP,0,0
Tuktoyuktuk,NWT,CANADA,TK-2,2003-09-10,Freshwater_Institute,Daniel_Leitch,NA,Leitch_2006,69.40185,-133.0279617,NA,Active_layer,NA,-999,-999,19.69,-999,-999,-999,NA,NA,-999,HNO3-CVAAS,134.69,-999,-999,-999,-999,-999,NA,KSP,0,0
Tuktoyuktuk,NWT,CANADA,TK-2,2003-09-10,Freshwater_Institute,Daniel_Leitch,NA,Leitch_2006,69.40185,-133.0279617,NA,Active_layer,NA,-999,-999,21.88,-999,-999,-999,NA,NA,-999,HNO3-CVAAS,128.57,-999,-999,-999,-999,-999,NA,KSP,0,0
Tuktoyuktuk,NWT,CANADA,TK-2,2003-09-10,Freshwater_Institute,Daniel_Leitch,NA,Leitch_2006,69.40185,-133.0279617,NA,Active_layer,NA,-999,-999,23.75,-999,-999,-999,NA,NA,-999,HNO3-CVAAS,142.86,-999,-999,-999,-999,-999,NA,KSP,0,0
Tuktoyuktuk,NWT,CANADA,TK-2,2003-09-10,Freshwater_Institute,Daniel_Leitch,NA,Leitch_2006,69.40185,-133.0279617,NA,Active_layer,NA,-999,-999,25.63,-999,-999,-999,NA,NA,-999,HNO3-CVAAS,126.53,-999,-999,-999,-999,-999,NA,KSP,0,0
Tuktoyuktuk,NWT,CANADA,TK-2,2003-09-10,Freshwater_Institute,Daniel_Leitch,NA,Leitch_2006,69.40185,-133.0279617,NA,Active_layer,NA,-999,-999,27.5,-999,-999,-999,NA,NA,-999,HNO3-CVAAS,126.53,-999,-999,-999,-999,-999,NA,KSP,0,0
Tuktoyuktuk,NWT,CANADA,TK-2,2003-09-10,Freshwater_Institute,Daniel_Leitch,NA,Leitch_2006,69.40185,-133.0279617,NA,Active_layer,NA,-999,-999,30,-999,-999,-999,NA,NA,-999,HNO3-CVAAS,124.49,-999,-999,-999,-999,-999,NA,KSP,0,0
Tuktoyuktuk,NWT,CANADA,TK-2,2003-09-10,Freshwater_Institute,Daniel_Leitch,NA,Leitch_2006,69.40185,-133.0279617,NA,Active_layer,NA,-999,-999,31.88,-999,-999,-999,NA,NA,-999,HNO3-CVAAS,104.08,-999,-999,-999,-999,-999,NA,KSP,0,0
Tuktoyuktuk,NWT,CANADA,TK-2,2003-09-10,Freshwater_Institute,Daniel_Leitch,NA,Leitch_2006,69.40185,-133.0279617,NA,Active_layer,NA,-999,-999,34.06,-999,-999,-999,NA,NA,-999,HNO3-CVAAS,95.92,-999,-999,-999,-999,-999,NA,KSP,0,0
Tuktoyuktuk,NWT,CANADA,TK-2,2003-09-10,Freshwater_Institute,Daniel_Leitch,NA,Leitch_2006,69.40185,-133.0279617,NA,Active_layer,NA,-999,-999,36.25,-999,-999,-999,NA,NA,-999,HNO3-CVAAS,130.61,-999,-999,-999,-999,-999,NA,KSP,0,0
Tuktoyuktuk,NWT,CANADA,TK-2,2003-09-10,Freshwater_Institute,Daniel_Leitch,NA,Leitch_2006,69.40185,-133.0279617,NA,Active_layer,NA,-999,-999,38.13,-999,-999,-999,NA,NA,-999,HNO3-CVAAS,102.04,-999,-999,-999,-999,-999,NA,KSP,0,0
Tuktoyuktuk,NWT,CANADA,TK-2,2003-09-10,Freshwater_Institute,Daniel_Leitch,NA,Leitch_2006,69.40185,-133.0279617,NA,Active_layer,NA,-999,-999,41.25,-999,-999,-999,NA,NA,-999,HNO3-CVAAS,128.57,-999,-999,-999,-999,-999,NA,KSP,0,0
Tuktoyuktuk,NWT,CANADA,TK-2,2003-09-10,Freshwater_Institute,Daniel_Leitch,NA,Leitch_2006,69.40185,-133.0279617,NA,Active_layer,NA,-999,-999,45,-999,-999,-999,NA,NA,-999,HNO3-CVAAS,97.96,-999,-999,-999,-999,-999,NA,KSP,0,0
Tuktoyuktuk,NWT,CANADA,TK-2,2003-09-10,Freshwater_Institute,Daniel_Leitch,NA,Leitch_2006,69.40185,-133.0279617,NA,Active_layer,NA,-999,-999,48.13,-999,-999,-999,NA,NA,-999,HNO3-CVAAS,89.8,-999,-999,-999,-999,-999,NA,KSP,0,0
Tuktoyuktuk,NWT,CANADA,TK-2,2003-09-10,Freshwater_Institute,Daniel_Leitch,NA,Leitch_2006,69.40185,-133.0279617,NA,Permafrost,NA,-999,-999,50.94,-999,-999,-999,NA,NA,-999,HNO3-CVAAS,79.59,-999,-999,-999,-999,-999,NA,KSP,0,0
Tuktoyuktuk,NWT,CANADA,TK-2,2003-09-10,Freshwater_Institute,Daniel_Leitch,NA,Leitch_2006,69.40185,-133.0279617,NA,Permafrost,NA,-999,-999,55.31,-999,-999,-999,NA,NA,-999,HNO3-CVAAS,89.8,-999,-999,-999,-999,-999,NA,KSP,0,0
Tuktoyuktuk,NWT,CANADA,TK-2,2003-09-10,Freshwater_Institute,Daniel_Leitch,NA,Leitch_2006,69.40185,-133.0279617,NA,Permafrost,NA,-999,-999,60.31,-999,-999,-999,NA,NA,-999,HNO3-CVAAS,97.96,-999,-999,-999,-999,-999,NA,KSP,0,0
Tuktoyuktuk,NWT,CANADA,TK-2,2003-09-10,Freshwater_Institute,Daniel_Leitch,NA,Leitch_2006,69.40185,-133.0279617,NA,Permafrost,NA,-999,-999,65,-999,-999,-999,NA,NA,-999,HNO3-CVAAS,93.88,-999,-999,-999,-999,-999,NA,KSP,0,0
Tuktoyuktuk,NWT,CANADA,TK-2,2003-09-10,Freshwater_Institute,Daniel_Leitch,NA,Leitch_2006,69.40185,-133.0279617,NA,Permafrost,NA,-999,-999,69.06,-999,-999,-999,NA,NA,-999,HNO3-CVAAS,77.55,-999,-999,-999,-999,-999,NA,KSP,0,0
Tuktoyuktuk,NWT,CANADA,TK-2,2003-09-10,Freshwater_Institute,Daniel_Leitch,NA,Leitch_2006,69.40185,-133.0279617,NA,Permafrost,NA,-999,-999,73.75,-999,-999,-999,NA,NA,-999,HNO3-CVAAS,85.71,-999,-999,-999,-999,-999,NA,KSP,0,0
Herschel_Island_East,NWT,CANADA,HI-E,2004-08-16,Freshwater_Institute,Daniel_Leitch,NA,Leitch_2006,69.5456,-139.0573333,NA,Active_layer,NA,-999,-999,1.11,-999,-999,-999,NA,NA,-999,HNO3-CVAAS,59.21,-999,-999,-999,28.54,-999,NA,KSP,0,0
Herschel_Island_East,NWT,CANADA,HI-E,2004-08-16,Freshwater_Institute,Daniel_Leitch,NA,Leitch_2006,69.5456,-139.0573333,NA,Active_layer,NA,-999,-999,6.31,-999,-999,-999,NA,NA,-999,HNO3-CVAAS,59.31,-999,-999,-999,13.98,-999,NA,KSP,0,0
Herschel_Island_East,NWT,CANADA,HI-E,2004-08-16,Freshwater_Institute,Daniel_Leitch,NA,Leitch_2006,69.5456,-139.0573333,NA,Active_layer,NA,-999,-999,8.98,-999,-999,-999,NA,NA,-999,HNO3-CVAAS,75.69,-999,-999,-999,-999,-999,NA,KSP,0,0
Herschel_Island_East,NWT,CANADA,HI-E,2004-08-16,Freshwater_Institute,Daniel_Leitch,NA,Leitch_2006,69.5456,-139.0573333,NA,Active_layer,NA,-999,-999,10.65,-999,-999,-999,NA,NA,-999,HNO3-CVAAS,61.44,-999,-999,-999,14.56,-999,NA,KSP,0,0
Herschel_Island_East,NWT,CANADA,HI-E,2004-08-16,Freshwater_Institute,Daniel_Leitch,NA,Leitch_2006,69.5456,-139.0573333,NA,Active_layer,NA,-999,-999,14.98,-999,-999,-999,NA,NA,-999,HNO3-CVAAS,61.53,-999,-999,-999,19.81,-999,NA,KSP,0,0
Herschel_Island_East,NWT,CANADA,HI-E,2004-08-16,Freshwater_Institute,Daniel_Leitch,NA,Leitch_2006,69.5456,-139.0573333,NA,Active_layer,NA,-999,-999,19.3,-999,-999,-999,NA,NA,-999,HNO3-CVAAS,59.58,-999,-999,-999,18.06,-999,NA,KSP,0,0
Herschel_Island_East,NWT,CANADA,HI-E,2004-08-16,Freshwater_Institute,Daniel_Leitch,NA,Leitch_2006,69.5456,-139.0573333,NA,Active_layer,NA,-999,-999,23.63,-999,-999,-999,NA,NA,-999,HNO3-CVAAS,61.71,-999,-999,-999,-999,-999,NA,KSP,0,0
Herschel_Island_East,NWT,CANADA,HI-E,2004-08-16,Freshwater_Institute,Daniel_Leitch,NA,Leitch_2006,69.5456,-139.0573333,NA,Active_layer,NA,-999,-999,25.43,-999,-999,-999,NA,NA,-999,HNO3-CVAAS,76.03,-999,-999,-999,15.15,-999,NA,KSP,0,0
Herschel_Island_East,NWT,CANADA,HI-E,2004-08-16,Freshwater_Institute,Daniel_Leitch,NA,Leitch_2006,69.5456,-139.0573333,NA,Active_layer,NA,-999,-999,29.69,-999,-999,-999,NA,NA,-999,HNO3-CVAAS,59.79,-999,-999,-999,18.06,-999,NA,KSP,0,0
Herschel_Island_East,NWT,CANADA,HI-E,2004-08-16,Freshwater_Institute,Daniel_Leitch,NA,Leitch_2006,69.5456,-139.0573333,NA,Active_layer,NA,-999,-999,34,-999,-999,-999,NA,NA,-999,HNO3-CVAAS,55.8,-999,-999,-999,16.31,-999,NA,KSP,0,0
Herschel_Island_East,NWT,CANADA,HI-E,2004-08-16,Freshwater_Institute,Daniel_Leitch,NA,Leitch_2006,69.5456,-139.0573333,NA,Active_layer,NA,-999,-999,38.31,-999,-999,-999,NA,NA,-999,HNO3-CVAAS,51.8,-999,-999,-999,18.64,-999,NA,KSP,0,0
Herschel_Island_East,NWT,CANADA,HI-E,2004-08-16,Freshwater_Institute,Daniel_Leitch,NA,Leitch_2006,69.5456,-139.0573333,NA,Active_layer,NA,-999,-999,43.5,-999,-999,-999,NA,NA,-999,HNO3-CVAAS,49.87,-999,-999,-999,16.31,-999,NA,KSP,0,0
Herschel_Island_East,NWT,CANADA,HI-E,2004-08-16,Freshwater_Institute,Daniel_Leitch,NA,Leitch_2006,69.5456,-139.0573333,NA,Active_layer,NA,-999,-999,46.97,-999,-999,-999,NA,NA,-999,HNO3-CVAAS,51.98,-999,-999,-999,17.48,-999,NA,KSP,0,0
Herschel_Island_East,NWT,CANADA,HI-E,2004-08-16,Freshwater_Institute,Daniel_Leitch,NA,Leitch_2006,69.5456,-139.0573333,NA,Active_layer,NA,-999,-999,52.18,-999,-999,-999,NA,NA,-999,HNO3-CVAAS,56.17,-999,-999,-999,18.06,-999,NA,KSP,0,0
Herschel_Island_East,NWT,CANADA,HI-E,2004-08-16,Freshwater_Institute,Daniel_Leitch,NA,Leitch_2006,69.5456,-139.0573333,NA,Active_layer,NA,-999,-999,57.4,-999,-999,-999,NA,NA,-999,HNO3-CVAAS,62.4,-999,-999,-999,18.06,-999,NA,KSP,0,0
Herschel_Island_East,NWT,CANADA,HI-E,2004-08-16,Freshwater_Institute,Daniel_Leitch,NA,Leitch_2006,69.5456,-139.0573333,NA,Active_layer,NA,-999,-999,63.47,-999,-999,-999,NA,NA,-999,HNO3-CVAAS,62.52,-999,-999,-999,18.06,-999,NA,KSP,0,0
Herschel_Island_East,NWT,CANADA,HI-E,2004-08-16,Freshwater_Institute,Daniel_Leitch,NA,Leitch_2006,69.5456,-139.0573333,NA,Active_layer,NA,-999,-999,66.94,-999,-999,-999,NA,NA,-999,HNO3-CVAAS,64.63,-999,-999,-999,19.81,-999,NA,KSP,0,0
Herschel_Island_East,NWT,CANADA,HI-E,2004-08-16,Freshwater_Institute,Daniel_Leitch,NA,Leitch_2006,69.5456,-139.0573333,NA,Active_layer,NA,-999,-999,72.14,-999,-999,-999,NA,NA,-999,HNO3-CVAAS,66.78,-999,-999,-999,19.22,-999,NA,KSP,0,0
Herschel_Island_East,NWT,CANADA,HI-E,2004-08-16,Freshwater_Institute,Daniel_Leitch,NA,Leitch_2006,69.5456,-139.0573333,NA,Active_layer,NA,-999,-999,77.33,-999,-999,-999,NA,NA,-999,HNO3-CVAAS,64.84,-999,-999,-999,20.39,-999,NA,KSP,0,0
Herschel_Island_East,NWT,CANADA,HI-E,2004-08-16,Freshwater_Institute,Daniel_Leitch,NA,Leitch_2006,69.5456,-139.0573333,NA,Active_layer,NA,-999,-999,81.66,-999,-999,-999,NA,NA,-999,HNO3-CVAAS,64.93,-999,-999,-999,19.22,-999,NA,KSP,0,0
Herschel_Island_East,NWT,CANADA,HI-E,2004-08-16,Freshwater_Institute,Daniel_Leitch,NA,Leitch_2006,69.5456,-139.0573333,NA,Active_layer,NA,-999,-999,87.74,-999,-999,-999,NA,NA,-999,HNO3-CVAAS,69.14,-999,-999,-999,23.3,-999,NA,KSP,0,0
Herschel_Island_East,NWT,CANADA,HI-E,2004-08-16,Freshwater_Institute,Daniel_Leitch,NA,Leitch_2006,69.5456,-139.0573333,NA,Permafrost,NA,-999,-999,90.3,-999,-999,-999,NA,NA,-999,HNO3-CVAAS,61.03,-999,-999,-999,26.8,-999,NA,KSP,0,0
Herschel_Island_East,NWT,CANADA,HI-E,2004-08-16,Freshwater_Institute,Daniel_Leitch,NA,Leitch_2006,69.5456,-139.0573333,NA,Permafrost,NA,-999,-999,93.74,-999,-999,-999,NA,NA,-999,HNO3-CVAAS,57.02,-999,-999,-999,20.97,-999,NA,KSP,0,0
Herschel_Island_East,NWT,CANADA,HI-E,2004-08-16,Freshwater_Institute,Daniel_Leitch,NA,Leitch_2006,69.5456,-139.0573333,NA,Permafrost,NA,-999,-999,96.31,-999,-999,-999,NA,NA,-999,HNO3-CVAAS,48.9,-999,-999,-999,22.14,-999,NA,KSP,0,0
Herschel_Island_East,NWT,CANADA,HI-E,2004-08-16,Freshwater_Institute,Daniel_Leitch,NA,Leitch_2006,69.5456,-139.0573333,NA,Permafrost,NA,-999,-999,99.84,-999,-999,-999,NA,NA,-999,HNO3-CVAAS,65.3,-999,-999,-999,25.63,-999,NA,KSP,0,0
Herschel_Island_East,NWT,CANADA,HI-E,2004-08-16,Freshwater_Institute,Daniel_Leitch,NA,Leitch_2006,69.5456,-139.0573333,NA,Permafrost,NA,-999,-999,104.14,-999,-999,-999,NA,NA,-999,HNO3-CVAAS,59.27,-999,-999,-999,24.47,-999,NA,KSP,0,0
Herschel_Island_East,NWT,CANADA,HI-E,2004-08-16,Freshwater_Institute,Daniel_Leitch,NA,Leitch_2006,69.5456,-139.0573333,NA,Permafrost,NA,-999,-999,108.49,-999,-999,-999,NA,NA,-999,HNO3-CVAAS,63.44,-999,-999,-999,27.38,-999,NA,KSP,0,0
Herschel_Island_East,NWT,CANADA,HI-E,2004-08-16,Freshwater_Institute,Daniel_Leitch,NA,Leitch_2006,69.5456,-139.0573333,NA,Permafrost,NA,-999,-999,118.86,-999,-999,-999,NA,NA,-999,HNO3-CVAAS,59.57,-999,-999,-999,23.88,-999,NA,KSP,0,0
Herschel_Island_East,NWT,CANADA,HI-E,2004-08-16,Freshwater_Institute,Daniel_Leitch,NA,Leitch_2006,69.5456,-139.0573333,NA,Permafrost,NA,-999,-999,124.06,-999,-999,-999,NA,NA,-999,HNO3-CVAAS,59.67,-999,-999,-999,22.72,-999,NA,KSP,0,0
Herschel_Island_East,NWT,CANADA,HI-E,2004-08-16,Freshwater_Institute,Daniel_Leitch,NA,Leitch_2006,69.5456,-139.0573333,NA,Permafrost,NA,-999,-999,128.41,-999,-999,-999,NA,NA,-999,HNO3-CVAAS,63.85,-999,-999,-999,23.88,-999,NA,KSP,0,0
Herschel_Island_East,NWT,CANADA,HI-E,2004-08-16,Freshwater_Institute,Daniel_Leitch,NA,Leitch_2006,69.5456,-139.0573333,NA,Permafrost,NA,-999,-999,134.46,-999,-999,-999,NA,NA,-999,HNO3-CVAAS,61.93,-999,-999,-999,20.97,-999,NA,KSP,0,0
Herschel_Island_East,NWT,CANADA,HI-E,2004-08-16,Freshwater_Institute,Daniel_Leitch,NA,Leitch_2006,69.5456,-139.0573333,NA,Permafrost,NA,-999,-999,138.82,-999,-999,-999,NA,NA,-999,HNO3-CVAAS,70.18,-999,-999,-999,19.22,-999,NA,KSP,0,0
Herschel_Island_East,NWT,CANADA,HI-E,2004-08-16,Freshwater_Institute,Daniel_Leitch,NA,Leitch_2006,69.5456,-139.0573333,NA,Permafrost,NA,-999,-999,144.85,-999,-999,-999,NA,NA,-999,HNO3-CVAAS,62.14,-999,-999,-999,14.56,-999,NA,KSP,0,0
Herschel_Island_East,NWT,CANADA,HI-E,2004-08-16,Freshwater_Institute,Daniel_Leitch,NA,Leitch_2006,69.5456,-139.0573333,NA,Permafrost,NA,-999,-999,150.04,-999,-999,-999,NA,NA,-999,HNO3-CVAAS,60.2,-999,-999,-999,15.73,-999,NA,KSP,0,0
Herschel_Island_East,NWT,CANADA,HI-E,2004-08-16,Freshwater_Institute,Daniel_Leitch,NA,Leitch_2006,69.5456,-139.0573333,NA,Permafrost,NA,-999,-999,156.15,-999,-999,-999,NA,NA,-999,HNO3-CVAAS,72.57,-999,-999,-999,19.81,-999,NA,KSP,0,0
Herschel_Island_East,NWT,CANADA,HI-E,2004-08-16,Freshwater_Institute,Daniel_Leitch,NA,Leitch_2006,69.5456,-139.0573333,NA,Permafrost,NA,-999,-999,161.31,-999,-999,-999,NA,NA,-999,HNO3-CVAAS,64.52,-999,-999,-999,18.64,-999,NA,KSP,0,0
Herschel_Island_East,NWT,CANADA,HI-E,2004-08-16,Freshwater_Institute,Daniel_Leitch,NA,Leitch_2006,69.5456,-139.0573333,NA,Permafrost,NA,-999,-999,167.34,-999,-999,-999,NA,NA,-999,HNO3-CVAAS,58.52,-999,-999,-999,23.3,-999,NA,KSP,0,0
Herschel_Island_East,NWT,CANADA,HI-E,2004-08-16,Freshwater_Institute,Daniel_Leitch,NA,Leitch_2006,69.5456,-139.0573333,NA,Permafrost,NA,-999,-999,173.44,-999,-999,-999,NA,NA,-999,HNO3-CVAAS,66.81,-999,-999,-999,30.87,-999,NA,KSP,0,0
Herschel_Island_East,NWT,CANADA,HI-E,2004-08-16,Freshwater_Institute,Daniel_Leitch,NA,Leitch_2006,69.5456,-139.0573333,NA,Permafrost,NA,-999,-999,178.64,-999,-999,-999,NA,NA,-999,HNO3-CVAAS,68.95,-999,-999,-999,30.87,-999,NA,KSP,0,0
Herschel_Island_East,NWT,CANADA,HI-E,2004-08-16,Freshwater_Institute,Daniel_Leitch,NA,Leitch_2006,69.5456,-139.0573333,NA,Permafrost,NA,-999,-999,182.97,-999,-999,-999,NA,NA,-999,HNO3-CVAAS,69.04,-999,-999,-999,29.13,-999,NA,KSP,0,0
Herschel_Island_East,NWT,CANADA,HI-E,2004-08-16,Freshwater_Institute,Daniel_Leitch,NA,Leitch_2006,69.5456,-139.0573333,NA,Permafrost,NA,-999,-999,188.15,-999,-999,-999,NA,NA,-999,HNO3-CVAAS,65.06,-999,-999,-999,27.96,-999,NA,KSP,0,0
Herschel_Island_East,NWT,CANADA,HI-E,2004-08-16,Freshwater_Institute,Daniel_Leitch,NA,Leitch_2006,69.5456,-139.0573333,NA,Permafrost,NA,-999,-999,193.35,-999,-999,-999,NA,NA,-999,HNO3-CVAAS,65.17,-999,-999,-999,25.05,-999,NA,KSP,0,0
Herschel_Island_East,NWT,CANADA,HI-E,2004-08-16,Freshwater_Institute,Daniel_Leitch,NA,Leitch_2006,69.5456,-139.0573333,NA,Permafrost,NA,-999,-999,198.65,-999,-999,-999,NA,NA,-999,HNO3-CVAAS,89.77,-999,-999,-999,28.54,-999,NA,KSP,0,0
Komakuk_Beach,NWT,CANADA,KB,2004-08-17,Freshwater_Institute,Daniel_Leitch,NA,Leitch_2006,69.59291667,-140.2273833,NA,Active_layer,NA,-999,-999,0,-999,-999,-999,NA,NA,-999,HNO3-CVAAS,138.14,-999,-999,-999,76.12,-999,NA,KSP,0,0
Komakuk_Beach,NWT,CANADA,KB,2004-08-17,Freshwater_Institute,Daniel_Leitch,NA,Leitch_2006,69.59291667,-140.2273833,NA,Active_layer,NA,-999,-999,1.33,-999,-999,-999,NA,NA,-999,HNO3-CVAAS,96.92,-999,-999,-999,79.04,-999,NA,KSP,0,0
Komakuk_Beach,NWT,CANADA,KB,2004-08-17,Freshwater_Institute,Daniel_Leitch,NA,Leitch_2006,69.59291667,-140.2273833,NA,Active_layer,NA,-999,-999,1.33,-999,-999,-999,NA,NA,-999,HNO3-CVAAS,86.62,-999,-999,-999,79.04,-999,NA,KSP,0,0
Komakuk_Beach,NWT,CANADA,KB,2004-08-17,Freshwater_Institute,Daniel_Leitch,NA,Leitch_2006,69.59291667,-140.2273833,NA,Active_layer,NA,-999,-999,1.33,-999,-999,-999,NA,NA,-999,HNO3-CVAAS,68.06,-999,-999,-999,79.04,-999,NA,KSP,0,0
Komakuk_Beach,NWT,CANADA,KB,2004-08-17,Freshwater_Institute,Daniel_Leitch,NA,Leitch_2006,69.59291667,-140.2273833,NA,Active_layer,NA,-999,-999,2.66,-999,-999,-999,NA,NA,-999,HNO3-CVAAS,49.52,-999,-999,-999,-999,-999,NA,KSP,0,0
Komakuk_Beach,NWT,CANADA,KB,2004-08-17,Freshwater_Institute,Daniel_Leitch,NA,Leitch_2006,69.59291667,-140.2273833,NA,Active_layer,NA,-999,-999,5.98,-999,-999,-999,NA,NA,-999,HNO3-CVAAS,63.99,-999,-999,-999,75.56,-999,NA,KSP,0,0
Komakuk_Beach,NWT,CANADA,KB,2004-08-17,Freshwater_Institute,Daniel_Leitch,NA,Leitch_2006,69.59291667,-140.2273833,NA,Active_layer,NA,-999,-999,6.64,-999,-999,-999,NA,NA,-999,HNO3-CVAAS,47.51,-999,-999,-999,-999,-999,NA,KSP,0,0
Komakuk_Beach,NWT,CANADA,KB,2004-08-17,Freshwater_Institute,Daniel_Leitch,NA,Leitch_2006,69.59291667,-140.2273833,NA,Active_layer,NA,-999,-999,9.29,-999,-999,-999,NA,NA,-999,HNO3-CVAAS,39.3,-999,-999,-999,77.9,-999,NA,KSP,0,0
Komakuk_Beach,NWT,CANADA,KB,2004-08-17,Freshwater_Institute,Daniel_Leitch,NA,Leitch_2006,69.59291667,-140.2273833,NA,Active_layer,NA,-999,-999,9.29,-999,-999,-999,NA,NA,-999,HNO3-CVAAS,26.92,-999,-999,-999,77.9,-999,NA,KSP,0,0
Komakuk_Beach,NWT,CANADA,KB,2004-08-17,Freshwater_Institute,Daniel_Leitch,NA,Leitch_2006,69.59291667,-140.2273833,NA,Active_layer,NA,-999,-999,12.61,-999,-999,-999,NA,NA,-999,HNO3-CVAAS,24.9,-999,-999,-999,78.5,-999,NA,KSP,0,0
Komakuk_Beach,NWT,CANADA,KB,2004-08-17,Freshwater_Institute,Daniel_Leitch,NA,Leitch_2006,69.59291667,-140.2273833,NA,Active_layer,NA,-999,-999,15.93,-999,-999,-999,NA,NA,-999,HNO3-CVAAS,27.01,-999,-999,-999,79.09,-999,NA,KSP,0,0
Komakuk_Beach,NWT,CANADA,KB,2004-08-17,Freshwater_Institute,Daniel_Leitch,NA,Leitch_2006,69.59291667,-140.2273833,NA,Active_layer,NA,-999,-999,19.25,-999,-999,-999,NA,NA,-999,HNO3-CVAAS,31.18,-999,-999,-999,78.52,-999,NA,KSP,0,0
Komakuk_Beach,NWT,CANADA,KB,2004-08-17,Freshwater_Institute,Daniel_Leitch,NA,Leitch_2006,69.59291667,-140.2273833,NA,Active_layer,NA,-999,-999,23.9,-999,-999,-999,NA,NA,-999,HNO3-CVAAS,35.36,-999,-999,-999,80.86,-999,NA,KSP,0,0
Komakuk_Beach,NWT,CANADA,KB,2004-08-17,Freshwater_Institute,Daniel_Leitch,NA,Leitch_2006,69.59291667,-140.2273833,NA,Active_layer,NA,-999,-999,27.88,-999,-999,-999,NA,NA,-999,HNO3-CVAAS,29.23,-999,-999,-999,77.38,-999,NA,KSP,0,0
Komakuk_Beach,NWT,CANADA,KB,2004-08-17,Freshwater_Institute,Daniel_Leitch,NA,Leitch_2006,69.59291667,-140.2273833,NA,Active_layer,NA,-999,-999,31.87,-999,-999,-999,NA,NA,-999,HNO3-CVAAS,31.34,-999,-999,-999,74.5,-999,NA,KSP,0,0
Komakuk_Beach,NWT,CANADA,KB,2004-08-17,Freshwater_Institute,Daniel_Leitch,NA,Leitch_2006,69.59291667,-140.2273833,NA,Active_layer,NA,-999,-999,34.52,-999,-999,-999,NA,NA,-999,HNO3-CVAAS,37.56,-999,-999,-999,77.41,-999,NA,KSP,0,0
Komakuk_Beach,NWT,CANADA,KB,2004-08-17,Freshwater_Institute,Daniel_Leitch,NA,Leitch_2006,69.59291667,-140.2273833,NA,Active_layer,NA,-999,-999,38.51,-999,-999,-999,NA,NA,-999,HNO3-CVAAS,39.67,-999,-999,-999,85.56,-999,NA,KSP,0,0
Komakuk_Beach,NWT,CANADA,KB,2004-08-17,Freshwater_Institute,Daniel_Leitch,NA,Leitch_2006,69.59291667,-140.2273833,NA,Active_layer,NA,-999,-999,41.83,-999,-999,-999,NA,NA,-999,HNO3-CVAAS,35.59,-999,-999,-999,86.16,-999,NA,KSP,0,0
Komakuk_Beach,NWT,CANADA,KB,2004-08-17,Freshwater_Institute,Daniel_Leitch,NA,Leitch_2006,69.59291667,-140.2273833,NA,Permafrost,NA,-999,-999,47.8,-999,-999,-999,NA,NA,-999,HNO3-CVAAS,33.61,-999,-999,-999,80.95,-999,NA,KSP,0,0
Komakuk_Beach,NWT,CANADA,KB,2004-08-17,Freshwater_Institute,Daniel_Leitch,NA,Leitch_2006,69.59291667,-140.2273833,NA,Permafrost,NA,-999,-999,53.11,-999,-999,-999,NA,NA,-999,HNO3-CVAAS,43.98,-999,-999,-999,85.62,-999,NA,KSP,0,0
Komakuk_Beach,NWT,CANADA,KB,2004-08-17,Freshwater_Institute,Daniel_Leitch,NA,Leitch_2006,69.59291667,-140.2273833,NA,Permafrost,NA,-999,-999,57.76,-999,-999,-999,NA,NA,-999,HNO3-CVAAS,46.11,-999,-999,-999,87.96,-999,NA,KSP,0,0
Komakuk_Beach,NWT,CANADA,KB,2004-08-17,Freshwater_Institute,Daniel_Leitch,NA,Leitch_2006,69.59291667,-140.2273833,NA,Permafrost,NA,-999,-999,63.07,-999,-999,-999,NA,NA,-999,HNO3-CVAAS,44.11,-999,-999,-999,99.03,-999,NA,KSP,0,0
Komakuk_Beach,NWT,CANADA,KB,2004-08-17,Freshwater_Institute,Daniel_Leitch,NA,Leitch_2006,69.59291667,-140.2273833,NA,Permafrost,NA,-999,-999,67.72,-999,-999,-999,NA,NA,-999,HNO3-CVAAS,48.3,-999,-999,-999,93.23,-999,NA,KSP,0,0
Komakuk_Beach,NWT,CANADA,KB,2004-08-17,Freshwater_Institute,Daniel_Leitch,NA,Leitch_2006,69.59291667,-140.2273833,NA,Permafrost,NA,-999,-999,72.37,-999,-999,-999,NA,NA,-999,HNO3-CVAAS,50.42,-999,-999,-999,99.06,-999,NA,KSP,0,0
Komakuk_Beach,NWT,CANADA,KB,2004-08-17,Freshwater_Institute,Daniel_Leitch,NA,Leitch_2006,69.59291667,-140.2273833,NA,Permafrost,NA,-999,-999,81.66,-999,-999,-999,NA,NA,-999,HNO3-CVAAS,48.47,-999,-999,-999,94.45,-999,NA,KSP,0,0
Komakuk_Beach,NWT,CANADA,KB,2004-08-17,Freshwater_Institute,Daniel_Leitch,NA,Leitch_2006,69.59291667,-140.2273833,NA,Permafrost,NA,-999,-999,86.31,-999,-999,-999,NA,NA,-999,HNO3-CVAAS,42.35,-999,-999,-999,86.33,-999,NA,KSP,0,0
Komakuk_Beach,NWT,CANADA,KB,2004-08-17,Freshwater_Institute,Daniel_Leitch,NA,Leitch_2006,69.59291667,-140.2273833,NA,Permafrost,NA,-999,-999,98.26,-999,-999,-999,NA,NA,-999,HNO3-CVAAS,44.57,-999,-999,-999,92.76,-999,NA,KSP,0,0
Komakuk_Beach,NWT,CANADA,KB,2004-08-17,Freshwater_Institute,Daniel_Leitch,NA,Leitch_2006,69.59291667,-140.2273833,NA,Permafrost,NA,-999,-999,103.57,-999,-999,-999,NA,NA,-999,HNO3-CVAAS,38.45,-999,-999,-999,84.64,-999,NA,KSP,0,0
Komakuk_Beach,NWT,CANADA,KB,2004-08-17,Freshwater_Institute,Daniel_Leitch,NA,Leitch_2006,69.59291667,-140.2273833,NA,Permafrost,NA,-999,-999,108.22,-999,-999,-999,NA,NA,-999,HNO3-CVAAS,34.38,-999,-999,-999,82.33,-999,NA,KSP,0,0
Komakuk_Beach,NWT,CANADA,KB,2004-08-17,Freshwater_Institute,Daniel_Leitch,NA,Leitch_2006,69.59291667,-140.2273833,NA,Permafrost,NA,-999,-999,112.2,-999,-999,-999,NA,NA,-999,HNO3-CVAAS,26.19,-999,-999,-999,70.72,-999,NA,KSP,0,0
Komakuk_Beach,NWT,CANADA,KB,2004-08-17,Freshwater_Institute,Daniel_Leitch,NA,Leitch_2006,69.59291667,-140.2273833,NA,Permafrost,NA,-999,-999,116.18,-999,-999,-999,NA,NA,-999,HNO3-CVAAS,32.43,-999,-999,-999,79.46,-999,NA,KSP,0,0
Komakuk_Beach,NWT,CANADA,KB,2004-08-17,Freshwater_Institute,Daniel_Leitch,NA,Leitch_2006,69.59291667,-140.2273833,NA,Permafrost,NA,-999,-999,120.83,-999,-999,-999,NA,NA,-999,HNO3-CVAAS,38.67,-999,-999,-999,92.27,-999,NA,KSP,0,0
Komakuk_Beach,NWT,CANADA,KB,2004-08-17,Freshwater_Institute,Daniel_Leitch,NA,Leitch_2006,69.59291667,-140.2273833,NA,Permafrost,NA,-999,-999,124.81,-999,-999,-999,NA,NA,-999,HNO3-CVAAS,38.72,-999,-999,-999,80.65,-999,NA,KSP,0,0
Komakuk_Beach,NWT,CANADA,KB,2004-08-17,Freshwater_Institute,Daniel_Leitch,NA,Leitch_2006,69.59291667,-140.2273833,NA,Permafrost,NA,-999,-999,129.46,-999,-999,-999,NA,NA,-999,HNO3-CVAAS,47.03,-999,-999,-999,81.25,-999,NA,KSP,0,0
Komakuk_Beach,NWT,CANADA,KB,2004-08-17,Freshwater_Institute,Daniel_Leitch,NA,Leitch_2006,69.59291667,-140.2273833,NA,Permafrost,NA,-999,-999,134.77,-999,-999,-999,NA,NA,-999,HNO3-CVAAS,45.04,-999,-999,-999,80.69,-999,NA,KSP,0,0
Komakuk_Beach,NWT,CANADA,KB,2004-08-17,Freshwater_Institute,Daniel_Leitch,NA,Leitch_2006,69.59291667,-140.2273833,NA,Permafrost,NA,-999,-999,139.42,-999,-999,-999,NA,NA,-999,HNO3-CVAAS,47.16,-999,-999,-999,86.52,-999,NA,KSP,0,0
Komakuk_Beach,NWT,CANADA,KB,2004-08-17,Freshwater_Institute,Daniel_Leitch,NA,Leitch_2006,69.59291667,-140.2273833,NA,Permafrost,NA,-999,-999,143.4,-999,-999,-999,NA,NA,-999,HNO3-CVAAS,49.27,-999,-999,-999,84.79,-999,NA,KSP,0,0
Komakuk_Beach,NWT,CANADA,KB,2004-08-17,Freshwater_Institute,Daniel_Leitch,NA,Leitch_2006,69.59291667,-140.2273833,NA,Permafrost,NA,-999,-999,149.38,-999,-999,-999,NA,NA,-999,HNO3-CVAAS,53.47,-999,-999,-999,81.9,-999,NA,KSP,0,0
Komakuk_Beach,NWT,CANADA,KB,2004-08-17,Freshwater_Institute,Daniel_Leitch,NA,Leitch_2006,69.59291667,-140.2273833,NA,Permafrost,NA,-999,-999,154.02,-999,-999,-999,NA,NA,-999,HNO3-CVAAS,55.59,-999,-999,-999,69.13,-999,NA,KSP,0,0
Komakuk_Beach,NWT,CANADA,KB,2004-08-17,Freshwater_Institute,Daniel_Leitch,NA,Leitch_2006,69.59291667,-140.2273833,NA,Permafrost,NA,-999,-999,158.01,-999,-999,-999,NA,NA,-999,HNO3-CVAAS,49.46,-999,-999,-999,87.75,-999,NA,KSP,0,0
Herschel_Island_West,NWT,CANADA,HI-W,2004-08-11,Freshwater_Institute,Daniel_Leitch,NA,Leitch_2006,69.63334333,-139.0689,NA,Active_layer,NA,-999,-999,0.05,-999,-999,-999,NA,NA,-999,HNO3-CVAAS,69.89,-999,-999,-999,34.25,-999,NA,KSP,0,0
Herschel_Island_West,NWT,CANADA,HI-W,2004-08-11,Freshwater_Institute,Daniel_Leitch,NA,Leitch_2006,69.63334333,-139.0689,NA,Active_layer,NA,-999,-999,1.23,-999,-999,-999,NA,NA,-999,HNO3-CVAAS,61.76,-999,-999,-999,28.44,-999,NA,KSP,0,0
Herschel_Island_West,NWT,CANADA,HI-W,2004-08-11,Freshwater_Institute,Daniel_Leitch,NA,Leitch_2006,69.63334333,-139.0689,NA,Active_layer,NA,-999,-999,2.4,-999,-999,-999,NA,NA,-999,HNO3-CVAAS,57.75,-999,-999,-999,27.28,-999,NA,KSP,0,0
Herschel_Island_West,NWT,CANADA,HI-W,2004-08-11,Freshwater_Institute,Daniel_Leitch,NA,Leitch_2006,69.63334333,-139.0689,NA,Active_layer,NA,-999,-999,3.35,-999,-999,-999,NA,NA,-999,HNO3-CVAAS,55.77,-999,-999,-999,24.96,-999,NA,KSP,0,0
Herschel_Island_West,NWT,CANADA,HI-W,2004-08-11,Freshwater_Institute,Daniel_Leitch,NA,Leitch_2006,69.63334333,-139.0689,NA,Active_layer,NA,-999,-999,4.29,-999,-999,-999,NA,NA,-999,HNO3-CVAAS,53.8,-999,-999,-999,24.39,-999,NA,KSP,0,0
Herschel_Island_West,NWT,CANADA,HI-W,2004-08-11,Freshwater_Institute,Daniel_Leitch,NA,Leitch_2006,69.63334333,-139.0689,NA,Active_layer,NA,-999,-999,5.23,-999,-999,-999,NA,NA,-999,HNO3-CVAAS,55.93,-999,-999,-999,23.24,-999,NA,KSP,0,0
Herschel_Island_West,NWT,CANADA,HI-W,2004-08-11,Freshwater_Institute,Daniel_Leitch,NA,Leitch_2006,69.63334333,-139.0689,NA,Active_layer,NA,-999,-999,6.41,-999,-999,-999,NA,NA,-999,HNO3-CVAAS,49.86,-999,-999,-999,22.67,-999,NA,KSP,0,0
Herschel_Island_West,NWT,CANADA,HI-W,2004-08-11,Freshwater_Institute,Daniel_Leitch,NA,Leitch_2006,69.63334333,-139.0689,NA,Active_layer,NA,-999,-999,8.06,-999,-999,-999,NA,NA,-999,HNO3-CVAAS,50,-999,-999,-999,20.94,-999,NA,KSP,0,0
Herschel_Island_West,NWT,CANADA,HI-W,2004-08-11,Freshwater_Institute,Daniel_Leitch,NA,Leitch_2006,69.63334333,-139.0689,NA,Active_layer,NA,-999,-999,9.24,-999,-999,-999,NA,NA,-999,HNO3-CVAAS,52.15,-999,-999,-999,20.38,-999,NA,KSP,0,0
Herschel_Island_West,NWT,CANADA,HI-W,2004-08-11,Freshwater_Institute,Daniel_Leitch,NA,Leitch_2006,69.63334333,-139.0689,NA,Active_layer,NA,-999,-999,10.89,-999,-999,-999,NA,NA,-999,HNO3-CVAAS,52.28,-999,-999,-999,20.98,-999,NA,KSP,0,0
Herschel_Island_West,NWT,CANADA,HI-W,2004-08-11,Freshwater_Institute,Daniel_Leitch,NA,Leitch_2006,69.63334333,-139.0689,NA,Active_layer,NA,-999,-999,12.54,-999,-999,-999,NA,NA,-999,HNO3-CVAAS,54.47,-999,-999,-999,20.42,-999,NA,KSP,0,0
Herschel_Island_West,NWT,CANADA,HI-W,2004-08-11,Freshwater_Institute,Daniel_Leitch,NA,Leitch_2006,69.63334333,-139.0689,NA,Active_layer,NA,-999,-999,14.9,-999,-999,-999,NA,NA,-999,HNO3-CVAAS,56.72,-999,-999,-999,19.86,-999,NA,KSP,0,0
Herschel_Island_West,NWT,CANADA,HI-W,2004-08-11,Freshwater_Institute,Daniel_Leitch,NA,Leitch_2006,69.63334333,-139.0689,NA,Active_layer,NA,-999,-999,16.79,-999,-999,-999,NA,NA,-999,HNO3-CVAAS,60.99,-999,-999,-999,19.88,-999,NA,KSP,0,0
Herschel_Island_West,NWT,CANADA,HI-W,2004-08-11,Freshwater_Institute,Daniel_Leitch,NA,Leitch_2006,69.63334333,-139.0689,NA,Active_layer,NA,-999,-999,18.68,-999,-999,-999,NA,NA,-999,HNO3-CVAAS,57.03,-999,-999,-999,19.32,-999,NA,KSP,0,0
Herschel_Island_West,NWT,CANADA,HI-W,2004-08-11,Freshwater_Institute,Daniel_Leitch,NA,Leitch_2006,69.63334333,-139.0689,NA,Active_layer,NA,-999,-999,20.8,-999,-999,-999,NA,NA,-999,HNO3-CVAAS,61.32,-999,-999,-999,19.35,-999,NA,KSP,0,0
Herschel_Island_West,NWT,CANADA,HI-W,2004-08-11,Freshwater_Institute,Daniel_Leitch,NA,Leitch_2006,69.63334333,-139.0689,NA,Active_layer,NA,-999,-999,22.69,-999,-999,-999,NA,NA,-999,HNO3-CVAAS,61.47,-999,-999,-999,18.79,-999,NA,KSP,0,0
Herschel_Island_West,NWT,CANADA,HI-W,2004-08-11,Freshwater_Institute,Daniel_Leitch,NA,Leitch_2006,69.63334333,-139.0689,NA,Active_layer,NA,-999,-999,24.81,-999,-999,-999,NA,NA,-999,HNO3-CVAAS,55.48,-999,-999,-999,11.82,-999,NA,KSP,0,0
Herschel_Island_West,NWT,CANADA,HI-W,2004-08-11,Freshwater_Institute,Daniel_Leitch,NA,Leitch_2006,69.63334333,-139.0689,NA,Active_layer,NA,-999,-999,26.94,-999,-999,-999,NA,NA,-999,HNO3-CVAAS,61.82,-999,-999,-999,18.83,-999,NA,KSP,0,0
Herschel_Island_West,NWT,CANADA,HI-W,2004-08-11,Freshwater_Institute,Daniel_Leitch,NA,Leitch_2006,69.63334333,-139.0689,NA,Active_layer,NA,-999,-999,28.58,-999,-999,-999,NA,NA,-999,HNO3-CVAAS,59.9,-999,-999,-999,18.86,-999,NA,KSP,0,0
Herschel_Island_West,NWT,CANADA,HI-W,2004-08-11,Freshwater_Institute,Daniel_Leitch,NA,Leitch_2006,69.63334333,-139.0689,NA,Active_layer,NA,-999,-999,30.71,-999,-999,-999,NA,NA,-999,HNO3-CVAAS,62.13,-999,-999,-999,19.46,-999,NA,KSP,0,0
Herschel_Island_West,NWT,CANADA,HI-W,2004-08-11,Freshwater_Institute,Daniel_Leitch,NA,Leitch_2006,69.63334333,-139.0689,NA,Active_layer,NA,-999,-999,32.83,-999,-999,-999,NA,NA,-999,HNO3-CVAAS,62.31,-999,-999,-999,19.49,-999,NA,KSP,0,0
Herschel_Island_West,NWT,CANADA,HI-W,2004-08-11,Freshwater_Institute,Daniel_Leitch,NA,Leitch_2006,69.63334333,-139.0689,NA,Active_layer,NA,-999,-999,34.72,-999,-999,-999,NA,NA,-999,HNO3-CVAAS,62.46,-999,-999,-999,19.51,-999,NA,KSP,0,0
Herschel_Island_West,NWT,CANADA,HI-W,2004-08-11,Freshwater_Institute,Daniel_Leitch,NA,Leitch_2006,69.63334333,-139.0689,NA,Active_layer,NA,-999,-999,36.84,-999,-999,-999,NA,NA,-999,HNO3-CVAAS,66.75,-999,-999,-999,20.11,-999,NA,KSP,0,0
Herschel_Island_West,NWT,CANADA,HI-W,2004-08-11,Freshwater_Institute,Daniel_Leitch,NA,Leitch_2006,69.63334333,-139.0689,NA,Active_layer,NA,-999,-999,38.73,-999,-999,-999,NA,NA,-999,HNO3-CVAAS,68.96,-999,-999,-999,20.72,-999,NA,KSP,0,0
Herschel_Island_West,NWT,CANADA,HI-W,2004-08-11,Freshwater_Institute,Daniel_Leitch,NA,Leitch_2006,69.63334333,-139.0689,NA,Active_layer,NA,-999,-999,40.62,-999,-999,-999,NA,NA,-999,HNO3-CVAAS,67.06,-999,-999,-999,20.75,-999,NA,KSP,0,0
Herschel_Island_West,NWT,CANADA,HI-W,2004-08-11,Freshwater_Institute,Daniel_Leitch,NA,Leitch_2006,69.63334333,-139.0689,NA,Active_layer,NA,-999,-999,42.74,-999,-999,-999,NA,NA,-999,HNO3-CVAAS,71.34,-999,-999,-999,21.94,-999,NA,KSP,0,0
Herschel_Island_West,NWT,CANADA,HI-W,2004-08-11,Freshwater_Institute,Daniel_Leitch,NA,Leitch_2006,69.63334333,-139.0689,NA,Active_layer,NA,-999,-999,44.87,-999,-999,-999,NA,NA,-999,HNO3-CVAAS,73.57,-999,-999,-999,21.37,-999,NA,KSP,0,0
Herschel_Island_West,NWT,CANADA,HI-W,2004-08-11,Freshwater_Institute,Daniel_Leitch,NA,Leitch_2006,69.63334333,-139.0689,NA,Active_layer,NA,-999,-999,46.99,-999,-999,-999,NA,NA,-999,HNO3-CVAAS,71.69,-999,-999,-999,21.98,-999,NA,KSP,0,0
Herschel_Island_West,NWT,CANADA,HI-W,2004-08-11,Freshwater_Institute,Daniel_Leitch,NA,Leitch_2006,69.63334333,-139.0689,NA,Active_layer,NA,-999,-999,48.88,-999,-999,-999,NA,NA,-999,HNO3-CVAAS,73.9,-999,-999,-999,21.42,-999,NA,KSP,0,0
Herschel_Island_West,NWT,CANADA,HI-W,2004-08-11,Freshwater_Institute,Daniel_Leitch,NA,Leitch_2006,69.63334333,-139.0689,NA,Active_layer,NA,-999,-999,51,-999,-999,-999,NA,NA,-999,HNO3-CVAAS,69.96,-999,-999,-999,20.28,-999,NA,KSP,0,0
Mukhrino,Nizhnevartovsky,RUSSIA,na,2016-08-01,Tomsk_State_University,Oleg_Porkrovsky,oleg.pokrovsky@get.omp.eu,Lim_2020,60.916527,80.142937,Dystric_Ombric_Fibric_Histosols,NA,Middle_taiga,290,300,295,0,-999,-999,CN_Analyzer,52,-999,DMA,10,-999,0.019231,-999,-999,-999,na,LT,0,0
Mukhrino,Nizhnevartovsky,RUSSIA,na,2016-08-01,Tomsk_State_University,Oleg_Porkrovsky,oleg.pokrovsky@get.omp.eu,Lim_2020,60.916527,80.142937,Dystric_Ombric_Fibric_Histosols,NA,Middle_taiga,300,310,305,0,-999,-999,CN_Analyzer,52,-999,DMA,9,-999,0.017308,-999,-999,-999,na,LT,0,0
Mukhrino,Nizhnevartovsky,RUSSIA,na,2016-08-01,Tomsk_State_University,Oleg_Porkrovsky,oleg.pokrovsky@get.omp.eu,Lim_2020,60.916527,80.142937,Dystric_Ombric_Fibric_Histosols,NA,Middle_taiga,310,320,315,0,-999,-999,CN_Analyzer,53,-999,DMA,14,-999,0.026415,-999,-999,-999,na,LT,0,0
Mukhrino,Nizhnevartovsky,RUSSIA,na,2016-08-01,Tomsk_State_University,Oleg_Porkrovsky,oleg.pokrovsky@get.omp.eu,Lim_2020,60.916527,80.142937,Dystric_Ombric_Fibric_Histosols,NA,Middle_taiga,320,330,325,0,-999,-999,CN_Analyzer,56,-999,DMA,23,-999,0.041071,-999,-999,-999,na,LT,0,0
Mukhrino,Nizhnevartovsky,RUSSIA,na,2016-08-01,Tomsk_State_University,Oleg_Porkrovsky,oleg.pokrovsky@get.omp.eu,Lim_2020,60.916527,80.142937,Dystric_Ombric_Fibric_Histosols,NA,Middle_taiga,330,340,335,0,-999,-999,CN_Analyzer,59,-999,DMA,32,-999,0.054237,-999,-999,-999,na,LT,0,0
Mukhrino,Nizhnevartovsky,RUSSIA,na,2016-08-01,Tomsk_State_University,Oleg_Porkrovsky,oleg.pokrovsky@get.omp.eu,Lim_2020,60.916527,80.142937,Dystric_Ombric_Fibric_Histosols,NA,Middle_taiga,340,350,345,0,-999,-999,CN_Analyzer,58,-999,DMA,45,-999,0.077586,-999,-999,-999,na,LT,0,0
Mukhrino,Nizhnevartovsky,RUSSIA,na,2016-08-01,Tomsk_State_University,Oleg_Porkrovsky,oleg.pokrovsky@get.omp.eu,Lim_2020,60.916527,80.142937,Dystric_Ombric_Fibric_Histosols,NA,Middle_taiga,350,360,355,0,-999,-999,CN_Analyzer,57,-999,DMA,35,-999,0.061404,-999,-999,-999,na,LT,0,0
Mukhrino,Nizhnevartovsky,RUSSIA,na,2016-08-01,Tomsk_State_University,Oleg_Porkrovsky,oleg.pokrovsky@get.omp.eu,Lim_2020,60.916527,80.142937,Sandy_loam,NA,Middle_taiga,360,370,365,2,-999,-999,CN_Analyzer,29,-999,DMA,38,-999,0.131034,-999,-999,-999,na,LT,0,0
Mukhrino,Nizhnevartovsky,RUSSIA,na,2016-08-01,Tomsk_State_University,Oleg_Porkrovsky,oleg.pokrovsky@get.omp.eu,Lim_2020,60.916527,80.142937,Sandy_loam,NA,Middle_taiga,370,380,375,2,-999,-999,CN_Analyzer,1,-999,DMA,11,-999,1.1,-999,-999,-999,na,LT,0,0
Pangody,Nadymsky,RUSSIA,na,2016-08-01,Tomsk_State_University,Oleg_Porkrovsky,oleg.pokrovsky@get.omp.eu,Lim_2020,65.938602,75.23856,Histosol,NA,Forest-tundra,0,5,2.5,0,-999,-999,CN_Analyzer,42,-999,DMA,133,-999,0.316667,-999,-999,-999,na,LT,0,0
Pangody,Nadymsky,RUSSIA,na,2016-08-01,Tomsk_State_University,Oleg_Porkrovsky,oleg.pokrovsky@get.omp.eu,Lim_2020,65.938602,75.23856,Histosol,NA,Forest-tundra,5,10,7.5,0,-999,-999,CN_Analyzer,52,-999,DMA,64,-999,0.123077,-999,-999,-999,na,LT,0,0
Pangody,Nadymsky,RUSSIA,na,2016-08-01,Tomsk_State_University,Oleg_Porkrovsky,oleg.pokrovsky@get.omp.eu,Lim_2020,65.938602,75.23856,Histosol,NA,Forest-tundra,10,15,12.5,0,-999,-999,CN_Analyzer,46,-999,DMA,76,-999,0.165217,-999,-999,-999,na,LT,0,0
Pangody,Nadymsky,RUSSIA,na,2016-08-01,Tomsk_State_University,Oleg_Porkrovsky,oleg.pokrovsky@get.omp.eu,Lim_2020,65.938602,75.23856,Histosol,NA,Forest-tundra,15,20,17.5,0,-999,-999,CN_Analyzer,51,-999,DMA,71,-999,0.139216,-999,-999,-999,na,LT,0,0
Pangody,Nadymsky,RUSSIA,na,2016-08-01,Tomsk_State_University,Oleg_Porkrovsky,oleg.pokrovsky@get.omp.eu,Lim_2020,65.938602,75.23856,Histosol,NA,Forest-tundra,20,25,22.5,0,-999,-999,CN_Analyzer,51,-999,DMA,87,-999,0.170588,-999,-999,-999,na,LT,0,0
Pangody,Nadymsky,RUSSIA,na,2016-08-01,Tomsk_State_University,Oleg_Porkrovsky,oleg.pokrovsky@get.omp.eu,Lim_2020,65.938602,75.23856,Histosol,NA,Forest-tundra,25,30,27.5,0,-999,-999,CN_Analyzer,56,-999,DMA,70,-999,0.125,-999,-999,-999,na,LT,0,0
Pangody,Nadymsky,RUSSIA,na,2016-08-01,Tomsk_State_University,Oleg_Porkrovsky,oleg.pokrovsky@get.omp.eu,Lim_2020,65.938602,75.23856,Histosol,NA,Forest-tundra,30,35,32.5,0,-999,-999,CN_Analyzer,54,-999,DMA,70,-999,0.12963,-999,-999,-999,na,LT,0,0
Pangody,Nadymsky,RUSSIA,na,2016-08-01,Tomsk_State_University,Oleg_Porkrovsky,oleg.pokrovsky@get.omp.eu,Lim_2020,65.938602,75.23856,Histosol,NA,Forest-tundra,35,40,37.5,0,-999,-999,CN_Analyzer,51,-999,DMA,52,-999,0.101961,-999,-999,-999,na,LT,0,0
Pangody,Nadymsky,RUSSIA,na,2016-08-01,Tomsk_State_University,Oleg_Porkrovsky,oleg.pokrovsky@get.omp.eu,Lim_2020,65.938602,75.23856,Histosol,NA,Forest-tundra,40,45,42.5,0,-999,-999,CN_Analyzer,49,-999,DMA,50,-999,0.102041,-999,-999,-999,na,LT,0,0
Pangody,Nadymsky,RUSSIA,na,2016-08-01,Tomsk_State_University,Oleg_Porkrovsky,oleg.pokrovsky@get.omp.eu,Lim_2020,65.938602,75.23856,Histosol,NA,Forest-tundra,45,50,47.5,0,-999,-999,CN_Analyzer,55,-999,DMA,97,-999,0.176364,-999,-999,-999,na,LT,0,0
Pangody,Nadymsky,RUSSIA,na,2016-08-01,Tomsk_State_University,Oleg_Porkrovsky,oleg.pokrovsky@get.omp.eu,Lim_2020,65.938602,75.23856,Histosol,NA,Forest-tundra,50,55,52.5,0,-999,-999,CN_Analyzer,55,-999,DMA,93,-999,0.169091,-999,-999,-999,na,LT,0,0
Pangody,Nadymsky,RUSSIA,na,2016-08-01,Tomsk_State_University,Oleg_Porkrovsky,oleg.pokrovsky@get.omp.eu,Lim_2020,65.938602,75.23856,Histosol,NA,Forest-tundra,55,60,57.5,0,-999,-999,CN_Analyzer,56,-999,DMA,95,-999,0.169643,-999,-999,-999,na,LT,0,0
Pangody,Nadymsky,RUSSIA,na,2016-08-01,Tomsk_State_University,Oleg_Porkrovsky,oleg.pokrovsky@get.omp.eu,Lim_2020,65.938602,75.23856,Histosol,NA,Forest-tundra,60,65,62.5,0,-999,-999,CN_Analyzer,57,-999,DMA,72,-999,0.126316,-999,-999,-999,na,LT,0,0
Pangody,Nadymsky,RUSSIA,na,2016-08-01,Tomsk_State_University,Oleg_Porkrovsky,oleg.pokrovsky@get.omp.eu,Lim_2020,65.938602,75.23856,Histosol,NA,Forest-tundra,65,70,67.5,0,-999,-999,CN_Analyzer,59,-999,DMA,59,-999,0.1,-999,-999,-999,na,LT,0,0
Pangody,Nadymsky,RUSSIA,na,2016-08-01,Tomsk_State_University,Oleg_Porkrovsky,oleg.pokrovsky@get.omp.eu,Lim_2020,65.938602,75.23856,Histosol,NA,Forest-tundra,70,75,72.5,0,-999,-999,CN_Analyzer,50,-999,DMA,46,-999,0.092,-999,-999,-999,na,LT,0,0
Pangody,Nadymsky,RUSSIA,na,2016-08-01,Tomsk_State_University,Oleg_Porkrovsky,oleg.pokrovsky@get.omp.eu,Lim_2020,65.938602,75.23856,Histosol,NA,Forest-tundra,75,80,77.5,0,-999,-999,CN_Analyzer,54,-999,DMA,59,-999,0.109259,-999,-999,-999,na,LT,0,0
Pangody,Nadymsky,RUSSIA,na,2016-08-01,Tomsk_State_University,Oleg_Porkrovsky,oleg.pokrovsky@get.omp.eu,Lim_2020,65.938602,75.23856,Histosol,NA,Forest-tundra,80,85,82.5,0,-999,-999,CN_Analyzer,53,-999,DMA,66,-999,0.124528,-999,-999,-999,na,LT,0,0
Pangody,Nadymsky,RUSSIA,na,2016-08-01,Tomsk_State_University,Oleg_Porkrovsky,oleg.pokrovsky@get.omp.eu,Lim_2020,65.938602,75.23856,Histosol,NA,Forest-tundra,85,90,87.5,0,-999,-999,CN_Analyzer,53,-999,DMA,32,-999,0.060377,-999,-999,-999,na,LT,0,0
Pangody,Nadymsky,RUSSIA,na,2016-08-01,Tomsk_State_University,Oleg_Porkrovsky,oleg.pokrovsky@get.omp.eu,Lim_2020,65.938602,75.23856,Histosol,NA,Forest-tundra,90,95,92.5,0,-999,-999,CN_Analyzer,48,-999,DMA,23,-999,0.047917,-999,-999,-999,na,LT,0,0
Pangody,Nadymsky,RUSSIA,na,2016-08-01,Tomsk_State_University,Oleg_Porkrovsky,oleg.pokrovsky@get.omp.eu,Lim_2020,65.938602,75.23856,Histosol,NA,Forest-tundra,95,100,97.5,0,-999,-999,CN_Analyzer,49,-999,DMA,43,-999,0.087755,-999,-999,-999,na,LT,0,0
Pangody,Nadymsky,RUSSIA,na,2016-08-01,Tomsk_State_University,Oleg_Porkrovsky,oleg.pokrovsky@get.omp.eu,Lim_2020,65.938602,75.23856,Histosol,NA,Forest-tundra,100,105,102.5,0,-999,-999,CN_Analyzer,48,-999,DMA,74,-999,0.154167,-999,-999,-999,na,LT,0,0
Pangody,Nadymsky,RUSSIA,na,2016-08-01,Tomsk_State_University,Oleg_Porkrovsky,oleg.pokrovsky@get.omp.eu,Lim_2020,65.938602,75.23856,Histosol,NA,Forest-tundra,105,110,107.5,0,-999,-999,CN_Analyzer,49,-999,DMA,70,-999,0.142857,-999,-999,-999,na,LT,0,0
Pangody,Nadymsky,RUSSIA,na,2016-08-01,Tomsk_State_University,Oleg_Porkrovsky,oleg.pokrovsky@get.omp.eu,Lim_2020,65.938602,75.23856,Histosol,NA,Forest-tundra,110,115,112.5,0,-999,-999,CN_Analyzer,45,-999,DMA,73,-999,0.162222,-999,-999,-999,na,LT,0,0
Pangody,Nadymsky,RUSSIA,na,2016-08-01,Tomsk_State_University,Oleg_Porkrovsky,oleg.pokrovsky@get.omp.eu,Lim_2020,65.938602,75.23856,Histosol,NA,Forest-tundra,115,120,117.5,0,-999,-999,CN_Analyzer,54,-999,DMA,35,-999,0.064815,-999,-999,-999,na,LT,0,0
Pangody,Nadymsky,RUSSIA,na,2016-08-01,Tomsk_State_University,Oleg_Porkrovsky,oleg.pokrovsky@get.omp.eu,Lim_2020,65.938602,75.23856,Histosol,NA,Forest-tundra,120,125,122.5,0,-999,-999,CN_Analyzer,48,-999,DMA,95,-999,0.197917,-999,-999,-999,na,LT,0,0
Pangody,Nadymsky,RUSSIA,na,2016-08-01,Tomsk_State_University,Oleg_Porkrovsky,oleg.pokrovsky@get.omp.eu,Lim_2020,65.938602,75.23856,Histosol,NA,Forest-tundra,125,130,127.5,0,-999,-999,CN_Analyzer,55,-999,DMA,97,-999,0.176364,-999,-999,-999,na,LT,0,0
Pangody,Nadymsky,RUSSIA,na,2016-08-01,Tomsk_State_University,Oleg_Porkrovsky,oleg.pokrovsky@get.omp.eu,Lim_2020,65.938602,75.23856,Histosol,NA,Forest-tundra,130,135,132.5,0,-999,-999,CN_Analyzer,44,-999,DMA,93,-999,0.211364,-999,-999,-999,na,LT,0,0
Pangody,Nadymsky,RUSSIA,na,2016-08-01,Tomsk_State_University,Oleg_Porkrovsky,oleg.pokrovsky@get.omp.eu,Lim_2020,65.938602,75.23856,Histosol,NA,Forest-tundra,135,140,137.5,0,-999,-999,CN_Analyzer,17,-999,DMA,56,-999,0.329412,-999,-999,-999,na,LT,0,0
Pangody,Nadymsky,RUSSIA,na,2016-08-01,Tomsk_State_University,Oleg_Porkrovsky,oleg.pokrovsky@get.omp.eu,Lim_2020,65.938602,75.23856,Histosol,NA,Forest-tundra,140,145,142.5,0,-999,-999,CN_Analyzer,31,-999,DMA,63,-999,0.203226,-999,-999,-999,na,LT,0,0
Pangody,Nadymsky,RUSSIA,na,2016-08-01,Tomsk_State_University,Oleg_Porkrovsky,oleg.pokrovsky@get.omp.eu,Lim_2020,65.938602,75.23856,Histosol,NA,Forest-tundra,150,155,152.5,0,-999,-999,CN_Analyzer,38,-999,DMA,82,-999,0.215789,-999,-999,-999,na,LT,0,0
Pangody,Nadymsky,RUSSIA,na,2016-08-01,Tomsk_State_University,Oleg_Porkrovsky,oleg.pokrovsky@get.omp.eu,Lim_2020,65.938602,75.23856,Loam,NA,Forest-tundra,155,160,157.5,2,-999,-999,CN_Analyzer,4,-999,DMA,26,-999,0.65,-999,-999,-999,na,LT,0,0
Pangody,Nadymsky,RUSSIA,na,2016-08-01,Tomsk_State_University,Oleg_Porkrovsky,oleg.pokrovsky@get.omp.eu,Lim_2020,65.938602,75.23856,Loam,NA,Forest-tundra,160,165,162.5,1,-999,-999,CN_Analyzer,3,-999,DMA,23,-999,0.766667,-999,-999,-999,na,LT,0,0
Pangody,Nadymsky,RUSSIA,na,2016-08-01,Tomsk_State_University,Oleg_Porkrovsky,oleg.pokrovsky@get.omp.eu,Lim_2020,65.938602,75.23856,Loam,NA,Forest-tundra,165,170,167.5,2,-999,-999,CN_Analyzer,3,-999,DMA,23,-999,0.766667,-999,-999,-999,na,LT,0,0
Pangody,Nadymsky,RUSSIA,na,2016-08-01,Tomsk_State_University,Oleg_Porkrovsky,oleg.pokrovsky@get.omp.eu,Lim_2020,65.938602,75.23856,Loam,NA,Forest-tundra,170,175,172.5,2,-999,-999,CN_Analyzer,3,-999,DMA,19,-999,0.633333,-999,-999,-999,na,LT,0,0
Pangody,Nadymsky,RUSSIA,na,2016-08-01,Tomsk_State_University,Oleg_Porkrovsky,oleg.pokrovsky@get.omp.eu,Lim_2020,65.938602,75.23856,Loam,NA,Forest-tundra,175,180,177.5,2,-999,-999,CN_Analyzer,3,-999,DMA,45,-999,1.5,-999,-999,-999,na,LT,0,0
Pangody,Nadymsky,RUSSIA,na,2016-08-01,Tomsk_State_University,Oleg_Porkrovsky,oleg.pokrovsky@get.omp.eu,Lim_2020,65.938602,75.23856,Loam,NA,Forest-tundra,180,185,182.5,2,-999,-999,CN_Analyzer,1,-999,DMA,12,-999,1.2,-999,-999,-999,na,LT,0,0
Plotnikovo,Bakcharsky,RUSSIA,na,2016-08-01,Tomsk_State_University,Oleg_Porkrovsky,oleg.pokrovsky@get.omp.eu,Lim_2020,56.911053,82.975316,Dystric_Ombric_Fibric_Histosols,NA,Southern_taiga,0,10,5,0,-999,-999,CN_Analyzer,45,-999,DMA,39,-999,0.086667,-999,-999,-999,na,LT,0,0
Plotnikovo,Bakcharsky,RUSSIA,na,2016-08-01,Tomsk_State_University,Oleg_Porkrovsky,oleg.pokrovsky@get.omp.eu,Lim_2020,56.911053,82.975316,Dystric_Ombric_Fibric_Histosols,NA,Southern_taiga,10,20,15,0,-999,-999,CN_Analyzer,42,-999,DMA,45,-999,0.107143,-999,-999,-999,na,LT,0,0
Plotnikovo,Bakcharsky,RUSSIA,na,2016-08-01,Tomsk_State_University,Oleg_Porkrovsky,oleg.pokrovsky@get.omp.eu,Lim_2020,56.911053,82.975316,Dystric_Ombric_Fibric_Histosols,NA,Southern_taiga,20,30,25,0,-999,-999,CN_Analyzer,45,-999,DMA,49,-999,0.108889,-999,-999,-999,na,LT,0,0
Plotnikovo,Bakcharsky,RUSSIA,na,2016-08-01,Tomsk_State_University,Oleg_Porkrovsky,oleg.pokrovsky@get.omp.eu,Lim_2020,56.911053,82.975316,Dystric_Ombric_Fibric_Histosols,NA,Southern_taiga,30,40,35,0,-999,-999,CN_Analyzer,46,-999,DMA,50,-999,0.108696,-999,-999,-999,na,LT,0,0
Plotnikovo,Bakcharsky,RUSSIA,na,2016-08-01,Tomsk_State_University,Oleg_Porkrovsky,oleg.pokrovsky@get.omp.eu,Lim_2020,56.911053,82.975316,Dystric_Ombric_Fibric_Histosols,NA,Southern_taiga,40,50,45,0,-999,-999,CN_Analyzer,45,-999,DMA,33,-999,0.073333,-999,-999,-999,na,LT,0,0
Plotnikovo,Bakcharsky,RUSSIA,na,2016-08-01,Tomsk_State_University,Oleg_Porkrovsky,oleg.pokrovsky@get.omp.eu,Lim_2020,56.911053,82.975316,Dystric_Ombric_Fibric_Histosols,NA,Southern_taiga,50,60,55,0,-999,-999,CN_Analyzer,46,-999,DMA,35,-999,0.076087,-999,-999,-999,na,LT,0,0
Plotnikovo,Bakcharsky,RUSSIA,na,2016-08-01,Tomsk_State_University,Oleg_Porkrovsky,oleg.pokrovsky@get.omp.eu,Lim_2020,56.911053,82.975316,Dystric_Ombric_Fibric_Histosols,NA,Southern_taiga,60,70,65,0,-999,-999,CN_Analyzer,47,-999,DMA,36,-999,0.076596,-999,-999,-999,na,LT,0,0
Plotnikovo,Bakcharsky,RUSSIA,na,2016-08-01,Tomsk_State_University,Oleg_Porkrovsky,oleg.pokrovsky@get.omp.eu,Lim_2020,56.911053,82.975316,Dystric_Ombric_Fibric_Histosols,NA,Southern_taiga,70,80,75,0,-999,-999,CN_Analyzer,48,-999,DMA,31,-999,0.064583,-999,-999,-999,na,LT,0,0
Plotnikovo,Bakcharsky,RUSSIA,na,2016-08-01,Tomsk_State_University,Oleg_Porkrovsky,oleg.pokrovsky@get.omp.eu,Lim_2020,56.911053,82.975316,Dystric_Ombric_Fibric_Histosols,NA,Southern_taiga,80,90,85,0,-999,-999,CN_Analyzer,44,-999,DMA,26,-999,0.059091,-999,-999,-999,na,LT,0,0
Plotnikovo,Bakcharsky,RUSSIA,na,2016-08-01,Tomsk_State_University,Oleg_Porkrovsky,oleg.pokrovsky@get.omp.eu,Lim_2020,56.911053,82.975316,Dystric_Ombric_Fibric_Histosols,NA,Southern_taiga,90,100,95,0,-999,-999,CN_Analyzer,43,-999,DMA,16,-999,0.037209,-999,-999,-999,na,LT,0,0
Plotnikovo,Bakcharsky,RUSSIA,na,2016-08-01,Tomsk_State_University,Oleg_Porkrovsky,oleg.pokrovsky@get.omp.eu,Lim_2020,56.911053,82.975316,Dystric_Ombric_Fibric_Histosols,NA,Southern_taiga,100,110,105,0,-999,-999,CN_Analyzer,43,-999,DMA,21,-999,0.048837,-999,-999,-999,na,LT,0,0
Plotnikovo,Bakcharsky,RUSSIA,na,2016-08-01,Tomsk_State_University,Oleg_Porkrovsky,oleg.pokrovsky@get.omp.eu,Lim_2020,56.911053,82.975316,Dystric_Ombric_Fibric_Histosols,NA,Southern_taiga,110,120,115,0,-999,-999,CN_Analyzer,45,-999,DMA,26,-999,0.057778,-999,-999,-999,na,LT,0,0
Plotnikovo,Bakcharsky,RUSSIA,na,2016-08-01,Tomsk_State_University,Oleg_Porkrovsky,oleg.pokrovsky@get.omp.eu,Lim_2020,56.911053,82.975316,Dystric_Ombric_Fibric_Histosols,NA,Southern_taiga,120,130,125,0,-999,-999,CN_Analyzer,48,-999,DMA,35,-999,0.072917,-999,-999,-999,na,LT,0,0
Plotnikovo,Bakcharsky,RUSSIA,na,2016-08-01,Tomsk_State_University,Oleg_Porkrovsky,oleg.pokrovsky@get.omp.eu,Lim_2020,56.911053,82.975316,Dystric_Ombric_Fibric_Histosols,NA,Southern_taiga,130,140,135,0,-999,-999,CN_Analyzer,39,-999,DMA,56,-999,0.14359,-999,-999,-999,na,LT,0,0
Plotnikovo,Bakcharsky,RUSSIA,na,2016-08-01,Tomsk_State_University,Oleg_Porkrovsky,oleg.pokrovsky@get.omp.eu,Lim_2020,56.911053,82.975316,Carbonate,NA,Southern_taiga,140,150,145,2,-999,-999,CN_Analyzer,13,-999,DMA,53,-999,0.407692,-999,-999,-999,na,LT,0,0
Tazovsky,Purovsky,RUSSIA,na,2016-08-01,Tomsk_State_University,Oleg_Porkrovsky,oleg.pokrovsky@get.omp.eu,Lim_2020,67.474959,78.294283,Histosol,NA,Tundra,5,10,7.5,0,-999,-999,CN_Analyzer,48,-999,DMA,262,-999,0.545833,-999,-999,-999,na,LT,0,1
Tazovsky,Purovsky,RUSSIA,na,2016-08-01,Tomsk_State_University,Oleg_Porkrovsky,oleg.pokrovsky@get.omp.eu,Lim_2020,67.474959,78.294283,Histosol,NA,Tundra,10,15,12.5,0,-999,-999,CN_Analyzer,45,-999,DMA,210,-999,0.466667,-999,-999,-999,na,LT,0,0
Tazovsky,Purovsky,RUSSIA,na,2016-08-01,Tomsk_State_University,Oleg_Porkrovsky,oleg.pokrovsky@get.omp.eu,Lim_2020,67.474959,78.294283,Histosol,NA,Tundra,15,20,17.5,0,-999,-999,CN_Analyzer,45,-999,DMA,173,-999,0.384444,-999,-999,-999,na,LT,0,0
Tazovsky,Purovsky,RUSSIA,na,2016-08-01,Tomsk_State_University,Oleg_Porkrovsky,oleg.pokrovsky@get.omp.eu,Lim_2020,67.474959,78.294283,Histosol,NA,Tundra,20,25,22.5,0,-999,-999,CN_Analyzer,48,-999,DMA,126,-999,0.2625,-999,-999,-999,na,LT,0,0
Tazovsky,Purovsky,RUSSIA,na,2016-08-01,Tomsk_State_University,Oleg_Porkrovsky,oleg.pokrovsky@get.omp.eu,Lim_2020,67.474959,78.294283,Histosol,NA,Tundra,25,30,27.5,0,-999,-999,CN_Analyzer,50,-999,DMA,70,-999,0.14,-999,-999,-999,na,LT,0,0
Tazovsky,Purovsky,RUSSIA,na,2016-08-01,Tomsk_State_University,Oleg_Porkrovsky,oleg.pokrovsky@get.omp.eu,Lim_2020,67.474959,78.294283,Histosol,NA,Tundra,30,35,32.5,0,-999,-999,CN_Analyzer,48,-999,DMA,106,-999,0.220833,-999,-999,-999,na,LT,0,0
Tazovsky,Purovsky,RUSSIA,na,2016-08-01,Tomsk_State_University,Oleg_Porkrovsky,oleg.pokrovsky@get.omp.eu,Lim_2020,67.474959,78.294283,Histosol,NA,Tundra,35,40,37.5,0,-999,-999,CN_Analyzer,47,-999,DMA,127,-999,0.270213,-999,-999,-999,na,LT,0,0
Tazovsky,Purovsky,RUSSIA,na,2016-08-01,Tomsk_State_University,Oleg_Porkrovsky,oleg.pokrovsky@get.omp.eu,Lim_2020,67.474959,78.294283,Histosol,NA,Tundra,40,45,42.5,0,-999,-999,CN_Analyzer,48,-999,DMA,178,-999,0.370833,-999,-999,-999,na,LT,0,0
Tazovsky,Purovsky,RUSSIA,na,2016-08-01,Tomsk_State_University,Oleg_Porkrovsky,oleg.pokrovsky@get.omp.eu,Lim_2020,67.474959,78.294283,Histosol,NA,Tundra,45,50,47.5,0,-999,-999,CN_Analyzer,49,-999,DMA,131,-999,0.267347,-999,-999,-999,na,LT,0,0
Tazovsky,Purovsky,RUSSIA,na,2016-08-01,Tomsk_State_University,Oleg_Porkrovsky,oleg.pokrovsky@get.omp.eu,Lim_2020,67.474959,78.294283,Histosol,NA,Tundra,50,55,52.5,0,-999,-999,CN_Analyzer,48,-999,DMA,114,-999,0.2375,-999,-999,-999,na,LT,0,0
Tazovsky,Purovsky,RUSSIA,na,2016-08-01,Tomsk_State_University,Oleg_Porkrovsky,oleg.pokrovsky@get.omp.eu,Lim_2020,67.474959,78.294283,Histosol,NA,Tundra,55,60,57.5,0,-999,-999,CN_Analyzer,47,-999,DMA,92,-999,0.195745,-999,-999,-999,na,LT,0,0
Tazovsky,Purovsky,RUSSIA,na,2016-08-01,Tomsk_State_University,Oleg_Porkrovsky,oleg.pokrovsky@get.omp.eu,Lim_2020,67.474959,78.294283,Histosol,NA,Tundra,60,65,62.5,0,-999,-999,CN_Analyzer,47,-999,DMA,108,-999,0.229787,-999,-999,-999,na,LT,0,0
Tazovsky,Purovsky,RUSSIA,na,2016-08-01,Tomsk_State_University,Oleg_Porkrovsky,oleg.pokrovsky@get.omp.eu,Lim_2020,67.474959,78.294283,Histosol,NA,Tundra,65,70,67.5,0,-999,-999,CN_Analyzer,47,-999,DMA,92,-999,0.195745,-999,-999,-999,na,LT,0,0
Tazovsky,Purovsky,RUSSIA,na,2016-08-01,Tomsk_State_University,Oleg_Porkrovsky,oleg.pokrovsky@get.omp.eu,Lim_2020,67.474959,78.294283,Histosol,NA,Tundra,70,75,72.5,0,-999,-999,CN_Analyzer,48,-999,DMA,85,-999,0.177083,-999,-999,-999,na,LT,0,0
Tazovsky,Purovsky,RUSSIA,na,2016-08-01,Tomsk_State_University,Oleg_Porkrovsky,oleg.pokrovsky@get.omp.eu,Lim_2020,67.474959,78.294283,Histosol,NA,Tundra,75,80,77.5,0,-999,-999,CN_Analyzer,47,-999,DMA,129,-999,0.274468,-999,-999,-999,na,LT,0,0
Tazovsky,Purovsky,RUSSIA,na,2016-08-01,Tomsk_State_University,Oleg_Porkrovsky,oleg.pokrovsky@get.omp.eu,Lim_2020,67.474959,78.294283,Histosol,NA,Tundra,80,85,82.5,0,-999,-999,CN_Analyzer,47,-999,DMA,93,-999,0.197872,-999,-999,-999,na,LT,0,0
Tazovsky,Purovsky,RUSSIA,na,2016-08-01,Tomsk_State_University,Oleg_Porkrovsky,oleg.pokrovsky@get.omp.eu,Lim_2020,67.474959,78.294283,Histosol,NA,Tundra,85,90,87.5,0,-999,-999,CN_Analyzer,38,-999,DMA,98,-999,0.257895,-999,-999,-999,na,LT,0,0
Tazovsky,Purovsky,RUSSIA,na,2016-08-01,Tomsk_State_University,Oleg_Porkrovsky,oleg.pokrovsky@get.omp.eu,Lim_2020,67.474959,78.294283,Histosol,NA,Tundra,90,95,92.5,0,-999,-999,CN_Analyzer,47,-999,DMA,71,-999,0.151064,-999,-999,-999,na,LT,0,0
Tazovsky,Purovsky,RUSSIA,na,2016-08-01,Tomsk_State_University,Oleg_Porkrovsky,oleg.pokrovsky@get.omp.eu,Lim_2020,67.474959,78.294283,Histosol,NA,Tundra,95,100,97.5,0,-999,-999,CN_Analyzer,45,-999,DMA,113,-999,0.251111,-999,-999,-999,na,LT,0,0
Tazovsky,Purovsky,RUSSIA,na,2016-08-01,Tomsk_State_University,Oleg_Porkrovsky,oleg.pokrovsky@get.omp.eu,Lim_2020,67.474959,78.294283,Histosol,NA,Tundra,100,105,102.5,0,-999,-999,CN_Analyzer,46,-999,DMA,76,-999,0.165217,-999,-999,-999,na,LT,0,0
Tazovsky,Purovsky,RUSSIA,na,2016-08-01,Tomsk_State_University,Oleg_Porkrovsky,oleg.pokrovsky@get.omp.eu,Lim_2020,67.474959,78.294283,Histosol,NA,Tundra,105,110,107.5,0,-999,-999,CN_Analyzer,47,-999,DMA,65,-999,0.138298,-999,-999,-999,na,LT,0,0
Tazovsky,Purovsky,RUSSIA,na,2016-08-01,Tomsk_State_University,Oleg_Porkrovsky,oleg.pokrovsky@get.omp.eu,Lim_2020,67.474959,78.294283,Histosol,NA,Tundra,110,115,112.5,0,-999,-999,CN_Analyzer,50,-999,DMA,82,-999,0.164,-999,-999,-999,na,LT,0,0
Tazovsky,Purovsky,RUSSIA,na,2016-08-01,Tomsk_State_University,Oleg_Porkrovsky,oleg.pokrovsky@get.omp.eu,Lim_2020,67.474959,78.294283,Histosol,NA,Tundra,115,120,117.5,0,-999,-999,CN_Analyzer,49,-999,DMA,82,-999,0.167347,-999,-999,-999,na,LT,0,0
Tazovsky,Purovsky,RUSSIA,na,2016-08-01,Tomsk_State_University,Oleg_Porkrovsky,oleg.pokrovsky@get.omp.eu,Lim_2020,67.474959,78.294283,Histosol,NA,Tundra,120,125,122.5,0,-999,-999,CN_Analyzer,49,-999,DMA,98,-999,0.2,-999,-999,-999,na,LT,0,0
Tazovsky,Purovsky,RUSSIA,na,2016-08-01,Tomsk_State_University,Oleg_Porkrovsky,oleg.pokrovsky@get.omp.eu,Lim_2020,67.474959,78.294283,Histosol,NA,Tundra,125,130,127.5,0,-999,-999,CN_Analyzer,49,-999,DMA,166,-999,0.338776,-999,-999,-999,na,LT,0,0
Tazovsky,Purovsky,RUSSIA,na,2016-08-01,Tomsk_State_University,Oleg_Porkrovsky,oleg.pokrovsky@get.omp.eu,Lim_2020,67.474959,78.294283,Histosol,NA,Tundra,130,135,132.5,0,-999,-999,CN_Analyzer,48,-999,DMA,74,-999,0.154167,-999,-999,-999,na,LT,0,0
Tazovsky,Purovsky,RUSSIA,na,2016-08-01,Tomsk_State_University,Oleg_Porkrovsky,oleg.pokrovsky@get.omp.eu,Lim_2020,67.474959,78.294283,Histosol,NA,Tundra,135,140,137.5,0,-999,-999,CN_Analyzer,47,-999,DMA,70,-999,0.148936,-999,-999,-999,na,LT,0,0
Tazovsky,Purovsky,RUSSIA,na,2016-08-01,Tomsk_State_University,Oleg_Porkrovsky,oleg.pokrovsky@get.omp.eu,Lim_2020,67.474959,78.294283,Histosol,NA,Tundra,140,145,142.5,0,-999,-999,CN_Analyzer,48,-999,DMA,103,-999,0.214583,-999,-999,-999,na,LT,0,0
Tazovsky,Purovsky,RUSSIA,na,2016-08-01,Tomsk_State_University,Oleg_Porkrovsky,oleg.pokrovsky@get.omp.eu,Lim_2020,67.474959,78.294283,Histosol,NA,Tundra,150,155,152.5,0,-999,-999,CN_Analyzer,49,-999,DMA,131,-999,0.267347,-999,-999,-999,na,LT,0,0
Tazovsky,Purovsky,RUSSIA,na,2016-08-01,Tomsk_State_University,Oleg_Porkrovsky,oleg.pokrovsky@get.omp.eu,Lim_2020,67.474959,78.294283,Histosol,NA,Tundra,155,160,157.5,0,-999,-999,CN_Analyzer,49,-999,DMA,101,-999,0.206122,-999,-999,-999,na,LT,0,0
Tazovsky,Purovsky,RUSSIA,na,2016-08-01,Tomsk_State_University,Oleg_Porkrovsky,oleg.pokrovsky@get.omp.eu,Lim_2020,67.474959,78.294283,Histosol,NA,Tundra,160,165,162.5,0,-999,-999,CN_Analyzer,48,-999,DMA,196,-999,0.408333,-999,-999,-999,na,LT,0,0
Tazovsky,Purovsky,RUSSIA,na,2016-08-01,Tomsk_State_University,Oleg_Porkrovsky,oleg.pokrovsky@get.omp.eu,Lim_2020,67.474959,78.294283,Histosol,NA,Tundra,165,170,167.5,0,-999,-999,CN_Analyzer,48,-999,DMA,72,-999,0.15,-999,-999,-999,na,LT,0,0
Tazovsky,Purovsky,RUSSIA,na,2016-08-01,Tomsk_State_University,Oleg_Porkrovsky,oleg.pokrovsky@get.omp.eu,Lim_2020,67.474959,78.294283,Histosol,NA,Tundra,170,175,172.5,0,-999,-999,CN_Analyzer,46,-999,DMA,68,-999,0.147826,-999,-999,-999,na,LT,0,0
Tazovsky,Purovsky,RUSSIA,na,2016-08-01,Tomsk_State_University,Oleg_Porkrovsky,oleg.pokrovsky@get.omp.eu,Lim_2020,67.474959,78.294283,Histosol,NA,Tundra,175,180,177.5,0,-999,-999,CN_Analyzer,46,-999,DMA,74,-999,0.16087,-999,-999,-999,na,LT,0,0
Tazovsky,Purovsky,RUSSIA,na,2016-08-01,Tomsk_State_University,Oleg_Porkrovsky,oleg.pokrovsky@get.omp.eu,Lim_2020,67.474959,78.294283,Histosol,NA,Tundra,180,185,182.5,0,-999,-999,CN_Analyzer,48,-999,DMA,135,-999,0.28125,-999,-999,-999,na,LT,0,0
Tazovsky,Purovsky,RUSSIA,na,2016-08-01,Tomsk_State_University,Oleg_Porkrovsky,oleg.pokrovsky@get.omp.eu,Lim_2020,67.474959,78.294283,Histosol,NA,Tundra,185,190,187.5,0,-999,-999,CN_Analyzer,48,-999,DMA,98,-999,0.204167,-999,-999,-999,na,LT,0,0
Tazovsky,Purovsky,RUSSIA,na,2016-08-01,Tomsk_State_University,Oleg_Porkrovsky,oleg.pokrovsky@get.omp.eu,Lim_2020,67.474959,78.294283,Histosol,NA,Tundra,190,195,192.5,0,-999,-999,CN_Analyzer,48,-999,DMA,74,-999,0.154167,-999,-999,-999,na,LT,0,0
Tazovsky,Purovsky,RUSSIA,na,2016-08-01,Tomsk_State_University,Oleg_Porkrovsky,oleg.pokrovsky@get.omp.eu,Lim_2020,67.474959,78.294283,Histosol,NA,Tundra,195,200,197.5,0,-999,-999,CN_Analyzer,46,-999,DMA,138,-999,0.3,-999,-999,-999,na,LT,0,0
Tazovsky,Purovsky,RUSSIA,na,2016-08-01,Tomsk_State_University,Oleg_Porkrovsky,oleg.pokrovsky@get.omp.eu,Lim_2020,67.474959,78.294283,Histosol,NA,Tundra,200,205,202.5,0,-999,-999,CN_Analyzer,47,-999,DMA,170,-999,0.361702,-999,-999,-999,na,LT,0,0
Tazovsky,Purovsky,RUSSIA,na,2016-08-01,Tomsk_State_University,Oleg_Porkrovsky,oleg.pokrovsky@get.omp.eu,Lim_2020,67.474959,78.294283,Histosol,NA,Tundra,205,210,207.5,0,-999,-999,CN_Analyzer,48,-999,DMA,72,-999,0.15,-999,-999,-999,na,LT,0,0
Tazovsky,Purovsky,RUSSIA,na,2016-08-01,Tomsk_State_University,Oleg_Porkrovsky,oleg.pokrovsky@get.omp.eu,Lim_2020,67.474959,78.294283,Histosol,NA,Tundra,210,215,212.5,0,-999,-999,CN_Analyzer,48,-999,DMA,79,-999,0.164583,-999,-999,-999,na,LT,0,0
Tazovsky,Purovsky,RUSSIA,na,2016-08-01,Tomsk_State_University,Oleg_Porkrovsky,oleg.pokrovsky@get.omp.eu,Lim_2020,67.474959,78.294283,Histosol,NA,Tundra,215,220,217.5,0,-999,-999,CN_Analyzer,48,-999,DMA,127,-999,0.264583,-999,-999,-999,na,LT,0,0
Tazovsky,Purovsky,RUSSIA,na,2016-08-01,Tomsk_State_University,Oleg_Porkrovsky,oleg.pokrovsky@get.omp.eu,Lim_2020,67.474959,78.294283,Histosol,NA,Tundra,220,225,222.5,0,-999,-999,CN_Analyzer,49,-999,DMA,71,-999,0.144898,-999,-999,-999,na,LT,0,0
Tazovsky,Purovsky,RUSSIA,na,2016-08-01,Tomsk_State_University,Oleg_Porkrovsky,oleg.pokrovsky@get.omp.eu,Lim_2020,67.474959,78.294283,Histosol,NA,Tundra,225,230,227.5,0,-999,-999,CN_Analyzer,45,-999,DMA,128,-999,0.284444,-999,-999,-999,na,LT,0,0
Tazovsky,Purovsky,RUSSIA,na,2016-08-01,Tomsk_State_University,Oleg_Porkrovsky,oleg.pokrovsky@get.omp.eu,Lim_2020,67.474959,78.294283,Histosol,NA,Tundra,230,235,232.5,0,-999,-999,CN_Analyzer,47,-999,DMA,114,-999,0.242553,-999,-999,-999,na,LT,0,0
Tazovsky,Purovsky,RUSSIA,na,2016-08-01,Tomsk_State_University,Oleg_Porkrovsky,oleg.pokrovsky@get.omp.eu,Lim_2020,67.474959,78.294283,Histosol,NA,Tundra,235,240,237.5,0,-999,-999,CN_Analyzer,48,-999,DMA,100,-999,0.208333,-999,-999,-999,na,LT,0,0
Tazovsky,Purovsky,RUSSIA,na,2016-08-01,Tomsk_State_University,Oleg_Porkrovsky,oleg.pokrovsky@get.omp.eu,Lim_2020,67.474959,78.294283,Histosol,NA,Tundra,240,245,242.5,0,-999,-999,CN_Analyzer,50,-999,DMA,78,-999,0.156,-999,-999,-999,na,LT,0,0
Tazovsky,Purovsky,RUSSIA,na,2016-08-01,Tomsk_State_University,Oleg_Porkrovsky,oleg.pokrovsky@get.omp.eu,Lim_2020,67.474959,78.294283,Histosol,NA,Tundra,245,250,247.5,0,-999,-999,CN_Analyzer,47,-999,DMA,75,-999,0.159574,-999,-999,-999,na,LT,0,0
Tazovsky,Purovsky,RUSSIA,na,2016-08-01,Tomsk_State_University,Oleg_Porkrovsky,oleg.pokrovsky@get.omp.eu,Lim_2020,67.474959,78.294283,Histosol,NA,Tundra,250,255,252.5,0,-999,-999,CN_Analyzer,45,-999,DMA,110,-999,0.244444,-999,-999,-999,na,LT,0,0
Tazovsky,Purovsky,RUSSIA,na,2016-08-01,Tomsk_State_University,Oleg_Porkrovsky,oleg.pokrovsky@get.omp.eu,Lim_2020,67.474959,78.294283,Histosol,NA,Tundra,255,260,257.5,0,-999,-999,CN_Analyzer,46,-999,DMA,82,-999,0.178261,-999,-999,-999,na,LT,0,0
Tazovsky,Purovsky,RUSSIA,na,2016-08-01,Tomsk_State_University,Oleg_Porkrovsky,oleg.pokrovsky@get.omp.eu,Lim_2020,67.474959,78.294283,Histosol,NA,Tundra,260,265,262.5,0,-999,-999,CN_Analyzer,48,-999,DMA,97,-999,0.202083,-999,-999,-999,na,LT,0,0
Tazovsky,Purovsky,RUSSIA,na,2016-08-01,Tomsk_State_University,Oleg_Porkrovsky,oleg.pokrovsky@get.omp.eu,Lim_2020,67.474959,78.294283,Histosol,NA,Tundra,265,270,267.5,0,-999,-999,CN_Analyzer,47,-999,DMA,91,-999,0.193617,-999,-999,-999,na,LT,0,0
Tazovsky,Purovsky,RUSSIA,na,2016-08-01,Tomsk_State_University,Oleg_Porkrovsky,oleg.pokrovsky@get.omp.eu,Lim_2020,67.474959,78.294283,Histosol,NA,Tundra,270,275,272.5,0,-999,-999,CN_Analyzer,44,-999,DMA,117,-999,0.265909,-999,-999,-999,na,LT,0,0
Tazovsky,Purovsky,RUSSIA,na,2016-08-01,Tomsk_State_University,Oleg_Porkrovsky,oleg.pokrovsky@get.omp.eu,Lim_2020,67.474959,78.294283,Histosol,NA,Tundra,275,280,277.5,0,-999,-999,CN_Analyzer,47,-999,DMA,79,-999,0.168085,-999,-999,-999,na,LT,0,0
Tazovsky,Purovsky,RUSSIA,na,2016-08-01,Tomsk_State_University,Oleg_Porkrovsky,oleg.pokrovsky@get.omp.eu,Lim_2020,67.474959,78.294283,Histosol,NA,Tundra,280,285,282.5,0,-999,-999,CN_Analyzer,48,-999,DMA,78,-999,0.1625,-999,-999,-999,na,LT,0,0
Tazovsky,Purovsky,RUSSIA,na,2016-08-01,Tomsk_State_University,Oleg_Porkrovsky,oleg.pokrovsky@get.omp.eu,Lim_2020,67.474959,78.294283,Histosol,NA,Tundra,285,290,287.5,0,-999,-999,CN_Analyzer,48,-999,DMA,84,-999,0.175,-999,-999,-999,na,LT,0,0
Tazovsky,Purovsky,RUSSIA,na,2016-08-01,Tomsk_State_University,Oleg_Porkrovsky,oleg.pokrovsky@get.omp.eu,Lim_2020,67.474959,78.294283,Histosol,NA,Tundra,290,295,292.5,0,-999,-999,CN_Analyzer,46,-999,DMA,106,-999,0.230435,-999,-999,-999,na,LT,0,0
Tazovsky,Purovsky,RUSSIA,na,2016-08-01,Tomsk_State_University,Oleg_Porkrovsky,oleg.pokrovsky@get.omp.eu,Lim_2020,67.474959,78.294283,Histosol,NA,Tundra,295,300,297.5,0,-999,-999,CN_Analyzer,47,-999,DMA,145,-999,0.308511,-999,-999,-999,na,LT,0,0
Tazovsky,Purovsky,RUSSIA,na,2016-08-01,Tomsk_State_University,Oleg_Porkrovsky,oleg.pokrovsky@get.omp.eu,Lim_2020,67.474959,78.294283,Histosol,NA,Tundra,300,305,302.5,0,-999,-999,CN_Analyzer,50,-999,DMA,284,-999,0.568,-999,-999,-999,na,LT,0,1
Tazovsky,Purovsky,RUSSIA,na,2016-08-01,Tomsk_State_University,Oleg_Porkrovsky,oleg.pokrovsky@get.omp.eu,Lim_2020,67.474959,78.294283,Histosol,NA,Tundra,305,310,307.5,0,-999,-999,CN_Analyzer,52,-999,DMA,79,-999,0.151923,-999,-999,-999,na,LT,0,0
Tazovsky,Purovsky,RUSSIA,na,2016-08-01,Tomsk_State_University,Oleg_Porkrovsky,oleg.pokrovsky@get.omp.eu,Lim_2020,67.474959,78.294283,Histosol,NA,Tundra,310,315,312.5,0,-999,-999,CN_Analyzer,46,-999,DMA,81,-999,0.176087,-999,-999,-999,na,LT,0,0
Tazovsky,Purovsky,RUSSIA,na,2016-08-01,Tomsk_State_University,Oleg_Porkrovsky,oleg.pokrovsky@get.omp.eu,Lim_2020,67.474959,78.294283,Histosol,NA,Tundra,315,320,317.5,0,-999,-999,CN_Analyzer,48,-999,DMA,85,-999,0.177083,-999,-999,-999,na,LT,0,0
Tazovsky,Purovsky,RUSSIA,na,2016-08-01,Tomsk_State_University,Oleg_Porkrovsky,oleg.pokrovsky@get.omp.eu,Lim_2020,67.474959,78.294283,Histosol,NA,Tundra,320,325,322.5,0,-999,-999,CN_Analyzer,65,-999,DMA,67,-999,0.103077,-999,-999,-999,na,LT,0,0
Tazovsky,Purovsky,RUSSIA,na,2016-08-01,Tomsk_State_University,Oleg_Porkrovsky,oleg.pokrovsky@get.omp.eu,Lim_2020,67.474959,78.294283,Histosol,NA,Tundra,325,330,327.5,0,-999,-999,CN_Analyzer,47,-999,DMA,84,-999,0.178723,-999,-999,-999,na,LT,0,0
Tazovsky,Purovsky,RUSSIA,na,2016-08-01,Tomsk_State_University,Oleg_Porkrovsky,oleg.pokrovsky@get.omp.eu,Lim_2020,67.474959,78.294283,Histosol,NA,Tundra,330,335,332.5,0,-999,-999,CN_Analyzer,47,-999,DMA,112,-999,0.238298,-999,-999,-999,na,LT,0,0
Tazovsky,Purovsky,RUSSIA,na,2016-08-01,Tomsk_State_University,Oleg_Porkrovsky,oleg.pokrovsky@get.omp.eu,Lim_2020,67.474959,78.294283,Histosol,NA,Tundra,335,340,337.5,0,-999,-999,CN_Analyzer,49,-999,DMA,131,-999,0.267347,-999,-999,-999,na,LT,0,0
Tazovsky,Purovsky,RUSSIA,na,2016-08-01,Tomsk_State_University,Oleg_Porkrovsky,oleg.pokrovsky@get.omp.eu,Lim_2020,67.474959,78.294283,Histosol,NA,Tundra,340,345,342.5,0,-999,-999,CN_Analyzer,51,-999,DMA,89,-999,0.17451,-999,-999,-999,na,LT,0,0
Tazovsky,Purovsky,RUSSIA,na,2016-08-01,Tomsk_State_University,Oleg_Porkrovsky,oleg.pokrovsky@get.omp.eu,Lim_2020,67.474959,78.294283,Histosol,NA,Tundra,345,350,347.5,0,-999,-999,CN_Analyzer,49,-999,DMA,60,-999,0.122449,-999,-999,-999,na,LT,0,0
Tazovsky,Purovsky,RUSSIA,na,2016-08-01,Tomsk_State_University,Oleg_Porkrovsky,oleg.pokrovsky@get.omp.eu,Lim_2020,67.474959,78.294283,Histosol,NA,Tundra,380,385,382.5,0,-999,-999,CN_Analyzer,22,-999,DMA,55,-999,0.25,-999,-999,-999,na,LT,0,0
Tazovsky,Purovsky,RUSSIA,na,2016-08-01,Tomsk_State_University,Oleg_Porkrovsky,oleg.pokrovsky@get.omp.eu,Lim_2020,67.474959,78.294283,Clay_loam,NA,Tundra,385,390,387.5,2,-999,-999,CN_Analyzer,13,-999,DMA,177,-999,1.361538,-999,-999,-999,na,LT,0,0
Tazovsky,Purovsky,RUSSIA,na,2016-08-01,Tomsk_State_University,Oleg_Porkrovsky,oleg.pokrovsky@get.omp.eu,Lim_2020,67.474959,78.294283,Clay_loam,NA,Tundra,390,395,392.5,2,-999,-999,CN_Analyzer,12,-999,DMA,127,-999,1.058333,-999,-999,-999,na,LT,0,0
Tazovsky,Purovsky,RUSSIA,na,2016-08-01,Tomsk_State_University,Oleg_Porkrovsky,oleg.pokrovsky@get.omp.eu,Lim_2020,67.474959,78.294283,Clay_loam,NA,Tundra,395,400,397.5,2,-999,-999,CN_Analyzer,11,-999,DMA,172,-999,1.563636,-999,-999,-999,na,LT,0,0
Tazovsky,Purovsky,RUSSIA,na,2016-08-01,Tomsk_State_University,Oleg_Porkrovsky,oleg.pokrovsky@get.omp.eu,Lim_2020,67.474959,78.294283,Clay_loam,NA,Tundra,400,405,402.5,2,-999,-999,CN_Analyzer,11,-999,DMA,230,-999,2.090909,-999,-999,-999,na,LT,0,0
Bylot_Island,Nunavut,CANADA,18,2001-06-01,University_of_Ottawa,David_Lean,dlean@uOttawa.ca,Loseto_2004,72.931629,-79.68008,NA,O,NA,2,7,4.5,-999,-999,0,LOI,3.38,-999,DMA,21.92,5,0.649303,-999,-999,-999,na,LT,0,0
Resolute_Bay,Nunavut,CANADA,2,2001-06-01,University_of_Ottawa,David_Lean,dlean@uOttawa.ca,Loseto_2004,74.680744,-94.907697,NA,O,NA,2,7,4.5,-999,-999,1,LOI,40.75,-999,DMA,70.55,6,0.173104,-999,-999,-999,na,LT,0,0
Resolute_Bay,Nunavut,CANADA,15,2001-06-01,University_of_Ottawa,David_Lean,dlean@uOttawa.ca,Loseto_2004,74.73744,-94.94696,NA,O,NA,2,7,4.5,-999,-999,0,LOI,4.93,-999,DMA,108.22,24,2.194103,-999,-999,-999,na,LT,0,0
Resolute_Bay,Nunavut,CANADA,16,2001-06-01,University_of_Ottawa,David_Lean,dlean@uOttawa.ca,Loseto_2004,74.738218,-94.960677,NA,O,NA,2,7,4.5,-999,-999,1,LOI,28.62,-999,DMA,78.08,29,0.272836,-999,-999,-999,na,LT,0,0
Resolute_Bay,Nunavut,CANADA,4,2001-06-01,University_of_Ottawa,David_Lean,dlean@uOttawa.ca,Loseto_2004,74.742238,-95.013294,NA,O,NA,2,7,4.5,-999,-999,1,LOI,39.49,-999,DMA,247.95,61,0.627841,-999,-999,-999,na,LT,0,0
Resolute_Bay,Nunavut,CANADA,1,2001-06-01,University_of_Ottawa,David_Lean,dlean@uOttawa.ca,Loseto_2004,74.7437,-94.924,NA,O,NA,2,7,4.5,-999,-999,0,LOI,10.16,-999,DMA,45.89,16,0.451531,-999,-999,-999,na,LT,0,0
Resolute_Bay,Nunavut,CANADA,17,2001-06-01,University_of_Ottawa,David_Lean,dlean@uOttawa.ca,Loseto_2004,74.745913,-94.941816,NA,O,NA,2,7,4.5,-999,-999,0,LOI,4.69,-999,DMA,26.03,5,0.555088,-999,-999,-999,na,LT,0,0
Resolute_Bay,Nunavut,CANADA,5,2001-06-01,University_of_Ottawa,David_Lean,dlean@uOttawa.ca,Loseto_2004,74.746346,-94.890904,NA,O,NA,2,7,4.5,-999,-999,0,LOI,1.42,-999,DMA,9.59,2,0.676247,-999,-999,-999,na,LT,0,0
Resolute_Bay,Nunavut,CANADA,6,2001-06-01,University_of_Ottawa,David_Lean,dlean@uOttawa.ca,Loseto_2004,74.755862,-94.942439,NA,O,NA,2,7,4.5,-999,-999,1,LOI,34.18,-999,DMA,76.71,16,0.224415,-999,-999,-999,na,LT,0,0
Resolute_Bay,Nunavut,CANADA,10,2001-06-01,University_of_Ottawa,David_Lean,dlean@uOttawa.ca,Loseto_2004,74.757459,-95.075297,NA,O,NA,2,7,4.5,-999,-999,0,LOI,21.36,-999,DMA,83.56,25,0.391226,-999,-999,-999,na,LT,0,0
Resolute_Bay,Nunavut,CANADA,14,2001-06-01,University_of_Ottawa,David_Lean,dlean@uOttawa.ca,Loseto_2004,74.774634,-95.021776,NA,O,NA,2,7,4.5,-999,-999,0,LOI,27.04,-999,DMA,69.86,18,0.258378,-999,-999,-999,na,LT,0,0
Resolute_Bay,Nunavut,CANADA,7,2001-06-01,University_of_Ottawa,David_Lean,dlean@uOttawa.ca,Loseto_2004,74.775273,-94.978989,NA,O,NA,2,7,4.5,-999,-999,0,LOI,5.73,-999,DMA,12.33,6,0.21523,-999,-999,-999,na,LT,0,0
Resolute_Bay,Nunavut,CANADA,11,2001-06-01,University_of_Ottawa,David_Lean,dlean@uOttawa.ca,Loseto_2004,74.77591,-95.080756,NA,O,NA,2,7,4.5,-999,-999,0,LOI,8.04,-999,DMA,60.27,25,0.74966,-999,-999,-999,na,LT,0,0
Resolute_Bay,Nunavut,CANADA,8,2001-06-01,University_of_Ottawa,David_Lean,dlean@uOttawa.ca,Loseto_2004,74.789233,-94.926205,NA,O,NA,2,7,4.5,-999,-999,0,LOI,6.44,-999,DMA,46.58,18,0.722659,-999,-999,-999,na,LT,0,0
Resolute_Bay,Nunavut,CANADA,9,2001-06-01,University_of_Ottawa,David_Lean,dlean@uOttawa.ca,Loseto_2004,74.789264,-94.932084,NA,O,NA,2,7,4.5,-999,-999,0,LOI,8.26,-999,DMA,68.49,25,0.82936,-999,-999,-999,na,LT,0,0
Resolute_Bay,Nunavut,CANADA,13,2001-06-01,University_of_Ottawa,David_Lean,dlean@uOttawa.ca,Loseto_2004,74.794582,-95.024366,NA,O,NA,2,7,4.5,-999,-999,0,LOI,11.73,-999,DMA,31.51,9,0.268576,-999,-999,-999,na,LT,0,0
Resolute_Bay,Nunavut,CANADA,12,2001-06-01,University_of_Ottawa,David_Lean,dlean@uOttawa.ca,Loseto_2004,74.796446,-95.078886,NA,O,NA,2,7,4.5,-999,-999,0,LOI,11.97,-999,DMA,52.05,9,0.434987,-999,-999,-999,na,LT,0,0
Sommerset_Island,Nunavut,CANADA,3,2001-06-01,University_of_Ottawa,David_Lean,dlean@uOttawa.ca,Loseto_2004,72.005392,-94.276171,NA,O,NA,2,7,4.5,-999,-999,1,LOI,32.75,-999,DMA,251.37,12,0.767452,-999,-999,-999,na,LT,0,0
G,Russia,RUSSIA,G30,2020-08-14,,DmitryMoskovchenko,moskovchenko1965@gmail.com,Moskovchenko_2017,73.056752,69.951734,NA,NA,Sedge–grass–moss,0,10,5,-999,-999,-999,NA,NA,-999,NA,12,-999,-999,-999,-999,-999,NA,SZ,0,0
G,Russia,RUSSIA,G26(?22-1),2020-08-14,,DmitryMoskovchenko,moskovchenko1965@gmail.com,Moskovchenko_2017,73.072211,69.99259,NA,NA,Dwarfshrub–sedge–lichen–moss,1,20,10.5,-999,-999,-999,NA,NA,-999,NA,33,-999,-999,-999,-999,-999,NA,SZ,0,0
G,Russia,RUSSIA,G27(?23-2),2020-08-14,,DmitryMoskovchenko,moskovchenko1965@gmail.com,Moskovchenko_2017,73.073404,69.997464,NA,NA,Forb–sedgeandsedge–mossmires,17,30,23.5,-999,-999,-999,NA,NA,-999,NA,5,-999,-999,-999,-999,-999,NA,SZ,0,0
G,Russia,RUSSIA,G24,2020-08-14,,DmitryMoskovchenko,moskovchenko1965@gmail.com,Moskovchenko_2017,73.1049,70.274317,NA,NA,Sedge–grass–moss,25,50,37.5,-999,-999,-999,NA,NA,-999,NA,12.5,-999,-999,-999,-999,-999,NA,SZ,0,0
G,Russia,RUSSIA,G23,2020-08-14,,DmitryMoskovchenko,moskovchenko1965@gmail.com,Moskovchenko_2017,73.105367,70.272167,NA,NA,Dwarfshrub–sedge–lichen–moss,2,12,7,-999,-999,-999,NA,NA,-999,NA,18,-999,-999,-999,-999,-999,NA,SZ,0,0
G,Russia,RUSSIA,G11,2020-08-14,,DmitryMoskovchenko,moskovchenko1965@gmail.com,Moskovchenko_2017,73.167086,70.438097,NA,NA,Dwarfshrub–sedge–lichen–moss,1,13,7,-999,-999,-999,NA,NA,-999,NA,18.5,-999,-999,-999,-999,-999,NA,SZ,0,0
G,Russia,RUSSIA,G12,2020-08-14,,DmitryMoskovchenko,moskovchenko1965@gmail.com,Moskovchenko_2017,73.16815,70.441567,NA,NA,Dwarfshrub–sedge–lichen–moss,2,16,9,-999,-999,-999,NA,NA,-999,NA,15.5,-999,-999,-999,-999,-999,NA,SZ,0,0
G,Russia,RUSSIA,G13,2020-08-14,,DmitryMoskovchenko,moskovchenko1965@gmail.com,Moskovchenko_2017,73.169467,70.441133,NA,NA,Forb–sedgeandsedge–mossmires,4,28,16,-999,-999,-999,NA,NA,-999,NA,24,-999,-999,-999,-999,-999,NA,SZ,0,0
G,Russia,RUSSIA,G10,2020-08-14,,DmitryMoskovchenko,moskovchenko1965@gmail.com,Moskovchenko_2017,73.249702,70.908958,NA,NA,Forb–sedgeandsedge–mossmires,18,22,20,-999,-999,-999,NA,NA,-999,NA,13.5,-999,-999,-999,-999,-999,NA,SZ,0,0
G,Russia,RUSSIA,G9,2020-08-14,,DmitryMoskovchenko,moskovchenko1965@gmail.com,Moskovchenko_2017,73.249997,70.907593,NA,NA,Dwarfshrub–sedge–lichen–moss,2,14,8,-999,-999,-999,NA,NA,-999,NA,14.5,-999,-999,-999,-999,-999,NA,SZ,0,0
G,Russia,RUSSIA,G6,2020-08-14,,DmitryMoskovchenko,moskovchenko1965@gmail.com,Moskovchenko_2017,73.276259,71.143824,NA,NA,Sedge–grass–moss,0,13,6.5,-999,-999,-999,NA,NA,-999,NA,42,-999,-999,-999,-999,-999,NA,SZ,0,0
G,Russia,RUSSIA,G7,2020-08-14,,DmitryMoskovchenko,moskovchenko1965@gmail.com,Moskovchenko_2017,73.276332,71.142632,NA,NA,Sedge–grass–moss,0,10,5,-999,-999,-999,NA,NA,-999,NA,35,-999,-999,-999,-999,-999,NA,SZ,0,0
G,Russia,RUSSIA,G3,2020-08-14,,DmitryMoskovchenko,moskovchenko1965@gmail.com,Moskovchenko_2017,73.279637,71.192092,NA,NA,Forb–sedgeandsedge–mossmires,9,26,17.5,-999,-999,-999,NA,NA,-999,NA,81,-999,-999,-999,-999,-999,NA,SZ,0,0
G,Russia,RUSSIA,G1,2020-08-14,,DmitryMoskovchenko,moskovchenko1965@gmail.com,Moskovchenko_2017,73.279763,71.191257,NA,NA,Forb–sedgeandsedge–mossmires,0,10,5,-999,-999,-999,NA,NA,-999,NA,73,-999,-999,-999,-999,-999,NA,SZ,0,0
G,Russia,RUSSIA,G15,2020-08-14,,DmitryMoskovchenko,moskovchenko1965@gmail.com,Moskovchenko_2017,73.330917,70.07605,NA,NA,Dwarfshrub–sedge–lichen–moss,4,11,7.5,-999,-999,-999,NA,NA,-999,NA,26,-999,-999,-999,-999,-999,NA,SZ,0,0
G,Russia,RUSSIA,G17,2020-08-14,,DmitryMoskovchenko,moskovchenko1965@gmail.com,Moskovchenko_2017,73.33175,70.076217,NA,NA,Forb–sedgeandsedge–mossmires,0,10,5,-999,-999,-999,NA,NA,-999,NA,27,-999,-999,-999,-999,-999,NA,SZ,0,0
G,Russia,RUSSIA,G18,2020-08-14,,DmitryMoskovchenko,moskovchenko1965@gmail.com,Moskovchenko_2017,73.333305,70.062366,NA,NA,Sedge–grass–moss,0,10,5,-999,-999,-999,NA,NA,-999,NA,21,-999,-999,-999,-999,-999,NA,SZ,0,0
Toolik_Field_Station,North_Slope,USA,mix_O_1.5,2015-01-01,"University_of_Nevada,_Reno",Daniel_Obrist,Daniel_Obrist@uml.edu,Obrist_2017,68.633333,-149.6,Typic_Aquiturbel,O,tussock_tundra,0,3,1.5,-999,-999,-999,NA,47.59666667,-999,TMA,33.33,-999,0.069985,-999,-999,-999,na,LT,0,0
Toolik_Field_Station,North_Slope,USA,Oe,2015-01-01,"University_of_Nevada,_Reno",Daniel_Obrist,Daniel_Obrist@uml.edu,Obrist_2017,68.633333,-149.6,Typic_Aquiturbel,O,tussock_tundra,0,7,3.5,-999,-999,-999,NA,45.19,-999,TMA,156.24,-999,0.345735,-999,-999,-999,na,LT,0,0
Toolik_Field_Station,North_Slope,USA,A,2015-01-01,"University_of_Nevada,_Reno",Daniel_Obrist,Daniel_Obrist@uml.edu,Obrist_2017,68.633333,-149.6,Typic_Aquiturbel,O,tussock_tundra,3,5,4,-999,-999,-999,NA,24.73,-999,TMA,150.47,-999,0.608455,-999,-999,-999,na,LT,0,0
Toolik_Field_Station,North_Slope,USA,Oa,2015-01-01,"University_of_Nevada,_Reno",Daniel_Obrist,Daniel_Obrist@uml.edu,Obrist_2017,68.633333,-149.6,Typic_Aquiturbel,O,tussock_tundra,3,7,5,-999,-999,-999,NA,37.67,-999,TMA,160.05,-999,0.424882,-999,-999,-999,na,LT,0,0
Toolik_Field_Station,North_Slope,USA,"OA_1-2""",2014-01-01,"University_of_Nevada,_Reno",Daniel_Obrist,Daniel_Obrist@uml.edu,Obrist_2017,68.633333,-149.6,Typic_Aquiturbel,A,tussock_tundra,3,8,5.5,-999,-999,-999,NA,12.58,-999,TMA,132.06,-999,1.049783,-999,-999,-999,na,LT,0,0
Toolik_Field_Station,North_Slope,USA,"1-2""_Hg_#2",2014-01-01,"University_of_Nevada,_Reno",Daniel_Obrist,Daniel_Obrist@uml.edu,Obrist_2017,68.633333,-149.6,Typic_Aquiturbel,O,tussock_tundra,5,10,7.5,-999,-999,-999,NA,34.93,-999,TMA,137.15,-999,0.392638,-999,-999,-999,na,LT,0,0
Toolik_Field_Station,North_Slope,USA,Oe_Hg,2014-01-01,"University_of_Nevada,_Reno",Daniel_Obrist,Daniel_Obrist@uml.edu,Obrist_2017,68.633333,-149.6,Typic_Aquiturbel,O,tussock_tundra,2,15,8.5,-999,-999,-999,NA,45.52,-999,TMA,143.76,-999,0.315808,-999,-999,-999,na,LT,0,0
Toolik_Field_Station,North_Slope,USA,Oa_upper,2015-01-01,"University_of_Nevada,_Reno",Daniel_Obrist,Daniel_Obrist@uml.edu,Obrist_2017,68.633333,-149.6,Typic_Aquiturbel,O,tussock_tundra,3,15,9,-999,-999,-999,NA,36.41,-999,TMA,167.88,-999,0.46109,-999,-999,-999,na,LT,0,0
Toolik_Field_Station,North_Slope,USA,Oa_upper,2015-01-01,"University_of_Nevada,_Reno",Daniel_Obrist,Daniel_Obrist@uml.edu,Obrist_2017,68.633333,-149.6,Typic_Aquiturbel,O,tussock_tundra,7,15,11,-999,-999,-999,NA,40.93,-999,TMA,130.78,-999,0.31952,-999,-999,-999,na,LT,0,0
Toolik_Field_Station,North_Slope,USA,"Ah_2-3""",2014-01-01,"University_of_Nevada,_Reno",Daniel_Obrist,Daniel_Obrist@uml.edu,Obrist_2017,68.633333,-149.6,Typic_Aquiturbel,A,tussock_tundra,8,18,13,-999,-999,-999,NA,12.37,-999,TMA,95.96,-999,0.775717,-999,-999,-999,na,LT,0,0
Toolik_Field_Station,North_Slope,USA,A,2015-01-01,"University_of_Nevada,_Reno",Daniel_Obrist,Daniel_Obrist@uml.edu,Obrist_2017,68.633333,-149.6,Typic_Aquiturbel,O,tussock_tundra,7,19,13,-999,-999,-999,NA,24.37,-999,TMA,100.65,-999,0.41301,-999,-999,-999,na,LT,0,0
Toolik_Field_Station,North_Slope,USA,"OA_2-4""",2014-01-01,"University_of_Nevada,_Reno",Daniel_Obrist,Daniel_Obrist@uml.edu,Obrist_2017,68.633333,-149.6,Typic_Aquiturbel,A,tussock_tundra,8,20,14,-999,-999,-999,NA,14.2,-999,TMA,131.6,-999,0.926759,-999,-999,-999,na,LT,0,0
Toolik_Field_Station,North_Slope,USA,B_upper,2015-01-01,"University_of_Nevada,_Reno",Daniel_Obrist,Daniel_Obrist@uml.edu,Obrist_2017,68.633333,-149.6,Typic_Aquiturbel,B,tussock_tundra,5,25,15,-999,-999,-999,NA,1.825,-999,TMA,55.93,-999,3.064438,-999,-999,-999,na,LT,0,0
Toolik_Field_Station,North_Slope,USA,OA_upper_depth,2014-01-01,"University_of_Nevada,_Reno",Daniel_Obrist,Daniel_Obrist@uml.edu,Obrist_2017,68.633333,-149.6,Typic_Aquiturbel,O,tussock_tundra,5,25,15,-999,-999,-999,NA,37.54,-999,TMA,127.15,-999,0.338704,-999,-999,-999,na,LT,0,0
Toolik_Field_Station,North_Slope,USA,Oa_Hg,2014-01-01,"University_of_Nevada,_Reno",Daniel_Obrist,Daniel_Obrist@uml.edu,Obrist_2017,68.633333,-149.6,Typic_Aquiturbel,O,tussock_tundra,15,20,17.5,-999,-999,-999,NA,31.97,-999,TMA,125.18,-999,0.39156,-999,-999,-999,na,LT,0,0
Toolik_Field_Station,North_Slope,USA,Oa_lower,2015-01-01,"University_of_Nevada,_Reno",Daniel_Obrist,Daniel_Obrist@uml.edu,Obrist_2017,68.633333,-149.6,Typic_Aquiturbel,O,tussock_tundra,15,23,19,-999,-999,-999,NA,38.7,-999,TMA,140.57,-999,0.363242,-999,-999,-999,na,LT,0,0
Toolik_Field_Station,North_Slope,USA,Oa_lower,2015-01-01,"University_of_Nevada,_Reno",Daniel_Obrist,Daniel_Obrist@uml.edu,Obrist_2017,68.633333,-149.6,Typic_Aquiturbel,O,tussock_tundra,15,26,20.5,-999,-999,-999,NA,35.91,-999,TMA,119.91,-999,0.33392,-999,-999,-999,na,LT,0,0
Toolik_Field_Station,North_Slope,USA,"B_upper_3-5""_#10_Hg",2014-01-01,"University_of_Nevada,_Reno",Daniel_Obrist,Daniel_Obrist@uml.edu,Obrist_2017,68.633333,-149.6,Typic_Aquiturbel,B,tussock_tundra,13,30,21.5,-999,-999,-999,NA,2.88,-999,TMA,95.87,-999,3.328932,-999,-999,-999,na,LT,0,0
Toolik_Field_Station,North_Slope,USA,"B_upper_3-7""",2014-01-01,"University_of_Nevada,_Reno",Daniel_Obrist,Daniel_Obrist@uml.edu,Obrist_2017,68.633333,-149.6,Typic_Aquiturbel,B,tussock_tundra,13,38,25.5,-999,-999,-999,NA,2.76,-999,TMA,101.06,-999,3.661685,-999,-999,-999,na,LT,0,0
Toolik_Field_Station,North_Slope,USA,"OA_Lower_5""_Depth_Hg",2014-01-01,"University_of_Nevada,_Reno",Daniel_Obrist,Daniel_Obrist@uml.edu,Obrist_2017,68.633333,-149.6,Typic_Aquiturbel,O,tussock_tundra,20,38,29,-999,-999,-999,NA,36.05,-999,TMA,164.28,-999,0.45569,-999,-999,-999,na,LT,0,0
Toolik_Field_Station,North_Slope,USA,Ac/Oc_Hg,2014-01-01,"University_of_Nevada,_Reno",Daniel_Obrist,Daniel_Obrist@uml.edu,Obrist_2017,68.633333,-149.6,Typic_Aquiturbel,B,tussock_tundra,20,40,30,-999,-999,-999,NA,8.35,-999,TMA,103.52,-999,1.239713,-999,-999,-999,na,LT,0,0
Toolik_Field_Station,North_Slope,USA,Oa/A,2015-01-01,"University_of_Nevada,_Reno",Daniel_Obrist,Daniel_Obrist@uml.edu,Obrist_2017,68.633333,-149.6,Typic_Aquiturbel,A,tussock_tundra,23,40,31.5,-999,-999,-999,NA,10.58,-999,TMA,149.17,-999,1.409887,-999,-999,-999,na,LT,0,0
Toolik_Field_Station,North_Slope,USA,B,2015-01-01,"University_of_Nevada,_Reno",Daniel_Obrist,Daniel_Obrist@uml.edu,Obrist_2017,68.633333,-149.6,Typic_Aquiturbel,B,tussock_tundra,19,45,32,-999,-999,-999,NA,3.986,-999,TMA,56.4,-999,1.414952,-999,-999,-999,na,LT,0,0
Toolik_Field_Station,North_Slope,USA,Oa/A,2015-01-01,"University_of_Nevada,_Reno",Daniel_Obrist,Daniel_Obrist@uml.edu,Obrist_2017,68.633333,-149.6,Typic_Aquiturbel,B,tussock_tundra,26,40,33,-999,-999,-999,NA,8.65,-999,TMA,87.85,-999,1.015636,-999,-999,-999,na,LT,0,0
Toolik_Field_Station,North_Slope,USA,B_lower,2015-01-01,"University_of_Nevada,_Reno",Daniel_Obrist,Daniel_Obrist@uml.edu,Obrist_2017,68.633333,-149.6,Typic_Aquiturbel,B,tussock_tundra,25,45,35,-999,-999,-999,NA,2.419,-999,TMA,95.5,-999,3.947912,-999,-999,-999,na,LT,0,0
Toolik_Field_Station,North_Slope,USA,mix_B_36,2016-07-01,"University_of_Nevada,_Reno",Daniel_Obrist,Daniel_Obrist@uml.edu,Obrist_2017,68.633333,-149.6,Typic_Aquiturbel,B,tussock_tundra,28,44,36,-999,-999,-999,NA,47.97333333,-999,TMA,73.67,-999,0.153478,-999,-999,-999,na,LT,0,0
Toolik_Field_Station,North_Slope,USA,"B_middle_7-9""_#11_Hg",2014-01-01,"University_of_Nevada,_Reno",Daniel_Obrist,Daniel_Obrist@uml.edu,Obrist_2017,68.633333,-149.6,Typic_Aquiturbel,B,tussock_tundra,23,53,38,-999,-999,-999,NA,2.95,-999,TMA,87.26,-999,2.958085,-999,-999,-999,na,LT,0,0
Toolik_Field_Station,North_Slope,USA,Bc,2014-01-01,"University_of_Nevada,_Reno",Daniel_Obrist,Daniel_Obrist@uml.edu,Obrist_2017,68.633333,-149.6,Typic_Aquiturbel,B,tussock_tundra,40,41,40.5,-999,-999,-999,NA,8.63,-999,TMA,99.51,-999,1.153065,-999,-999,-999,na,LT,0,0
Toolik_Field_Station,North_Slope,USA,"B_Horizon_>16""",2015-01-01,"University_of_Nevada,_Reno",Daniel_Obrist,Daniel_Obrist@uml.edu,Obrist_2017,68.633333,-149.6,Typic_Aquiturbel,B,tussock_tundra,-999,-999,41,-999,-999,-999,NA,1.76,-999,TMA,94.2,-999,5.352273,-999,-999,-999,na,LT,0,0
Toolik_Field_Station,North_Slope,USA,mix_B_49.5,2014-01-01,"University_of_Nevada,_Reno",Daniel_Obrist,Daniel_Obrist@uml.edu,Obrist_2017,68.633333,-149.6,Typic_Aquiturbel,B,tussock_tundra,20,79,49.5,-999,-999,-999,NA,47.585,-999,TMA,25,-999,0.0525425,-999,-999,-999,na,LT,0,0
Toolik_Field_Station,North_Slope,USA,mix_A_50,2016-07-01,"University_of_Nevada,_Reno",Daniel_Obrist,Daniel_Obrist@uml.edu,Obrist_2017,68.633333,-149.6,Typic_Aquiturbel,A,tussock_tundra,20,80,50,-999,-999,-999,NA,48.07666667,-999,TMA,34.33,-999,0.071385333,-999,-999,-999,na,LT,0,0
Toolik_Field_Station,North_Slope,USA,mix_B_50,2016-07-01,"University_of_Nevada,_Reno",Daniel_Obrist,Daniel_Obrist@uml.edu,Obrist_2017,68.633333,-149.6,Typic_Aquiturbel,B,tussock_tundra,20,80,50,-999,-999,-999,NA,41.75545455,-999,TMA,77.45,-999,0.206839909,-999,-999,-999,na,LT,0,0
Toolik_Field_Station,North_Slope,USA,Core_5_organic,2016-07-01,"University_of_Nevada,_Reno",Daniel_Obrist,Daniel_Obrist@uml.edu,Obrist_2017,68.633333,-149.6,Typic_Aquiturbel,O,tussock_tundra,20,80,50,-999,-999,-999,NA,20.055,-999,TMA,70,-999,0.4052365,-999,-999,-999,na,LT,0,0
Permafrost_site_1,North_Slope,USA,core_1,2016-07-01,"University_of_Nevada,_Reno",Daniel_Obrist,Daniel_Obrist@uml.edu,Obrist_2017,68.633333,-149.6,na,B,moist_tundra,35,75,55,-999,-999,-999,NA,7.7953,-999,TMA,57,-999,0.73121,-999,-999,-999,na,LT,0,0
Permafrost_site_3,North_Slope,USA,core_1,2016-07-01,"University_of_Nevada,_Reno",Daniel_Obrist,Daniel_Obrist@uml.edu,Obrist_2017,68.633333,-149.6,na,B,moist_tundra,39,85,62,-999,-999,-999,NA,9.5425,-999,TMA,41.15,-999,0.431229,-999,-999,-999,na,LT,0,0
Toolik_Field_Station,North_Slope,USA,"B_low_below_vegetation_12-14""_#12",2014-01-01,"University_of_Nevada,_Reno",Daniel_Obrist,Daniel_Obrist@uml.edu,Obrist_2017,68.633333,-149.6,Typic_Aquiturbel,B,tussock_tundra,51,89,70,-999,-999,-999,NA,2.28,-999,TMA,102.37,-999,4.489748,-999,-999,-999,na,LT,0,0
Permafrost_site_2,North_Slope,USA,core_2_upper,2016-07-01,"University_of_Nevada,_Reno",Daniel_Obrist,Daniel_Obrist@uml.edu,Obrist_2017,68.633333,-149.6,na,B,moist_tundra,106,134,120,-999,-999,-999,NA,4.3297,-999,TMA,27.4,-999,0.632838,-999,-999,-999,na,LT,0,0
Permafrost_site_2,North_Slope,USA,core_2_lower,2016-07-01,"University_of_Nevada,_Reno",Daniel_Obrist,Daniel_Obrist@uml.edu,Obrist_2017,68.633333,-149.6,na,O,moist_tundra,134,170,152,-999,-999,-999,NA,45.209,-999,TMA,51.05,-999,0.11292,-999,-999,-999,na,LT,0,0
Permafrost_site_3,North_Slope,USA,core_1,2016-07-01,"University_of_Nevada,_Reno",Daniel_Obrist,Daniel_Obrist@uml.edu,Obrist_2017,68.633333,-149.6,na,B,moist_tundra,138,189,163.5,-999,-999,-999,NA,3.9052,-999,TMA,20.2,-999,0.517259,-999,-999,-999,na,LT,0,0
Permafrost_site_3,North_Slope,USA,core_1,2016-07-01,"University_of_Nevada,_Reno",Daniel_Obrist,Daniel_Obrist@uml.edu,Obrist_2017,68.633333,-149.6,na,B,moist_tundra,189,213,201,-999,-999,-999,NA,3.8748,-999,TMA,20,-999,0.516156,-999,-999,-999,na,LT,0,0
Imnaviat_Creek,North_Slope,USA,Oa_5-10_cm,2015-08-03,"University_of_Nevada,_Reno",Daniel_Obrist,Daniel_Obrist@uml.edu,Obrist_2017,68.616667,-149.3,na,O,moist_tundra,5,10,7.5,-999,-999,-999,NA,44.11,-999,TMA,168.76,-999,0.382599,-999,-999,-999,na,LT,0,0
Imnaviat_Creek,North_Slope,USA,Bg2_60-65_cm,2015-08-03,"University_of_Nevada,_Reno",Daniel_Obrist,Daniel_Obrist@uml.edu,Obrist_2017,68.616667,-149.3,na,B,moist_tundra,60,65,62.5,-999,-999,-999,NA,2.15,-999,TMA,59.24,-999,2.755116,-999,-999,-999,na,LT,0,0
Imnaviat_Creek,North_Slope,USA,Buried_Oa_layer_70-80_cm,2015-08-03,"University_of_Nevada,_Reno",Daniel_Obrist,Daniel_Obrist@uml.edu,Obrist_2017,68.616667,-149.3,na,A,moist_tundra,70,80,75,-999,-999,-999,NA,12.6,-999,TMA,81.44,-999,0.646381,-999,-999,-999,na,LT,0,0
Imnaviat_Creek,North_Slope,USA,Below_active_layer_80-90_cm,2015-08-03,"University_of_Nevada,_Reno",Daniel_Obrist,Daniel_Obrist@uml.edu,Obrist_2017,68.616667,-149.3,na,B,moist_tundra,80,90,85,-999,-999,-999,NA,3.05,-999,TMA,55.65,-999,1.824705,-999,-999,-999,na,LT,0,0
Imnaviat_Creek_Bed,North_Slope,USA,0-4_Oi,2015-08-03,"University_of_Nevada,_Reno",Daniel_Obrist,Daniel_Obrist@uml.edu,Obrist_2017,68.616667,-149.3,na,O,moist_tundra,1,4,2.5,-999,-999,-999,NA,37.55,-999,TMA,139.74,-999,0.372141,-999,-999,-999,na,LT,0,0
Imnaviat_Creek_Bed,North_Slope,USA,4-30_Oe,2015-08-03,"University_of_Nevada,_Reno",Daniel_Obrist,Daniel_Obrist@uml.edu,Obrist_2017,68.616667,-149.3,na,O,moist_tundra,4,30,17,-999,-999,-999,NA,32.55,-999,TMA,126.92,-999,0.389917,-999,-999,-999,na,LT,0,0
Imnaviat_Creek_Bed,North_Slope,USA,Oe2_20-29cm,2015-08-03,"University_of_Nevada,_Reno",Daniel_Obrist,Daniel_Obrist@uml.edu,Obrist_2017,68.616667,-149.3,na,O,moist_tundra,20,29,24.5,-999,-999,-999,NA,30.44,-999,TMA,88.98,-999,0.292321,-999,-999,-999,na,LT,0,0
Imnaviat_Creek_Bed,North_Slope,USA,29-35_cm_Oa,2015-08-03,"University_of_Nevada,_Reno",Daniel_Obrist,Daniel_Obrist@uml.edu,Obrist_2017,68.616667,-149.3,na,A,moist_tundra,29,35,32,-999,-999,-999,NA,18.06,-999,TMA,102.59,-999,0.568029,-999,-999,-999,na,LT,0,0
Imnaviat_Creek_Bed,North_Slope,USA,"35-54_cm_diam_7.5cm,_length_18cm",2015-08-03,"University_of_Nevada,_Reno",Daniel_Obrist,Daniel_Obrist@uml.edu,Obrist_2017,68.616667,-149.3,na,O,moist_tundra,35,54,44.5,-999,-999,-999,NA,24.95,-999,TMA,84.77,-999,0.339739,-999,-999,-999,na,LT,0,0
Imnaviat_Creek_Bed,North_Slope,USA,"50-64_cm_diam_6.6cm,_length_11.6cm",2015-08-03,"University_of_Nevada,_Reno",Daniel_Obrist,Daniel_Obrist@uml.edu,Obrist_2017,68.616667,-149.3,na,O,moist_tundra,50,64,57,-999,-999,-999,NA,26.5,-999,TMA,106.38,-999,0.401442,-999,-999,-999,na,LT,0,0
Imnaviat_Creek_Bed,North_Slope,USA,"63-84_cm_diam_7cm,_length_17.6cm",2015-08-03,"University_of_Nevada,_Reno",Daniel_Obrist,Daniel_Obrist@uml.edu,Obrist_2017,68.616667,-149.3,na,O,moist_tundra,63,84,73.5,-999,-999,-999,NA,22,-999,TMA,125.83,-999,0.571957,-999,-999,-999,na,LT,0,0
Imnaviat_Creek_Bed,North_Slope,USA,"83-105_cm_diam_7.1cm,_length_9.6cm",2015-08-03,"University_of_Nevada,_Reno",Daniel_Obrist,Daniel_Obrist@uml.edu,Obrist_2017,68.616667,-149.3,na,O,moist_tundra,83,105,94,-999,-999,-999,NA,20.2,-999,TMA,83.64,-999,0.414074,-999,-999,-999,na,LT,0,0
Imnaviat_Creek_Bed,North_Slope,USA,"94-105_cm_of_83-105_cm_diam_7.1cm,_length_9.6cm",2015-08-03,"University_of_Nevada,_Reno",Daniel_Obrist,Daniel_Obrist@uml.edu,Obrist_2017,68.616667,-149.3,na,O,moist_tundra,94,105,99.5,-999,-999,-999,NA,21.1,-999,TMA,103.29,-999,0.489514,-999,-999,-999,na,LT,0,0
Imnaviat_Creek_Bed,North_Slope,USA,105-121_cm,2015-08-03,"University_of_Nevada,_Reno",Daniel_Obrist,Daniel_Obrist@uml.edu,Obrist_2017,68.616667,-149.3,na,A,moist_tundra,105,121,113,-999,-999,-999,NA,17.5,-999,TMA,72.12,-999,0.412126,-999,-999,-999,na,LT,0,0
Sagwon_Hills_Non_acid,North_Slope,USA,10-20_cm_Bg/Bwjj,2015-08-04,"University_of_Nevada,_Reno",Daniel_Obrist,Daniel_Obrist@uml.edu,Obrist_2017,69.45,-148.6,na,B,moist_tundra,10,20,15,-999,-999,-999,NA,2.49,-999,TMA,37.92,-999,1.522912,-999,-999,-999,na,LT,0,0
Sagwon_Hills_Non_acid,North_Slope,USA,20-40_cm_buried_organic_Oa/Bw,2015-08-04,"University_of_Nevada,_Reno",Daniel_Obrist,Daniel_Obrist@uml.edu,Obrist_2017,69.45,-148.6,na,B,moist_tundra,20,40,30,-999,-999,-999,NA,2.76,-999,TMA,36.25,-999,1.313279,-999,-999,-999,na,LT,0,0
Sagwon_Hills_Non_acid,North_Slope,USA,40-60_cm_Bw,2015-08-04,"University_of_Nevada,_Reno",Daniel_Obrist,Daniel_Obrist@uml.edu,Obrist_2017,69.45,-148.6,na,B,moist_tundra,40,60,50,-999,-999,-999,NA,2.85,-999,TMA,41.66,-999,1.461772,-999,-999,-999,na,LT,0,0
Sagwon_Hills_Non_acid,North_Slope,USA,60-80_cm_Ajj_just_above_permafrost,2015-08-04,"University_of_Nevada,_Reno",Daniel_Obrist,Daniel_Obrist@uml.edu,Obrist_2017,69.45,-148.6,na,B,moist_tundra,60,80,70,-999,-999,-999,NA,3.94,-999,TMA,39.7,-999,1.007614,-999,-999,-999,na,LT,0,0
Sagwon_Hills_Non_acid,North_Slope,USA,95-100_cm_permafrost,2015-08-04,"University_of_Nevada,_Reno",Daniel_Obrist,Daniel_Obrist@uml.edu,Obrist_2017,69.45,-148.6,na,A,moist_tundra,95,100,97.5,-999,-999,-999,NA,12.2,-999,TMA,48.41,-999,0.396787,-999,-999,-999,na,LT,0,0
Sag_River_Station,North_Slope,USA,Pit_1_Oe_3-5cm,2015-08-13,"University_of_Nevada,_Reno",Daniel_Obrist,Daniel_Obrist@uml.edu,Obrist_2017,68.75,-148.883333,na,O,moist_tundra,3,5,4,-999,-999,-999,NA,38.47,-999,TMA,151.85,-999,0.394727,-999,-999,-999,na,LT,0,0
Sag_River_Station,North_Slope,USA,Pit_2_Oe_3-16_cm,2015-08-13,"University_of_Nevada,_Reno",Daniel_Obrist,Daniel_Obrist@uml.edu,Obrist_2017,68.75,-148.883333,na,O,moist_tundra,3,16,9.5,-999,-999,-999,NA,38.97,-999,TMA,130.18,-999,0.334045,-999,-999,-999,na,LT,0,0
Sag_River_Station,North_Slope,USA,Pit_2_Oa/A_3-17cm,2015-08-13,"University_of_Nevada,_Reno",Daniel_Obrist,Daniel_Obrist@uml.edu,Obrist_2017,68.75,-148.883333,na,O,moist_tundra,3,17,10,-999,-999,-999,NA,35.28,-999,TMA,107.31,-999,0.304164,-999,-999,-999,na,LT,0,0
Sag_River_Station,North_Slope,USA,Pit_1_Oa_5-17_cm,2015-08-13,"University_of_Nevada,_Reno",Daniel_Obrist,Daniel_Obrist@uml.edu,Obrist_2017,68.75,-148.883333,na,O,moist_tundra,5,17,11,-999,-999,-999,NA,30.9,-999,TMA,94.2,-999,0.304856,-999,-999,-999,na,LT,0,0
Sag_River_Station,North_Slope,USA,Pit_2__A/B_17-28_cm,2015-08-13,"University_of_Nevada,_Reno",Daniel_Obrist,Daniel_Obrist@uml.edu,Obrist_2017,68.75,-148.883333,na,B,moist_tundra,17,28,22.5,-999,-999,-999,NA,2.016,-999,TMA,55.3,-999,2.742808,-999,-999,-999,na,LT,0,0
Sag_River_Station,North_Slope,USA,Pit_1_A/B_17-29_cm,2015-08-13,"University_of_Nevada,_Reno",Daniel_Obrist,Daniel_Obrist@uml.edu,Obrist_2017,68.75,-148.883333,na,B,moist_tundra,17,29,23,-999,-999,-999,NA,2.655,-999,TMA,54.64,-999,2.058023,-999,-999,-999,na,LT,0,0
Sag_River_Station,North_Slope,USA,Pit_1_A/B_29-41_cm,2015-08-13,"University_of_Nevada,_Reno",Daniel_Obrist,Daniel_Obrist@uml.edu,Obrist_2017,68.75,-148.883333,na,B,moist_tundra,29,41,35,-999,-999,-999,NA,3.136,-999,TMA,59.2,-999,1.887596,-999,-999,-999,na,LT,0,0
Sagwon_Hills,North_Slope,USA,"Oa_1.5-3.5""",2015-08-02,"University_of_Nevada,_Reno",Daniel_Obrist,Daniel_Obrist@uml.edu,Obrist_2017,69.45,-148.6,na,O,moist_tundra,2,4,3,-999,-999,-999,NA,29.06,-999,TMA,90.49,-999,0.31138,-999,-999,-999,na,LT,0,0
Sagwon_Hills,North_Slope,USA,Oejj/Wf_30%_ice,2015-08-02,"University_of_Nevada,_Reno",Daniel_Obrist,Daniel_Obrist@uml.edu,Obrist_2017,69.45,-148.6,na,O,moist_tundra,2,4,3,-999,-999,-999,NA,27.83,-999,TMA,32.75,-999,0.117679,-999,-999,-999,na,LT,0,0
Sagwon_Hills,North_Slope,USA,A1_3.5-8_in,2015-08-02,"University_of_Nevada,_Reno",Daniel_Obrist,Daniel_Obrist@uml.edu,Obrist_2017,69.45,-148.6,na,A,moist_tundra,4,8,6,-999,-999,-999,NA,12.6,-999,TMA,56.74,-999,0.450286,-999,-999,-999,na,LT,0,0
Sagwon_Hills,North_Slope,USA,A2_8-13.5_in,2015-08-02,"University_of_Nevada,_Reno",Daniel_Obrist,Daniel_Obrist@uml.edu,Obrist_2017,69.45,-148.6,na,A,moist_tundra,8,14,11,-999,-999,-999,NA,13.5,-999,TMA,60.6,-999,0.448893,-999,-999,-999,na,LT,0,0
Sagwon_Hills,North_Slope,USA,A3_13.5-18_in,2015-08-02,"University_of_Nevada,_Reno",Daniel_Obrist,Daniel_Obrist@uml.edu,Obrist_2017,69.45,-148.6,na,A,moist_tundra,14,18,16,-999,-999,-999,NA,15.7,-999,TMA,55.19,-999,0.351551,-999,-999,-999,na,LT,0,0
Sagwon_Hills,North_Slope,USA,Oe_(frozen)_50-70_cm,2015-08-02,"University_of_Nevada,_Reno",Daniel_Obrist,Daniel_Obrist@uml.edu,Obrist_2017,69.45,-148.6,na,O,moist_tundra,50,70,60,-999,-999,-999,NA,34.31,-999,TMA,30.12,-999,0.087795,-999,-999,-999,na,LT,0,0
Sagwon_MNTE/non_acid,North_Slope,USA,Pit_2_Oa_6-9cm,2015-08-13,"University_of_Nevada,_Reno",Daniel_Obrist,Daniel_Obrist@uml.edu,Obrist_2017,69.133333,-148.85,na,O,moist_tundra,6,9,7.5,-999,-999,-999,NA,37.94,-999,TMA,96.39,-999,0.254066,-999,-999,-999,na,LT,0,0
Sagwon_MNTE/non_acid,North_Slope,USA,B_upper_20-35_cm,2015-08-13,"University_of_Nevada,_Reno",Daniel_Obrist,Daniel_Obrist@uml.edu,Obrist_2017,69.133333,-148.85,na,B,moist_tundra,20,35,27.5,-999,-999,-999,NA,3.752,-999,TMA,31.58,-999,0.841578,-999,-999,-999,na,LT,0,0
Sagwon_MNTE/non_acid,North_Slope,USA,B_middle_38-50_cm,2015-08-13,"University_of_Nevada,_Reno",Daniel_Obrist,Daniel_Obrist@uml.edu,Obrist_2017,69.133333,-148.85,na,B,moist_tundra,38,50,44,-999,-999,-999,NA,4.116,-999,TMA,30.52,-999,0.741387,-999,-999,-999,na,LT,0,0
Sagwon_MNTE/non_acid,North_Slope,USA,B_lower/buried_A_lens_62-80_cm,2015-08-13,"University_of_Nevada,_Reno",Daniel_Obrist,Daniel_Obrist@uml.edu,Obrist_2017,69.133333,-148.85,na,B,moist_tundra,62,80,71,-999,-999,-999,NA,5.826,-999,TMA,29.51,-999,0.506548,-999,-999,-999,na,LT,0,0
Site_12,North_Slope,USA,Pit_1_Oa,2015-08-09,"University_of_Nevada,_Reno",Daniel_Obrist,Daniel_Obrist@uml.edu,Obrist_2017,69.983333,-148.683333,na,A,moist_tundra,1,4,2.5,-999,-999,-999,NA,13.11,-999,TMA,50.64,-999,0.38624,-999,-999,-999,na,LT,0,0
Site_12,North_Slope,USA,pit_2_Oe_2-3_cm,2015-08-09,"University_of_Nevada,_Reno",Daniel_Obrist,Daniel_Obrist@uml.edu,Obrist_2017,69.983333,-148.683333,na,A,moist_tundra,2,3,2.5,-999,-999,-999,NA,16.16,-999,TMA,44.06,-999,0.27267,-999,-999,-999,na,LT,0,0
Site_12,North_Slope,USA,Pit_1_A_4-5_cm,2015-08-09,"University_of_Nevada,_Reno",Daniel_Obrist,Daniel_Obrist@uml.edu,Obrist_2017,69.983333,-148.683333,na,A,moist_tundra,4,5,4.5,-999,-999,-999,NA,11.59,-999,TMA,43.2,-999,0.372739,-999,-999,-999,na,LT,0,0
Site_12,North_Slope,USA,Pit_1_B_upper_5-17_cm,2015-08-09,"University_of_Nevada,_Reno",Daniel_Obrist,Daniel_Obrist@uml.edu,Obrist_2017,69.983333,-148.683333,na,B,moist_tundra,5,17,11,-999,-999,-999,NA,6.893,-999,TMA,35.27,-999,0.5117,-999,-999,-999,na,LT,0,0
Site_12,North_Slope,USA,Pit_1_buried_A1_17-30_cm,2015-08-09,"University_of_Nevada,_Reno",Daniel_Obrist,Daniel_Obrist@uml.edu,Obrist_2017,69.983333,-148.683333,na,A,moist_tundra,17,30,23.5,-999,-999,-999,NA,14.1,-999,TMA,44.85,-999,0.318092,-999,-999,-999,na,LT,0,0
Site_12,North_Slope,USA,pit_2_A/B_6-44_cm,2015-08-09,"University_of_Nevada,_Reno",Daniel_Obrist,Daniel_Obrist@uml.edu,Obrist_2017,69.983333,-148.683333,na,B,moist_tundra,6,44,25,-999,-999,-999,NA,7.923,-999,TMA,43.39,-999,0.54764,-999,-999,-999,na,LT,0,0
Site_12,North_Slope,USA,Pit_1_B_lower_30-65_cm,2015-08-09,"University_of_Nevada,_Reno",Daniel_Obrist,Daniel_Obrist@uml.edu,Obrist_2017,69.983333,-148.683333,na,B,moist_tundra,30,65,47.5,-999,-999,-999,NA,7.055,-999,TMA,40.41,-999,0.572721,-999,-999,-999,na,LT,0,0
Site_12,North_Slope,USA,Pit_1_buried_Oa_46-50_cm,2015-08-09,"University_of_Nevada,_Reno",Daniel_Obrist,Daniel_Obrist@uml.edu,Obrist_2017,69.983333,-148.683333,na,O,moist_tundra,46,50,48,-999,-999,-999,NA,33.28,-999,TMA,76.06,-999,0.228553,-999,-999,-999,na,LT,0,0
Site_12,North_Slope,USA,pit_2_A/B_45-70_cm,2015-08-09,"University_of_Nevada,_Reno",Daniel_Obrist,Daniel_Obrist@uml.edu,Obrist_2017,69.983333,-148.683333,na,B,moist_tundra,45,70,57.5,-999,-999,-999,NA,6.475,-999,TMA,55.32,-999,0.854355,-999,-999,-999,na,LT,0,0
Site_12,North_Slope,USA,Pit_1_buried_A2_65-74_cm,2015-08-09,"University_of_Nevada,_Reno",Daniel_Obrist,Daniel_Obrist@uml.edu,Obrist_2017,69.983333,-148.683333,na,A,moist_tundra,65,74,69.5,-999,-999,-999,NA,10.18,-999,TMA,35.06,-999,0.344366,-999,-999,-999,na,LT,0,0
Site_2_Sag_River,North_Slope,USA,Pit_2_Oe_5-12cm,2015-08-08,"University_of_Nevada,_Reno",Daniel_Obrist,Daniel_Obrist@uml.edu,Obrist_2017,69.066667,-148.75,na,O,moist_tundra,5,12,8.5,-999,-999,-999,NA,44.57,-999,TMA,80.03,-999,0.179569,-999,-999,-999,na,LT,0,0
Site_2_Sag_River,North_Slope,USA,Pit_1_Oe_4-14cm,2015-08-08,"University_of_Nevada,_Reno",Daniel_Obrist,Daniel_Obrist@uml.edu,Obrist_2017,69.066667,-148.75,na,O,moist_tundra,4,14,9,-999,-999,-999,NA,45.4,-999,TMA,87.99,-999,0.19382,-999,-999,-999,na,LT,0,0
Site_2_Sag_River,North_Slope,USA,Pit_1_Oa_14-30_cm,2015-08-08,"University_of_Nevada,_Reno",Daniel_Obrist,Daniel_Obrist@uml.edu,Obrist_2017,69.066667,-148.75,na,O,moist_tundra,14,30,22,-999,-999,-999,NA,46.9,-999,TMA,90.7,-999,0.193387,-999,-999,-999,na,LT,0,0
Site_2_Sag_River,North_Slope,USA,Pit_2_Oa_14-30_cm,2015-08-08,"University_of_Nevada,_Reno",Daniel_Obrist,Daniel_Obrist@uml.edu,Obrist_2017,69.066667,-148.75,na,O,moist_tundra,14,30,22,-999,-999,-999,NA,45.24,-999,TMA,86.92,-999,0.192131,-999,-999,-999,na,LT,0,0
Site_2_Sag_River,North_Slope,USA,Pit_2_B_upper_22-35_cm,2015-08-08,"University_of_Nevada,_Reno",Daniel_Obrist,Daniel_Obrist@uml.edu,Obrist_2017,69.066667,-148.75,na,B,moist_tundra,22,35,28.5,-999,-999,-999,NA,6.286,-999,TMA,48.54,-999,0.772168,-999,-999,-999,na,LT,0,0
Site_2_Sag_River,North_Slope,USA,Pit_1_B_30-46_cm,2015-08-08,"University_of_Nevada,_Reno",Daniel_Obrist,Daniel_Obrist@uml.edu,Obrist_2017,69.066667,-148.75,na,B,moist_tundra,30,46,38,-999,-999,-999,NA,8.774,-999,TMA,52.28,-999,0.5958,-999,-999,-999,na,LT,0,0
Site_2_Sag_River,North_Slope,USA,Pit_2_B_lower_35-48_cm,2015-08-08,"University_of_Nevada,_Reno",Daniel_Obrist,Daniel_Obrist@uml.edu,Obrist_2017,69.066667,-148.75,na,B,moist_tundra,35,48,41.5,-999,-999,-999,NA,7.487,-999,TMA,49.58,-999,0.662241,-999,-999,-999,na,LT,0,0
Site_2_Sag_River,North_Slope,USA,(Pit_1)_buried_Oa_48-50_cm,2015-08-08,"University_of_Nevada,_Reno",Daniel_Obrist,Daniel_Obrist@uml.edu,Obrist_2017,69.066667,-148.75,na,O,moist_tundra,48,50,49,-999,-999,-999,NA,32.43,-999,TMA,65.19,-999,0.201024,-999,-999,-999,na,LT,0,0
Site_4,North_Slope,USA,Pit_2_Oe,2015-08-08,"University_of_Nevada,_Reno",Daniel_Obrist,Daniel_Obrist@uml.edu,Obrist_2017,69.65,-148.7,na,A,moist_tundra,4,8,6,-999,-999,-999,NA,11.1,-999,TMA,145.56,-999,1.311347,-999,-999,-999,na,LT,0,0
Site_4,North_Slope,USA,Pit_1_Oe_3-15_cm,2015-08-08,"University_of_Nevada,_Reno",Daniel_Obrist,Daniel_Obrist@uml.edu,Obrist_2017,69.65,-148.7,na,O,moist_tundra,3,15,9,-999,-999,-999,NA,44.64,-999,TMA,77.55,-999,0.173724,-999,-999,-999,na,LT,0,0
Site_4,North_Slope,USA,Pit_2_Oa,2015-08-08,"University_of_Nevada,_Reno",Daniel_Obrist,Daniel_Obrist@uml.edu,Obrist_2017,69.65,-148.7,na,O,moist_tundra,8,12,10,-999,-999,-999,NA,37.62,-999,TMA,152.34,-999,0.404944,-999,-999,-999,na,LT,0,0
Site_4,North_Slope,USA,Pit_2_Oa/A,2015-08-08,"University_of_Nevada,_Reno",Daniel_Obrist,Daniel_Obrist@uml.edu,Obrist_2017,69.65,-148.7,na,O,moist_tundra,12,14,13,-999,-999,-999,NA,46.56,-999,TMA,95.79,-999,0.20573,-999,-999,-999,na,LT,0,0
Site_4,North_Slope,USA,Pit_1_Oa_15-26_cm,2015-08-08,"University_of_Nevada,_Reno",Daniel_Obrist,Daniel_Obrist@uml.edu,Obrist_2017,69.65,-148.7,na,O,moist_tundra,15,26,20.5,-999,-999,-999,NA,35.99,-999,TMA,98.75,-999,0.274393,-999,-999,-999,na,LT,0,0
Site_4,North_Slope,USA,Pit_2_B,2015-08-08,"University_of_Nevada,_Reno",Daniel_Obrist,Daniel_Obrist@uml.edu,Obrist_2017,69.65,-148.7,na,A,moist_tundra,14,39,26.5,-999,-999,-999,NA,16.87,-999,TMA,53.67,-999,0.318136,-999,-999,-999,na,LT,0,0
Site_4,North_Slope,USA,Pit_1_Frozen_B/Perm_26+cm,2015-08-08,"University_of_Nevada,_Reno",Daniel_Obrist,Daniel_Obrist@uml.edu,Obrist_2017,69.65,-148.7,na,B,moist_tundra,26,30,28,-999,-999,-999,NA,6.82,-999,TMA,58.23,-999,0.853849,-999,-999,-999,na,LT,0,0
Site_4,North_Slope,USA,Pit_2_Buried_A_horizon,2015-08-08,"University_of_Nevada,_Reno",Daniel_Obrist,Daniel_Obrist@uml.edu,Obrist_2017,69.65,-148.7,na,B,moist_tundra,39,41,40,-999,-999,-999,NA,7.45,-999,TMA,58.37,-999,0.783537,-999,-999,-999,na,LT,0,0
Site_4,North_Slope,USA,Pit_2_Bjj/w_perm,2015-08-08,"University_of_Nevada,_Reno",Daniel_Obrist,Daniel_Obrist@uml.edu,Obrist_2017,69.65,-148.7,na,A,moist_tundra,-999,-999,41,-999,-999,-999,NA,16.5,-999,TMA,65.85,-999,0.399103,-999,-999,-999,na,LT,0,0
Toolik_Field_Station,North_Slope,USA,Pit 1 A,2015-08,"University_of_Nevada,_Reno",Christine Olson,christine.olson@colorado.edu,Olson_et_al_2018,68.633333,-149.6,Typic_Aquiturbel,A,tussock_tundra,3,8,5.5,-999,-999,-999,LECO,14,-999,Nippon MA-2000,132,-999,0.942857143,-999,-999,-999,na,CO,0,0
Toolik_Field_Station,North_Slope,USA,Pit 2 A,2015-08,"University_of_Nevada,_Reno",Christine Olson,christine.olson@colorado.edu,Olson_et_al_2018,68.633333,-149.6,Typic_Aquiturbel,A,tussock_tundra,3,8,5.5,-999,-999,-999,LECO,12.58,-999,Nippon MA-2000,132.06,-999,1.049761526,-999,-999,-999,na,CO,0,0
Toolik_Field_Station,North_Slope,USA,Pit 2 A,2015-08,"University_of_Nevada,_Reno",Christine Olson,christine.olson@colorado.edu,Olson_et_al_2018,68.633333,-149.6,Typic_Aquiturbel,A,tussock_tundra,8,18,13,-999,-999,-999,LECO,12.37,-999,Nippon MA-2000,95.96,-999,0.775747777,-999,-999,-999,na,CO,0,0
Toolik_Field_Station,North_Slope,USA,Pit 5 A,2015-08,"University_of_Nevada,_Reno",Christine Olson,christine.olson@colorado.edu,Olson_et_al_2018,68.633333,-149.6,Typic_Aquiturbel,A,tussock_tundra,33,66,49.5,-999,-999,-999,LECO,7.05,-999,Nippon MA-2000,78.87,-999,1.118723404,-999,-999,-999,na,CO,0,0
Toolik_Field_Station,North_Slope,USA,Pit 6 A,2015-08,"University_of_Nevada,_Reno",Christine Olson,christine.olson@colorado.edu,Olson_et_al_2018,68.633333,-149.6,Typic_Aquiturbel,A,tussock_tundra,20,40,30,-999,-999,-999,LECO,8.35,-999,Nippon MA-2000,103.52,-999,1.239760479,-999,-999,-999,na,CO,0,0
Toolik_Field_Station,North_Slope,USA,Pit 6 A,2015-08,"University_of_Nevada,_Reno",Christine Olson,christine.olson@colorado.edu,Olson_et_al_2018,68.633333,-149.6,Typic_Aquiturbel,A,tussock_tundra,40,41,40.5,-999,-999,-999,LECO,8.63,-999,Nippon MA-2000,99.51,-999,1.153070684,-999,-999,-999,na,CO,0,0
Toolik_Field_Station,North_Slope,USA,Pit 7 A,2015-08,"University_of_Nevada,_Reno",Christine Olson,christine.olson@colorado.edu,Olson_et_al_2018,68.633333,-149.6,Typic_Aquiturbel,A,tussock_tundra,26,40,33,-999,-999,-999,LECO,8.65,-999,Nippon MA-2000,87.85,-999,1.015606936,-999,-999,-999,na,CO,0,0
Toolik_Field_Station,North_Slope,USA,Pit 8 A,2015-08,"University_of_Nevada,_Reno",Christine Olson,christine.olson@colorado.edu,Olson_et_al_2018,68.633333,-149.6,Typic_Aquiturbel,A,tussock_tundra,23,40,31.5,-999,-999,-999,LECO,10.58,-999,Nippon MA-2000,149.17,-999,1.409924386,-999,-999,-999,na,CO,0,0
Toolik_Field_Station,North_Slope,USA,Pit 1 B,2015-08,"University_of_Nevada,_Reno",Christine Olson,christine.olson@colorado.edu,Olson_et_al_2018,68.633333,-149.6,Typic_Aquiturbel,B,tussock_tundra,13,38,25.5,-999,-999,-999,LECO,2.76,-999,Nippon MA-2000,101.06,-999,3.661594203,-999,-999,-999,na,CO,0,0
Toolik_Field_Station,North_Slope,USA,Pit 1 B,2015-08,"University_of_Nevada,_Reno",Christine Olson,christine.olson@colorado.edu,Olson_et_al_2018,68.633333,-149.6,Typic_Aquiturbel,B,tussock_tundra,20,79,49.5,-999,-999,-999,LECO,2.16,-999,Nippon MA-2000,88.84,-999,4.112962963,-999,-999,-999,na,CO,0,0
Toolik_Field_Station,North_Slope,USA,Pit 2 B,2015-08,"University_of_Nevada,_Reno",Christine Olson,christine.olson@colorado.edu,Olson_et_al_2018,68.633333,-149.6,Typic_Aquiturbel,B,tussock_tundra,13,30,21.5,-999,-999,-999,LECO,2.88,-999,Nippon MA-2000,95.87,-999,3.328819444,-999,-999,-999,na,CO,0,0
Toolik_Field_Station,North_Slope,USA,Pit 2 B,2015-08,"University_of_Nevada,_Reno",Christine Olson,christine.olson@colorado.edu,Olson_et_al_2018,68.633333,-149.6,Typic_Aquiturbel,B,tussock_tundra,23,53,38,-999,-999,-999,LECO,2.95,-999,Nippon MA-2000,87.26,-999,2.957966102,-999,-999,-999,na,CO,0,0
Toolik_Field_Station,North_Slope,USA,Pit 2 B,2015-08,"University_of_Nevada,_Reno",Christine Olson,christine.olson@colorado.edu,Olson_et_al_2018,68.633333,-149.6,Typic_Aquiturbel,B,tussock_tundra,51,89,70,-999,-999,-999,LECO,2.28,-999,Nippon MA-2000,102.37,-999,4.489912281,-999,-999,-999,na,CO,0,0
Toolik_Field_Station,North_Slope,USA,Pit 2 B,2015-08,"University_of_Nevada,_Reno",Christine Olson,christine.olson@colorado.edu,Olson_et_al_2018,68.633333,-149.6,Typic_Aquiturbel,B,tussock_tundra,89,-999,89,-999,-999,-999,LECO,1.36,-999,Nippon MA-2000,96.85,-999,7.121323529,-999,-999,-999,na,CO,0,0
Toolik_Field_Station,North_Slope,USA,Pit 6 B,2015-08,"University_of_Nevada,_Reno",Christine Olson,christine.olson@colorado.edu,Olson_et_al_2018,68.633333,-149.6,Typic_Aquiturbel,B,tussock_tundra,41,-999,41,-999,-999,-999,LECO,1.76,-999,Nippon MA-2000,94.2,-999,5.352272727,-999,-999,-999,na,CO,0,0
Toolik_Field_Station,North_Slope,USA,Pit 3 B,2015-08,"University_of_Nevada,_Reno",Christine Olson,christine.olson@colorado.edu,Olson_et_al_2018,68.633333,-149.6,Typic_Aquiturbel,B,tussock_tundra,19,45,32,-999,-999,-999,LECO,3.99,-999,Nippon MA-2000,56.4,-999,1.413533835,-999,-999,-999,na,CO,0,0
Toolik_Field_Station,North_Slope,USA,Pit 4 B,2015-08,"University_of_Nevada,_Reno",Christine Olson,christine.olson@colorado.edu,Olson_et_al_2018,68.633333,-149.6,Typic_Aquiturbel,B,tussock_tundra,5,25,15,-999,-999,-999,LECO,1.83,-999,Nippon MA-2000,55.93,-999,3.056284153,-999,-999,-999,na,CO,0,0
Toolik_Field_Station,North_Slope,USA,Pit 4 B,2015-08,"University_of_Nevada,_Reno",Christine Olson,christine.olson@colorado.edu,Olson_et_al_2018,68.633333,-149.6,Typic_Aquiturbel,B,tussock_tundra,25,45,35,-999,-999,-999,LECO,2.42,-999,Nippon MA-2000,95.5,-999,3.946280992,-999,-999,-999,na,CO,0,0
Toolik_Field_Station,North_Slope,USA,Pit 1 O,2015-08,"University_of_Nevada,_Reno",Christine Olson,christine.olson@colorado.edu,Olson_et_al_2018,68.633333,-149.6,Typic_Aquiturbel,O,tussock_tundra,5,10,7.5,-999,-999,-999,LECO,34.93,-999,Nippon MA-2000,137.15,-999,0.392642428,-999,-999,-999,na,CO,0,0
Toolik_Field_Station,North_Slope,USA,Pit 5 O,2015-08,"University_of_Nevada,_Reno",Christine Olson,christine.olson@colorado.edu,Olson_et_al_2018,68.633333,-149.6,Typic_Aquiturbel,O,tussock_tundra,5,25,15,-999,-999,-999,LECO,37.54,-999,Nippon MA-2000,127.15,-999,0.338705381,-999,-999,-999,na,CO,0,0
Toolik_Field_Station,North_Slope,USA,Pit 5 O,2015-08,"University_of_Nevada,_Reno",Christine Olson,christine.olson@colorado.edu,Olson_et_al_2018,68.633333,-149.6,Typic_Aquiturbel,O,tussock_tundra,20,38,29,-999,-999,-999,LECO,36.05,-999,Nippon MA-2000,164.28,-999,0.455700416,-999,-999,-999,na,CO,0,0
Toolik_Field_Station,North_Slope,USA,Pit 6 O,2015-08,"University_of_Nevada,_Reno",Christine Olson,christine.olson@colorado.edu,Olson_et_al_2018,68.633333,-149.6,Typic_Aquiturbel,O,tussock_tundra,2,15,8.5,-999,-999,-999,LECO,45.52,-999,Nippon MA-2000,143.76,-999,0.315817223,-999,-999,-999,na,CO,0,0
Toolik_Field_Station,North_Slope,USA,Pit 6 O,2015-08,"University_of_Nevada,_Reno",Christine Olson,christine.olson@colorado.edu,Olson_et_al_2018,68.633333,-149.6,Typic_Aquiturbel,O,tussock_tundra,15,20,17.5,-999,-999,-999,LECO,31.97,-999,Nippon MA-2000,125.18,-999,0.391554582,-999,-999,-999,na,CO,0,0
Toolik_Field_Station,North_Slope,USA,Pit 3 O,2015-08,"University_of_Nevada,_Reno",Christine Olson,christine.olson@colorado.edu,Olson_et_al_2018,68.633333,-149.6,Typic_Aquiturbel,O,tussock_tundra,0,3,1.5,-999,-999,-999,LECO,48.72,-999,Nippon MA-2000,174.44,-999,0.358045977,-999,-999,-999,na,CO,0,0
Toolik_Field_Station,North_Slope,USA,Pit 3 O,2015-08,"University_of_Nevada,_Reno",Christine Olson,christine.olson@colorado.edu,Olson_et_al_2018,68.633333,-149.6,Typic_Aquiturbel,O,tussock_tundra,3,7,5,-999,-999,-999,LECO,37.67,-999,Nippon MA-2000,160.05,-999,0.424873905,-999,-999,-999,na,CO,0,0
Toolik_Field_Station,North_Slope,USA,Pit 3 O,2015-08,"University_of_Nevada,_Reno",Christine Olson,christine.olson@colorado.edu,Olson_et_al_2018,68.633333,-149.6,Typic_Aquiturbel,O,tussock_tundra,7,19,13,-999,-999,-999,LECO,24.37,-999,Nippon MA-2000,100.65,-999,0.413007796,-999,-999,-999,na,CO,0,0
Toolik_Field_Station,North_Slope,USA,Pit 4 O,2015-08,"University_of_Nevada,_Reno",Christine Olson,christine.olson@colorado.edu,Olson_et_al_2018,68.633333,-149.6,Typic_Aquiturbel,O,tussock_tundra,0,3,1.5,-999,-999,-999,LECO,45.47,-999,Nippon MA-2000,226.1,-999,0.497250935,-999,-999,-999,na,CO,0,0
Toolik_Field_Station,North_Slope,USA,Pit 4 O,2015-08,"University_of_Nevada,_Reno",Christine Olson,christine.olson@colorado.edu,Olson_et_al_2018,68.633333,-149.6,Typic_Aquiturbel,O,tussock_tundra,3,5,4,-999,-999,-999,LECO,24.73,-999,Nippon MA-2000,150.47,-999,0.608451274,-999,-999,-999,na,CO,0,0
Toolik_Field_Station,North_Slope,USA,Pit 7 O,2015-08,"University_of_Nevada,_Reno",Christine Olson,christine.olson@colorado.edu,Olson_et_al_2018,68.633333,-149.6,Typic_Aquiturbel,O,tussock_tundra,0,3,1.5,-999,-999,-999,LECO,46.77,-999,Nippon MA-2000,189.6,-999,0.405388069,-999,-999,-999,na,CO,0,0
Toolik_Field_Station,North_Slope,USA,Pit 7 O,2015-08,"University_of_Nevada,_Reno",Christine Olson,christine.olson@colorado.edu,Olson_et_al_2018,68.633333,-149.6,Typic_Aquiturbel,O,tussock_tundra,3,15,9,-999,-999,-999,LECO,36.41,-999,Nippon MA-2000,167.88,-999,0.46108212,-999,-999,-999,na,CO,0,0
Toolik_Field_Station,North_Slope,USA,Pit 7 O,2015-08,"University_of_Nevada,_Reno",Christine Olson,christine.olson@colorado.edu,Olson_et_al_2018,68.633333,-149.6,Typic_Aquiturbel,O,tussock_tundra,15,26,20.5,-999,-999,-999,LECO,35.91,-999,Nippon MA-2000,119.91,-999,0.333918129,-999,-999,-999,na,CO,0,0
Toolik_Field_Station,North_Slope,USA,Pit 8 O,2015-08,"University_of_Nevada,_Reno",Christine Olson,christine.olson@colorado.edu,Olson_et_al_2018,68.633333,-149.6,Typic_Aquiturbel,O,tussock_tundra,0,7,3.5,-999,-999,-999,LECO,45.19,-999,Nippon MA-2000,156.24,-999,0.345740208,-999,-999,-999,na,CO,0,0
Toolik_Field_Station,North_Slope,USA,Pit 8 O,2015-08,"University_of_Nevada,_Reno",Christine Olson,christine.olson@colorado.edu,Olson_et_al_2018,68.633333,-149.6,Typic_Aquiturbel,O,tussock_tundra,7,15,11,-999,-999,-999,LECO,40.93,-999,Nippon MA-2000,130.78,-999,0.319521134,-999,-999,-999,na,CO,0,0
Toolik_Field_Station,North_Slope,USA,Pit 8 O,2015-08,"University_of_Nevada,_Reno",Christine Olson,christine.olson@colorado.edu,Olson_et_al_2018,68.633333,-149.6,Typic_Aquiturbel,O,tussock_tundra,15,23,19,-999,-999,-999,LECO,38.7,-999,Nippon MA-2000,140.57,-999,0.363229974,-999,-999,-999,na,CO,0,0
Noatak_National_Preserve,Northwest_Arctic,USA,Asik,2015-08,"University_of_Nevada,_Reno",Christine Olson,christine.olson@colorado.edu,Olson_et_al_2018,67.475278,-162.233333,Orthels/Gelisol,O,tussock_tundra,-999,3,3,0.05,-999,-999,LECO,39.88,-999,Nippon MA-2000,91.23,-999,0.228761284,-999,-999,-999,na,CO,0,0
Noatak_National_Preserve,Northwest_Arctic,USA,Asik,2015-08,"University_of_Nevada,_Reno",Christine Olson,christine.olson@colorado.edu,Olson_et_al_2018,67.475278,-162.233333,Orthels/Gelisol,O,tussock_tundra,-999,7,7,0.1,-999,-999,LECO,33.38,-999,Nippon MA-2000,144.15,-999,0.431845416,-999,-999,-999,na,CO,0,0
Noatak_National_Preserve,Northwest_Arctic,USA,Asik,2015-08,"University_of_Nevada,_Reno",Christine Olson,christine.olson@colorado.edu,Olson_et_al_2018,67.475278,-162.233333,Orthels/Gelisol,O,tussock_tundra,-999,10,10,0.14,-999,-999,LECO,31.87,-999,Nippon MA-2000,157.16,-999,0.493128334,-999,-999,-999,na,CO,0,0
Noatak_National_Preserve,Northwest_Arctic,USA,ANFT4 North Face ,2015-08,"University_of_Nevada,_Reno",Christine Olson,christine.olson@colorado.edu,Olson_et_al_2018,67.5225,-162.063333,Orthels/Gelisol,O,tussock_tundra,-999,4,4,0.04,-999,-999,LECO,43.33,-999,Nippon MA-2000,36.15,-999,0.083429495,-999,-999,-999,na,CO,0,0
Noatak_National_Preserve,Northwest_Arctic,USA,ANFT4 North Face ,2015-08,"University_of_Nevada,_Reno",Christine Olson,christine.olson@colorado.edu,Olson_et_al_2018,67.5225,-162.063333,Orthels/Gelisol,O,tussock_tundra,-999,10.5,10.5,0.03,-999,-999,LECO,43.74,-999,Nippon MA-2000,58.35,-999,0.13340192,-999,-999,-999,na,CO,0,0
Noatak_National_Preserve,Northwest_Arctic,USA,ANFT4 North Face ,2015-08,"University_of_Nevada,_Reno",Christine Olson,christine.olson@colorado.edu,Olson_et_al_2018,67.5225,-162.063333,Orthels/Gelisol,O,tussock_tundra,-999,16.5,16.5,0.08,-999,-999,LECO,39.23,-999,Nippon MA-2000,125.7,-999,0.320418047,-999,-999,-999,na,CO,0,0
Noatak_National_Preserve,Northwest_Arctic,USA,ANFT4 North Face ,2015-08,"University_of_Nevada,_Reno",Christine Olson,christine.olson@colorado.edu,Olson_et_al_2018,67.5225,-162.063333,Orthels/Gelisol,B,tussock_tundra,-999,21.5,21.5,1.56,-999,-999,LECO,2.04,-999,Nippon MA-2000,54.11,-999,2.65245098,-999,-999,-999,na,CO,0,0
Noatak_National_Preserve,Northwest_Arctic,USA,ANFT4 South Face ,2015-08,"University_of_Nevada,_Reno",Christine Olson,christine.olson@colorado.edu,Olson_et_al_2018,67.5239,-162.05936,Orthels/Gelisol,O,tussock_tundra,-999,4,4,0.14,-999,-999,LECO,42.77,-999,Nippon MA-2000,147.84,-999,0.345662848,-999,-999,-999,na,CO,0,0
Noatak_National_Preserve,Northwest_Arctic,USA,ANFT4 South Face ,2015-08,"University_of_Nevada,_Reno",Christine Olson,christine.olson@colorado.edu,Olson_et_al_2018,67.5239,-162.05936,Orthels/Gelisol,O,tussock_tundra,-999,9,9,0.11,-999,-999,LECO,41.23,-999,Nippon MA-2000,102.85,-999,0.249454281,-999,-999,-999,na,CO,0,0
Noatak_National_Preserve,Northwest_Arctic,USA,ANFT4 South Face ,2015-08,"University_of_Nevada,_Reno",Christine Olson,christine.olson@colorado.edu,Olson_et_al_2018,67.5239,-162.05936,Orthels/Gelisol,O,tussock_tundra,-999,12,12,0.21,-999,-999,LECO,36.71,-999,Nippon MA-2000,89.12,-999,0.242767638,-999,-999,-999,na,CO,0,0
Noatak_National_Preserve,Northwest_Arctic,USA,ANFT4 South Face ,2015-08,"University_of_Nevada,_Reno",Christine Olson,christine.olson@colorado.edu,Olson_et_al_2018,67.5239,-162.05936,Orthels/Gelisol,B,tussock_tundra,-999,16,16,1.14,-999,-999,LECO,3.16,-999,Nippon MA-2000,53.3,-999,1.686708861,-999,-999,-999,na,CO,0,0
Noatak_National_Preserve,Northwest_Arctic,USA,ANFT4 South Face ,2015-08,"University_of_Nevada,_Reno",Christine Olson,christine.olson@colorado.edu,Olson_et_al_2018,67.5239,-162.05936,Orthels/Gelisol,B,tussock_tundra,-999,20,20,1.29,-999,-999,LECO,2.18,-999,Nippon MA-2000,43.04,-999,1.974311927,-999,-999,-999,na,CO,0,0
Noatak_National_Preserve,Northwest_Arctic,USA,ANFT4 South Face ,2015-08,"University_of_Nevada,_Reno",Christine Olson,christine.olson@colorado.edu,Olson_et_al_2018,67.5239,-162.05936,Orthels/Gelisol,C,tussock_tundra,-999,27,27,0.87,-999,-999,LECO,1.75,-999,Nippon MA-2000,44.99,-999,2.570857143,-999,-999,-999,na,CO,0,0
Dalton_Highway_Transect,North_Slope,USA,Site 1,2016-08,"University_of_Nevada,_Reno",Christine Olson,christine.olson@colorado.edu,Olson_et_al_2018,68.614031,-149.309481,Ruptic-Histic Aquiturbel ,O,wet non-acidic tundra,1,4,2.5,-999,-999,-999,LECO,37.55,-999,Nippon MA-2000,139.74,-999,0.372141145,-999,-999,-999,na,CO,0,0
Dalton_Highway_Transect,North_Slope,USA,Site 1,2016-08,"University_of_Nevada,_Reno",Christine Olson,christine.olson@colorado.edu,Olson_et_al_2018,68.614031,-149.309481,Ruptic-Histic Aquiturbel ,O,wet non-acidic tundra,4,30,17,-999,-999,-999,LECO,32.55,-999,Nippon MA-2000,126.92,-999,0.389917051,-999,-999,-999,na,CO,0,0
Dalton_Highway_Transect,North_Slope,USA,Site 1,2016-08,"University_of_Nevada,_Reno",Christine Olson,christine.olson@colorado.edu,Olson_et_al_2018,68.614031,-149.309481,Ruptic-Histic Aquiturbel ,O,wet non-acidic tundra,20,29,24.5,-999,-999,-999,LECO,30.44,-999,Nippon MA-2000,88.98,-999,0.292320959,-999,-999,-999,na,CO,0,0
Dalton_Highway_Transect,North_Slope,USA,Site 1,2016-08,"University_of_Nevada,_Reno",Christine Olson,christine.olson@colorado.edu,Olson_et_al_2018,68.614031,-149.309481,Ruptic-Histic Aquiturbel ,A,wet non-acidic tundra,29,35,32,-999,-999,-999,LECO,18.06,-999,Nippon MA-2000,102.59,-999,0.568028793,-999,-999,-999,na,CO,0,0
Dalton_Highway_Transect,North_Slope,USA,Site 1,2016-08,"University_of_Nevada,_Reno",Christine Olson,christine.olson@colorado.edu,Olson_et_al_2018,68.614031,-149.309481,Ruptic-Histic Aquiturbel ,O,wet non-acidic tundra,35,54,44.5,-999,-999,-999,LECO,24.95,-999,Nippon MA-2000,84.77,-999,0.339739479,-999,-999,-999,na,CO,0,0
Dalton_Highway_Transect,North_Slope,USA,Site 1,2016-08,"University_of_Nevada,_Reno",Christine Olson,christine.olson@colorado.edu,Olson_et_al_2018,68.614031,-149.309481,Ruptic-Histic Aquiturbel ,O,wet non-acidic tundra,50,64,57,-999,-999,-999,LECO,26.5,-999,Nippon MA-2000,106.38,-999,0.401441509,-999,-999,-999,na,CO,0,0
Dalton_Highway_Transect,North_Slope,USA,Site 1,2016-08,"University_of_Nevada,_Reno",Christine Olson,christine.olson@colorado.edu,Olson_et_al_2018,68.614031,-149.309481,Ruptic-Histic Aquiturbel ,O,wet non-acidic tundra,63,84,73.5,-999,-999,-999,LECO,22,-999,Nippon MA-2000,125.83,-999,0.571956818,-999,-999,-999,na,CO,0,0
Dalton_Highway_Transect,North_Slope,USA,Site 1,2016-08,"University_of_Nevada,_Reno",Christine Olson,christine.olson@colorado.edu,Olson_et_al_2018,68.614031,-149.309481,Ruptic-Histic Aquiturbel ,O,wet non-acidic tundra,83,105,94,-999,-999,-999,LECO,20.2,-999,Nippon MA-2000,83.64,-999,0.414074257,-999,-999,-999,na,CO,0,0
Dalton_Highway_Transect,North_Slope,USA,Site 1,2016-08,"University_of_Nevada,_Reno",Christine Olson,christine.olson@colorado.edu,Olson_et_al_2018,68.614031,-149.309481,Ruptic-Histic Aquiturbel ,O,wet non-acidic tundra,94,105,99.5,-999,-999,-999,LECO,21.1,-999,Nippon MA-2000,103.29,-999,0.489514218,-999,-999,-999,na,CO,0,0
Dalton_Highway_Transect,North_Slope,USA,Site 1,2016-08,"University_of_Nevada,_Reno",Christine Olson,christine.olson@colorado.edu,Olson_et_al_2018,68.614031,-149.309481,Ruptic-Histic Aquiturbel ,A,wet non-acidic tundra,105,121,113,-999,-999,-999,LECO,17.5,-999,Nippon MA-2000,72.12,-999,0.412125714,-999,-999,-999,na,CO,0,0
Dalton_Highway_Transect,North_Slope,USA,Site 1,2016-08,"University_of_Nevada,_Reno",Christine Olson,christine.olson@colorado.edu,Olson_et_al_2018,68.614031,-149.309481,Ruptic-Histic Aquiturbel ,O,wet non-acidic tundra,5,10,7.5,-999,-999,-999,LECO,44.11,-999,Nippon MA-2000,168.76,-999,0.382599184,-999,-999,-999,na,CO,0,0
Dalton_Highway_Transect,North_Slope,USA,Site 1,2016-08,"University_of_Nevada,_Reno",Christine Olson,christine.olson@colorado.edu,Olson_et_al_2018,68.614031,-149.309481,Ruptic-Histic Aquiturbel ,B,wet non-acidic tundra,60,65,62.5,-999,-999,-999,LECO,2.15,-999,Nippon MA-2000,59.24,-999,2.755116279,-999,-999,-999,na,CO,0,0
Dalton_Highway_Transect,North_Slope,USA,Site 1,2016-08,"University_of_Nevada,_Reno",Christine Olson,christine.olson@colorado.edu,Olson_et_al_2018,68.614031,-149.309481,Ruptic-Histic Aquiturbel ,A,wet non-acidic tundra,70,80,75,-999,-999,-999,LECO,12.6,-999,Nippon MA-2000,81.44,-999,0.646380952,-999,-999,-999,na,CO,0,0
Dalton_Highway_Transect,North_Slope,USA,Site 1,2016-08,"University_of_Nevada,_Reno",Christine Olson,christine.olson@colorado.edu,Olson_et_al_2018,68.614031,-149.309481,Ruptic-Histic Aquiturbel ,B,wet non-acidic tundra,80,90,85,-999,-999,-999,LECO,3.05,-999,Nippon MA-2000,55.65,-999,1.824704918,-999,-999,-999,na,CO,0,0
Dalton_Highway_Transect,North_Slope,USA,Site 2,2016-08,"University_of_Nevada,_Reno",Christine Olson,christine.olson@colorado.edu,Olson_et_al_2018,68.756917,-148.892639,na,O,na,3,5,4,-999,-999,-999,LECO,38.47,-999,Nippon MA-2000,151.85,-999,0.39472706,-999,-999,-999,na,CO,0,0
Dalton_Highway_Transect,North_Slope,USA,Site 2,2016-08,"University_of_Nevada,_Reno",Christine Olson,christine.olson@colorado.edu,Olson_et_al_2018,68.756917,-148.892639,na,O,na,5,17,11,-999,-999,-999,LECO,30.9,-999,Nippon MA-2000,94.2,-999,0.304855987,-999,-999,-999,na,CO,0,0
Dalton_Highway_Transect,North_Slope,USA,Site 2,2016-08,"University_of_Nevada,_Reno",Christine Olson,christine.olson@colorado.edu,Olson_et_al_2018,68.756917,-148.892639,na,B,na,17,29,23,-999,-999,-999,LECO,2.655,-999,Nippon MA-2000,54.64,-999,2.058022599,-999,-999,-999,na,CO,0,0
Dalton_Highway_Transect,North_Slope,USA,Site 2,2016-08,"University_of_Nevada,_Reno",Christine Olson,christine.olson@colorado.edu,Olson_et_al_2018,68.756917,-148.892639,na,B,na,29,41,35,-999,-999,-999,LECO,3.136,-999,Nippon MA-2000,59.2,-999,1.887595663,-999,-999,-999,na,CO,0,0
Dalton_Highway_Transect,North_Slope,USA,Site 2,2016-08,"University_of_Nevada,_Reno",Christine Olson,christine.olson@colorado.edu,Olson_et_al_2018,68.756917,-148.892639,na,O,na,0,3,1.5,-999,-999,-999,LECO,47.99,-999,Nippon MA-2000,21.31,-999,0.044412378,-999,-999,-999,na,CO,0,0
Dalton_Highway_Transect,North_Slope,USA,Site 2,2016-08,"University_of_Nevada,_Reno",Christine Olson,christine.olson@colorado.edu,Olson_et_al_2018,68.756917,-148.892639,na,O,na,3,16,9.5,-999,-999,-999,LECO,38.97,-999,Nippon MA-2000,130.18,-999,0.33404542,-999,-999,-999,na,CO,0,0
Dalton_Highway_Transect,North_Slope,USA,Site 2,2016-08,"University_of_Nevada,_Reno",Christine Olson,christine.olson@colorado.edu,Olson_et_al_2018,68.756917,-148.892639,na,O,na,3,17,10,-999,-999,-999,LECO,35.28,-999,Nippon MA-2000,107.31,-999,0.304163832,-999,-999,-999,na,CO,0,0
Dalton_Highway_Transect,North_Slope,USA,Site 2,2016-08,"University_of_Nevada,_Reno",Christine Olson,christine.olson@colorado.edu,Olson_et_al_2018,68.756917,-148.892639,na,B,na,17,28,22.5,-999,-999,-999,LECO,2.016,-999,Nippon MA-2000,55.3,-999,2.74280754,-999,-999,-999,na,CO,0,0
Dalton_Highway_Transect,North_Slope,USA,Site 3,2016-08,"University_of_Nevada,_Reno",Christine Olson,christine.olson@colorado.edu,Olson_et_al_2018,69.074167,-148.759167,na,O,na,4,14,9,-999,-999,-999,LECO,45.4,-999,Nippon MA-2000,87.99,-999,0.193820485,-999,-999,-999,na,CO,0,0
Dalton_Highway_Transect,North_Slope,USA,Site 3,2016-08,"University_of_Nevada,_Reno",Christine Olson,christine.olson@colorado.edu,Olson_et_al_2018,69.074167,-148.759167,na,O,na,14,30,22,-999,-999,-999,LECO,46.9,-999,Nippon MA-2000,90.7,-999,0.193386994,-999,-999,-999,na,CO,0,0
Dalton_Highway_Transect,North_Slope,USA,Site 3,2016-08,"University_of_Nevada,_Reno",Christine Olson,christine.olson@colorado.edu,Olson_et_al_2018,69.074167,-148.759167,na,B,na,30,46,38,-999,-999,-999,LECO,8.77,-999,Nippon MA-2000,52.28,-999,0.596071836,-999,-999,-999,na,CO,0,0
Dalton_Highway_Transect,North_Slope,USA,Site 3,2016-08,"University_of_Nevada,_Reno",Christine Olson,christine.olson@colorado.edu,Olson_et_al_2018,69.074167,-148.759167,na,O,na,48,50,49,-999,-999,-999,LECO,32.43,-999,Nippon MA-2000,65.19,-999,0.201023743,-999,-999,-999,na,CO,0,0
Dalton_Highway_Transect,North_Slope,USA,Site 3,2016-08,"University_of_Nevada,_Reno",Christine Olson,christine.olson@colorado.edu,Olson_et_al_2018,69.074167,-148.759167,na,O,na,5,12,8.5,-999,-999,-999,LECO,44.57,-999,Nippon MA-2000,80.03,-999,0.179569217,-999,-999,-999,na,CO,0,0
Dalton_Highway_Transect,North_Slope,USA,Site 3,2016-08,"University_of_Nevada,_Reno",Christine Olson,christine.olson@colorado.edu,Olson_et_al_2018,69.074167,-148.759167,na,O,na,14,30,22,-999,-999,-999,LECO,45.24,-999,Nippon MA-2000,86.92,-999,0.192130858,-999,-999,-999,na,CO,0,0
Dalton_Highway_Transect,North_Slope,USA,Site 3,2016-08,"University_of_Nevada,_Reno",Christine Olson,christine.olson@colorado.edu,Olson_et_al_2018,69.074167,-148.759167,na,B,na,22,35,28.5,-999,-999,-999,LECO,6.286,-999,Nippon MA-2000,48.54,-999,0.772168311,-999,-999,-999,na,CO,0,0
Dalton_Highway_Transect,North_Slope,USA,Site 3,2016-08,"University_of_Nevada,_Reno",Christine Olson,christine.olson@colorado.edu,Olson_et_al_2018,69.074167,-148.759167,na,B,na,35,48,41.5,-999,-999,-999,LECO,7.487,-999,Nippon MA-2000,49.58,-999,0.662241218,-999,-999,-999,na,CO,0,0
Dalton_Highway_Transect,North_Slope,USA,Site 4,2016-08,"University_of_Nevada,_Reno",Christine Olson,christine.olson@colorado.edu,Olson_et_al_2018,69.146361,-148.853889,Typic Aquiturbel,O,moist acidic tundra,6,9,7.5,-999,-999,-999,LECO,37.94,-999,Nippon MA-2000,96.39,-999,0.25406563,-999,-999,-999,na,CO,0,0
Dalton_Highway_Transect,North_Slope,USA,Site 4,2016-08,"University_of_Nevada,_Reno",Christine Olson,christine.olson@colorado.edu,Olson_et_al_2018,69.146361,-148.853889,Typic Aquiturbel,B,moist acidic tundra,20,35,27.5,-999,-999,-999,LECO,3.752,-999,Nippon MA-2000,31.58,-999,0.841577825,-999,-999,-999,na,CO,0,0
Dalton_Highway_Transect,North_Slope,USA,Site 4,2016-08,"University_of_Nevada,_Reno",Christine Olson,christine.olson@colorado.edu,Olson_et_al_2018,69.146361,-148.853889,Typic Aquiturbel,B,moist acidic tundra,38,50,44,-999,-999,-999,LECO,4.116,-999,Nippon MA-2000,30.52,-999,0.741387269,-999,-999,-999,na,CO,0,0
Dalton_Highway_Transect,North_Slope,USA,Site 4,2016-08,"University_of_Nevada,_Reno",Christine Olson,christine.olson@colorado.edu,Olson_et_al_2018,69.146361,-148.853889,Typic Aquiturbel,B,moist acidic tundra,62,80,71,-999,-999,-999,LECO,5.826,-999,Nippon MA-2000,29.51,-999,0.506548232,-999,-999,-999,na,CO,0,0
Dalton_Highway_Transect,North_Slope,USA,Site 5,2016-08,"University_of_Nevada,_Reno",Christine Olson,christine.olson@colorado.edu,Olson_et_al_2018,69.447972,-148.611725,Ruptic-Histic Aquiturbel ,B,moist non-acidic tundra,10,20,15,-999,-999,-999,LECO,2.49,-999,Nippon MA-2000,37.92,-999,1.522911647,-999,-999,-999,na,CO,0,0
Dalton_Highway_Transect,North_Slope,USA,Site 5,2016-08,"University_of_Nevada,_Reno",Christine Olson,christine.olson@colorado.edu,Olson_et_al_2018,69.447972,-148.611725,Ruptic-Histic Aquiturbel ,B,wet non-acidic tundra,20,40,30,-999,-999,-999,LECO,2.76,-999,Nippon MA-2000,36.25,-999,1.313278986,-999,-999,-999,na,CO,0,0
Dalton_Highway_Transect,North_Slope,USA,Site 5,2016-08,"University_of_Nevada,_Reno",Christine Olson,christine.olson@colorado.edu,Olson_et_al_2018,69.447972,-148.611725,Ruptic-Histic Aquiturbel ,B,wet non-acidic tundra,40,60,50,-999,-999,-999,LECO,2.85,-999,Nippon MA-2000,41.66,-999,1.46177193,-999,-999,-999,na,CO,0,0
Dalton_Highway_Transect,North_Slope,USA,Site 5,2016-08,"University_of_Nevada,_Reno",Christine Olson,christine.olson@colorado.edu,Olson_et_al_2018,69.447972,-148.611725,Ruptic-Histic Aquiturbel ,B,wet non-acidic tundra,60,80,70,-999,-999,-999,LECO,3.94,-999,Nippon MA-2000,39.7,-999,1.007614213,-999,-999,-999,na,CO,0,0
Dalton_Highway_Transect,North_Slope,USA,Site 5,2016-08,"University_of_Nevada,_Reno",Christine Olson,christine.olson@colorado.edu,Olson_et_al_2018,69.447972,-148.611725,Ruptic-Histic Aquiturbel ,A,wet non-acidic tundra,95,100,97.5,-999,-999,-999,LECO,12.2,-999,Nippon MA-2000,48.41,-999,0.396786885,-999,-999,-999,na,CO,0,0
Dalton_Highway_Transect,North_Slope,USA,Site 5,2016-08,"University_of_Nevada,_Reno",Christine Olson,christine.olson@colorado.edu,Olson_et_al_2018,69.447972,-148.611725,Ruptic-Histic Aquiturbel ,O,wet non-acidic tundra,2,4,3,-999,-999,-999,LECO,29.06,-999,Nippon MA-2000,90.49,-999,0.311379904,-999,-999,-999,na,CO,0,0
Dalton_Highway_Transect,North_Slope,USA,Site 5,2016-08,"University_of_Nevada,_Reno",Christine Olson,christine.olson@colorado.edu,Olson_et_al_2018,69.447972,-148.611725,Ruptic-Histic Aquiturbel ,O,wet non-acidic tundra,2,4,3,-999,-999,-999,LECO,27.83,-999,Nippon MA-2000,32.75,-999,0.117678764,-999,-999,-999,na,CO,0,0
Dalton_Highway_Transect,North_Slope,USA,Site 5,2016-08,"University_of_Nevada,_Reno",Christine Olson,christine.olson@colorado.edu,Olson_et_al_2018,69.447972,-148.611725,Ruptic-Histic Aquiturbel ,A,wet non-acidic tundra,4,8,6,-999,-999,-999,LECO,12.6,-999,Nippon MA-2000,56.74,-999,0.450285714,-999,-999,-999,na,CO,0,0
Dalton_Highway_Transect,North_Slope,USA,Site 5,2016-08,"University_of_Nevada,_Reno",Christine Olson,christine.olson@colorado.edu,Olson_et_al_2018,69.447972,-148.611725,Ruptic-Histic Aquiturbel ,A,wet non-acidic tundra,8,14,11,-999,-999,-999,LECO,13.5,-999,Nippon MA-2000,60.6,-999,0.448892593,-999,-999,-999,na,CO,0,0
Dalton_Highway_Transect,North_Slope,USA,Site 5,2016-08,"University_of_Nevada,_Reno",Christine Olson,christine.olson@colorado.edu,Olson_et_al_2018,69.447972,-148.611725,Ruptic-Histic Aquiturbel ,A,wet non-acidic tundra,14,18,16,-999,-999,-999,LECO,15.7,-999,Nippon MA-2000,55.19,-999,0.351550955,-999,-999,-999,na,CO,0,0
Dalton_Highway_Transect,North_Slope,USA,Site 5,2016-08,"University_of_Nevada,_Reno",Christine Olson,christine.olson@colorado.edu,Olson_et_al_2018,69.447972,-148.611725,Ruptic-Histic Aquiturbel ,O,wet non-acidic tundra,50,70,60,-999,-999,-999,LECO,34.31,-999,Nippon MA-2000,30.12,-999,0.087795103,-999,-999,-999,na,CO,0,0
Dalton_Highway_Transect,North_Slope,USA,Site 6,2016-08,"University_of_Nevada,_Reno",Christine Olson,christine.olson@colorado.edu,Olson_et_al_2018,69.652111,-148.708056,Ruptic-Histic Aquiturbel ,O,wet non-acidic tundra,3,15,9,-999,-999,-999,LECO,44.64,-999,Nippon MA-2000,77.55,-999,0.173724238,-999,-999,-999,na,CO,0,0
Dalton_Highway_Transect,North_Slope,USA,Site 6,2016-08,"University_of_Nevada,_Reno",Christine Olson,christine.olson@colorado.edu,Olson_et_al_2018,69.652111,-148.708056,Ruptic-Histic Aquiturbel ,O,wet non-acidic tundra,15,26,20.5,-999,-999,-999,LECO,35.99,-999,Nippon MA-2000,98.75,-999,0.274392887,-999,-999,-999,na,CO,0,0
Dalton_Highway_Transect,North_Slope,USA,Site 6,2016-08,"University_of_Nevada,_Reno",Christine Olson,christine.olson@colorado.edu,Olson_et_al_2018,69.652111,-148.708056,Ruptic-Histic Aquiturbel ,B,wet non-acidic tundra,26,30,28,-999,-999,-999,LECO,6.82,-999,Nippon MA-2000,58.23,-999,0.853848974,-999,-999,-999,na,CO,0,0
Dalton_Highway_Transect,North_Slope,USA,Site 6,2016-08,"University_of_Nevada,_Reno",Christine Olson,christine.olson@colorado.edu,Olson_et_al_2018,69.652111,-148.708056,Ruptic-Histic Aquiturbel ,A,wet non-acidic tundra,4,8,6,-999,-999,-999,LECO,11.1,-999,Nippon MA-2000,145.56,-999,1.311346847,-999,-999,-999,na,CO,0,0
Dalton_Highway_Transect,North_Slope,USA,Site 6,2016-08,"University_of_Nevada,_Reno",Christine Olson,christine.olson@colorado.edu,Olson_et_al_2018,69.652111,-148.708056,Ruptic-Histic Aquiturbel ,O,wet non-acidic tundra,8,12,10,-999,-999,-999,LECO,37.62,-999,Nippon MA-2000,152.34,-999,0.404944179,-999,-999,-999,na,CO,0,0
Dalton_Highway_Transect,North_Slope,USA,Site 6,2016-08,"University_of_Nevada,_Reno",Christine Olson,christine.olson@colorado.edu,Olson_et_al_2018,69.652111,-148.708056,Ruptic-Histic Aquiturbel ,O,wet non-acidic tundra,12,14,13,-999,-999,-999,LECO,46.56,-999,Nippon MA-2000,95.79,-999,0.205730241,-999,-999,-999,na,CO,0,0
Dalton_Highway_Transect,North_Slope,USA,Site 6,2016-08,"University_of_Nevada,_Reno",Christine Olson,christine.olson@colorado.edu,Olson_et_al_2018,69.652111,-148.708056,Ruptic-Histic Aquiturbel ,A,wet non-acidic tundra,14,39,26.5,-999,-999,-999,LECO,16.87,-999,Nippon MA-2000,53.67,-999,0.318135744,-999,-999,-999,na,CO,0,0
Dalton_Highway_Transect,North_Slope,USA,Site 6,2016-08,"University_of_Nevada,_Reno",Christine Olson,christine.olson@colorado.edu,Olson_et_al_2018,69.652111,-148.708056,Ruptic-Histic Aquiturbel ,B,wet non-acidic tundra,39,41,40,-999,-999,-999,LECO,7.45,-999,Nippon MA-2000,58.37,-999,0.783536913,-999,-999,-999,na,CO,0,0
Dalton_Highway_Transect,North_Slope,USA,Site 6,2016-08,"University_of_Nevada,_Reno",Christine Olson,christine.olson@colorado.edu,Olson_et_al_2018,69.652111,-148.708056,Ruptic-Histic Aquiturbel ,A,wet non-acidic tundra,41,-999,41,-999,-999,-999,LECO,16.5,-999,Nippon MA-2000,65.85,-999,0.39910303,-999,-999,-999,na,CO,0,0
Dalton_Highway_Transect,North_Slope,USA,Site 7,2016-08,"University_of_Nevada,_Reno",Christine Olson,christine.olson@colorado.edu,Olson_et_al_2018,69.984083,-148.691944,Typic Historthel,A,na,1,4,2.5,-999,-999,-999,LECO,13.11,-999,Nippon MA-2000,50.64,-999,0.386239512,-999,-999,-999,na,CO,0,0
Dalton_Highway_Transect,North_Slope,USA,Site 7,2016-08,"University_of_Nevada,_Reno",Christine Olson,christine.olson@colorado.edu,Olson_et_al_2018,69.984083,-148.691944,Typic Historthel,A,na,4,5,4.5,-999,-999,-999,LECO,11.59,-999,Nippon MA-2000,43.2,-999,0.372739431,-999,-999,-999,na,CO,0,0
Dalton_Highway_Transect,North_Slope,USA,Site 7,2016-08,"University_of_Nevada,_Reno",Christine Olson,christine.olson@colorado.edu,Olson_et_al_2018,69.984083,-148.691944,Typic Historthel,A,na,17,30,23.5,-999,-999,-999,LECO,14.1,-999,Nippon MA-2000,44.85,-999,0.318092199,-999,-999,-999,na,CO,0,0
Dalton_Highway_Transect,North_Slope,USA,Site 7,2016-08,"University_of_Nevada,_Reno",Christine Olson,christine.olson@colorado.edu,Olson_et_al_2018,69.984083,-148.691944,Typic Historthel,O,na,46,50,48,-999,-999,-999,LECO,33.28,-999,Nippon MA-2000,76.06,-999,0.228553185,-999,-999,-999,na,CO,0,0
Dalton_Highway_Transect,North_Slope,USA,Site 7,2016-08,"University_of_Nevada,_Reno",Christine Olson,christine.olson@colorado.edu,Olson_et_al_2018,69.984083,-148.691944,Typic Historthel,A,na,65,74,69.5,-999,-999,-999,LECO,10.18,-999,Nippon MA-2000,35.06,-999,0.344366405,-999,-999,-999,na,CO,0,0
Dalton_Highway_Transect,North_Slope,USA,Site 7,2016-08,"University_of_Nevada,_Reno",Christine Olson,christine.olson@colorado.edu,Olson_et_al_2018,69.984083,-148.691944,Typic Historthel,B,na,5,17,11,-999,-999,-999,LECO,6.893,-999,Nippon MA-2000,35.27,-999,0.511700276,-999,-999,-999,na,CO,0,0
Dalton_Highway_Transect,North_Slope,USA,Site 7,2016-08,"University_of_Nevada,_Reno",Christine Olson,christine.olson@colorado.edu,Olson_et_al_2018,69.984083,-148.691944,Typic Historthel,B,na,30,65,47.5,-999,-999,-999,LECO,7.055,-999,Nippon MA-2000,40.41,-999,0.572721474,-999,-999,-999,na,CO,0,0
Dalton_Highway_Transect,North_Slope,USA,Site 7,2016-08,"University_of_Nevada,_Reno",Christine Olson,christine.olson@colorado.edu,Olson_et_al_2018,69.984083,-148.691944,Typic Historthel,A,na,2,3,2.5,-999,-999,-999,LECO,16.16,-999,Nippon MA-2000,44.06,-999,0.272670173,-999,-999,-999,na,CO,0,0
Dalton_Highway_Transect,North_Slope,USA,Site 7,2016-08,"University_of_Nevada,_Reno",Christine Olson,christine.olson@colorado.edu,Olson_et_al_2018,69.984083,-148.691944,Typic Historthel,B,na,6,44,25,-999,-999,-999,LECO,7.923,-999,Nippon MA-2000,43.39,-999,0.547639783,-999,-999,-999,na,CO,0,0
Dalton_Highway_Transect,North_Slope,USA,Site 7,2016-08,"University_of_Nevada,_Reno",Christine Olson,christine.olson@colorado.edu,Olson_et_al_2018,69.984083,-148.691944,Typic Historthel,B,na,45,70,57.5,-999,-999,-999,LECO,6.475,-999,Nippon MA-2000,55.32,-999,0.854355212,-999,-999,-999,na,CO,0,0
Eight_Mile_Lake,Denali,USA,8 mile 48-91 cm C,2015-08,"University_of_Nevada,_Reno",Christine Olson,christine.olson@colorado.edu,Olson_et_al_2018,63.883056,-149.225556,Gelisols,C,moist acidic tussock tundra,197,231,214,0.144,-999,-999,LECO,46,20,Nippon MA-2000,90,0.5,0.195652174,-999,-999,-999,na,CO,0,0
Eight_Mile_Lake,Denali,USA,8 mile 48-91 cm B,2015-08,"University_of_Nevada,_Reno",Christine Olson,christine.olson@colorado.edu,Olson_et_al_2018,63.883056,-149.225556,Gelisols,O,moist acidic tussock tundra,158,196,177,0.144,-999,-999,LECO,46,-999,Nippon MA-2000,136,0.9,0.295652174,-999,-999,-999,na,CO,0,0
Eight_Mile_Lake,Denali,USA,8 mile 48-91 cm A,2015-08,"University_of_Nevada,_Reno",Christine Olson,christine.olson@colorado.edu,Olson_et_al_2018,63.883056,-149.225556,Gelisols,O,moist acidic tussock tundra,123,157,140,0.144,-999,-999,LECO,44,34,Nippon MA-2000,127,11,0.288636364,-999,-999,-999,na,CO,0,0
Eight_Mile_Lake,Denali,USA,8 mile 33-48 cm,2015-08,"University_of_Nevada,_Reno",Christine Olson,christine.olson@colorado.edu,Olson_et_al_2018,63.883056,-149.225556,Gelisols,O,moist acidic tussock tundra,82,122,102,0.144,-999,-999,LECO,35,41,Nippon MA-2000,84,1.8,0.24,-999,-999,-999,na,CO,0,0
Eight_Mile_Lake,Denali,USA,"8 mile 16-32"" may 09",2015-08,"University_of_Nevada,_Reno",Christine Olson,christine.olson@colorado.edu,Olson_et_al_2018,63.883056,-149.225556,Gelisols,O,moist acidic tussock tundra,42,81,61.5,0.144,-999,-999,LECO,41,35,Nippon MA-2000,90,0.9,0.219512195,-999,-999,-999,na,CO,0,0
Eight_Mile_Lake,Denali,USA,8 mile Oa may 09,2015-08,"University_of_Nevada,_Reno",Christine Olson,christine.olson@colorado.edu,Olson_et_al_2018,63.883056,-149.225556,Gelisols,O,moist acidic tussock tundra,21,41,31,0.144,-999,-999,LECO,34,44,Nippon MA-2000,81,0.4,0.238235294,-999,-999,-999,na,CO,0,0
Eight_Mile_Lake,Denali,USA,8 mile Oi may 09,2015-08,"University_of_Nevada,_Reno",Christine Olson,christine.olson@colorado.edu,Olson_et_al_2018,63.883056,-149.225556,Gelisols,O,moist acidic tussock tundra,0,5,2.5,0.076,-999,-999,LECO,20,46,Nippon MA-2000,40,0.2,0.2,-999,-999,-999,na,CO,0,0
1,Degerö,SWEDEN,17164001,2015-09-01,IVL_Swedish_Environmental_Research_Institute,Stefan_Osterwalder,stefan.osterwalder@unibas.ch,Osterwalder_2017,64.18,-19.55,peat,na,open_boreal_peatland_dominated_by_lawn_and_carpet_plant_communities___major_species_identified_in_paper,0,2,1,0,-999,-999,Elemental_Analyzer_-_Isotope_Ratio_Mass_Spectrometer_(EA-IRMS),47.92,-999,10.035_Millennium_Merlin_1631_CV-AFS,20,-999,0.041736,-999,-999,-999,%OC_wasn_t_published_with_paper_-_provided_by_Osterwalder_via_email,SS,0,0
1,Degerö,SWEDEN,17164002,2015-09-01,IVL_Swedish_Environmental_Research_Institute,Stefan_Osterwalder,stefan.osterwalder@unibas.ch,Osterwalder_2017,64.18,-19.55,peat,na,open_boreal_peatland_dominated_by_lawn_and_carpet_plant_communities___major_species_identified_in_paper,2,4,3,0,-999,-999,Elemental_Analyzer_-_Isotope_Ratio_Mass_Spectrometer_(EA-IRMS),47.39,-999,10.035_Millennium_Merlin_1631_CV-AFS,21,-999,0.044313,-999,-999,-999,%OC_wasn_t_published_with_paper_-_provided_by_Osterwalder_via_email,SS,0,0
1,Degerö,SWEDEN,17164003,2015-09-01,IVL_Swedish_Environmental_Research_Institute,Stefan_Osterwalder,stefan.osterwalder@unibas.ch,Osterwalder_2017,64.18,-19.55,peat,na,open_boreal_peatland_dominated_by_lawn_and_carpet_plant_communities___major_species_identified_in_paper,4,6,5,0,-999,-999,Elemental_Analyzer_-_Isotope_Ratio_Mass_Spectrometer_(EA-IRMS),47.6,-999,10.035_Millennium_Merlin_1631_CV-AFS,23,-999,0.048319,-999,-999,-999,%OC_wasn_t_published_with_paper_-_provided_by_Osterwalder_via_email,SS,0,0
1,Degerö,SWEDEN,17164004,2015-09-01,IVL_Swedish_Environmental_Research_Institute,Stefan_Osterwalder,stefan.osterwalder@unibas.ch,Osterwalder_2017,64.18,-19.55,peat,na,open_boreal_peatland_dominated_by_lawn_and_carpet_plant_communities___major_species_identified_in_paper,6,8,7,0,-999,-999,Elemental_Analyzer_-_Isotope_Ratio_Mass_Spectrometer_(EA-IRMS),47.32,-999,10.035_Millennium_Merlin_1631_CV-AFS,26,-999,0.054945,-999,-999,-999,%OC_wasn_t_published_with_paper_-_provided_by_Osterwalder_via_email,SS,0,0
1,Degerö,SWEDEN,17164005,2015-09-01,IVL_Swedish_Environmental_Research_Institute,Stefan_Osterwalder,stefan.osterwalder@unibas.ch,Osterwalder_2017,64.18,-19.55,peat,na,open_boreal_peatland_dominated_by_lawn_and_carpet_plant_communities___major_species_identified_in_paper,8,10,9,0,-999,-999,Elemental_Analyzer_-_Isotope_Ratio_Mass_Spectrometer_(EA-IRMS),47.29,-999,10.035_Millennium_Merlin_1631_CV-AFS,25,-999,0.052865,-999,-999,-999,%OC_wasn_t_published_with_paper_-_provided_by_Osterwalder_via_email,SS,0,0
1,Degerö,SWEDEN,17164006,2015-09-01,IVL_Swedish_Environmental_Research_Institute,Stefan_Osterwalder,stefan.osterwalder@unibas.ch,Osterwalder_2017,64.18,-19.55,peat,na,open_boreal_peatland_dominated_by_lawn_and_carpet_plant_communities___major_species_identified_in_paper,10,12,11,0,-999,-999,Elemental_Analyzer_-_Isotope_Ratio_Mass_Spectrometer_(EA-IRMS),47.82,-999,10.035_Millennium_Merlin_1631_CV-AFS,34,-999,0.0711,-999,-999,-999,%OC_wasn_t_published_with_paper_-_provided_by_Osterwalder_via_email,SS,0,0
1,Degerö,SWEDEN,17164007,2015-09-01,IVL_Swedish_Environmental_Research_Institute,Stefan_Osterwalder,stefan.osterwalder@unibas.ch,Osterwalder_2017,64.18,-19.55,peat,na,open_boreal_peatland_dominated_by_lawn_and_carpet_plant_communities___major_species_identified_in_paper,12,14,13,0,-999,-999,Elemental_Analyzer_-_Isotope_Ratio_Mass_Spectrometer_(EA-IRMS),47.68,-999,10.035_Millennium_Merlin_1631_CV-AFS,41,-999,0.08599,-999,-999,-999,%OC_wasn_t_published_with_paper_-_provided_by_Osterwalder_via_email,SS,0,0
1,Degerö,SWEDEN,17164008,2015-09-01,IVL_Swedish_Environmental_Research_Institute,Stefan_Osterwalder,stefan.osterwalder@unibas.ch,Osterwalder_2017,64.18,-19.55,peat,na,open_boreal_peatland_dominated_by_lawn_and_carpet_plant_communities___major_species_identified_in_paper,14,16,15,0,-999,-999,Elemental_Analyzer_-_Isotope_Ratio_Mass_Spectrometer_(EA-IRMS),46.7,-999,10.035_Millennium_Merlin_1631_CV-AFS,39,-999,0.083512,-999,-999,-999,%OC_wasn_t_published_with_paper_-_provided_by_Osterwalder_via_email,SS,0,0
1,Degerö,SWEDEN,17164009,2015-09-01,IVL_Swedish_Environmental_Research_Institute,Stefan_Osterwalder,stefan.osterwalder@unibas.ch,Osterwalder_2017,64.18,-19.55,peat,na,open_boreal_peatland_dominated_by_lawn_and_carpet_plant_communities___major_species_identified_in_paper,16,18,17,0,-999,-999,Elemental_Analyzer_-_Isotope_Ratio_Mass_Spectrometer_(EA-IRMS),47.7,-999,10.035_Millennium_Merlin_1631_CV-AFS,50,-999,0.104822,-999,-999,-999,%OC_wasn_t_published_with_paper_-_provided_by_Osterwalder_via_email,SS,0,0
1,Degerö,SWEDEN,17164010,2015-09-01,IVL_Swedish_Environmental_Research_Institute,Stefan_Osterwalder,stefan.osterwalder@unibas.ch,Osterwalder_2017,64.18,-19.55,peat,na,open_boreal_peatland_dominated_by_lawn_and_carpet_plant_communities___major_species_identified_in_paper,18,20,19,0,-999,-999,Elemental_Analyzer_-_Isotope_Ratio_Mass_Spectrometer_(EA-IRMS),47.87,-999,10.035_Millennium_Merlin_1631_CV-AFS,56,-999,0.116983,-999,-999,-999,%OC_wasn_t_published_with_paper_-_provided_by_Osterwalder_via_email,SS,0,0
1,Degerö,SWEDEN,17164011,2015-09-01,IVL_Swedish_Environmental_Research_Institute,Stefan_Osterwalder,stefan.osterwalder@unibas.ch,Osterwalder_2017,64.18,-19.55,peat,na,open_boreal_peatland_dominated_by_lawn_and_carpet_plant_communities___major_species_identified_in_paper,20,22,21,0,-999,-999,Elemental_Analyzer_-_Isotope_Ratio_Mass_Spectrometer_(EA-IRMS),47.5,-999,10.035_Millennium_Merlin_1631_CV-AFS,51,-999,0.107368,-999,-999,-999,%OC_wasn_t_published_with_paper_-_provided_by_Osterwalder_via_email,SS,0,0
1,Degerö,SWEDEN,17164012,2015-09-01,IVL_Swedish_Environmental_Research_Institute,Stefan_Osterwalder,stefan.osterwalder@unibas.ch,Osterwalder_2017,64.18,-19.55,peat,na,open_boreal_peatland_dominated_by_lawn_and_carpet_plant_communities___major_species_identified_in_paper,22,24,23,0,-999,-999,Elemental_Analyzer_-_Isotope_Ratio_Mass_Spectrometer_(EA-IRMS),47.5,-999,10.035_Millennium_Merlin_1631_CV-AFS,55,-999,0.115789,-999,-999,-999,%OC_wasn_t_published_with_paper_-_provided_by_Osterwalder_via_email,SS,0,0
1,Degerö,SWEDEN,17164013,2015-09-01,IVL_Swedish_Environmental_Research_Institute,Stefan_Osterwalder,stefan.osterwalder@unibas.ch,Osterwalder_2017,64.18,-19.55,peat,na,open_boreal_peatland_dominated_by_lawn_and_carpet_plant_communities___major_species_identified_in_paper,24,26,25,0,-999,-999,Elemental_Analyzer_-_Isotope_Ratio_Mass_Spectrometer_(EA-IRMS),47.67,-999,10.035_Millennium_Merlin_1631_CV-AFS,59,-999,0.123768,-999,-999,-999,%OC_wasn_t_published_with_paper_-_provided_by_Osterwalder_via_email,SS,0,0
1,Degerö,SWEDEN,17164014,2015-09-01,IVL_Swedish_Environmental_Research_Institute,Stefan_Osterwalder,stefan.osterwalder@unibas.ch,Osterwalder_2017,64.18,-19.55,peat,na,open_boreal_peatland_dominated_by_lawn_and_carpet_plant_communities___major_species_identified_in_paper,26,28,27,0,-999,-999,Elemental_Analyzer_-_Isotope_Ratio_Mass_Spectrometer_(EA-IRMS),49.07,-999,10.035_Millennium_Merlin_1631_CV-AFS,82,-999,0.167108,-999,-999,-999,%OC_wasn_t_published_with_paper_-_provided_by_Osterwalder_via_email,SS,0,0
1,Degerö,SWEDEN,17164015,2015-09-01,IVL_Swedish_Environmental_Research_Institute,Stefan_Osterwalder,stefan.osterwalder@unibas.ch,Osterwalder_2017,64.18,-19.55,peat,na,open_boreal_peatland_dominated_by_lawn_and_carpet_plant_communities___major_species_identified_in_paper,28,30,29,0,-999,-999,Elemental_Analyzer_-_Isotope_Ratio_Mass_Spectrometer_(EA-IRMS),50.65,-999,10.035_Millennium_Merlin_1631_CV-AFS,82,-999,0.161895,-999,-999,-999,%OC_wasn_t_published_with_paper_-_provided_by_Osterwalder_via_email,SS,0,0
1,Degerö,SWEDEN,17164016,2015-09-01,IVL_Swedish_Environmental_Research_Institute,Stefan_Osterwalder,stefan.osterwalder@unibas.ch,Osterwalder_2017,64.18,-19.55,peat,na,open_boreal_peatland_dominated_by_lawn_and_carpet_plant_communities___major_species_identified_in_paper,30,32,31,0,-999,-999,Elemental_Analyzer_-_Isotope_Ratio_Mass_Spectrometer_(EA-IRMS),49.25,-999,10.035_Millennium_Merlin_1631_CV-AFS,83,-999,0.168528,-999,-999,-999,%OC_wasn_t_published_with_paper_-_provided_by_Osterwalder_via_email,SS,0,0
1,Degerö,SWEDEN,17164017,2015-09-01,IVL_Swedish_Environmental_Research_Institute,Stefan_Osterwalder,stefan.osterwalder@unibas.ch,Osterwalder_2017,64.18,-19.55,peat,na,open_boreal_peatland_dominated_by_lawn_and_carpet_plant_communities___major_species_identified_in_paper,32,34,33,0,-999,-999,Elemental_Analyzer_-_Isotope_Ratio_Mass_Spectrometer_(EA-IRMS),48.98,-999,10.035_Millennium_Merlin_1631_CV-AFS,86,-999,0.175582,-999,-999,-999,%OC_wasn_t_published_with_paper_-_provided_by_Osterwalder_via_email,SS,0,0
2,Degerö,SWEDEN,17164018,2015-09-01,IVL_Swedish_Environmental_Research_Institute,Stefan_Osterwalder,stefan.osterwalder@unibas.ch,Osterwalder_2017,64.18,-19.55,peat,na,open_boreal_peatland_dominated_by_lawn_and_carpet_plant_communities___major_species_identified_in_paper,0,2,1,0,-999,-999,Elemental_Analyzer_-_Isotope_Ratio_Mass_Spectrometer_(EA-IRMS),47.08,-999,10.035_Millennium_Merlin_1631_CV-AFS,21,-999,0.044605,-999,-999,-999,%OC_wasn_t_published_with_paper_-_provided_by_Osterwalder_via_email,SS,0,0
2,Degerö,SWEDEN,17164019,2015-09-01,IVL_Swedish_Environmental_Research_Institute,Stefan_Osterwalder,stefan.osterwalder@unibas.ch,Osterwalder_2017,64.18,-19.55,peat,na,open_boreal_peatland_dominated_by_lawn_and_carpet_plant_communities___major_species_identified_in_paper,2,4,3,0,-999,-999,Elemental_Analyzer_-_Isotope_Ratio_Mass_Spectrometer_(EA-IRMS),46.77,-999,10.035_Millennium_Merlin_1631_CV-AFS,24,-999,0.051315,-999,-999,-999,%OC_wasn_t_published_with_paper_-_provided_by_Osterwalder_via_email,SS,0,0
2,Degerö,SWEDEN,17164020,2015-09-01,IVL_Swedish_Environmental_Research_Institute,Stefan_Osterwalder,stefan.osterwalder@unibas.ch,Osterwalder_2017,64.18,-19.55,peat,na,open_boreal_peatland_dominated_by_lawn_and_carpet_plant_communities___major_species_identified_in_paper,4,6,5,0,-999,-999,Elemental_Analyzer_-_Isotope_Ratio_Mass_Spectrometer_(EA-IRMS),46.8,-999,10.035_Millennium_Merlin_1631_CV-AFS,21,-999,0.044872,-999,-999,-999,%OC_wasn_t_published_with_paper_-_provided_by_Osterwalder_via_email,SS,0,0
2,Degerö,SWEDEN,17164021,2015-09-01,IVL_Swedish_Environmental_Research_Institute,Stefan_Osterwalder,stefan.osterwalder@unibas.ch,Osterwalder_2017,64.18,-19.55,peat,na,open_boreal_peatland_dominated_by_lawn_and_carpet_plant_communities___major_species_identified_in_paper,6,8,7,0,-999,-999,Elemental_Analyzer_-_Isotope_Ratio_Mass_Spectrometer_(EA-IRMS),46.39,-999,10.035_Millennium_Merlin_1631_CV-AFS,19,-999,0.040957,-999,-999,-999,%OC_wasn_t_published_with_paper_-_provided_by_Osterwalder_via_email,SS,0,0
2,Degerö,SWEDEN,17164022,2015-09-01,IVL_Swedish_Environmental_Research_Institute,Stefan_Osterwalder,stefan.osterwalder@unibas.ch,Osterwalder_2017,64.18,-19.55,peat,na,open_boreal_peatland_dominated_by_lawn_and_carpet_plant_communities___major_species_identified_in_paper,8,10,9,0,-999,-999,Elemental_Analyzer_-_Isotope_Ratio_Mass_Spectrometer_(EA-IRMS),46.39,-999,10.035_Millennium_Merlin_1631_CV-AFS,22,-999,0.047424,-999,-999,-999,%OC_wasn_t_published_with_paper_-_provided_by_Osterwalder_via_email,SS,0,0
2,Degerö,SWEDEN,17164023,2015-09-01,IVL_Swedish_Environmental_Research_Institute,Stefan_Osterwalder,stefan.osterwalder@unibas.ch,Osterwalder_2017,64.18,-19.55,peat,na,open_boreal_peatland_dominated_by_lawn_and_carpet_plant_communities___major_species_identified_in_paper,10,12,11,0,-999,-999,Elemental_Analyzer_-_Isotope_Ratio_Mass_Spectrometer_(EA-IRMS),46.93,-999,10.035_Millennium_Merlin_1631_CV-AFS,25,-999,0.053271,-999,-999,-999,%OC_wasn_t_published_with_paper_-_provided_by_Osterwalder_via_email,SS,0,0
2,Degerö,SWEDEN,17164024,2015-09-01,IVL_Swedish_Environmental_Research_Institute,Stefan_Osterwalder,stefan.osterwalder@unibas.ch,Osterwalder_2017,64.18,-19.55,peat,na,open_boreal_peatland_dominated_by_lawn_and_carpet_plant_communities___major_species_identified_in_paper,12,14,13,0,-999,-999,Elemental_Analyzer_-_Isotope_Ratio_Mass_Spectrometer_(EA-IRMS),47.54,-999,10.035_Millennium_Merlin_1631_CV-AFS,30,-999,0.063105,-999,-999,-999,%OC_wasn_t_published_with_paper_-_provided_by_Osterwalder_via_email,SS,0,0
2,Degerö,SWEDEN,17164025,2015-09-01,IVL_Swedish_Environmental_Research_Institute,Stefan_Osterwalder,stefan.osterwalder@unibas.ch,Osterwalder_2017,64.18,-19.55,peat,na,open_boreal_peatland_dominated_by_lawn_and_carpet_plant_communities___major_species_identified_in_paper,14,16,15,0,-999,-999,Elemental_Analyzer_-_Isotope_Ratio_Mass_Spectrometer_(EA-IRMS),48.05,-999,10.035_Millennium_Merlin_1631_CV-AFS,45,-999,0.093652,-999,-999,-999,%OC_wasn_t_published_with_paper_-_provided_by_Osterwalder_via_email,SS,0,0
2,Degerö,SWEDEN,17164026,2015-09-01,IVL_Swedish_Environmental_Research_Institute,Stefan_Osterwalder,stefan.osterwalder@unibas.ch,Osterwalder_2017,64.18,-19.55,peat,na,open_boreal_peatland_dominated_by_lawn_and_carpet_plant_communities___major_species_identified_in_paper,16,18,17,0,-999,-999,Elemental_Analyzer_-_Isotope_Ratio_Mass_Spectrometer_(EA-IRMS),47.76,-999,10.035_Millennium_Merlin_1631_CV-AFS,50,-999,0.10469,-999,-999,-999,%OC_wasn_t_published_with_paper_-_provided_by_Osterwalder_via_email,SS,0,0
2,Degerö,SWEDEN,17164027,2015-09-01,IVL_Swedish_Environmental_Research_Institute,Stefan_Osterwalder,stefan.osterwalder@unibas.ch,Osterwalder_2017,64.18,-19.55,peat,na,open_boreal_peatland_dominated_by_lawn_and_carpet_plant_communities___major_species_identified_in_paper,18,20,19,0,-999,-999,Elemental_Analyzer_-_Isotope_Ratio_Mass_Spectrometer_(EA-IRMS),47.84,-999,10.035_Millennium_Merlin_1631_CV-AFS,61,-999,0.127508,-999,-999,-999,%OC_wasn_t_published_with_paper_-_provided_by_Osterwalder_via_email,SS,0,0
2,Degerö,SWEDEN,17164028,2015-09-01,IVL_Swedish_Environmental_Research_Institute,Stefan_Osterwalder,stefan.osterwalder@unibas.ch,Osterwalder_2017,64.18,-19.55,peat,na,open_boreal_peatland_dominated_by_lawn_and_carpet_plant_communities___major_species_identified_in_paper,20,22,21,0,-999,-999,Elemental_Analyzer_-_Isotope_Ratio_Mass_Spectrometer_(EA-IRMS),47.95,-999,10.035_Millennium_Merlin_1631_CV-AFS,67,-999,0.139729,-999,-999,-999,%OC_wasn_t_published_with_paper_-_provided_by_Osterwalder_via_email,SS,0,0
2,Degerö,SWEDEN,17164029,2015-09-01,IVL_Swedish_Environmental_Research_Institute,Stefan_Osterwalder,stefan.osterwalder@unibas.ch,Osterwalder_2017,64.18,-19.55,peat,na,open_boreal_peatland_dominated_by_lawn_and_carpet_plant_communities___major_species_identified_in_paper,22,24,23,0,-999,-999,Elemental_Analyzer_-_Isotope_Ratio_Mass_Spectrometer_(EA-IRMS),48.26,-999,10.035_Millennium_Merlin_1631_CV-AFS,82,-999,0.169913,-999,-999,-999,%OC_wasn_t_published_with_paper_-_provided_by_Osterwalder_via_email,SS,0,0
2,Degerö,SWEDEN,17164030,2015-09-01,IVL_Swedish_Environmental_Research_Institute,Stefan_Osterwalder,stefan.osterwalder@unibas.ch,Osterwalder_2017,64.18,-19.55,peat,na,open_boreal_peatland_dominated_by_lawn_and_carpet_plant_communities___major_species_identified_in_paper,24,26,25,0,-999,-999,Elemental_Analyzer_-_Isotope_Ratio_Mass_Spectrometer_(EA-IRMS),47.85,-999,10.035_Millennium_Merlin_1631_CV-AFS,62,-999,0.129572,-999,-999,-999,%OC_wasn_t_published_with_paper_-_provided_by_Osterwalder_via_email,SS,0,0
2,Degerö,SWEDEN,17164031,2015-09-01,IVL_Swedish_Environmental_Research_Institute,Stefan_Osterwalder,stefan.osterwalder@unibas.ch,Osterwalder_2017,64.18,-19.55,peat,na,open_boreal_peatland_dominated_by_lawn_and_carpet_plant_communities___major_species_identified_in_paper,26,28,27,0,-999,-999,Elemental_Analyzer_-_Isotope_Ratio_Mass_Spectrometer_(EA-IRMS),47.62,-999,10.035_Millennium_Merlin_1631_CV-AFS,73,-999,0.153297,-999,-999,-999,%OC_wasn_t_published_with_paper_-_provided_by_Osterwalder_via_email,SS,0,0
2,Degerö,SWEDEN,17164032,2015-09-01,IVL_Swedish_Environmental_Research_Institute,Stefan_Osterwalder,stefan.osterwalder@unibas.ch,Osterwalder_2017,64.18,-19.55,peat,na,open_boreal_peatland_dominated_by_lawn_and_carpet_plant_communities___major_species_identified_in_paper,28,30,29,0,-999,-999,Elemental_Analyzer_-_Isotope_Ratio_Mass_Spectrometer_(EA-IRMS),47.63,-999,10.035_Millennium_Merlin_1631_CV-AFS,66,-999,0.138568,-999,-999,-999,%OC_wasn_t_published_with_paper_-_provided_by_Osterwalder_via_email,SS,0,0
2,Degerö,SWEDEN,17164033,2015-09-01,IVL_Swedish_Environmental_Research_Institute,Stefan_Osterwalder,stefan.osterwalder@unibas.ch,Osterwalder_2017,64.18,-19.55,peat,na,open_boreal_peatland_dominated_by_lawn_and_carpet_plant_communities___major_species_identified_in_paper,30,32,31,0,-999,-999,Elemental_Analyzer_-_Isotope_Ratio_Mass_Spectrometer_(EA-IRMS),47.97,-999,10.035_Millennium_Merlin_1631_CV-AFS,72,-999,0.150094,-999,-999,-999,%OC_wasn_t_published_with_paper_-_provided_by_Osterwalder_via_email,SS,0,0
2,Degerö,SWEDEN,17164034,2015-09-01,IVL_Swedish_Environmental_Research_Institute,Stefan_Osterwalder,stefan.osterwalder@unibas.ch,Osterwalder_2017,64.18,-19.55,peat,na,open_boreal_peatland_dominated_by_lawn_and_carpet_plant_communities___major_species_identified_in_paper,32,34,33,0,-999,-999,Elemental_Analyzer_-_Isotope_Ratio_Mass_Spectrometer_(EA-IRMS),48.32,-999,10.035_Millennium_Merlin_1631_CV-AFS,83,-999,0.171772,-999,-999,-999,%OC_wasn_t_published_with_paper_-_provided_by_Osterwalder_via_email,SS,0,0
3,Degerö,SWEDEN,17164035,2015-09-01,IVL_Swedish_Environmental_Research_Institute,Stefan_Osterwalder,stefan.osterwalder@unibas.ch,Osterwalder_2017,64.18,-19.55,peat,na,open_boreal_peatland_dominated_by_lawn_and_carpet_plant_communities___major_species_identified_in_paper,0,2,1,0,-999,-999,Elemental_Analyzer_-_Isotope_Ratio_Mass_Spectrometer_(EA-IRMS),47.83,-999,10.035_Millennium_Merlin_1631_CV-AFS,21,-999,0.043905,-999,-999,-999,%OC_wasn_t_published_with_paper_-_provided_by_Osterwalder_via_email,SS,0,0
3,Degerö,SWEDEN,17164036,2015-09-01,IVL_Swedish_Environmental_Research_Institute,Stefan_Osterwalder,stefan.osterwalder@unibas.ch,Osterwalder_2017,64.18,-19.55,peat,na,open_boreal_peatland_dominated_by_lawn_and_carpet_plant_communities___major_species_identified_in_paper,2,4,3,0,-999,-999,Elemental_Analyzer_-_Isotope_Ratio_Mass_Spectrometer_(EA-IRMS),47.92,-999,10.035_Millennium_Merlin_1631_CV-AFS,20,-999,0.041736,-999,-999,-999,%OC_wasn_t_published_with_paper_-_provided_by_Osterwalder_via_email,SS,0,0
3,Degerö,SWEDEN,17164037,2015-09-01,IVL_Swedish_Environmental_Research_Institute,Stefan_Osterwalder,stefan.osterwalder@unibas.ch,Osterwalder_2017,64.18,-19.55,peat,na,open_boreal_peatland_dominated_by_lawn_and_carpet_plant_communities___major_species_identified_in_paper,4,6,5,0,-999,-999,Elemental_Analyzer_-_Isotope_Ratio_Mass_Spectrometer_(EA-IRMS),47.36,-999,10.035_Millennium_Merlin_1631_CV-AFS,24,-999,0.050676,-999,-999,-999,%OC_wasn_t_published_with_paper_-_provided_by_Osterwalder_via_email,SS,0,0
3,Degerö,SWEDEN,17164038,2015-09-01,IVL_Swedish_Environmental_Research_Institute,Stefan_Osterwalder,stefan.osterwalder@unibas.ch,Osterwalder_2017,64.18,-19.55,peat,na,open_boreal_peatland_dominated_by_lawn_and_carpet_plant_communities___major_species_identified_in_paper,6,8,7,0,-999,-999,Elemental_Analyzer_-_Isotope_Ratio_Mass_Spectrometer_(EA-IRMS),47.7,-999,10.035_Millennium_Merlin_1631_CV-AFS,24,-999,0.050314,-999,-999,-999,%OC_wasn_t_published_with_paper_-_provided_by_Osterwalder_via_email,SS,0,0
3,Degerö,SWEDEN,17164039,2015-09-01,IVL_Swedish_Environmental_Research_Institute,Stefan_Osterwalder,stefan.osterwalder@unibas.ch,Osterwalder_2017,64.18,-19.55,peat,na,open_boreal_peatland_dominated_by_lawn_and_carpet_plant_communities___major_species_identified_in_paper,8,10,9,0,-999,-999,Elemental_Analyzer_-_Isotope_Ratio_Mass_Spectrometer_(EA-IRMS),47.47,-999,10.035_Millennium_Merlin_1631_CV-AFS,26,-999,0.054771,-999,-999,-999,%OC_wasn_t_published_with_paper_-_provided_by_Osterwalder_via_email,SS,0,0
3,Degerö,SWEDEN,17164040,2015-09-01,IVL_Swedish_Environmental_Research_Institute,Stefan_Osterwalder,stefan.osterwalder@unibas.ch,Osterwalder_2017,64.18,-19.55,peat,na,open_boreal_peatland_dominated_by_lawn_and_carpet_plant_communities___major_species_identified_in_paper,10,12,11,0,-999,-999,Elemental_Analyzer_-_Isotope_Ratio_Mass_Spectrometer_(EA-IRMS),47.87,-999,10.035_Millennium_Merlin_1631_CV-AFS,31,-999,0.064759,-999,-999,-999,%OC_wasn_t_published_with_paper_-_provided_by_Osterwalder_via_email,SS,0,0
3,Degerö,SWEDEN,17164041,2015-09-01,IVL_Swedish_Environmental_Research_Institute,Stefan_Osterwalder,stefan.osterwalder@unibas.ch,Osterwalder_2017,64.18,-19.55,peat,na,open_boreal_peatland_dominated_by_lawn_and_carpet_plant_communities___major_species_identified_in_paper,12,14,13,0,-999,-999,Elemental_Analyzer_-_Isotope_Ratio_Mass_Spectrometer_(EA-IRMS),48.08,-999,10.035_Millennium_Merlin_1631_CV-AFS,31,-999,0.064476,-999,-999,-999,%OC_wasn_t_published_with_paper_-_provided_by_Osterwalder_via_email,SS,0,0
3,Degerö,SWEDEN,17164042,2015-09-01,IVL_Swedish_Environmental_Research_Institute,Stefan_Osterwalder,stefan.osterwalder@unibas.ch,Osterwalder_2017,64.18,-19.55,peat,na,open_boreal_peatland_dominated_by_lawn_and_carpet_plant_communities___major_species_identified_in_paper,14,16,15,0,-999,-999,Elemental_Analyzer_-_Isotope_Ratio_Mass_Spectrometer_(EA-IRMS),48.28,-999,10.035_Millennium_Merlin_1631_CV-AFS,41,-999,0.084921,-999,-999,-999,%OC_wasn_t_published_with_paper_-_provided_by_Osterwalder_via_email,SS,0,0
3,Degerö,SWEDEN,17164043,2015-09-01,IVL_Swedish_Environmental_Research_Institute,Stefan_Osterwalder,stefan.osterwalder@unibas.ch,Osterwalder_2017,64.18,-19.55,peat,na,open_boreal_peatland_dominated_by_lawn_and_carpet_plant_communities___major_species_identified_in_paper,16,18,17,0,-999,-999,Elemental_Analyzer_-_Isotope_Ratio_Mass_Spectrometer_(EA-IRMS),48.12,-999,10.035_Millennium_Merlin_1631_CV-AFS,38,-999,0.078969,-999,-999,-999,%OC_wasn_t_published_with_paper_-_provided_by_Osterwalder_via_email,SS,0,0
3,Degerö,SWEDEN,17164044,2015-09-01,IVL_Swedish_Environmental_Research_Institute,Stefan_Osterwalder,stefan.osterwalder@unibas.ch,Osterwalder_2017,64.18,-19.55,peat,na,open_boreal_peatland_dominated_by_lawn_and_carpet_plant_communities___major_species_identified_in_paper,18,20,19,0,-999,-999,Elemental_Analyzer_-_Isotope_Ratio_Mass_Spectrometer_(EA-IRMS),48.92,-999,10.035_Millennium_Merlin_1631_CV-AFS,61,-999,0.124693,-999,-999,-999,%OC_wasn_t_published_with_paper_-_provided_by_Osterwalder_via_email,SS,0,0
3,Degerö,SWEDEN,17164045,2015-09-01,IVL_Swedish_Environmental_Research_Institute,Stefan_Osterwalder,stefan.osterwalder@unibas.ch,Osterwalder_2017,64.18,-19.55,peat,na,open_boreal_peatland_dominated_by_lawn_and_carpet_plant_communities___major_species_identified_in_paper,20,22,21,0,-999,-999,Elemental_Analyzer_-_Isotope_Ratio_Mass_Spectrometer_(EA-IRMS),49.08,-999,10.035_Millennium_Merlin_1631_CV-AFS,72,-999,0.146699,-999,-999,-999,%OC_wasn_t_published_with_paper_-_provided_by_Osterwalder_via_email,SS,0,0
3,Degerö,SWEDEN,17164046,2015-09-01,IVL_Swedish_Environmental_Research_Institute,Stefan_Osterwalder,stefan.osterwalder@unibas.ch,Osterwalder_2017,64.18,-19.55,peat,na,open_boreal_peatland_dominated_by_lawn_and_carpet_plant_communities___major_species_identified_in_paper,22,24,23,0,-999,-999,Elemental_Analyzer_-_Isotope_Ratio_Mass_Spectrometer_(EA-IRMS),49.2,-999,10.035_Millennium_Merlin_1631_CV-AFS,85,-999,0.172764,-999,-999,-999,%OC_wasn_t_published_with_paper_-_provided_by_Osterwalder_via_email,SS,0,0
3,Degerö,SWEDEN,17164047,2015-09-01,IVL_Swedish_Environmental_Research_Institute,Stefan_Osterwalder,stefan.osterwalder@unibas.ch,Osterwalder_2017,64.18,-19.55,peat,na,open_boreal_peatland_dominated_by_lawn_and_carpet_plant_communities___major_species_identified_in_paper,24,26,25,0,-999,-999,Elemental_Analyzer_-_Isotope_Ratio_Mass_Spectrometer_(EA-IRMS),48.89,-999,10.035_Millennium_Merlin_1631_CV-AFS,110,-999,0.224995,-999,-999,-999,%OC_wasn_t_published_with_paper_-_provided_by_Osterwalder_via_email,SS,0,0
3,Degerö,SWEDEN,17164048,2015-09-01,IVL_Swedish_Environmental_Research_Institute,Stefan_Osterwalder,stefan.osterwalder@unibas.ch,Osterwalder_2017,64.18,-19.55,peat,na,open_boreal_peatland_dominated_by_lawn_and_carpet_plant_communities___major_species_identified_in_paper,26,28,27,0,-999,-999,Elemental_Analyzer_-_Isotope_Ratio_Mass_Spectrometer_(EA-IRMS),49.47,-999,10.035_Millennium_Merlin_1631_CV-AFS,115,-999,0.232464,-999,-999,-999,%OC_wasn_t_published_with_paper_-_provided_by_Osterwalder_via_email,SS,0,0
3,Degerö,SWEDEN,17164049,2015-09-01,IVL_Swedish_Environmental_Research_Institute,Stefan_Osterwalder,stefan.osterwalder@unibas.ch,Osterwalder_2017,64.18,-19.55,peat,na,open_boreal_peatland_dominated_by_lawn_and_carpet_plant_communities___major_species_identified_in_paper,28,30,29,0,-999,-999,Elemental_Analyzer_-_Isotope_Ratio_Mass_Spectrometer_(EA-IRMS),48.91,-999,10.035_Millennium_Merlin_1631_CV-AFS,116,-999,0.23717,-999,-999,-999,%OC_wasn_t_published_with_paper_-_provided_by_Osterwalder_via_email,SS,0,0
3,Degerö,SWEDEN,17164050,2015-09-01,IVL_Swedish_Environmental_Research_Institute,Stefan_Osterwalder,stefan.osterwalder@unibas.ch,Osterwalder_2017,64.18,-19.55,peat,na,open_boreal_peatland_dominated_by_lawn_and_carpet_plant_communities___major_species_identified_in_paper,30,32,31,0,-999,-999,Elemental_Analyzer_-_Isotope_Ratio_Mass_Spectrometer_(EA-IRMS),48.8,-999,10.035_Millennium_Merlin_1631_CV-AFS,112,-999,0.229508,-999,-999,-999,%OC_wasn_t_published_with_paper_-_provided_by_Osterwalder_via_email,SS,0,0
3,Degerö,SWEDEN,17164051,2015-09-01,IVL_Swedish_Environmental_Research_Institute,Stefan_Osterwalder,stefan.osterwalder@unibas.ch,Osterwalder_2017,64.18,-19.55,peat,na,open_boreal_peatland_dominated_by_lawn_and_carpet_plant_communities___major_species_identified_in_paper,32,34,33,0,-999,-999,Elemental_Analyzer_-_Isotope_Ratio_Mass_Spectrometer_(EA-IRMS),49.49,-999,10.035_Millennium_Merlin_1631_CV-AFS,83,-999,0.167711,-999,-999,-999,%OC_wasn_t_published_with_paper_-_provided_by_Osterwalder_via_email,SS,0,0
4,Degerö,SWEDEN,17164052,2015-09-01,IVL_Swedish_Environmental_Research_Institute,Stefan_Osterwalder,stefan.osterwalder@unibas.ch,Osterwalder_2017,64.18,-19.55,peat,na,open_boreal_peatland_dominated_by_lawn_and_carpet_plant_communities___major_species_identified_in_paper,0,2,1,0,-999,-999,Elemental_Analyzer_-_Isotope_Ratio_Mass_Spectrometer_(EA-IRMS),46.91,-999,10.035_Millennium_Merlin_1631_CV-AFS,21,-999,0.044767,-999,-999,-999,%OC_wasn_t_published_with_paper_-_provided_by_Osterwalder_via_email,SS,0,0
4,Degerö,SWEDEN,17164053,2015-09-01,IVL_Swedish_Environmental_Research_Institute,Stefan_Osterwalder,stefan.osterwalder@unibas.ch,Osterwalder_2017,64.18,-19.55,peat,na,open_boreal_peatland_dominated_by_lawn_and_carpet_plant_communities___major_species_identified_in_paper,2,4,3,0,-999,-999,Elemental_Analyzer_-_Isotope_Ratio_Mass_Spectrometer_(EA-IRMS),46.7,-999,10.035_Millennium_Merlin_1631_CV-AFS,19,-999,0.040685,-999,-999,-999,%OC_wasn_t_published_with_paper_-_provided_by_Osterwalder_via_email,SS,0,0
4,Degerö,SWEDEN,17164054,2015-09-01,IVL_Swedish_Environmental_Research_Institute,Stefan_Osterwalder,stefan.osterwalder@unibas.ch,Osterwalder_2017,64.18,-19.55,peat,na,open_boreal_peatland_dominated_by_lawn_and_carpet_plant_communities___major_species_identified_in_paper,4,6,5,0,-999,-999,Elemental_Analyzer_-_Isotope_Ratio_Mass_Spectrometer_(EA-IRMS),46.62,-999,10.035_Millennium_Merlin_1631_CV-AFS,20,-999,0.0429,-999,-999,-999,%OC_wasn_t_published_with_paper_-_provided_by_Osterwalder_via_email,SS,0,0
4,Degerö,SWEDEN,17164055,2015-09-01,IVL_Swedish_Environmental_Research_Institute,Stefan_Osterwalder,stefan.osterwalder@unibas.ch,Osterwalder_2017,64.18,-19.55,peat,na,open_boreal_peatland_dominated_by_lawn_and_carpet_plant_communities___major_species_identified_in_paper,6,8,7,0,-999,-999,Elemental_Analyzer_-_Isotope_Ratio_Mass_Spectrometer_(EA-IRMS),46.95,-999,10.035_Millennium_Merlin_1631_CV-AFS,18,-999,0.038339,-999,-999,-999,%OC_wasn_t_published_with_paper_-_provided_by_Osterwalder_via_email,SS,0,0
4,Degerö,SWEDEN,17164056,2015-09-01,IVL_Swedish_Environmental_Research_Institute,Stefan_Osterwalder,stefan.osterwalder@unibas.ch,Osterwalder_2017,64.18,-19.55,peat,na,open_boreal_peatland_dominated_by_lawn_and_carpet_plant_communities___major_species_identified_in_paper,8,10,9,0,-999,-999,Elemental_Analyzer_-_Isotope_Ratio_Mass_Spectrometer_(EA-IRMS),46.78,-999,10.035_Millennium_Merlin_1631_CV-AFS,24,-999,0.051304,-999,-999,-999,%OC_wasn_t_published_with_paper_-_provided_by_Osterwalder_via_email,SS,0,0
4,Degerö,SWEDEN,17164057,2015-09-01,IVL_Swedish_Environmental_Research_Institute,Stefan_Osterwalder,stefan.osterwalder@unibas.ch,Osterwalder_2017,64.18,-19.55,peat,na,open_boreal_peatland_dominated_by_lawn_and_carpet_plant_communities___major_species_identified_in_paper,10,12,11,0,-999,-999,Elemental_Analyzer_-_Isotope_Ratio_Mass_Spectrometer_(EA-IRMS),46.31,-999,10.035_Millennium_Merlin_1631_CV-AFS,28,-999,0.060462,-999,-999,-999,%OC_wasn_t_published_with_paper_-_provided_by_Osterwalder_via_email,SS,0,0
4,Degerö,SWEDEN,17164058,2015-09-01,IVL_Swedish_Environmental_Research_Institute,Stefan_Osterwalder,stefan.osterwalder@unibas.ch,Osterwalder_2017,64.18,-19.55,peat,na,open_boreal_peatland_dominated_by_lawn_and_carpet_plant_communities___major_species_identified_in_paper,12,14,13,0,-999,-999,Elemental_Analyzer_-_Isotope_Ratio_Mass_Spectrometer_(EA-IRMS),47.08,-999,10.035_Millennium_Merlin_1631_CV-AFS,32,-999,0.067969,-999,-999,-999,%OC_wasn_t_published_with_paper_-_provided_by_Osterwalder_via_email,SS,0,0
4,Degerö,SWEDEN,17164059,2015-09-01,IVL_Swedish_Environmental_Research_Institute,Stefan_Osterwalder,stefan.osterwalder@unibas.ch,Osterwalder_2017,64.18,-19.55,peat,na,open_boreal_peatland_dominated_by_lawn_and_carpet_plant_communities___major_species_identified_in_paper,14,16,15,0,-999,-999,Elemental_Analyzer_-_Isotope_Ratio_Mass_Spectrometer_(EA-IRMS),47.4,-999,10.035_Millennium_Merlin_1631_CV-AFS,39,-999,0.082278,-999,-999,-999,%OC_wasn_t_published_with_paper_-_provided_by_Osterwalder_via_email,SS,0,0
4,Degerö,SWEDEN,17164060,2015-09-01,IVL_Swedish_Environmental_Research_Institute,Stefan_Osterwalder,stefan.osterwalder@unibas.ch,Osterwalder_2017,64.18,-19.55,peat,na,open_boreal_peatland_dominated_by_lawn_and_carpet_plant_communities___major_species_identified_in_paper,16,18,17,0,-999,-999,Elemental_Analyzer_-_Isotope_Ratio_Mass_Spectrometer_(EA-IRMS),51.87,-999,10.035_Millennium_Merlin_1631_CV-AFS,50,-999,0.096395,-999,-999,-999,%OC_wasn_t_published_with_paper_-_provided_by_Osterwalder_via_email,SS,0,0
4,Degerö,SWEDEN,17164061,2015-09-01,IVL_Swedish_Environmental_Research_Institute,Stefan_Osterwalder,stefan.osterwalder@unibas.ch,Osterwalder_2017,64.18,-19.55,peat,na,open_boreal_peatland_dominated_by_lawn_and_carpet_plant_communities___major_species_identified_in_paper,18,20,19,0,-999,-999,Elemental_Analyzer_-_Isotope_Ratio_Mass_Spectrometer_(EA-IRMS),47.22,-999,10.035_Millennium_Merlin_1631_CV-AFS,52,-999,0.110123,-999,-999,-999,%OC_wasn_t_published_with_paper_-_provided_by_Osterwalder_via_email,SS,0,0
4,Degerö,SWEDEN,17164062,2015-09-01,IVL_Swedish_Environmental_Research_Institute,Stefan_Osterwalder,stefan.osterwalder@unibas.ch,Osterwalder_2017,64.18,-19.55,peat,na,open_boreal_peatland_dominated_by_lawn_and_carpet_plant_communities___major_species_identified_in_paper,20,22,21,0,-999,-999,Elemental_Analyzer_-_Isotope_Ratio_Mass_Spectrometer_(EA-IRMS),47.62,-999,10.035_Millennium_Merlin_1631_CV-AFS,65,-999,0.136497,-999,-999,-999,%OC_wasn_t_published_with_paper_-_provided_by_Osterwalder_via_email,SS,0,0
4,Degerö,SWEDEN,17164063,2015-09-01,IVL_Swedish_Environmental_Research_Institute,Stefan_Osterwalder,stefan.osterwalder@unibas.ch,Osterwalder_2017,64.18,-19.55,peat,na,open_boreal_peatland_dominated_by_lawn_and_carpet_plant_communities___major_species_identified_in_paper,22,24,23,0,-999,-999,Elemental_Analyzer_-_Isotope_Ratio_Mass_Spectrometer_(EA-IRMS),47.59,-999,10.035_Millennium_Merlin_1631_CV-AFS,75,-999,0.157596,-999,-999,-999,%OC_wasn_t_published_with_paper_-_provided_by_Osterwalder_via_email,SS,0,0
4,Degerö,SWEDEN,17164064,2015-09-01,IVL_Swedish_Environmental_Research_Institute,Stefan_Osterwalder,stefan.osterwalder@unibas.ch,Osterwalder_2017,64.18,-19.55,peat,na,open_boreal_peatland_dominated_by_lawn_and_carpet_plant_communities___major_species_identified_in_paper,24,26,25,0,-999,-999,Elemental_Analyzer_-_Isotope_Ratio_Mass_Spectrometer_(EA-IRMS),48.95,-999,10.035_Millennium_Merlin_1631_CV-AFS,113,-999,0.230848,-999,-999,-999,%OC_wasn_t_published_with_paper_-_provided_by_Osterwalder_via_email,SS,0,0
4,Degerö,SWEDEN,17164065,2015-09-01,IVL_Swedish_Environmental_Research_Institute,Stefan_Osterwalder,stefan.osterwalder@unibas.ch,Osterwalder_2017,64.18,-19.55,peat,na,open_boreal_peatland_dominated_by_lawn_and_carpet_plant_communities___major_species_identified_in_paper,26,28,27,0,-999,-999,Elemental_Analyzer_-_Isotope_Ratio_Mass_Spectrometer_(EA-IRMS),48.44,-999,10.035_Millennium_Merlin_1631_CV-AFS,100,-999,0.206441,-999,-999,-999,%OC_wasn_t_published_with_paper_-_provided_by_Osterwalder_via_email,SS,0,0
4,Degerö,SWEDEN,17164066,2015-09-01,IVL_Swedish_Environmental_Research_Institute,Stefan_Osterwalder,stefan.osterwalder@unibas.ch,Osterwalder_2017,64.18,-19.55,peat,na,open_boreal_peatland_dominated_by_lawn_and_carpet_plant_communities___major_species_identified_in_paper,28,30,29,0,-999,-999,Elemental_Analyzer_-_Isotope_Ratio_Mass_Spectrometer_(EA-IRMS),48.03,-999,10.035_Millennium_Merlin_1631_CV-AFS,95,-999,0.197793,-999,-999,-999,%OC_wasn_t_published_with_paper_-_provided_by_Osterwalder_via_email,SS,0,0
4,Degerö,SWEDEN,17164067,2015-09-01,IVL_Swedish_Environmental_Research_Institute,Stefan_Osterwalder,stefan.osterwalder@unibas.ch,Osterwalder_2017,64.18,-19.55,peat,na,open_boreal_peatland_dominated_by_lawn_and_carpet_plant_communities___major_species_identified_in_paper,30,32,31,0,-999,-999,Elemental_Analyzer_-_Isotope_Ratio_Mass_Spectrometer_(EA-IRMS),48.6,-999,10.035_Millennium_Merlin_1631_CV-AFS,104,-999,0.213992,-999,-999,-999,%OC_wasn_t_published_with_paper_-_provided_by_Osterwalder_via_email,SS,0,0
4,Degerö,SWEDEN,17164068,2015-09-01,IVL_Swedish_Environmental_Research_Institute,Stefan_Osterwalder,stefan.osterwalder@unibas.ch,Osterwalder_2017,64.18,-19.55,peat,na,open_boreal_peatland_dominated_by_lawn_and_carpet_plant_communities___major_species_identified_in_paper,32,34,33,0,-999,-999,Elemental_Analyzer_-_Isotope_Ratio_Mass_Spectrometer_(EA-IRMS),48.48,-999,10.035_Millennium_Merlin_1631_CV-AFS,108,-999,0.222772,-999,-999,-999,%OC_wasn_t_published_with_paper_-_provided_by_Osterwalder_via_email,SS,0,0
5,Degerö,SWEDEN,17164069,2015-09-01,IVL_Swedish_Environmental_Research_Institute,Stefan_Osterwalder,stefan.osterwalder@unibas.ch,Osterwalder_2017,64.18,-19.55,peat,na,open_boreal_peatland_dominated_by_lawn_and_carpet_plant_communities___major_species_identified_in_paper,0,2,1,0,-999,-999,Elemental_Analyzer_-_Isotope_Ratio_Mass_Spectrometer_(EA-IRMS),47.61,-999,10.035_Millennium_Merlin_1631_CV-AFS,25,-999,0.05251,-999,-999,-999,%OC_wasn_t_published_with_paper_-_provided_by_Osterwalder_via_email,SS,0,0
5,Degerö,SWEDEN,17164070,2015-09-01,IVL_Swedish_Environmental_Research_Institute,Stefan_Osterwalder,stefan.osterwalder@unibas.ch,Osterwalder_2017,64.18,-19.55,peat,na,open_boreal_peatland_dominated_by_lawn_and_carpet_plant_communities___major_species_identified_in_paper,2,4,3,0,-999,-999,Elemental_Analyzer_-_Isotope_Ratio_Mass_Spectrometer_(EA-IRMS),47.07,-999,10.035_Millennium_Merlin_1631_CV-AFS,26,-999,0.055237,-999,-999,-999,%OC_wasn_t_published_with_paper_-_provided_by_Osterwalder_via_email,SS,0,0
5,Degerö,SWEDEN,17164071,2015-09-01,IVL_Swedish_Environmental_Research_Institute,Stefan_Osterwalder,stefan.osterwalder@unibas.ch,Osterwalder_2017,64.18,-19.55,peat,na,open_boreal_peatland_dominated_by_lawn_and_carpet_plant_communities___major_species_identified_in_paper,4,6,5,0,-999,-999,Elemental_Analyzer_-_Isotope_Ratio_Mass_Spectrometer_(EA-IRMS),46.9,-999,10.035_Millennium_Merlin_1631_CV-AFS,26,-999,0.055437,-999,-999,-999,%OC_wasn_t_published_with_paper_-_provided_by_Osterwalder_via_email,SS,0,0
5,Degerö,SWEDEN,17164072,2015-09-01,IVL_Swedish_Environmental_Research_Institute,Stefan_Osterwalder,stefan.osterwalder@unibas.ch,Osterwalder_2017,64.18,-19.55,peat,na,open_boreal_peatland_dominated_by_lawn_and_carpet_plant_communities___major_species_identified_in_paper,6,8,7,0,-999,-999,Elemental_Analyzer_-_Isotope_Ratio_Mass_Spectrometer_(EA-IRMS),46.52,-999,10.035_Millennium_Merlin_1631_CV-AFS,26,-999,0.05589,-999,-999,-999,%OC_wasn_t_published_with_paper_-_provided_by_Osterwalder_via_email,SS,0,0
5,Degerö,SWEDEN,17164073,2015-09-01,IVL_Swedish_Environmental_Research_Institute,Stefan_Osterwalder,stefan.osterwalder@unibas.ch,Osterwalder_2017,64.18,-19.55,peat,na,open_boreal_peatland_dominated_by_lawn_and_carpet_plant_communities___major_species_identified_in_paper,8,10,9,0,-999,-999,Elemental_Analyzer_-_Isotope_Ratio_Mass_Spectrometer_(EA-IRMS),47.14,-999,10.035_Millennium_Merlin_1631_CV-AFS,28,-999,0.059398,-999,-999,-999,%OC_wasn_t_published_with_paper_-_provided_by_Osterwalder_via_email,SS,0,0
5,Degerö,SWEDEN,17164074,2015-09-01,IVL_Swedish_Environmental_Research_Institute,Stefan_Osterwalder,stefan.osterwalder@unibas.ch,Osterwalder_2017,64.18,-19.55,peat,na,open_boreal_peatland_dominated_by_lawn_and_carpet_plant_communities___major_species_identified_in_paper,10,12,11,0,-999,-999,Elemental_Analyzer_-_Isotope_Ratio_Mass_Spectrometer_(EA-IRMS),46.26,-999,10.035_Millennium_Merlin_1631_CV-AFS,40,-999,0.086468,-999,-999,-999,%OC_wasn_t_published_with_paper_-_provided_by_Osterwalder_via_email,SS,0,0
5,Degerö,SWEDEN,17164075,2015-09-01,IVL_Swedish_Environmental_Research_Institute,Stefan_Osterwalder,stefan.osterwalder@unibas.ch,Osterwalder_2017,64.18,-19.55,peat,na,open_boreal_peatland_dominated_by_lawn_and_carpet_plant_communities___major_species_identified_in_paper,12,14,13,0,-999,-999,Elemental_Analyzer_-_Isotope_Ratio_Mass_Spectrometer_(EA-IRMS),47.22,-999,10.035_Millennium_Merlin_1631_CV-AFS,44,-999,0.093181,-999,-999,-999,%OC_wasn_t_published_with_paper_-_provided_by_Osterwalder_via_email,SS,0,0
5,Degerö,SWEDEN,17164076,2015-09-01,IVL_Swedish_Environmental_Research_Institute,Stefan_Osterwalder,stefan.osterwalder@unibas.ch,Osterwalder_2017,64.18,-19.55,peat,na,open_boreal_peatland_dominated_by_lawn_and_carpet_plant_communities___major_species_identified_in_paper,14,16,15,0,-999,-999,Elemental_Analyzer_-_Isotope_Ratio_Mass_Spectrometer_(EA-IRMS),46.83,-999,10.035_Millennium_Merlin_1631_CV-AFS,45,-999,0.096092,-999,-999,-999,%OC_wasn_t_published_with_paper_-_provided_by_Osterwalder_via_email,SS,0,0
5,Degerö,SWEDEN,17164077,2015-09-01,IVL_Swedish_Environmental_Research_Institute,Stefan_Osterwalder,stefan.osterwalder@unibas.ch,Osterwalder_2017,64.18,-19.55,peat,na,open_boreal_peatland_dominated_by_lawn_and_carpet_plant_communities___major_species_identified_in_paper,16,18,17,0,-999,-999,Elemental_Analyzer_-_Isotope_Ratio_Mass_Spectrometer_(EA-IRMS),47.08,-999,10.035_Millennium_Merlin_1631_CV-AFS,53,-999,0.112574,-999,-999,-999,%OC_wasn_t_published_with_paper_-_provided_by_Osterwalder_via_email,SS,0,0
5,Degerö,SWEDEN,17164078,2015-09-01,IVL_Swedish_Environmental_Research_Institute,Stefan_Osterwalder,stefan.osterwalder@unibas.ch,Osterwalder_2017,64.18,-19.55,peat,na,open_boreal_peatland_dominated_by_lawn_and_carpet_plant_communities___major_species_identified_in_paper,18,20,19,0,-999,-999,Elemental_Analyzer_-_Isotope_Ratio_Mass_Spectrometer_(EA-IRMS),46.72,-999,10.035_Millennium_Merlin_1631_CV-AFS,62,-999,0.132705,-999,-999,-999,%OC_wasn_t_published_with_paper_-_provided_by_Osterwalder_via_email,SS,0,0
5,Degerö,SWEDEN,17164079,2015-09-01,IVL_Swedish_Environmental_Research_Institute,Stefan_Osterwalder,stefan.osterwalder@unibas.ch,Osterwalder_2017,64.18,-19.55,peat,na,open_boreal_peatland_dominated_by_lawn_and_carpet_plant_communities___major_species_identified_in_paper,20,22,21,0,-999,-999,Elemental_Analyzer_-_Isotope_Ratio_Mass_Spectrometer_(EA-IRMS),47.5,-999,10.035_Millennium_Merlin_1631_CV-AFS,72,-999,0.151579,-999,-999,-999,%OC_wasn_t_published_with_paper_-_provided_by_Osterwalder_via_email,SS,0,0
5,Degerö,SWEDEN,17164080,2015-09-01,IVL_Swedish_Environmental_Research_Institute,Stefan_Osterwalder,stefan.osterwalder@unibas.ch,Osterwalder_2017,64.18,-19.55,peat,na,open_boreal_peatland_dominated_by_lawn_and_carpet_plant_communities___major_species_identified_in_paper,22,24,23,0,-999,-999,Elemental_Analyzer_-_Isotope_Ratio_Mass_Spectrometer_(EA-IRMS),48.36,-999,10.035_Millennium_Merlin_1631_CV-AFS,97,-999,0.200579,-999,-999,-999,%OC_wasn_t_published_with_paper_-_provided_by_Osterwalder_via_email,SS,0,0
5,Degerö,SWEDEN,17164081,2015-09-01,IVL_Swedish_Environmental_Research_Institute,Stefan_Osterwalder,stefan.osterwalder@unibas.ch,Osterwalder_2017,64.18,-19.55,peat,na,open_boreal_peatland_dominated_by_lawn_and_carpet_plant_communities___major_species_identified_in_paper,24,26,25,0,-999,-999,Elemental_Analyzer_-_Isotope_Ratio_Mass_Spectrometer_(EA-IRMS),49.29,-999,10.035_Millennium_Merlin_1631_CV-AFS,106,-999,0.215054,-999,-999,-999,%OC_wasn_t_published_with_paper_-_provided_by_Osterwalder_via_email,SS,0,0
5,Degerö,SWEDEN,17164082,2015-09-01,IVL_Swedish_Environmental_Research_Institute,Stefan_Osterwalder,stefan.osterwalder@unibas.ch,Osterwalder_2017,64.18,-19.55,peat,na,open_boreal_peatland_dominated_by_lawn_and_carpet_plant_communities___major_species_identified_in_paper,26,28,27,0,-999,-999,Elemental_Analyzer_-_Isotope_Ratio_Mass_Spectrometer_(EA-IRMS),50.29,-999,10.035_Millennium_Merlin_1631_CV-AFS,75,-999,0.149135,-999,-999,-999,%OC_wasn_t_published_with_paper_-_provided_by_Osterwalder_via_email,SS,0,0
5,Degerö,SWEDEN,17164083,2015-09-01,IVL_Swedish_Environmental_Research_Institute,Stefan_Osterwalder,stefan.osterwalder@unibas.ch,Osterwalder_2017,64.18,-19.55,peat,na,open_boreal_peatland_dominated_by_lawn_and_carpet_plant_communities___major_species_identified_in_paper,28,30,29,0,-999,-999,Elemental_Analyzer_-_Isotope_Ratio_Mass_Spectrometer_(EA-IRMS),50.45,-999,10.035_Millennium_Merlin_1631_CV-AFS,85,-999,0.168484,-999,-999,-999,%OC_wasn_t_published_with_paper_-_provided_by_Osterwalder_via_email,SS,0,0
5,Degerö,SWEDEN,17164084,2015-09-01,IVL_Swedish_Environmental_Research_Institute,Stefan_Osterwalder,stefan.osterwalder@unibas.ch,Osterwalder_2017,64.18,-19.55,peat,na,open_boreal_peatland_dominated_by_lawn_and_carpet_plant_communities___major_species_identified_in_paper,30,32,31,0,-999,-999,Elemental_Analyzer_-_Isotope_Ratio_Mass_Spectrometer_(EA-IRMS),50.04,-999,10.035_Millennium_Merlin_1631_CV-AFS,123,-999,0.245803,-999,-999,-999,%OC_wasn_t_published_with_paper_-_provided_by_Osterwalder_via_email,SS,0,0
5,Degerö,SWEDEN,17164085,2015-09-01,IVL_Swedish_Environmental_Research_Institute,Stefan_Osterwalder,stefan.osterwalder@unibas.ch,Osterwalder_2017,64.18,-19.55,peat,na,open_boreal_peatland_dominated_by_lawn_and_carpet_plant_communities___major_species_identified_in_paper,32,34,33,0,-999,-999,Elemental_Analyzer_-_Isotope_Ratio_Mass_Spectrometer_(EA-IRMS),50.05,-999,10.035_Millennium_Merlin_1631_CV-AFS,133,-999,0.265734,-999,-999,-999,%OC_wasn_t_published_with_paper_-_provided_by_Osterwalder_via_email,SS,0,0
6,Degerö,SWEDEN,17164086,2015-09-01,IVL_Swedish_Environmental_Research_Institute,Stefan_Osterwalder,stefan.osterwalder@unibas.ch,Osterwalder_2017,64.18,-19.55,peat,na,open_boreal_peatland_dominated_by_lawn_and_carpet_plant_communities___major_species_identified_in_paper,0,2,1,0,-999,-999,Elemental_Analyzer_-_Isotope_Ratio_Mass_Spectrometer_(EA-IRMS),47.78,-999,10.035_Millennium_Merlin_1631_CV-AFS,28,-999,0.058602,-999,-999,-999,%OC_wasn_t_published_with_paper_-_provided_by_Osterwalder_via_email,SS,0,0
6,Degerö,SWEDEN,17164087,2015-09-01,IVL_Swedish_Environmental_Research_Institute,Stefan_Osterwalder,stefan.osterwalder@unibas.ch,Osterwalder_2017,64.18,-19.55,peat,na,open_boreal_peatland_dominated_by_lawn_and_carpet_plant_communities___major_species_identified_in_paper,2,4,3,0,-999,-999,Elemental_Analyzer_-_Isotope_Ratio_Mass_Spectrometer_(EA-IRMS),46.85,-999,10.035_Millennium_Merlin_1631_CV-AFS,28,-999,0.059765,-999,-999,-999,%OC_wasn_t_published_with_paper_-_provided_by_Osterwalder_via_email,SS,0,0
6,Degerö,SWEDEN,17164088,2015-09-01,IVL_Swedish_Environmental_Research_Institute,Stefan_Osterwalder,stefan.osterwalder@unibas.ch,Osterwalder_2017,64.18,-19.55,peat,na,open_boreal_peatland_dominated_by_lawn_and_carpet_plant_communities___major_species_identified_in_paper,4,6,5,0,-999,-999,Elemental_Analyzer_-_Isotope_Ratio_Mass_Spectrometer_(EA-IRMS),47.31,-999,10.035_Millennium_Merlin_1631_CV-AFS,26,-999,0.054957,-999,-999,-999,%OC_wasn_t_published_with_paper_-_provided_by_Osterwalder_via_email,SS,0,0
6,Degerö,SWEDEN,17164089,2015-09-01,IVL_Swedish_Environmental_Research_Institute,Stefan_Osterwalder,stefan.osterwalder@unibas.ch,Osterwalder_2017,64.18,-19.55,peat,na,open_boreal_peatland_dominated_by_lawn_and_carpet_plant_communities___major_species_identified_in_paper,6,8,7,0,-999,-999,Elemental_Analyzer_-_Isotope_Ratio_Mass_Spectrometer_(EA-IRMS),46.73,-999,10.035_Millennium_Merlin_1631_CV-AFS,26,-999,0.055639,-999,-999,-999,%OC_wasn_t_published_with_paper_-_provided_by_Osterwalder_via_email,SS,0,0
6,Degerö,SWEDEN,17164090,2015-09-01,IVL_Swedish_Environmental_Research_Institute,Stefan_Osterwalder,stefan.osterwalder@unibas.ch,Osterwalder_2017,64.18,-19.55,peat,na,open_boreal_peatland_dominated_by_lawn_and_carpet_plant_communities___major_species_identified_in_paper,8,10,9,0,-999,-999,Elemental_Analyzer_-_Isotope_Ratio_Mass_Spectrometer_(EA-IRMS),46.95,-999,10.035_Millennium_Merlin_1631_CV-AFS,28,-999,0.059638,-999,-999,-999,%OC_wasn_t_published_with_paper_-_provided_by_Osterwalder_via_email,SS,0,0
6,Degerö,SWEDEN,17164091,2015-09-01,IVL_Swedish_Environmental_Research_Institute,Stefan_Osterwalder,stefan.osterwalder@unibas.ch,Osterwalder_2017,64.18,-19.55,peat,na,open_boreal_peatland_dominated_by_lawn_and_carpet_plant_communities___major_species_identified_in_paper,10,12,11,0,-999,-999,Elemental_Analyzer_-_Isotope_Ratio_Mass_Spectrometer_(EA-IRMS),46.84,-999,10.035_Millennium_Merlin_1631_CV-AFS,30,-999,0.064048,-999,-999,-999,%OC_wasn_t_published_with_paper_-_provided_by_Osterwalder_via_email,SS,0,0
6,Degerö,SWEDEN,17164092,2015-09-01,IVL_Swedish_Environmental_Research_Institute,Stefan_Osterwalder,stefan.osterwalder@unibas.ch,Osterwalder_2017,64.18,-19.55,peat,na,open_boreal_peatland_dominated_by_lawn_and_carpet_plant_communities___major_species_identified_in_paper,12,14,13,0,-999,-999,Elemental_Analyzer_-_Isotope_Ratio_Mass_Spectrometer_(EA-IRMS),46.11,-999,10.035_Millennium_Merlin_1631_CV-AFS,36,-999,0.078074,-999,-999,-999,%OC_wasn_t_published_with_paper_-_provided_by_Osterwalder_via_email,SS,0,0
6,Degerö,SWEDEN,17164093,2015-09-01,IVL_Swedish_Environmental_Research_Institute,Stefan_Osterwalder,stefan.osterwalder@unibas.ch,Osterwalder_2017,64.18,-19.55,peat,na,open_boreal_peatland_dominated_by_lawn_and_carpet_plant_communities___major_species_identified_in_paper,14,16,15,0,-999,-999,Elemental_Analyzer_-_Isotope_Ratio_Mass_Spectrometer_(EA-IRMS),46.61,-999,10.035_Millennium_Merlin_1631_CV-AFS,38,-999,0.081528,-999,-999,-999,%OC_wasn_t_published_with_paper_-_provided_by_Osterwalder_via_email,SS,0,0
6,Degerö,SWEDEN,17164094,2015-09-01,IVL_Swedish_Environmental_Research_Institute,Stefan_Osterwalder,stefan.osterwalder@unibas.ch,Osterwalder_2017,64.18,-19.55,peat,na,open_boreal_peatland_dominated_by_lawn_and_carpet_plant_communities___major_species_identified_in_paper,16,18,17,0,-999,-999,Elemental_Analyzer_-_Isotope_Ratio_Mass_Spectrometer_(EA-IRMS),45.76,-999,10.035_Millennium_Merlin_1631_CV-AFS,43,-999,0.093969,-999,-999,-999,%OC_wasn_t_published_with_paper_-_provided_by_Osterwalder_via_email,SS,0,0
6,Degerö,SWEDEN,17164095,2015-09-01,IVL_Swedish_Environmental_Research_Institute,Stefan_Osterwalder,stefan.osterwalder@unibas.ch,Osterwalder_2017,64.18,-19.55,peat,na,open_boreal_peatland_dominated_by_lawn_and_carpet_plant_communities___major_species_identified_in_paper,18,20,19,0,-999,-999,Elemental_Analyzer_-_Isotope_Ratio_Mass_Spectrometer_(EA-IRMS),46.3,-999,10.035_Millennium_Merlin_1631_CV-AFS,55,-999,0.11879,-999,-999,-999,%OC_wasn_t_published_with_paper_-_provided_by_Osterwalder_via_email,SS,0,0
6,Degerö,SWEDEN,17164096,2015-09-01,IVL_Swedish_Environmental_Research_Institute,Stefan_Osterwalder,stefan.osterwalder@unibas.ch,Osterwalder_2017,64.18,-19.55,peat,na,open_boreal_peatland_dominated_by_lawn_and_carpet_plant_communities___major_species_identified_in_paper,20,22,21,0,-999,-999,Elemental_Analyzer_-_Isotope_Ratio_Mass_Spectrometer_(EA-IRMS),45.65,-999,10.035_Millennium_Merlin_1631_CV-AFS,57,-999,0.124863,-999,-999,-999,%OC_wasn_t_published_with_paper_-_provided_by_Osterwalder_via_email,SS,0,0
6,Degerö,SWEDEN,17164097,2015-09-01,IVL_Swedish_Environmental_Research_Institute,Stefan_Osterwalder,stefan.osterwalder@unibas.ch,Osterwalder_2017,64.18,-19.55,peat,na,open_boreal_peatland_dominated_by_lawn_and_carpet_plant_communities___major_species_identified_in_paper,22,24,23,0,-999,-999,Elemental_Analyzer_-_Isotope_Ratio_Mass_Spectrometer_(EA-IRMS),47.57,-999,10.035_Millennium_Merlin_1631_CV-AFS,81,-999,0.170275,-999,-999,-999,%OC_wasn_t_published_with_paper_-_provided_by_Osterwalder_via_email,SS,0,0
6,Degerö,SWEDEN,17164098,2015-09-01,IVL_Swedish_Environmental_Research_Institute,Stefan_Osterwalder,stefan.osterwalder@unibas.ch,Osterwalder_2017,64.18,-19.55,peat,na,open_boreal_peatland_dominated_by_lawn_and_carpet_plant_communities___major_species_identified_in_paper,24,26,25,0,-999,-999,Elemental_Analyzer_-_Isotope_Ratio_Mass_Spectrometer_(EA-IRMS),48.54,-999,10.035_Millennium_Merlin_1631_CV-AFS,89,-999,0.183354,-999,-999,-999,%OC_wasn_t_published_with_paper_-_provided_by_Osterwalder_via_email,SS,0,0
6,Degerö,SWEDEN,17164099,2015-09-01,IVL_Swedish_Environmental_Research_Institute,Stefan_Osterwalder,stefan.osterwalder@unibas.ch,Osterwalder_2017,64.18,-19.55,peat,na,open_boreal_peatland_dominated_by_lawn_and_carpet_plant_communities___major_species_identified_in_paper,26,28,27,0,-999,-999,Elemental_Analyzer_-_Isotope_Ratio_Mass_Spectrometer_(EA-IRMS),50.72,-999,10.035_Millennium_Merlin_1631_CV-AFS,123,-999,0.242508,-999,-999,-999,%OC_wasn_t_published_with_paper_-_provided_by_Osterwalder_via_email,SS,0,0
6,Degerö,SWEDEN,17164100,2015-09-01,IVL_Swedish_Environmental_Research_Institute,Stefan_Osterwalder,stefan.osterwalder@unibas.ch,Osterwalder_2017,64.18,-19.55,peat,na,open_boreal_peatland_dominated_by_lawn_and_carpet_plant_communities___major_species_identified_in_paper,28,30,29,0,-999,-999,Elemental_Analyzer_-_Isotope_Ratio_Mass_Spectrometer_(EA-IRMS),49.97,-999,10.035_Millennium_Merlin_1631_CV-AFS,121,-999,0.242145,-999,-999,-999,%OC_wasn_t_published_with_paper_-_provided_by_Osterwalder_via_email,SS,0,0
6,Degerö,SWEDEN,17164101,2015-09-01,IVL_Swedish_Environmental_Research_Institute,Stefan_Osterwalder,stefan.osterwalder@unibas.ch,Osterwalder_2017,64.18,-19.55,peat,na,open_boreal_peatland_dominated_by_lawn_and_carpet_plant_communities___major_species_identified_in_paper,30,32,31,0,-999,-999,Elemental_Analyzer_-_Isotope_Ratio_Mass_Spectrometer_(EA-IRMS),51.62,-999,10.035_Millennium_Merlin_1631_CV-AFS,102,-999,0.197598,-999,-999,-999,%OC_wasn_t_published_with_paper_-_provided_by_Osterwalder_via_email,SS,0,0
6,Degerö,SWEDEN,17164102,2015-09-01,IVL_Swedish_Environmental_Research_Institute,Stefan_Osterwalder,stefan.osterwalder@unibas.ch,Osterwalder_2017,64.18,-19.55,peat,na,open_boreal_peatland_dominated_by_lawn_and_carpet_plant_communities___major_species_identified_in_paper,32,34,33,0,-999,-999,Elemental_Analyzer_-_Isotope_Ratio_Mass_Spectrometer_(EA-IRMS),52.28,-999,10.035_Millennium_Merlin_1631_CV-AFS,76,-999,0.145371,-999,-999,-999,%OC_wasn_t_published_with_paper_-_provided_by_Osterwalder_via_email,SS,0,0
7,Degerö,SWEDEN,17164103,2015-09-01,IVL_Swedish_Environmental_Research_Institute,Stefan_Osterwalder,stefan.osterwalder@unibas.ch,Osterwalder_2017,64.18,-19.55,peat,na,open_boreal_peatland_dominated_by_lawn_and_carpet_plant_communities___major_species_identified_in_paper,0,2,1,0,-999,-999,Elemental_Analyzer_-_Isotope_Ratio_Mass_Spectrometer_(EA-IRMS),46.94,-999,10.035_Millennium_Merlin_1631_CV-AFS,22,-999,0.046868,-999,-999,-999,%OC_wasn_t_published_with_paper_-_provided_by_Osterwalder_via_email,SS,0,0
7,Degerö,SWEDEN,17164104,2015-09-01,IVL_Swedish_Environmental_Research_Institute,Stefan_Osterwalder,stefan.osterwalder@unibas.ch,Osterwalder_2017,64.18,-19.55,peat,na,open_boreal_peatland_dominated_by_lawn_and_carpet_plant_communities___major_species_identified_in_paper,2,4,3,0,-999,-999,Elemental_Analyzer_-_Isotope_Ratio_Mass_Spectrometer_(EA-IRMS),47.24,-999,10.035_Millennium_Merlin_1631_CV-AFS,22,-999,0.046571,-999,-999,-999,%OC_wasn_t_published_with_paper_-_provided_by_Osterwalder_via_email,SS,0,0
7,Degerö,SWEDEN,17164105,2015-09-01,IVL_Swedish_Environmental_Research_Institute,Stefan_Osterwalder,stefan.osterwalder@unibas.ch,Osterwalder_2017,64.18,-19.55,peat,na,open_boreal_peatland_dominated_by_lawn_and_carpet_plant_communities___major_species_identified_in_paper,4,6,5,0,-999,-999,Elemental_Analyzer_-_Isotope_Ratio_Mass_Spectrometer_(EA-IRMS),47.63,-999,10.035_Millennium_Merlin_1631_CV-AFS,22,-999,0.046189,-999,-999,-999,%OC_wasn_t_published_with_paper_-_provided_by_Osterwalder_via_email,SS,0,0
7,Degerö,SWEDEN,17164106,2015-09-01,IVL_Swedish_Environmental_Research_Institute,Stefan_Osterwalder,stefan.osterwalder@unibas.ch,Osterwalder_2017,64.18,-19.55,peat,na,open_boreal_peatland_dominated_by_lawn_and_carpet_plant_communities___major_species_identified_in_paper,6,8,7,0,-999,-999,Elemental_Analyzer_-_Isotope_Ratio_Mass_Spectrometer_(EA-IRMS),47.3,-999,10.035_Millennium_Merlin_1631_CV-AFS,25,-999,0.052854,-999,-999,-999,%OC_wasn_t_published_with_paper_-_provided_by_Osterwalder_via_email,SS,0,0
7,Degerö,SWEDEN,17164107,2015-09-01,IVL_Swedish_Environmental_Research_Institute,Stefan_Osterwalder,stefan.osterwalder@unibas.ch,Osterwalder_2017,64.18,-19.55,peat,na,open_boreal_peatland_dominated_by_lawn_and_carpet_plant_communities___major_species_identified_in_paper,8,10,9,0,-999,-999,Elemental_Analyzer_-_Isotope_Ratio_Mass_Spectrometer_(EA-IRMS),47.69,-999,10.035_Millennium_Merlin_1631_CV-AFS,24,-999,0.050325,-999,-999,-999,%OC_wasn_t_published_with_paper_-_provided_by_Osterwalder_via_email,SS,0,0
7,Degerö,SWEDEN,17164108,2015-09-01,IVL_Swedish_Environmental_Research_Institute,Stefan_Osterwalder,stefan.osterwalder@unibas.ch,Osterwalder_2017,64.18,-19.55,peat,na,open_boreal_peatland_dominated_by_lawn_and_carpet_plant_communities___major_species_identified_in_paper,10,12,11,0,-999,-999,Elemental_Analyzer_-_Isotope_Ratio_Mass_Spectrometer_(EA-IRMS),47.52,-999,10.035_Millennium_Merlin_1631_CV-AFS,27,-999,0.056818,-999,-999,-999,%OC_wasn_t_published_with_paper_-_provided_by_Osterwalder_via_email,SS,0,0
7,Degerö,SWEDEN,17164109,2015-09-01,IVL_Swedish_Environmental_Research_Institute,Stefan_Osterwalder,stefan.osterwalder@unibas.ch,Osterwalder_2017,64.18,-19.55,peat,na,open_boreal_peatland_dominated_by_lawn_and_carpet_plant_communities___major_species_identified_in_paper,12,14,13,0,-999,-999,Elemental_Analyzer_-_Isotope_Ratio_Mass_Spectrometer_(EA-IRMS),47.48,-999,10.035_Millennium_Merlin_1631_CV-AFS,28,-999,0.058972,-999,-999,-999,%OC_wasn_t_published_with_paper_-_provided_by_Osterwalder_via_email,SS,0,0
7,Degerö,SWEDEN,17164110,2015-09-01,IVL_Swedish_Environmental_Research_Institute,Stefan_Osterwalder,stefan.osterwalder@unibas.ch,Osterwalder_2017,64.18,-19.55,peat,na,open_boreal_peatland_dominated_by_lawn_and_carpet_plant_communities___major_species_identified_in_paper,14,16,15,0,-999,-999,Elemental_Analyzer_-_Isotope_Ratio_Mass_Spectrometer_(EA-IRMS),47.49,-999,10.035_Millennium_Merlin_1631_CV-AFS,36,-999,0.075805,-999,-999,-999,%OC_wasn_t_published_with_paper_-_provided_by_Osterwalder_via_email,SS,0,0
7,Degerö,SWEDEN,17164111,2015-09-01,IVL_Swedish_Environmental_Research_Institute,Stefan_Osterwalder,stefan.osterwalder@unibas.ch,Osterwalder_2017,64.18,-19.55,peat,na,open_boreal_peatland_dominated_by_lawn_and_carpet_plant_communities___major_species_identified_in_paper,16,18,17,0,-999,-999,Elemental_Analyzer_-_Isotope_Ratio_Mass_Spectrometer_(EA-IRMS),48.02,-999,10.035_Millennium_Merlin_1631_CV-AFS,46,-999,0.095793,-999,-999,-999,%OC_wasn_t_published_with_paper_-_provided_by_Osterwalder_via_email,SS,0,0
7,Degerö,SWEDEN,17164112,2015-09-01,IVL_Swedish_Environmental_Research_Institute,Stefan_Osterwalder,stefan.osterwalder@unibas.ch,Osterwalder_2017,64.18,-19.55,peat,na,open_boreal_peatland_dominated_by_lawn_and_carpet_plant_communities___major_species_identified_in_paper,18,20,19,0,-999,-999,Elemental_Analyzer_-_Isotope_Ratio_Mass_Spectrometer_(EA-IRMS),48.18,-999,10.035_Millennium_Merlin_1631_CV-AFS,55,-999,0.114155,-999,-999,-999,%OC_wasn_t_published_with_paper_-_provided_by_Osterwalder_via_email,SS,0,0
7,Degerö,SWEDEN,17164113,2015-09-01,IVL_Swedish_Environmental_Research_Institute,Stefan_Osterwalder,stefan.osterwalder@unibas.ch,Osterwalder_2017,64.18,-19.55,peat,na,open_boreal_peatland_dominated_by_lawn_and_carpet_plant_communities___major_species_identified_in_paper,20,22,21,0,-999,-999,Elemental_Analyzer_-_Isotope_Ratio_Mass_Spectrometer_(EA-IRMS),48.26,-999,10.035_Millennium_Merlin_1631_CV-AFS,70,-999,0.145048,-999,-999,-999,%OC_wasn_t_published_with_paper_-_provided_by_Osterwalder_via_email,SS,0,0
7,Degerö,SWEDEN,17164114,2015-09-01,IVL_Swedish_Environmental_Research_Institute,Stefan_Osterwalder,stefan.osterwalder@unibas.ch,Osterwalder_2017,64.18,-19.55,peat,na,open_boreal_peatland_dominated_by_lawn_and_carpet_plant_communities___major_species_identified_in_paper,22,24,23,0,-999,-999,Elemental_Analyzer_-_Isotope_Ratio_Mass_Spectrometer_(EA-IRMS),48.23,-999,10.035_Millennium_Merlin_1631_CV-AFS,88,-999,0.182459,-999,-999,-999,%OC_wasn_t_published_with_paper_-_provided_by_Osterwalder_via_email,SS,0,0
7,Degerö,SWEDEN,17164115,2015-09-01,IVL_Swedish_Environmental_Research_Institute,Stefan_Osterwalder,stefan.osterwalder@unibas.ch,Osterwalder_2017,64.18,-19.55,peat,na,open_boreal_peatland_dominated_by_lawn_and_carpet_plant_communities___major_species_identified_in_paper,24,26,25,0,-999,-999,Elemental_Analyzer_-_Isotope_Ratio_Mass_Spectrometer_(EA-IRMS),47.77,-999,10.035_Millennium_Merlin_1631_CV-AFS,95,-999,0.19887,-999,-999,-999,%OC_wasn_t_published_with_paper_-_provided_by_Osterwalder_via_email,SS,0,0
7,Degerö,SWEDEN,17164116,2015-09-01,IVL_Swedish_Environmental_Research_Institute,Stefan_Osterwalder,stefan.osterwalder@unibas.ch,Osterwalder_2017,64.18,-19.55,peat,na,open_boreal_peatland_dominated_by_lawn_and_carpet_plant_communities___major_species_identified_in_paper,26,28,27,0,-999,-999,Elemental_Analyzer_-_Isotope_Ratio_Mass_Spectrometer_(EA-IRMS),48.89,-999,10.035_Millennium_Merlin_1631_CV-AFS,124,-999,0.253631,-999,-999,-999,%OC_wasn_t_published_with_paper_-_provided_by_Osterwalder_via_email,SS,0,0
7,Degerö,SWEDEN,17164117,2015-09-01,IVL_Swedish_Environmental_Research_Institute,Stefan_Osterwalder,stefan.osterwalder@unibas.ch,Osterwalder_2017,64.18,-19.55,peat,na,open_boreal_peatland_dominated_by_lawn_and_carpet_plant_communities___major_species_identified_in_paper,28,30,29,0,-999,-999,Elemental_Analyzer_-_Isotope_Ratio_Mass_Spectrometer_(EA-IRMS),49.53,-999,10.035_Millennium_Merlin_1631_CV-AFS,155,-999,0.312942,-999,-999,-999,%OC_wasn_t_published_with_paper_-_provided_by_Osterwalder_via_email,SS,0,0
7,Degerö,SWEDEN,17164118,2015-09-01,IVL_Swedish_Environmental_Research_Institute,Stefan_Osterwalder,stefan.osterwalder@unibas.ch,Osterwalder_2017,64.18,-19.55,peat,na,open_boreal_peatland_dominated_by_lawn_and_carpet_plant_communities___major_species_identified_in_paper,30,32,31,0,-999,-999,Elemental_Analyzer_-_Isotope_Ratio_Mass_Spectrometer_(EA-IRMS),49.25,-999,10.035_Millennium_Merlin_1631_CV-AFS,164,-999,0.332995,-999,-999,-999,%OC_wasn_t_published_with_paper_-_provided_by_Osterwalder_via_email,SS,0,0
7,Degerö,SWEDEN,17164119,2015-09-01,IVL_Swedish_Environmental_Research_Institute,Stefan_Osterwalder,stefan.osterwalder@unibas.ch,Osterwalder_2017,64.18,-19.55,peat,na,open_boreal_peatland_dominated_by_lawn_and_carpet_plant_communities___major_species_identified_in_paper,32,34,33,0,-999,-999,Elemental_Analyzer_-_Isotope_Ratio_Mass_Spectrometer_(EA-IRMS),49.16,-999,10.035_Millennium_Merlin_1631_CV-AFS,141,-999,0.286819,-999,-999,-999,%OC_wasn_t_published_with_paper_-_provided_by_Osterwalder_via_email,SS,0,0
8,Degerö,SWEDEN,17164120,2015-09-01,IVL_Swedish_Environmental_Research_Institute,Stefan_Osterwalder,stefan.osterwalder@unibas.ch,Osterwalder_2017,64.18,-19.55,peat,na,open_boreal_peatland_dominated_by_lawn_and_carpet_plant_communities___major_species_identified_in_paper,0,2,1,0,-999,-999,Elemental_Analyzer_-_Isotope_Ratio_Mass_Spectrometer_(EA-IRMS),48.23,-999,10.035_Millennium_Merlin_1631_CV-AFS,23,-999,0.047688,-999,-999,-999,%OC_wasn_t_published_with_paper_-_provided_by_Osterwalder_via_email,SS,0,0
8,Degerö,SWEDEN,17164121,2015-09-01,IVL_Swedish_Environmental_Research_Institute,Stefan_Osterwalder,stefan.osterwalder@unibas.ch,Osterwalder_2017,64.18,-19.55,peat,na,open_boreal_peatland_dominated_by_lawn_and_carpet_plant_communities___major_species_identified_in_paper,2,4,3,0,-999,-999,Elemental_Analyzer_-_Isotope_Ratio_Mass_Spectrometer_(EA-IRMS),47.29,-999,10.035_Millennium_Merlin_1631_CV-AFS,26,-999,0.05498,-999,-999,-999,%OC_wasn_t_published_with_paper_-_provided_by_Osterwalder_via_email,SS,0,0
8,Degerö,SWEDEN,17164122,2015-09-01,IVL_Swedish_Environmental_Research_Institute,Stefan_Osterwalder,stefan.osterwalder@unibas.ch,Osterwalder_2017,64.18,-19.55,peat,na,open_boreal_peatland_dominated_by_lawn_and_carpet_plant_communities___major_species_identified_in_paper,4,6,5,0,-999,-999,Elemental_Analyzer_-_Isotope_Ratio_Mass_Spectrometer_(EA-IRMS),46.57,-999,10.035_Millennium_Merlin_1631_CV-AFS,24,-999,0.051535,-999,-999,-999,%OC_wasn_t_published_with_paper_-_provided_by_Osterwalder_via_email,SS,0,0
8,Degerö,SWEDEN,17164123,2015-09-01,IVL_Swedish_Environmental_Research_Institute,Stefan_Osterwalder,stefan.osterwalder@unibas.ch,Osterwalder_2017,64.18,-19.55,peat,na,open_boreal_peatland_dominated_by_lawn_and_carpet_plant_communities___major_species_identified_in_paper,6,8,7,0,-999,-999,Elemental_Analyzer_-_Isotope_Ratio_Mass_Spectrometer_(EA-IRMS),46.48,-999,10.035_Millennium_Merlin_1631_CV-AFS,25,-999,0.053787,-999,-999,-999,%OC_wasn_t_published_with_paper_-_provided_by_Osterwalder_via_email,SS,0,0
8,Degerö,SWEDEN,17164124,2015-09-01,IVL_Swedish_Environmental_Research_Institute,Stefan_Osterwalder,stefan.osterwalder@unibas.ch,Osterwalder_2017,64.18,-19.55,peat,na,open_boreal_peatland_dominated_by_lawn_and_carpet_plant_communities___major_species_identified_in_paper,8,10,9,0,-999,-999,Elemental_Analyzer_-_Isotope_Ratio_Mass_Spectrometer_(EA-IRMS),46.39,-999,10.035_Millennium_Merlin_1631_CV-AFS,29,-999,0.062513,-999,-999,-999,%OC_wasn_t_published_with_paper_-_provided_by_Osterwalder_via_email,SS,0,0
8,Degerö,SWEDEN,17164125,2015-09-01,IVL_Swedish_Environmental_Research_Institute,Stefan_Osterwalder,stefan.osterwalder@unibas.ch,Osterwalder_2017,64.18,-19.55,peat,na,open_boreal_peatland_dominated_by_lawn_and_carpet_plant_communities___major_species_identified_in_paper,10,12,11,0,-999,-999,Elemental_Analyzer_-_Isotope_Ratio_Mass_Spectrometer_(EA-IRMS),46.87,-999,10.035_Millennium_Merlin_1631_CV-AFS,32,-999,0.068274,-999,-999,-999,%OC_wasn_t_published_with_paper_-_provided_by_Osterwalder_via_email,SS,0,0
8,Degerö,SWEDEN,17164126,2015-09-01,IVL_Swedish_Environmental_Research_Institute,Stefan_Osterwalder,stefan.osterwalder@unibas.ch,Osterwalder_2017,64.18,-19.55,peat,na,open_boreal_peatland_dominated_by_lawn_and_carpet_plant_communities___major_species_identified_in_paper,12,14,13,0,-999,-999,Elemental_Analyzer_-_Isotope_Ratio_Mass_Spectrometer_(EA-IRMS),46.97,-999,10.035_Millennium_Merlin_1631_CV-AFS,34,-999,0.072387,-999,-999,-999,%OC_wasn_t_published_with_paper_-_provided_by_Osterwalder_via_email,SS,0,0
8,Degerö,SWEDEN,17164127,2015-09-01,IVL_Swedish_Environmental_Research_Institute,Stefan_Osterwalder,stefan.osterwalder@unibas.ch,Osterwalder_2017,64.18,-19.55,peat,na,open_boreal_peatland_dominated_by_lawn_and_carpet_plant_communities___major_species_identified_in_paper,14,16,15,0,-999,-999,Elemental_Analyzer_-_Isotope_Ratio_Mass_Spectrometer_(EA-IRMS),47.19,-999,10.035_Millennium_Merlin_1631_CV-AFS,42,-999,0.089002,-999,-999,-999,%OC_wasn_t_published_with_paper_-_provided_by_Osterwalder_via_email,SS,0,0
8,Degerö,SWEDEN,17164128,2015-09-01,IVL_Swedish_Environmental_Research_Institute,Stefan_Osterwalder,stefan.osterwalder@unibas.ch,Osterwalder_2017,64.18,-19.55,peat,na,open_boreal_peatland_dominated_by_lawn_and_carpet_plant_communities___major_species_identified_in_paper,16,18,17,0,-999,-999,Elemental_Analyzer_-_Isotope_Ratio_Mass_Spectrometer_(EA-IRMS),47.76,-999,10.035_Millennium_Merlin_1631_CV-AFS,49,-999,0.102596,-999,-999,-999,%OC_wasn_t_published_with_paper_-_provided_by_Osterwalder_via_email,SS,0,0
8,Degerö,SWEDEN,17164129,2015-09-01,IVL_Swedish_Environmental_Research_Institute,Stefan_Osterwalder,stefan.osterwalder@unibas.ch,Osterwalder_2017,64.18,-19.55,peat,na,open_boreal_peatland_dominated_by_lawn_and_carpet_plant_communities___major_species_identified_in_paper,18,20,19,0,-999,-999,Elemental_Analyzer_-_Isotope_Ratio_Mass_Spectrometer_(EA-IRMS),46.68,-999,10.035_Millennium_Merlin_1631_CV-AFS,53,-999,0.113539,-999,-999,-999,%OC_wasn_t_published_with_paper_-_provided_by_Osterwalder_via_email,SS,0,0
8,Degerö,SWEDEN,17164130,2015-09-01,IVL_Swedish_Environmental_Research_Institute,Stefan_Osterwalder,stefan.osterwalder@unibas.ch,Osterwalder_2017,64.18,-19.55,peat,na,open_boreal_peatland_dominated_by_lawn_and_carpet_plant_communities___major_species_identified_in_paper,20,22,21,0,-999,-999,Elemental_Analyzer_-_Isotope_Ratio_Mass_Spectrometer_(EA-IRMS),46.81,-999,10.035_Millennium_Merlin_1631_CV-AFS,52,-999,0.111087,-999,-999,-999,%OC_wasn_t_published_with_paper_-_provided_by_Osterwalder_via_email,SS,0,0
8,Degerö,SWEDEN,17164131,2015-09-01,IVL_Swedish_Environmental_Research_Institute,Stefan_Osterwalder,stefan.osterwalder@unibas.ch,Osterwalder_2017,64.18,-19.55,peat,na,open_boreal_peatland_dominated_by_lawn_and_carpet_plant_communities___major_species_identified_in_paper,22,24,23,0,-999,-999,Elemental_Analyzer_-_Isotope_Ratio_Mass_Spectrometer_(EA-IRMS),47.18,-999,10.035_Millennium_Merlin_1631_CV-AFS,57,-999,0.120814,-999,-999,-999,%OC_wasn_t_published_with_paper_-_provided_by_Osterwalder_via_email,SS,0,0
8,Degerö,SWEDEN,17164132,2015-09-01,IVL_Swedish_Environmental_Research_Institute,Stefan_Osterwalder,stefan.osterwalder@unibas.ch,Osterwalder_2017,64.18,-19.55,peat,na,open_boreal_peatland_dominated_by_lawn_and_carpet_plant_communities___major_species_identified_in_paper,24,26,25,0,-999,-999,Elemental_Analyzer_-_Isotope_Ratio_Mass_Spectrometer_(EA-IRMS),47.19,-999,10.035_Millennium_Merlin_1631_CV-AFS,71,-999,0.150456,-999,-999,-999,%OC_wasn_t_published_with_paper_-_provided_by_Osterwalder_via_email,SS,0,0
8,Degerö,SWEDEN,17164133,2015-09-01,IVL_Swedish_Environmental_Research_Institute,Stefan_Osterwalder,stefan.osterwalder@unibas.ch,Osterwalder_2017,64.18,-19.55,peat,na,open_boreal_peatland_dominated_by_lawn_and_carpet_plant_communities___major_species_identified_in_paper,26,28,27,0,-999,-999,Elemental_Analyzer_-_Isotope_Ratio_Mass_Spectrometer_(EA-IRMS),47.85,-999,10.035_Millennium_Merlin_1631_CV-AFS,83,-999,0.173459,-999,-999,-999,%OC_wasn_t_published_with_paper_-_provided_by_Osterwalder_via_email,SS,0,0
8,Degerö,SWEDEN,17164134,2015-09-01,IVL_Swedish_Environmental_Research_Institute,Stefan_Osterwalder,stefan.osterwalder@unibas.ch,Osterwalder_2017,64.18,-19.55,peat,na,open_boreal_peatland_dominated_by_lawn_and_carpet_plant_communities___major_species_identified_in_paper,28,30,29,0,-999,-999,Elemental_Analyzer_-_Isotope_Ratio_Mass_Spectrometer_(EA-IRMS),48.91,-999,10.035_Millennium_Merlin_1631_CV-AFS,118,-999,0.241259,-999,-999,-999,%OC_wasn_t_published_with_paper_-_provided_by_Osterwalder_via_email,SS,0,0
8,Degerö,SWEDEN,17164135,2015-09-01,IVL_Swedish_Environmental_Research_Institute,Stefan_Osterwalder,stefan.osterwalder@unibas.ch,Osterwalder_2017,64.18,-19.55,peat,na,open_boreal_peatland_dominated_by_lawn_and_carpet_plant_communities___major_species_identified_in_paper,30,32,31,0,-999,-999,Elemental_Analyzer_-_Isotope_Ratio_Mass_Spectrometer_(EA-IRMS),49.34,-999,10.035_Millennium_Merlin_1631_CV-AFS,122,-999,0.247264,-999,-999,-999,%OC_wasn_t_published_with_paper_-_provided_by_Osterwalder_via_email,SS,0,0
8,Degerö,SWEDEN,17164136,2015-09-01,IVL_Swedish_Environmental_Research_Institute,Stefan_Osterwalder,stefan.osterwalder@unibas.ch,Osterwalder_2017,64.18,-19.55,peat,na,open_boreal_peatland_dominated_by_lawn_and_carpet_plant_communities___major_species_identified_in_paper,32,34,33,0,-999,-999,Elemental_Analyzer_-_Isotope_Ratio_Mass_Spectrometer_(EA-IRMS),45.92,-999,10.035_Millennium_Merlin_1631_CV-AFS,123,-999,0.267857,-999,-999,-999,%OC_wasn_t_published_with_paper_-_provided_by_Osterwalder_via_email,SS,0,0
IN2,Inuvik,CANADA,C,2020-05-07,na,Peter_Outridge,pmoutridge@gmail.com,Outridge_et_al_2016,68.31333,-133.384167,na,na,Sphagnum_and_sedge_peat_(palsa_bog),-999,-999,3.9,-999,-999,-999,CN_Analyser,41.37,-999,LECO_AMA-2,157.38,-999,0.380417,-999,-999,-999,na,SZ,0,0
IN2,Inuvik,CANADA,D,2020-05-07,na,Peter_Outridge,pmoutridge@gmail.com,Outridge_et_al_2016,68.31333,-133.384167,na,na,Sphagnum_and_sedge_peat_(palsa_bog),-999,-999,6,-999,-999,-999,CN_Analyser,41.46,-999,LECO_AMA-2,126.81,-999,0.30587,-999,-999,-999,na,SZ,0,0
IN2,Inuvik,CANADA,1_(permafrost_top),2020-05-07,na,Peter_Outridge,pmoutridge@gmail.com,Outridge_et_al_2016,68.31333,-133.384167,na,na,Sphagnum_and_sedge_peat_(palsa_bog),-999,-999,7.7,-999,-999,-999,CN_Analyser,42.11,-999,LECO_AMA-2,104.54,-999,0.248243,-999,-999,-999,na,SZ,0,0
IN2,Inuvik,CANADA,2,2020-05-07,na,Peter_Outridge,pmoutridge@gmail.com,Outridge_et_al_2016,68.31333,-133.384167,na,na,Sphagnum_and_sedge_peat_(palsa_bog),-999,-999,8.9,-999,-999,-999,CN_Analyser,41.92,-999,LECO_AMA-2,78.89,-999,0.188192,-999,-999,-999,na,SZ,0,0
IN2,Inuvik,CANADA,3,2020-05-07,na,Peter_Outridge,pmoutridge@gmail.com,Outridge_et_al_2016,68.31333,-133.384167,na,na,Sphagnum_and_sedge_peat_(palsa_bog),-999,-999,10.1,-999,-999,-999,CN_Analyser,40.91,-999,LECO_AMA-2,63.94,-999,0.156294,-999,-999,-999,na,SZ,0,0
IN2,Inuvik,CANADA,4,2020-05-07,na,Peter_Outridge,pmoutridge@gmail.com,Outridge_et_al_2016,68.31333,-133.384167,na,na,Sphagnum_and_sedge_peat_(palsa_bog),-999,-999,11.2,-999,-999,-999,CN_Analyser,42.13,-999,LECO_AMA-2,51.06,-999,0.121196,-999,-999,-999,na,SZ,0,0
IN2,Inuvik,CANADA,5,2020-05-07,na,Peter_Outridge,pmoutridge@gmail.com,Outridge_et_al_2016,68.31333,-133.384167,na,na,Sphagnum_and_sedge_peat_(palsa_bog),-999,-999,12.4,-999,-999,-999,CN_Analyser,40.85,-999,LECO_AMA-2,47.96,-999,0.117393,-999,-999,-999,na,SZ,0,0
IN2,Inuvik,CANADA,7,2020-05-07,na,Peter_Outridge,pmoutridge@gmail.com,Outridge_et_al_2016,68.31333,-133.384167,na,na,Sphagnum_and_sedge_peat_(palsa_bog),-999,-999,14.7,-999,-999,-999,CN_Analyser,41.73,-999,LECO_AMA-2,44.51,-999,0.10665,-999,-999,-999,na,SZ,0,0
IN2,Inuvik,CANADA,8,2020-05-07,na,Peter_Outridge,pmoutridge@gmail.com,Outridge_et_al_2016,68.31333,-133.384167,na,na,Sphagnum_and_sedge_peat_(palsa_bog),-999,-999,15.8,-999,-999,-999,CN_Analyser,43.59,-999,LECO_AMA-2,53.13,-999,0.121886,-999,-999,-999,na,SZ,0,0
IN2,Inuvik,CANADA,9,2020-05-07,na,Peter_Outridge,pmoutridge@gmail.com,Outridge_et_al_2016,68.31333,-133.384167,na,na,Sphagnum_and_sedge_peat_(palsa_bog),-999,-999,16.9,-999,-999,-999,CN_Analyser,42.75,-999,LECO_AMA-2,51.12,-999,0.119573,-999,-999,-999,na,SZ,0,0
IN2,Inuvik,CANADA,10,2020-05-07,na,Peter_Outridge,pmoutridge@gmail.com,Outridge_et_al_2016,68.31333,-133.384167,na,na,Sphagnum_and_sedge_peat_(palsa_bog),-999,-999,18.1,-999,-999,-999,CN_Analyser,42.32,-999,LECO_AMA-2,61.3,-999,0.144837,-999,-999,-999,na,SZ,0,0
IN2,Inuvik,CANADA,11,2020-05-07,na,Peter_Outridge,pmoutridge@gmail.com,Outridge_et_al_2016,68.31333,-133.384167,na,na,Sphagnum_and_sedge_peat_(palsa_bog),-999,-999,19.3,-999,-999,-999,CN_Analyser,41.27,-999,LECO_AMA-2,64.4,-999,0.156046,-999,-999,-999,na,SZ,0,0
IN2,Inuvik,CANADA,12,2020-05-07,na,Peter_Outridge,pmoutridge@gmail.com,Outridge_et_al_2016,68.31333,-133.384167,na,na,Sphagnum_and_sedge_peat_(palsa_bog),-999,-999,20.4,-999,-999,-999,CN_Analyser,42.54,-999,LECO_AMA-2,61.76,-999,0.145169,-999,-999,-999,na,SZ,0,0
IN2,Inuvik,CANADA,13,2020-05-07,na,Peter_Outridge,pmoutridge@gmail.com,Outridge_et_al_2016,68.31333,-133.384167,na,na,Sphagnum_and_sedge_peat_(palsa_bog),-999,-999,22.5,-999,-999,-999,CN_Analyser,42.5,-999,LECO_AMA-2,59.8,-999,0.140706,-999,-999,-999,na,SZ,0,0
IN2,Inuvik,CANADA,14,2020-05-07,na,Peter_Outridge,pmoutridge@gmail.com,Outridge_et_al_2016,68.31333,-133.384167,na,na,Sphagnum_and_sedge_peat_(palsa_bog),-999,-999,24.3,-999,-999,-999,CN_Analyser,41.73,-999,LECO_AMA-2,55.09,-999,0.132003,-999,-999,-999,na,SZ,0,0
IN2,Inuvik,CANADA,15,2020-05-07,na,Peter_Outridge,pmoutridge@gmail.com,Outridge_et_al_2016,68.31333,-133.384167,na,na,Sphagnum_and_sedge_peat_(palsa_bog),-999,-999,25.6,-999,-999,-999,CN_Analyser,42.2,-999,LECO_AMA-2,61.64,-999,0.146066,-999,-999,-999,na,SZ,0,0
IN2,Inuvik,CANADA,16,2020-05-07,na,Peter_Outridge,pmoutridge@gmail.com,Outridge_et_al_2016,68.31333,-133.384167,na,na,Sphagnum_and_sedge_peat_(palsa_bog),-999,-999,26.9,-999,-999,-999,CN_Analyser,41.06,-999,LECO_AMA-2,59.23,-999,0.14424,-999,-999,-999,na,SZ,0,0
IN2,Inuvik,CANADA,17,2020-05-07,na,Peter_Outridge,pmoutridge@gmail.com,Outridge_et_al_2016,68.31333,-133.384167,na,na,Sphagnum_and_sedge_peat_(palsa_bog),-999,-999,28.1,-999,-999,-999,CN_Analyser,41.39,-999,LECO_AMA-2,55.2,-999,0.133366,-999,-999,-999,na,SZ,0,0
IN2,Inuvik,CANADA,18,2020-05-07,na,Peter_Outridge,pmoutridge@gmail.com,Outridge_et_al_2016,68.31333,-133.384167,na,na,Sphagnum_and_sedge_peat_(palsa_bog),-999,-999,29.4,-999,-999,-999,CN_Analyser,41.56,-999,LECO_AMA-2,53.36,-999,0.128393,-999,-999,-999,na,SZ,0,0
IN2,Inuvik,CANADA,19,2020-05-07,na,Peter_Outridge,pmoutridge@gmail.com,Outridge_et_al_2016,68.31333,-133.384167,na,na,Sphagnum_and_sedge_peat_(palsa_bog),-999,-999,30.7,-999,-999,-999,CN_Analyser,43.43,-999,LECO_AMA-2,48.07,-999,0.110684,-999,-999,-999,na,SZ,0,0
IN2,Inuvik,CANADA,20,2020-05-07,na,Peter_Outridge,pmoutridge@gmail.com,Outridge_et_al_2016,68.31333,-133.384167,na,na,Sphagnum_and_sedge_peat_(palsa_bog),-999,-999,32,-999,-999,-999,CN_Analyser,43.62,-999,LECO_AMA-2,59.34,-999,0.136039,-999,-999,-999,na,SZ,0,0
IN2,Inuvik,CANADA,21,2020-05-07,na,Peter_Outridge,pmoutridge@gmail.com,Outridge_et_al_2016,68.31333,-133.384167,na,na,Sphagnum_and_sedge_peat_(palsa_bog),-999,-999,33.3,-999,-999,-999,CN_Analyser,40.45,-999,LECO_AMA-2,54.97,-999,0.135896,-999,-999,-999,na,SZ,0,0
IN2,Inuvik,CANADA,22,2020-05-07,na,Peter_Outridge,pmoutridge@gmail.com,Outridge_et_al_2016,68.31333,-133.384167,na,na,Sphagnum_and_sedge_peat_(palsa_bog),-999,-999,34.6,-999,-999,-999,CN_Analyser,41.34,-999,LECO_AMA-2,46.35,-999,0.112107,-999,-999,-999,na,SZ,0,0
IN2,Inuvik,CANADA,23,2020-05-07,na,Peter_Outridge,pmoutridge@gmail.com,Outridge_et_al_2016,68.31333,-133.384167,na,na,Sphagnum_and_sedge_peat_(palsa_bog),-999,-999,35.9,-999,-999,-999,CN_Analyser,43.03,-999,LECO_AMA-2,48.42,-999,0.112515,-999,-999,-999,na,SZ,0,0
IN2,Inuvik,CANADA,24,2020-05-07,na,Peter_Outridge,pmoutridge@gmail.com,Outridge_et_al_2016,68.31333,-133.384167,na,na,Sphagnum_and_sedge_peat_(palsa_bog),-999,-999,37.2,-999,-999,-999,CN_Analyser,42.33,-999,LECO_AMA-2,43.82,-999,0.103508,-999,-999,-999,na,SZ,0,0
IN2,Inuvik,CANADA,25,2020-05-07,na,Peter_Outridge,pmoutridge@gmail.com,Outridge_et_al_2016,68.31333,-133.384167,na,na,Sphagnum_and_sedge_peat_(palsa_bog),-999,-999,38.5,-999,-999,-999,CN_Analyser,40.67,-999,LECO_AMA-2,47.04,-999,0.11565,-999,-999,-999,na,SZ,0,0
IN2,Inuvik,CANADA,26,2020-05-07,na,Peter_Outridge,pmoutridge@gmail.com,Outridge_et_al_2016,68.31333,-133.384167,na,na,Sphagnum_and_sedge_peat_(palsa_bog),-999,-999,39.7,-999,-999,-999,CN_Analyser,42.39,-999,LECO_AMA-2,44.05,-999,0.103904,-999,-999,-999,na,SZ,0,0
IN2,Inuvik,CANADA,27,2020-05-07,na,Peter_Outridge,pmoutridge@gmail.com,Outridge_et_al_2016,68.31333,-133.384167,na,na,Sphagnum_and_sedge_peat_(palsa_bog),-999,-999,41,-999,-999,-999,CN_Analyser,42.66,-999,LECO_AMA-2,36.8,-999,0.086263,-999,-999,-999,na,SZ,0,0
IN2,Inuvik,CANADA,28,2020-05-07,na,Peter_Outridge,pmoutridge@gmail.com,Outridge_et_al_2016,68.31333,-133.384167,na,na,Sphagnum_and_sedge_peat_(palsa_bog),-999,-999,42.2,-999,-999,-999,CN_Analyser,41.84,-999,LECO_AMA-2,26.57,-999,0.063492,-999,-999,-999,na,SZ,0,0
IN2,Inuvik,CANADA,29,2020-05-07,na,Peter_Outridge,pmoutridge@gmail.com,Outridge_et_al_2016,68.31333,-133.384167,na,na,Sphagnum_and_sedge_peat_(palsa_bog),-999,-999,43.6,-999,-999,-999,CN_Analyser,41.68,-999,LECO_AMA-2,25.76,-999,0.061804,-999,-999,-999,na,SZ,0,0
IN2,Inuvik,CANADA,30,2020-05-07,na,Peter_Outridge,pmoutridge@gmail.com,Outridge_et_al_2016,68.31333,-133.384167,na,na,Sphagnum_and_sedge_peat_(palsa_bog),-999,-999,44.8,-999,-999,-999,CN_Analyser,44.16,-999,LECO_AMA-2,25.3,-999,0.057292,-999,-999,-999,na,SZ,0,0
IN2,Inuvik,CANADA,31,2020-05-07,na,Peter_Outridge,pmoutridge@gmail.com,Outridge_et_al_2016,68.31333,-133.384167,na,na,Sphagnum_and_sedge_peat_(palsa_bog),-999,-999,46.1,-999,-999,-999,CN_Analyser,47.9,-999,LECO_AMA-2,32.55,-999,0.067944,-999,-999,-999,na,SZ,0,0
IN2,Inuvik,CANADA,32,2020-05-07,na,Peter_Outridge,pmoutridge@gmail.com,Outridge_et_al_2016,68.31333,-133.384167,na,na,Sphagnum_and_sedge_peat_(palsa_bog),-999,-999,47.3,-999,-999,-999,CN_Analyser,44.21,-999,LECO_AMA-2,42.09,-999,0.095205,-999,-999,-999,na,SZ,0,0
IN2,Inuvik,CANADA,33,2020-05-07,na,Peter_Outridge,pmoutridge@gmail.com,Outridge_et_al_2016,68.31333,-133.384167,na,na,Sphagnum_and_sedge_peat_(palsa_bog),-999,-999,48.5,-999,-999,-999,CN_Analyser,44.6,-999,LECO_AMA-2,50.03,-999,0.112164,-999,-999,-999,na,SZ,0,0
IN2,Inuvik,CANADA,34,2020-05-07,na,Peter_Outridge,pmoutridge@gmail.com,Outridge_et_al_2016,68.31333,-133.384167,na,na,Sphagnum_and_sedge_peat_(palsa_bog),-999,-999,51.3,-999,-999,-999,CN_Analyser,41.46,-999,LECO_AMA-2,52.56,-999,0.126761,-999,-999,-999,na,SZ,0,0
IN2,Inuvik,CANADA,35,2020-05-07,na,Peter_Outridge,pmoutridge@gmail.com,Outridge_et_al_2016,68.31333,-133.384167,na,na,Sphagnum_and_sedge_peat_(palsa_bog),-999,-999,52.8,-999,-999,-999,CN_Analyser,41.2,-999,LECO_AMA-2,46.69,-999,0.113325,-999,-999,-999,na,SZ,0,0
IN2,Inuvik,CANADA,36,2020-05-07,na,Peter_Outridge,pmoutridge@gmail.com,Outridge_et_al_2016,68.31333,-133.384167,na,na,Sphagnum_and_sedge_peat_(palsa_bog),-999,-999,54.1,-999,-999,-999,CN_Analyser,42.13,-999,LECO_AMA-2,37.61,-999,0.089259,-999,-999,-999,na,SZ,0,0
IN2,Inuvik,CANADA,37,2020-05-07,na,Peter_Outridge,pmoutridge@gmail.com,Outridge_et_al_2016,68.31333,-133.384167,na,na,Sphagnum_and_sedge_peat_(palsa_bog),-999,-999,55.7,-999,-999,-999,CN_Analyser,41.63,-999,LECO_AMA-2,34.5,-999,0.082873,-999,-999,-999,na,SZ,0,0
IN2,Inuvik,CANADA,38,2020-05-07,na,Peter_Outridge,pmoutridge@gmail.com,Outridge_et_al_2016,68.31333,-133.384167,na,na,Sphagnum_and_sedge_peat_(palsa_bog),-999,-999,57.1,-999,-999,-999,CN_Analyser,39.78,-999,LECO_AMA-2,30.13,-999,0.075742,-999,-999,-999,na,SZ,0,0
IN2,Inuvik,CANADA,39,2020-05-07,na,Peter_Outridge,pmoutridge@gmail.com,Outridge_et_al_2016,68.31333,-133.384167,na,na,Sphagnum_and_sedge_peat_(palsa_bog),-999,-999,58.7,-999,-999,-999,CN_Analyser,42.35,-999,LECO_AMA-2,32.89,-999,0.077662,-999,-999,-999,na,SZ,0,0
IN2,Inuvik,CANADA,40,2020-05-07,na,Peter_Outridge,pmoutridge@gmail.com,Outridge_et_al_2016,68.31333,-133.384167,na,na,Sphagnum_and_sedge_peat_(palsa_bog),-999,-999,60.2,-999,-999,-999,CN_Analyser,42.85,-999,LECO_AMA-2,41.52,-999,0.096884,-999,-999,-999,na,SZ,0,0
IN2,Inuvik,CANADA,41,2020-05-07,na,Peter_Outridge,pmoutridge@gmail.com,Outridge_et_al_2016,68.31333,-133.384167,na,na,Sphagnum_and_sedge_peat_(palsa_bog),-999,-999,61.7,-999,-999,-999,CN_Analyser,42.24,-999,LECO_AMA-2,46.23,-999,0.109446,-999,-999,-999,na,SZ,0,0
IN2,Inuvik,CANADA,42,2020-05-07,na,Peter_Outridge,pmoutridge@gmail.com,Outridge_et_al_2016,68.31333,-133.384167,na,na,Sphagnum_and_sedge_peat_(palsa_bog),-999,-999,63.2,-999,-999,-999,CN_Analyser,41.51,-999,LECO_AMA-2,46.35,-999,0.111648,-999,-999,-999,na,SZ,0,0
IN2,Inuvik,CANADA,43,2020-05-07,na,Peter_Outridge,pmoutridge@gmail.com,Outridge_et_al_2016,68.31333,-133.384167,na,na,Sphagnum_and_sedge_peat_(palsa_bog),-999,-999,64.6,-999,-999,-999,CN_Analyser,40.04,-999,LECO_AMA-2,37.03,-999,0.092483,-999,-999,-999,na,SZ,0,0
IN2,Inuvik,CANADA,44,2020-05-07,na,Peter_Outridge,pmoutridge@gmail.com,Outridge_et_al_2016,68.31333,-133.384167,na,na,Sphagnum_and_sedge_peat_(palsa_bog),-999,-999,66.8,-999,-999,-999,CN_Analyser,38.33,-999,LECO_AMA-2,25.3,-999,0.066006,-999,-999,-999,na,SZ,0,0
IN2,Inuvik,CANADA,45,2020-05-07,na,Peter_Outridge,pmoutridge@gmail.com,Outridge_et_al_2016,68.31333,-133.384167,na,na,Sphagnum_and_sedge_peat_(palsa_bog),-999,-999,68.8,-999,-999,-999,CN_Analyser,38.81,-999,LECO_AMA-2,23.23,-999,0.059856,-999,-999,-999,na,SZ,0,0
IN2,Inuvik,CANADA,46,2020-05-07,na,Peter_Outridge,pmoutridge@gmail.com,Outridge_et_al_2016,68.31333,-133.384167,na,na,Sphagnum_and_sedge_peat_(palsa_bog),-999,-999,70,-999,-999,-999,CN_Analyser,37.76,-999,LECO_AMA-2,20.7,-999,0.05482,-999,-999,-999,na,SZ,0,0
IN2,Inuvik,CANADA,47,2020-05-07,na,Peter_Outridge,pmoutridge@gmail.com,Outridge_et_al_2016,68.31333,-133.384167,na,na,Sphagnum_and_sedge_peat_(palsa_bog),-999,-999,71.3,-999,-999,-999,CN_Analyser,36.31,-999,LECO_AMA-2,18.4,-999,0.050675,-999,-999,-999,na,SZ,0,0
IN2,Inuvik,CANADA,48,2020-05-07,na,Peter_Outridge,pmoutridge@gmail.com,Outridge_et_al_2016,68.31333,-133.384167,na,na,Sphagnum_and_sedge_peat_(palsa_bog),-999,-999,72.6,-999,-999,-999,CN_Analyser,38.77,-999,LECO_AMA-2,21.28,-999,0.054875,-999,-999,-999,na,SZ,0,0
IN2,Inuvik,CANADA,49,2020-05-07,na,Peter_Outridge,pmoutridge@gmail.com,Outridge_et_al_2016,68.31333,-133.384167,na,na,Sphagnum_and_sedge_peat_(palsa_bog),-999,-999,73.5,-999,-999,-999,CN_Analyser,38.21,-999,LECO_AMA-2,19.49,-999,0.051014,-999,-999,-999,na,SZ,0,0
IN2,Inuvik,CANADA,50,2020-05-07,na,Peter_Outridge,pmoutridge@gmail.com,Outridge_et_al_2016,68.31333,-133.384167,na,na,Sphagnum_and_sedge_peat_(palsa_bog),-999,-999,74.8,-999,-999,-999,CN_Analyser,39.27,-999,LECO_AMA-2,18.4,-999,0.046855,-999,-999,-999,na,SZ,0,0
IN2,Inuvik,CANADA,52,2020-05-07,na,Peter_Outridge,pmoutridge@gmail.com,Outridge_et_al_2016,68.31333,-133.384167,na,na,Sphagnum_and_sedge_peat_(palsa_bog),-999,-999,77.1,-999,-999,-999,CN_Analyser,36.55,-999,LECO_AMA-2,16.1,-999,0.044049,-999,-999,-999,na,SZ,0,0
IN2,Inuvik,CANADA,54,2020-05-07,na,Peter_Outridge,pmoutridge@gmail.com,Outridge_et_al_2016,68.31333,-133.384167,na,na,Sphagnum_and_sedge_peat_(palsa_bog),-999,-999,79.7,-999,-999,-999,CN_Analyser,36.95,-999,LECO_AMA-2,14.03,-999,0.03797,-999,-999,-999,na,SZ,0,0
IN2,Inuvik,CANADA,56,2020-05-07,na,Peter_Outridge,pmoutridge@gmail.com,Outridge_et_al_2016,68.31333,-133.384167,na,na,Sphagnum_and_sedge_peat_(palsa_bog),-999,-999,82.3,-999,-999,-999,CN_Analyser,36.18,-999,LECO_AMA-2,13.34,-999,0.036871,-999,-999,-999,na,SZ,0,0
IN2,Inuvik,CANADA,58,2020-05-07,na,Peter_Outridge,pmoutridge@gmail.com,Outridge_et_al_2016,68.31333,-133.384167,na,na,Sphagnum_and_sedge_peat_(palsa_bog),-999,-999,84.9,-999,-999,-999,CN_Analyser,36.82,-999,LECO_AMA-2,19.55,-999,0.053096,-999,-999,-999,na,SZ,0,0
IN2,Inuvik,CANADA,60,2020-05-07,na,Peter_Outridge,pmoutridge@gmail.com,Outridge_et_al_2016,68.31333,-133.384167,na,na,Sphagnum_and_sedge_peat_(palsa_bog),-999,-999,87.5,-999,-999,-999,CN_Analyser,36.54,-999,LECO_AMA-2,16.79,-999,0.04595,-999,-999,-999,na,SZ,0,0
IN2,Inuvik,CANADA,62,2020-05-07,na,Peter_Outridge,pmoutridge@gmail.com,Outridge_et_al_2016,68.31333,-133.384167,na,na,Sphagnum_and_sedge_peat_(palsa_bog),-999,-999,90.7,-999,-999,-999,CN_Analyser,39.75,-999,LECO_AMA-2,24.27,-999,0.061044,-999,-999,-999,na,SZ,0,0
IN2,Inuvik,CANADA,64,2020-05-07,na,Peter_Outridge,pmoutridge@gmail.com,Outridge_et_al_2016,68.31333,-133.384167,na,na,Sphagnum_and_sedge_peat_(palsa_bog),-999,-999,93.5,-999,-999,-999,CN_Analyser,42.11,-999,LECO_AMA-2,28.46,-999,0.067591,-999,-999,-999,na,SZ,0,0
IN2,Inuvik,CANADA,66,2020-05-07,na,Peter_Outridge,pmoutridge@gmail.com,Outridge_et_al_2016,68.31333,-133.384167,na,na,Sphagnum_and_sedge_peat_(palsa_bog),-999,-999,96.3,-999,-999,-999,CN_Analyser,38.21,-999,LECO_AMA-2,19.32,-999,0.050563,-999,-999,-999,na,SZ,0,0
IN2,Inuvik,CANADA,68,2020-05-07,na,Peter_Outridge,pmoutridge@gmail.com,Outridge_et_al_2016,68.31333,-133.384167,na,na,Sphagnum_and_sedge_peat_(palsa_bog),-999,-999,99.3,-999,-999,-999,CN_Analyser,43.49,-999,LECO_AMA-2,29.21,-999,0.067165,-999,-999,-999,na,SZ,0,0
IN2,Inuvik,CANADA,70,2020-05-07,na,Peter_Outridge,pmoutridge@gmail.com,Outridge_et_al_2016,68.31333,-133.384167,na,na,Sphagnum_and_sedge_peat_(palsa_bog),-999,-999,102,-999,-999,-999,CN_Analyser,43.78,-999,LECO_AMA-2,33.93,-999,0.07749,-999,-999,-999,na,SZ,0,0
IN2,Inuvik,CANADA,72,2020-05-07,na,Peter_Outridge,pmoutridge@gmail.com,Outridge_et_al_2016,68.31333,-133.384167,na,na,Sphagnum_and_sedge_peat_(palsa_bog),-999,-999,105.6,-999,-999,-999,CN_Analyser,40.55,-999,LECO_AMA-2,31.74,-999,0.078274,-999,-999,-999,na,SZ,0,0
IN2,Inuvik,CANADA,74,2020-05-07,na,Peter_Outridge,pmoutridge@gmail.com,Outridge_et_al_2016,68.31333,-133.384167,na,na,Sphagnum_and_sedge_peat_(palsa_bog),-999,-999,108.2,-999,-999,-999,CN_Analyser,41.72,-999,LECO_AMA-2,37.61,-999,0.090137,-999,-999,-999,na,SZ,0,0
IN2,Inuvik,CANADA,76,2020-05-07,na,Peter_Outridge,pmoutridge@gmail.com,Outridge_et_al_2016,68.31333,-133.384167,na,na,Sphagnum_and_sedge_peat_(palsa_bog),-999,-999,110.5,-999,-999,-999,CN_Analyser,40.99,-999,LECO_AMA-2,33.01,-999,0.08052,-999,-999,-999,na,SZ,0,0
IN2,Inuvik,CANADA,78,2020-05-07,na,Peter_Outridge,pmoutridge@gmail.com,Outridge_et_al_2016,68.31333,-133.384167,na,na,Sphagnum_and_sedge_peat_(palsa_bog),-999,-999,113,-999,-999,-999,CN_Analyser,39.89,-999,LECO_AMA-2,34.62,-999,0.086776,-999,-999,-999,na,SZ,0,0
IN2,Inuvik,CANADA,80,2020-05-07,na,Peter_Outridge,pmoutridge@gmail.com,Outridge_et_al_2016,68.31333,-133.384167,na,na,Sphagnum_and_sedge_peat_(palsa_bog),-999,-999,115.5,-999,-999,-999,CN_Analyser,39.08,-999,LECO_AMA-2,31.86,-999,0.081512,-999,-999,-999,na,SZ,0,0
IN2,Inuvik,CANADA,82,2020-05-07,na,Peter_Outridge,pmoutridge@gmail.com,Outridge_et_al_2016,68.31333,-133.384167,na,na,Sphagnum_and_sedge_peat_(palsa_bog),-999,-999,118.1,-999,-999,-999,CN_Analyser,38.2,-999,LECO_AMA-2,31.28,-999,0.081885,-999,-999,-999,na,SZ,0,0
IN2,Inuvik,CANADA,84,2020-05-07,na,Peter_Outridge,pmoutridge@gmail.com,Outridge_et_al_2016,68.31333,-133.384167,na,na,Sphagnum_and_sedge_peat_(palsa_bog),-999,-999,121,-999,-999,-999,CN_Analyser,37.7,-999,LECO_AMA-2,31.51,-999,0.083581,-999,-999,-999,na,SZ,0,0
IN2,Inuvik,CANADA,86,2020-05-07,na,Peter_Outridge,pmoutridge@gmail.com,Outridge_et_al_2016,68.31333,-133.384167,na,na,Sphagnum_and_sedge_peat_(palsa_bog),-999,-999,123.5,-999,-999,-999,CN_Analyser,43.2,-999,LECO_AMA-2,36.69,-999,0.084919,-999,-999,-999,na,SZ,0,0
IN2,Inuvik,CANADA,88,2020-05-07,na,Peter_Outridge,pmoutridge@gmail.com,Outridge_et_al_2016,68.31333,-133.384167,na,na,Sphagnum_and_sedge_peat_(palsa_bog),-999,-999,127.1,-999,-999,-999,CN_Analyser,40.87,-999,LECO_AMA-2,27.95,-999,0.068375,-999,-999,-999,na,SZ,0,0
IN2,Inuvik,CANADA,90,2020-05-07,na,Peter_Outridge,pmoutridge@gmail.com,Outridge_et_al_2016,68.31333,-133.384167,na,na,Sphagnum_and_sedge_peat_(palsa_bog),-999,-999,129.6,-999,-999,-999,CN_Analyser,41.71,-999,LECO_AMA-2,38.76,-999,0.092915,-999,-999,-999,na,SZ,0,0
IN2,Inuvik,CANADA,92,2020-05-07,na,Peter_Outridge,pmoutridge@gmail.com,Outridge_et_al_2016,68.31333,-133.384167,na,na,Sphagnum_and_sedge_peat_(palsa_bog),-999,-999,132.6,-999,-999,-999,CN_Analyser,42.81,-999,LECO_AMA-2,40.94,-999,0.095632,-999,-999,-999,na,SZ,0,0
IN2,Inuvik,CANADA,94,2020-05-07,na,Peter_Outridge,pmoutridge@gmail.com,Outridge_et_al_2016,68.31333,-133.384167,na,na,Sphagnum_and_sedge_peat_(palsa_bog),-999,-999,135,-999,-999,-999,CN_Analyser,42.72,-999,LECO_AMA-2,51.75,-999,0.121138,-999,-999,-999,na,SZ,0,0
IN2,Inuvik,CANADA,96,2020-05-07,na,Peter_Outridge,pmoutridge@gmail.com,Outridge_et_al_2016,68.31333,-133.384167,na,na,Sphagnum_and_sedge_peat_(palsa_bog),-999,-999,137.3,-999,-999,-999,CN_Analyser,43.53,-999,LECO_AMA-2,54.97,-999,0.126281,-999,-999,-999,na,SZ,0,0
IN2,Inuvik,CANADA,98,2020-05-07,na,Peter_Outridge,pmoutridge@gmail.com,Outridge_et_al_2016,68.31333,-133.384167,na,na,Sphagnum_and_sedge_peat_(palsa_bog),-999,-999,139.6,-999,-999,-999,CN_Analyser,41.5,-999,LECO_AMA-2,50.83,-999,0.122482,-999,-999,-999,na,SZ,0,0
IN2,Inuvik,CANADA,100,2020-05-07,na,Peter_Outridge,pmoutridge@gmail.com,Outridge_et_al_2016,68.31333,-133.384167,na,na,Sphagnum_and_sedge_peat_(palsa_bog),-999,-999,142.1,-999,-999,-999,CN_Analyser,41.37,-999,LECO_AMA-2,49.22,-999,0.118975,-999,-999,-999,na,SZ,0,0
IN2,Inuvik,CANADA,102,2020-05-07,na,Peter_Outridge,pmoutridge@gmail.com,Outridge_et_al_2016,68.31333,-133.384167,na,na,Sphagnum_and_sedge_peat_(palsa_bog),-999,-999,144.3,-999,-999,-999,CN_Analyser,41.14,-999,LECO_AMA-2,40.02,-999,0.097278,-999,-999,-999,na,SZ,0,0
IN2,Inuvik,CANADA,104,2020-05-07,na,Peter_Outridge,pmoutridge@gmail.com,Outridge_et_al_2016,68.31333,-133.384167,na,na,Sphagnum_and_sedge_peat_(palsa_bog),-999,-999,146.7,-999,-999,-999,CN_Analyser,41.07,-999,LECO_AMA-2,41.17,-999,0.100243,-999,-999,-999,na,SZ,0,0
IN2,Inuvik,CANADA,106,2020-05-07,na,Peter_Outridge,pmoutridge@gmail.com,Outridge_et_al_2016,68.31333,-133.384167,na,na,Sphagnum_and_sedge_peat_(palsa_bog),-999,-999,149,-999,-999,-999,CN_Analyser,40.85,-999,LECO_AMA-2,42.67,-999,0.104443,-999,-999,-999,na,SZ,0,0
IN2,Inuvik,CANADA,108,2020-05-07,na,Peter_Outridge,pmoutridge@gmail.com,Outridge_et_al_2016,68.31333,-133.384167,na,na,Sphagnum_and_sedge_peat_(palsa_bog),-999,-999,151.5,-999,-999,-999,CN_Analyser,41.03,-999,LECO_AMA-2,45.66,-999,0.111272,-999,-999,-999,na,SZ,0,0
IN2,Inuvik,CANADA,110,2020-05-07,na,Peter_Outridge,pmoutridge@gmail.com,Outridge_et_al_2016,68.31333,-133.384167,na,na,Sphagnum_and_sedge_peat_(palsa_bog),-999,-999,154.1,-999,-999,-999,CN_Analyser,39.91,-999,LECO_AMA-2,48.53,-999,0.121599,-999,-999,-999,na,SZ,0,0
IN2,Inuvik,CANADA,112,2020-05-07,na,Peter_Outridge,pmoutridge@gmail.com,Outridge_et_al_2016,68.31333,-133.384167,na,na,Sphagnum_and_sedge_peat_(palsa_bog),-999,-999,156.5,-999,-999,-999,CN_Analyser,41.04,-999,LECO_AMA-2,41.06,-999,0.100037,-999,-999,-999,na,SZ,0,0
IN2,Inuvik,CANADA,114,2020-05-07,na,Peter_Outridge,pmoutridge@gmail.com,Outridge_et_al_2016,68.31333,-133.384167,na,na,Sphagnum_and_sedge_peat_(palsa_bog),-999,-999,159.1,-999,-999,-999,CN_Analyser,40.23,-999,LECO_AMA-2,51.87,-999,0.128921,-999,-999,-999,na,SZ,0,0
IN2,Inuvik,CANADA,116,2020-05-07,na,Peter_Outridge,pmoutridge@gmail.com,Outridge_et_al_2016,68.31333,-133.384167,na,na,Sphagnum_and_sedge_peat_(palsa_bog),-999,-999,161.6,-999,-999,-999,CN_Analyser,40.1,-999,LECO_AMA-2,46,-999,0.114713,-999,-999,-999,na,SZ,0,0
IN2,Inuvik,CANADA,A_(ground_surface),2020-05-07,na,Peter_Outridge,pmoutridge@gmail.com,Outridge_et_al_2016,68.31333,-133.384167,na,na,Sphagnum_and_sedge_peat_(palsa_bog),-999,-999,1.3,-999,-999,-999,CN_Analyser,37.55,-999,LECO_AMA-2,156.5,-999,0.416769,-999,-999,-999,na,SZ,0,0
IN2,Inuvik,CANADA,B,2020-05-07,na,Peter_Outridge,pmoutridge@gmail.com,Outridge_et_al_2016,68.31333,-133.384167,na,na,Sphagnum_and_sedge_peat_(palsa_bog),-999,-999,2.6,-999,-999,-999,CN_Analyser,39.14,-999,LECO_AMA-2,181.89,-999,0.464715,-999,-999,-999,na,SZ,0,0
Qaqortoq,Greenland,GREENLAND,Qaqortoq_soil,1994,Copenhagen,Frank_Rigét,ffr@bios.au.dk,Riget_2000,60.7221,-46.040291,NA,NA,NA,-999,-999,7.5,-999,-999,-999,"LOIconversion,LOIisreportedas%inpaper,convertedtofractionhereforusewithHugeliusequation(Hugeliusequationmultipliedby100toprovide%asKevinaskedfor)",2.03,-999,HNO3-CVAAS,30,10.5,-999,-999,-999,-999,NA,KSP,,0
Qaqortoq,Greenland,GREENLAND,Qaqortoq_humus,1994,Copenhagen,Frank_Rigét,ffr@bios.au.dk,Riget_2000,60.7221,-46.040291,NA,NA,NA,-999,-999,7.5,-999,-999,-999,"LOIconversion,LOIisreportedas%inpaper,convertedtofractionhereforusewithHugeliusequation(Hugeliusequationmultipliedby100toprovide%asKevinaskedfor)",2.03,-999,HNO3-CVAAS,75.1,24.4075,-999,-999,-999,-999,NA,KSP,,0
Nuuk,Greenland,GREENLAND,Nuuk_soil,1994,Copenhagen,Frank_Rigét,ffr@bios.au.dk,Riget_2000,64.1814,-51.6941,NA,NA,NA,-999,-999,7.5,-999,-999,-999,"LOIconversion,LOIisreportedas%inpaper,convertedtofractionhereforusewithHugeliusequation(Hugeliusequationmultipliedby100toprovide%asKevinaskedfor)",5.93,-999,HNO3-CVAAS,20,4.096,-999,-999,-999,-999,NA,KSP,,0
Nuuk,Greenland,GREENLAND,Nuuk_humus,1994,Copenhagen,Frank_Rigét,ffr@bios.au.dk,Riget_2000,64.1814,-51.6941,NA,NA,NA,-999,-999,7.5,-999,-999,-999,"LOIconversion,LOIisreportedas%inpaper,convertedtofractionhereforusewithHugeliusequation(Hugeliusequationmultipliedby100toprovide%asKevinaskedfor)",5.93,-999,HNO3-CVAAS,117,12.9519,-999,-999,-999,-999,NA,KSP,,0
Tasiilaq,Greenland,GREENLAND,Tasiilaq_soil,1994,Copenhagen,Frank_Rigét,ffr@bios.au.dk,Riget_2000,65.6135,-37.6336,NA,NA,NA,-999,-999,7.5,-999,-999,-999,"LOIconversion,LOIisreportedas%inpaper,convertedtofractionhereforusewithHugeliusequation(Hugeliusequationmultipliedby100toprovide%asKevinaskedfor)",0.8,-999,HNO3-CVAAS,10,-999,-999,-999,-999,-999,NA,KSP,,0
Tasiilaq,Greenland,GREENLAND,Tasiilaq_humus,1994,Copenhagen,Frank_Rigét,ffr@bios.au.dk,Riget_2000,65.6135,-37.6336,NA,NA,NA,-999,-999,7.5,-999,-999,-999,"LOIconversion,LOIisreportedas%inpaper,convertedtofractionhereforusewithHugeliusequation(Hugeliusequationmultipliedby100toprovide%asKevinaskedfor)",0.8,-999,HNO3-CVAAS,19.9,5.62175,-999,-999,-999,-999,NA,KSP,,0
Avanersuaq,Greenland,GREENLAND,Avanersuaq_soil,1994,Copenhagen,Frank_Rigét,ffr@bios.au.dk,Riget_2000,77.1286,-67.8998,NA,NA,NA,-999,-999,7.5,-999,-999,-999,"LOIconversion,LOIisreportedas%inpaper,convertedtofractionhereforusewithHugeliusequation(Hugeliusequationmultipliedby100toprovide%asKevinaskedfor)",1.69,-999,HNO3-CVAAS,10,-999,-999,-999,-999,-999,NA,KSP,,0
Avanersuaq,Greenland,GREENLAND,Avanersuaq_humus,1994,Copenhagen,Frank_Rigét,ffr@bios.au.dk,Riget_2000,77.1286,-67.8998,NA,NA,NA,-999,-999,7.5,-999,-999,-999,"LOIconversion,LOIisreportedas%inpaper,convertedtofractionhereforusewithHugeliusequation(Hugeliusequationmultipliedby100toprovide%asKevinaskedfor)",1.69,-999,HNO3-CVAAS,36.7,10.0925,-999,-999,-999,-999,NA,KSP,,0
Yukechi_Alas, Yakutia,RUSSIA,YED1-48-54,2015-03-01,Alfred_Wegener_Institute_Helmholtz-Centre_for_Polar_and_Marine_Research__Potsdam__Germany,Jens_Strauss,jens.strauss@awi.de,Rutkowski_2021,61.75967,130.47438,dry_yedoma,NA,NA,48,54,51,-999,-999,-999,Elementar_varioMAX_C_Analyzer,0.819,-999,DMA-80,17.55,-999,2.142857143,-999,-999,-999,NA,AA,0,0
Yukechi_Alas, Yakutia,RUSSIA,ALAS1_25-29,2015-03-01,Alfred_Wegener_Institute_Helmholtz-Centre_for_Polar_and_Marine_Research__Potsdam__Germany,Jens_Strauss,jens.strauss@awi.de,Rutkowski_2021,61.7649,130.46503,dry_alas,NA,NA,25,29,27,-999,-999,-999,Elementar_varioMAX_C_Analyzer,0.1,-999,DMA-80,6.72,-999,6.72,-999,-999,-999,NA,AA,0,0
Bonanza_Creek,Fairbanks,USA,B-11,2004,USGS,Paul_Schuster,pschuste@usgs.gov,Schuster_2018,64.7044,-148.2969,Peat,na,na,-999,-999,41.4,0,-999,-999,NA,38.2,-999,na,75.49,-999,0.198,-999,-999,-999,too_broken_to_get_V;_used_average_from_AL_to_est_BD;_used_avg_SOC_from_BZ-EK_cores_to_est_SOC,LT,0,0
Bonanza_Creek,Fairbanks,USA,B-12,2004,USGS,Paul_Schuster,pschuste@usgs.gov,Schuster_2018,64.7044,-148.2969,Peat,na,na,-999,-999,44.3,0,-999,-999,NA,38.2,-999,na,67.78,-999,0.177,-999,-999,-999,too_broken_to_get_V;_used_average_from_AL_to_est_BD;_used_avg_SOC_from_BZ-EK_cores_to_est_SOC,LT,0,0
Bonanza_Creek,Fairbanks,USA,B-13,2004,USGS,Paul_Schuster,pschuste@usgs.gov,Schuster_2018,64.7044,-148.2969,Peat,na,na,-999,-999,47.3,0,-999,-999,NA,38.2,-999,na,63.01,-999,0.165,-999,-999,-999,too_broken_to_get_V;_used_average_from_AL_to_est_BD;_used_avg_SOC_from_BZ-EK_cores_to_est_SOC,LT,0,0
Bonanza_Creek,Fairbanks,USA,B-14,2004,USGS,Paul_Schuster,pschuste@usgs.gov,Schuster_2018,64.7044,-148.2969,Peat,na,na,-999,-999,51.1,0,-999,-999,NA,38.2,-999,na,59.81,-999,0.157,-999,-999,-999,too_broken_to_get_V;_used_average_from_AL_to_est_BD;_used_avg_SOC_from_BZ-EK_cores_to_est_SOC,LT,0,0
Bonanza_Creek,Fairbanks,USA,B-15,2004,USGS,Paul_Schuster,pschuste@usgs.gov,Schuster_2018,64.7044,-148.2969,Peat,na,na,-999,-999,56.4,0,-999,-999,NA,38.2,-999,na,60.56,-999,0.159,-999,-999,-999,too_broken_to_get_V;_used_average_from_AL_to_est_BD;_used_avg_SOC_from_BZ-EK_cores_to_est_SOC,LT,0,0
Eagle,Fairbanks,USA,AM-4-0-1.6,2004,na,Paul_Schuster,pschuste@usgs.gov,Schuster_2018,64.7931,-141.2119,na,na,na,-999,-999,15.8,-999,-999,0,NA,14.323,-999,na,98.59,-999,0.688,-999,-999,-999,no_ice,LT,0,0
Eagle,Fairbanks,USA,AM-4-1.6-3.2,2004,na,Paul_Schuster,pschuste@usgs.gov,Schuster_2018,64.7931,-141.2119,na,na,na,-999,-999,17.4,-999,-999,0,NA,17.309,-999,na,114.84,-999,0.663,-999,-999,-999,little_ice,LT,0,0
Eagle,Fairbanks,USA,AM-4-3.2-4.6,2004,na,Paul_Schuster,pschuste@usgs.gov,Schuster_2018,64.7931,-141.2119,na,na,na,-999,-999,19,-999,-999,0,NA,10.172,-999,na,110.47,-999,1.086,-999,-999,-999,"little_ice,_soil",LT,0,0
Eagle,Fairbanks,USA,AM-4-4.6-6.2,2004,na,Paul_Schuster,pschuste@usgs.gov,Schuster_2018,64.7931,-141.2119,na,na,na,-999,-999,20.5,-999,-999,0,NA,5.891,-999,na,113.39,-999,1.925,-999,-999,-999,little_ice,LT,0,0
Eagle,Fairbanks,USA,AM-4-6.2-7.8,2004,na,Paul_Schuster,pschuste@usgs.gov,Schuster_2018,64.7931,-141.2119,na,na,na,-999,-999,22.1,-999,-999,0,NA,4.852,-999,na,117.95,-999,2.431,-999,-999,-999,grass!_Some_ice,LT,0,0
Eagle,Fairbanks,USA,AM-4-7.8-9.4,2004,na,Paul_Schuster,pschuste@usgs.gov,Schuster_2018,64.7931,-141.2119,na,na,na,-999,-999,23.7,-999,-999,0,NA,4.215,-999,na,109.99,-999,2.61,-999,-999,-999,"chunks_of_ice,_some_small_roots",LT,0,0
Eagle,Fairbanks,USA,AM-4-9.4-11,2004,na,Paul_Schuster,pschuste@usgs.gov,Schuster_2018,64.7931,-141.2119,na,na,na,-999,-999,25.3,-999,-999,0,NA,3.855,-999,na,127.55,-999,3.309,-999,-999,-999,"some_ice_(small_pieces),_small_roots",LT,0,0
Eagle,Fairbanks,USA,AM-4-11-12.6,2004,na,Paul_Schuster,pschuste@usgs.gov,Schuster_2018,64.7931,-141.2119,na,na,na,-999,-999,27,-999,-999,0,NA,2.438,-999,na,125.29,-999,5.139,-999,-999,-999,some_ice_and_small_roots,LT,0,0
Eagle,Fairbanks,USA,AM-4-12.6-14.2,2004,na,Paul_Schuster,pschuste@usgs.gov,Schuster_2018,64.7931,-141.2119,na,na,na,-999,-999,28.6,-999,-999,0,NA,3.291,-999,na,99.31,-999,3.017,-999,-999,-999,organics_(pine_needles?),LT,0,0
Eagle,Fairbanks,USA,AM-4-14.2-15.8,2004,na,Paul_Schuster,pschuste@usgs.gov,Schuster_2018,64.7931,-141.2119,na,na,na,-999,-999,30.2,-999,-999,0,NA,4.005,-999,na,152.69,-999,3.812,-999,-999,-999,"ice_lens,_roots",LT,0,0
Eagle,Fairbanks,USA,AM-4-15.8-17.8,2004,na,Paul_Schuster,pschuste@usgs.gov,Schuster_2018,64.7931,-141.2119,na,na,na,-999,-999,33.9,-999,-999,0,NA,4.564,-999,na,175.97,-999,3.855,-999,-999,-999,organics_and_small_pockets_of_ice,LT,0,0
Eagle,Fairbanks,USA,AM-4-21.5-23.1,2004,na,Paul_Schuster,pschuste@usgs.gov,Schuster_2018,64.7931,-141.2119,na,na,na,-999,-999,37.5,-999,-999,0,NA,3.026,-999,na,129.27,-999,4.271,-999,-999,-999,na,LT,0,0
Eagle,Fairbanks,USA,AM-4-23.1-24.7,2004,na,Paul_Schuster,pschuste@usgs.gov,Schuster_2018,64.7931,-141.2119,na,na,na,-999,-999,39.2,-999,-999,0,NA,4.317,-999,na,188.7,-999,4.371,-999,-999,-999,not_much_ice-_some_organics,LT,0,0
Eagle,Fairbanks,USA,AM-4-24.7-26.3,2004,na,Paul_Schuster,pschuste@usgs.gov,Schuster_2018,64.7931,-141.2119,na,na,na,-999,-999,40.8,-999,-999,0,NA,4.62,-999,na,159.33,-999,3.449,-999,-999,-999,fairly_homogenous-_little_ice_with_some_organics,LT,0,0
Eagle,Fairbanks,USA,AM-4-27.9-29.5,2004,na,Paul_Schuster,pschuste@usgs.gov,Schuster_2018,64.7931,-141.2119,na,na,na,-999,-999,44,-999,-999,0,NA,3.26,-999,na,127.71,-999,3.917,-999,-999,-999,same_amt._ice_and_organics,LT,0,0
Eagle,Fairbanks,USA,AM-4-29.5-31.1,2004,na,Paul_Schuster,pschuste@usgs.gov,Schuster_2018,64.7931,-141.2119,na,na,na,-999,-999,45.6,-999,-999,0,NA,3.975,-999,na,171.46,-999,4.313,-999,-999,-999,na,LT,0,0
Eagle,Fairbanks,USA,AM-4-31.1-32.7,2004,na,Paul_Schuster,pschuste@usgs.gov,Schuster_2018,64.7931,-141.2119,na,na,na,-999,-999,47.3,-999,-999,0,NA,4.415,-999,na,124.32,-999,2.816,-999,-999,-999,"slightly_sandy_with_small_laminations,_one_ice_chunk,_no_organics",LT,0,0
Eagle,Fairbanks,USA,AM-4-32.7-34.3,2004,na,Paul_Schuster,pschuste@usgs.gov,Schuster_2018,64.7931,-141.2119,na,na,na,-999,-999,48.9,-999,-999,0,NA,3.418,-999,na,136.03,-999,3.98,-999,-999,-999,"some_ice,_very_little_organics",LT,0,0
Eagle,Fairbanks,USA,AM-4-34.3-35.9,2004,na,Paul_Schuster,pschuste@usgs.gov,Schuster_2018,64.7931,-141.2119,na,na,na,-999,-999,50.5,-999,-999,0,NA,3.018,-999,na,79.02,-999,2.618,-999,-999,-999,"chunk_of_wood,_not_much_ice,_no_other_organics",LT,0,0
Eagle,Fairbanks,USA,AM-4-35.9-37.5,2004,na,Paul_Schuster,pschuste@usgs.gov,Schuster_2018,64.7931,-141.2119,na,na,na,-999,-999,52.1,-999,-999,0,NA,2.364,-999,na,108.21,-999,4.577,-999,-999,-999,"more_organic_matter,_still_very_little_ice_(no_ice_pockets)",LT,0,0
Eagle,Fairbanks,USA,AM-4-37.5-38.5,2004,na,Paul_Schuster,pschuste@usgs.gov,Schuster_2018,64.7931,-141.2119,na,na,na,-999,-999,53.4,-999,-999,0,NA,2.795,-999,na,100.28,-999,3.587,-999,-999,-999,very_homogenous,LT,0,0
Eagle,Fairbanks,USA,AM-4-38.5-40.1,2004,na,Paul_Schuster,pschuste@usgs.gov,Schuster_2018,64.7931,-141.2119,na,na,na,-999,-999,54.8,-999,-999,0,NA,3.062,-999,na,125.55,-999,4.101,-999,-999,-999,"slightly_sandy,_very_small_ice_pockets,_some_organics",LT,0,0
Eagle,Fairbanks,USA,AM-4-40.1-41.7,2004,na,Paul_Schuster,pschuste@usgs.gov,Schuster_2018,64.7931,-141.2119,na,na,na,-999,-999,56.4,-999,-999,0,NA,3.467,-999,na,149.81,-999,4.321,-999,-999,-999,homogenous-_little_ice,LT,0,0
Eagle,Fairbanks,USA,AM-4-41.7-43.4,2004,na,Paul_Schuster,pschuste@usgs.gov,Schuster_2018,64.7931,-141.2119,na,na,na,-999,-999,58.1,-999,-999,0,NA,3.654,-999,na,150.26,-999,4.112,-999,-999,-999,ice_chunk!_And_wood,LT,0,0
Eagle,Fairbanks,USA,AM-4-43.4-45,2004,na,Paul_Schuster,pschuste@usgs.gov,Schuster_2018,64.7931,-141.2119,na,na,na,-999,-999,59.7,-999,-999,0,NA,2.347,-999,na,80.24,-999,3.419,-999,-999,-999,long_roots_and_big_ice_chunk,LT,0,0
Eagle,Fairbanks,USA,AM-4-45-46,2004,na,Paul_Schuster,pschuste@usgs.gov,Schuster_2018,64.7931,-141.2119,na,na,na,-999,-999,61,-999,-999,0,NA,2.594,-999,na,65.22,-999,2.514,-999,-999,-999,wood_and_long_roots,LT,0,0
Eagle,Fairbanks,USA,AM-4-46-47.2,2004,na,Paul_Schuster,pschuste@usgs.gov,Schuster_2018,64.7931,-141.2119,na,na,na,-999,-999,62.2,-999,-999,0,NA,3.137,-999,na,126.29,-999,4.025,-999,-999,-999,"big_ice_lenses,_some_roots",LT,0,0
Eagle,Fairbanks,USA,AM-4-47.2-48.8,2004,na,Paul_Schuster,pschuste@usgs.gov,Schuster_2018,64.7931,-141.2119,na,na,na,-999,-999,63.6,-999,-999,0,NA,2.896,-999,na,107.45,-999,3.711,-999,-999,-999,"big_ice_lenses,_some_roots",LT,0,0
Eagle,Fairbanks,USA,AM-4-48.8-50.4,2004,na,Paul_Schuster,pschuste@usgs.gov,Schuster_2018,64.7931,-141.2119,na,na,na,-999,-999,65.2,-999,-999,0,NA,3.195,-999,na,125.07,-999,3.914,-999,-999,-999,ice_lenses_and_roots,LT,0,0
Eagle,Fairbanks,USA,AM-4-50.4-52,2004,na,Paul_Schuster,pschuste@usgs.gov,Schuster_2018,64.7931,-141.2119,na,na,na,-999,-999,66.8,-999,-999,0,NA,3.148,-999,na,113.24,-999,3.597,-999,-999,-999,"big_roots,_ice_lenses",LT,0,0
Eagle,Fairbanks,USA,AM-4-52-53,2004,na,Paul_Schuster,pschuste@usgs.gov,Schuster_2018,64.7931,-141.2119,na,na,na,-999,-999,68.6,-999,-999,0,NA,3.257,-999,na,128.36,-999,3.942,-999,-999,-999,large_ice_lenses,LT,0,0
Eagle,Fairbanks,USA,AM-4-54-55.6,2004,na,Paul_Schuster,pschuste@usgs.gov,Schuster_2018,64.7931,-141.2119,na,na,na,-999,-999,70.5,-999,-999,0,NA,2.323,-999,na,91.74,-999,3.949,-999,-999,-999,"pore_spaces,_roots",LT,0,0
Eagle,Fairbanks,USA,AM-4-55.6-57.2,2004,na,Paul_Schuster,pschuste@usgs.gov,Schuster_2018,64.7931,-141.2119,na,na,na,-999,-999,72.1,-999,-999,0,NA,2.338,-999,na,92.45,-999,3.955,-999,-999,-999,roots,LT,0,0
Eagle,Fairbanks,USA,AM-4-57.2-58.8,2004,na,Paul_Schuster,pschuste@usgs.gov,Schuster_2018,64.7931,-141.2119,na,na,na,-999,-999,73.7,-999,-999,0,NA,3.776,-999,na,147.18,-999,3.898,-999,-999,-999,ice_lenses_and_roots,LT,0,0
Eagle,Fairbanks,USA,AM-4-58.8-60,2004,na,Paul_Schuster,pschuste@usgs.gov,Schuster_2018,64.7931,-141.2119,na,na,na,-999,-999,75.1,-999,-999,0,NA,3.262,-999,na,135.54,-999,4.155,-999,-999,-999,ice_lenses_and_roots,LT,0,0
Eagle,Fairbanks,USA,AM-4-60-61.6,2004,na,Paul_Schuster,pschuste@usgs.gov,Schuster_2018,64.7931,-141.2119,na,na,na,-999,-999,76.5,-999,-999,0,NA,2.538,-999,na,95.01,-999,3.743,-999,-999,-999,na,LT,0,0
Eagle,Fairbanks,USA,AM-4-61.6-63.2,2004,na,Paul_Schuster,pschuste@usgs.gov,Schuster_2018,64.7931,-141.2119,na,na,na,-999,-999,78.2,-999,-999,0,NA,3.261,-999,na,131.35,-999,4.028,-999,-999,-999,na,LT,0,0
Eagle,Fairbanks,USA,AM-4-63.2-65.2,2004,na,Paul_Schuster,pschuste@usgs.gov,Schuster_2018,64.7931,-141.2119,na,na,na,-999,-999,79.9,-999,-999,0,NA,3.47,-999,na,149.48,-999,4.307,-999,-999,-999,roots,LT,0,0
Eagle,Fairbanks,USA,AM-4-65-66.6,2004,na,Paul_Schuster,pschuste@usgs.gov,Schuster_2018,64.7931,-141.2119,na,na,na,-999,-999,81.6,-999,-999,0,NA,2.053,-999,na,84.5,-999,4.116,-999,-999,-999,organics,LT,0,0
Eagle,Fairbanks,USA,AM-4-66.6-68.2,2004,na,Paul_Schuster,pschuste@usgs.gov,Schuster_2018,64.7931,-141.2119,na,na,na,-999,-999,83.2,-999,-999,0,NA,1.873,-999,na,63.71,-999,3.401,-999,-999,-999,abundant_organics,LT,0,0
Eagle,Fairbanks,USA,AM-4-68.2-69.8,2004,na,Paul_Schuster,pschuste@usgs.gov,Schuster_2018,64.7931,-141.2119,na,na,na,-999,-999,84.8,-999,-999,0,NA,4.526,-999,na,128.84,-999,2.847,-999,-999,-999,abundant_organics,LT,0,0
Eagle,Fairbanks,USA,AM-4-69.8-71.4,2004,na,Paul_Schuster,pschuste@usgs.gov,Schuster_2018,64.7931,-141.2119,na,na,na,-999,-999,86.5,-999,-999,0,NA,3.023,-999,na,95.97,-999,3.174,-999,-999,-999,na,LT,0,0
Eagle,Fairbanks,USA,AM-4-71.4-73,2004,na,Paul_Schuster,pschuste@usgs.gov,Schuster_2018,64.7931,-141.2119,na,na,na,-999,-999,88.1,-999,-999,0,NA,2.606,-999,na,107.91,-999,4.14,-999,-999,-999,sandy_and_organic_rich,LT,0,0
Eagle,Fairbanks,USA,AM-4-73-74.6,2004,na,Paul_Schuster,pschuste@usgs.gov,Schuster_2018,64.7931,-141.2119,na,na,na,-999,-999,89.7,-999,-999,0,NA,1.26,-999,na,59.55,-999,4.727,-999,-999,-999,sandy_and_very_little_ice_(core_does_not_become_muddy_when_sitting_out),LT,0,0
Eagle,Fairbanks,USA,AM-4-74.6-76.2,2004,na,Paul_Schuster,pschuste@usgs.gov,Schuster_2018,64.7931,-141.2119,na,na,na,-999,-999,91.3,-999,-999,0,NA,1.84,-999,na,58.84,-999,3.197,-999,-999,-999,very_sandy_with_wood_(still_very_little_ice),LT,0,0
Eagle,Fairbanks,USA,AM-4-76.2-77.8,2004,na,Paul_Schuster,pschuste@usgs.gov,Schuster_2018,64.7931,-141.2119,na,na,na,-999,-999,92.9,-999,-999,0,NA,0.998,-999,na,44.22,-999,4.432,-999,-999,-999,"very_sandy,_very_little_ice",LT,0,0
Coldfoot,North_Slope,USA,CF-1,2005,na,Paul_Schuster,pschuste@usgs.gov,Schuster_2018,66.8969,-150.5069,na,na,na,-999,-999,45.8,-999,-999,1,NA,28.44,-999,na,99.3,-999,0.349,-999,-999,-999,NA,LT,0,0
Coldfoot,North_Slope,USA,CF-2,2005,na,Paul_Schuster,pschuste@usgs.gov,Schuster_2018,66.8969,-150.5069,na,na,na,-999,-999,47.4,-999,-999,1,NA,25.11,-999,na,124.58,-999,0.496,-999,-999,-999,NA,LT,0,0
Coldfoot,North_Slope,USA,CF-3,2005,na,Paul_Schuster,pschuste@usgs.gov,Schuster_2018,66.8969,-150.5069,na,na,na,-999,-999,49.1,-999,-999,1,NA,26.086,-999,na,121.58,-999,0.466,-999,-999,-999,NA,LT,0,0
Coldfoot,North_Slope,USA,CF-4,2005,na,Paul_Schuster,pschuste@usgs.gov,Schuster_2018,66.8969,-150.5069,na,na,na,-999,-999,50.7,-999,-999,1,NA,24.953,-999,na,115.05,-999,0.461,-999,-999,-999,NA,LT,0,0
Coldfoot,North_Slope,USA,CF-5,2005,na,Paul_Schuster,pschuste@usgs.gov,Schuster_2018,66.8969,-150.5069,na,na,na,-999,-999,52.3,-999,-999,1,NA,24.738,-999,na,120.88,-999,0.489,-999,-999,-999,NA,LT,0,0
Coldfoot,North_Slope,USA,CF-6,2005,na,Paul_Schuster,pschuste@usgs.gov,Schuster_2018,66.8969,-150.5069,na,na,na,-999,-999,53.9,-999,-999,1,NA,28.684,-999,na,104.35,-999,0.364,-999,-999,-999,NA,LT,0,0
Coldfoot,North_Slope,USA,CF-7,2005,na,Paul_Schuster,pschuste@usgs.gov,Schuster_2018,66.8969,-150.5069,na,na,na,-999,-999,55.5,-999,-999,1,NA,37.42,-999,na,88.69,-999,0.237,-999,-999,-999,NA,LT,0,0
Coldfoot,North_Slope,USA,CF-8,2005,na,Paul_Schuster,pschuste@usgs.gov,Schuster_2018,66.8969,-150.5069,na,na,na,-999,-999,57.2,-999,-999,1,NA,35.51,-999,na,112.98,-999,0.318,-999,-999,-999,NA,LT,0,0
Coldfoot,North_Slope,USA,CF-9,2005,na,Paul_Schuster,pschuste@usgs.gov,Schuster_2018,66.8969,-150.5069,na,na,na,-999,-999,58.8,-999,-999,1,NA,28.33,-999,na,123.36,-999,0.435,-999,-999,-999,NA,LT,0,0
Coldfoot,North_Slope,USA,CF-10,2005,na,Paul_Schuster,pschuste@usgs.gov,Schuster_2018,66.8969,-150.5069,na,na,na,-999,-999,60.4,-999,-999,1,NA,42.387,-999,na,89.28,-999,0.211,-999,-999,-999,NA,LT,0,0
Coldfoot,North_Slope,USA,CF-11,2005,na,Paul_Schuster,pschuste@usgs.gov,Schuster_2018,66.8969,-150.5069,na,na,na,-999,-999,62,-999,-999,1,NA,39.63,-999,na,94.6,-999,0.239,-999,-999,-999,NA,LT,0,0
Coldfoot,North_Slope,USA,CF-12,2005,na,Paul_Schuster,pschuste@usgs.gov,Schuster_2018,66.8969,-150.5069,na,na,na,-999,-999,63.6,-999,-999,1,NA,34.493,-999,na,94.01,-999,0.273,-999,-999,-999,NA,LT,0,0
Coldfoot,North_Slope,USA,CF-13,2005,na,Paul_Schuster,pschuste@usgs.gov,Schuster_2018,66.8969,-150.5069,na,na,na,-999,-999,65.3,-999,-999,0,NA,10.775,-999,na,106.36,-999,0.987,-999,-999,-999,NA,LT,0,0
Coldfoot,North_Slope,USA,CF-14,2005,na,Paul_Schuster,pschuste@usgs.gov,Schuster_2018,66.8969,-150.5069,na,na,na,-999,-999,66.9,-999,-999,0,NA,8.003,-999,na,101.27,-999,1.265,-999,-999,-999,NA,LT,0,0
Coldfoot,North_Slope,USA,CF-15,2005,na,Paul_Schuster,pschuste@usgs.gov,Schuster_2018,66.8969,-150.5069,na,na,na,-999,-999,68.5,-999,-999,0,NA,7.868,-999,na,92.22,-999,1.172,-999,-999,-999,NA,LT,0,0
Coldfoot,North_Slope,USA,CF-16,2005,na,Paul_Schuster,pschuste@usgs.gov,Schuster_2018,66.8969,-150.5069,na,na,na,-999,-999,70.1,-999,-999,0,NA,7.536,-999,na,93.53,-999,1.241,-999,-999,-999,NA,LT,0,0
Coldfoot,North_Slope,USA,CF-17,2005,na,Paul_Schuster,pschuste@usgs.gov,Schuster_2018,66.8969,-150.5069,na,na,na,-999,-999,71.7,-999,-999,0,NA,5.813,-999,na,89.09,-999,1.532,-999,-999,-999,NA,LT,0,0
Coldfoot,North_Slope,USA,CF-18,2005,na,Paul_Schuster,pschuste@usgs.gov,Schuster_2018,66.8969,-150.5069,na,na,na,-999,-999,73.4,-999,-999,0,NA,10.447,-999,na,121.72,-999,1.165,-999,-999,-999,NA,LT,0,0
Coldfoot,North_Slope,USA,CF-19,2005,na,Paul_Schuster,pschuste@usgs.gov,Schuster_2018,66.8969,-150.5069,na,na,na,-999,-999,77.3,-999,-999,1,NA,30.735,-999,na,207.05,-999,0.674,-999,-999,-999,NA,LT,0,0
Coldfoot,North_Slope,USA,CF-20,2005,na,Paul_Schuster,pschuste@usgs.gov,Schuster_2018,66.8969,-150.5069,na,na,na,-999,-999,80.7,-999,-999,0,NA,16.47,-999,na,134.06,-999,0.814,-999,-999,-999,NA,LT,0,0
Coldfoot,North_Slope,USA,CF-21,2005,na,Paul_Schuster,pschuste@usgs.gov,Schuster_2018,66.8969,-150.5069,na,na,na,-999,-999,81.7,-999,-999,0,NA,21.657,-999,na,154.57,-999,0.714,-999,-999,-999,NA,LT,0,0
Coldfoot,North_Slope,USA,CF-22,2005,na,Paul_Schuster,pschuste@usgs.gov,Schuster_2018,66.8969,-150.5069,na,na,na,-999,-999,84,-999,-999,0,NA,16.107,-999,na,150.91,-999,0.937,-999,-999,-999,NA,LT,0,0
Coldfoot,North_Slope,USA,CF-23,2005,na,Paul_Schuster,pschuste@usgs.gov,Schuster_2018,66.8969,-150.5069,na,na,na,-999,-999,86.3,-999,-999,0,NA,15.754,-999,na,133.68,-999,0.849,-999,-999,-999,NA,LT,0,0
Coldfoot,North_Slope,USA,CF-24,2005,na,Paul_Schuster,pschuste@usgs.gov,Schuster_2018,66.8969,-150.5069,na,na,na,-999,-999,87.9,-999,-999,1,NA,31.292,-999,na,157.9,-999,0.505,-999,-999,-999,NA,LT,0,0
Coldfoot,North_Slope,USA,CF-25,2005,na,Paul_Schuster,pschuste@usgs.gov,Schuster_2018,66.8969,-150.5069,na,na,na,-999,-999,89.5,-999,-999,1,NA,41.466,-999,na,139.65,-999,0.337,-999,-999,-999,NA,LT,0,0
Coldfoot,North_Slope,USA,CF-26,2005,na,Paul_Schuster,pschuste@usgs.gov,Schuster_2018,66.8969,-150.5069,na,na,na,-999,-999,90.8,-999,-999,1,NA,41.57,-999,na,195.98,-999,0.471,-999,-999,-999,NA,LT,0,0
Coldfoot,North_Slope,USA,CF-27,2005,na,Paul_Schuster,pschuste@usgs.gov,Schuster_2018,66.8969,-150.5069,na,na,na,-999,-999,92.4,-999,-999,1,NA,41.315,-999,na,153.37,-999,0.371,-999,-999,-999,NA,LT,0,0
Coldfoot,North_Slope,USA,CF-28,2005,na,Paul_Schuster,pschuste@usgs.gov,Schuster_2018,66.8969,-150.5069,na,na,na,-999,-999,94.1,-999,-999,1,NA,33.664,-999,na,135.83,-999,0.403,-999,-999,-999,NA,LT,0,0
Coldfoot,North_Slope,USA,CF-29,2005,na,Paul_Schuster,pschuste@usgs.gov,Schuster_2018,66.8969,-150.5069,na,na,na,-999,-999,95.4,-999,-999,0,NA,20.978,-999,na,147.16,-999,0.701,-999,-999,-999,NA,LT,0,0
Coldfoot,North_Slope,USA,CF-30,2005,na,Paul_Schuster,pschuste@usgs.gov,Schuster_2018,66.8969,-150.5069,na,na,na,-999,-999,97,-999,-999,0,NA,8.048,-999,na,94.34,-999,1.172,-999,-999,-999,NA,LT,0,0
Coldfoot,North_Slope,USA,CF-31,2005,na,Paul_Schuster,pschuste@usgs.gov,Schuster_2018,66.8969,-150.5069,na,na,na,-999,-999,98.6,-999,-999,0,NA,10.982,-999,na,118.68,-999,1.081,-999,-999,-999,NA,LT,0,0
Coldfoot,North_Slope,USA,CF-32,2005,na,Paul_Schuster,pschuste@usgs.gov,Schuster_2018,66.8969,-150.5069,na,na,na,-999,-999,100.2,-999,-999,0,NA,5.529,-999,na,82.84,-999,1.498,-999,-999,-999,NA,LT,0,0
Coldfoot,North_Slope,USA,CF-33,2005,na,Paul_Schuster,pschuste@usgs.gov,Schuster_2018,66.8969,-150.5069,na,na,na,-999,-999,101.9,-999,-999,0,NA,4.522,-999,na,71.47,-999,1.58,-999,-999,-999,NA,LT,0,0
Coldfoot,North_Slope,USA,CF-34,2005,na,Paul_Schuster,pschuste@usgs.gov,Schuster_2018,66.8969,-150.5069,na,na,na,-999,-999,103.5,-999,-999,0,NA,4.983,-999,na,72.82,-999,1.461,-999,-999,-999,NA,LT,0,0
Coldfoot,North_Slope,USA,CF-35,2005,na,Paul_Schuster,pschuste@usgs.gov,Schuster_2018,66.8969,-150.5069,na,na,na,-999,-999,105.1,-999,-999,0,NA,5.038,-999,na,78.11,-999,1.55,-999,-999,-999,NA,LT,0,0
Coldfoot,North_Slope,USA,CF-36,2005,na,Paul_Schuster,pschuste@usgs.gov,Schuster_2018,66.8969,-150.5069,na,na,na,-999,-999,106.7,-999,-999,0,NA,5.054,-999,na,83.81,-999,1.658,-999,-999,-999,NA,LT,0,0
Coldfoot,North_Slope,USA,CF-37,2005,na,Paul_Schuster,pschuste@usgs.gov,Schuster_2018,66.8969,-150.5069,na,na,na,-999,-999,108.3,-999,-999,0,NA,4.376,-999,na,73.33,-999,1.676,-999,-999,-999,NA,LT,0,0
Coldfoot,North_Slope,USA,CF-38,2005,na,Paul_Schuster,pschuste@usgs.gov,Schuster_2018,66.8969,-150.5069,na,na,na,-999,-999,110,-999,-999,0,NA,4.374,-999,na,71.59,-999,1.637,-999,-999,-999,NA,LT,0,0
Coldfoot,North_Slope,USA,CF-39,2005,na,Paul_Schuster,pschuste@usgs.gov,Schuster_2018,66.8969,-150.5069,na,na,na,-999,-999,111.6,-999,-999,0,NA,4.208,-999,na,70.19,-999,1.668,-999,-999,-999,NA,LT,0,0
Coldfoot,North_Slope,USA,CF-40,2005,na,Paul_Schuster,pschuste@usgs.gov,Schuster_2018,66.8969,-150.5069,na,na,na,-999,-999,113.2,-999,-999,0,NA,4.99,-999,na,74.13,-999,1.486,-999,-999,-999,NA,LT,0,0
Coldfoot,North_Slope,USA,CF-41,2005,na,Paul_Schuster,pschuste@usgs.gov,Schuster_2018,66.8969,-150.5069,na,na,na,-999,-999,114.8,-999,-999,0,NA,4.519,-999,na,73.74,-999,1.632,-999,-999,-999,NA,LT,0,0
Coldfoot,North_Slope,USA,CF-42,2005,na,Paul_Schuster,pschuste@usgs.gov,Schuster_2018,66.8969,-150.5069,na,na,na,-999,-999,116.4,-999,-999,0,NA,4.324,-999,na,68.24,-999,1.578,-999,-999,-999,NA,LT,0,0
Coldfoot,North_Slope,USA,CF-43,2005,na,Paul_Schuster,pschuste@usgs.gov,Schuster_2018,66.8969,-150.5069,na,na,na,-999,-999,117.8,-999,-999,0,NA,4.248,-999,na,67.48,-999,1.589,-999,-999,-999,NA,LT,0,0
Coldfoot,North_Slope,USA,CF-44,2005,na,Paul_Schuster,pschuste@usgs.gov,Schuster_2018,66.8969,-150.5069,na,na,na,-999,-999,118.8,-999,-999,0,NA,4.519,-999,na,77.57,-999,1.717,-999,-999,-999,NA,LT,0,0
Deadhorse1,North_Slope,USA,1,2009,na,Paul_Schuster,pschuste@usgs.gov,Schuster_2018,70.1653,-148.4581,Mineral,na,na,-999,-999,44.1,1,-999,0,NA,1.479,-999,na,39.53,-999,2.673,-999,-999,-999,"most_samples_are_moss,_more_roots",LT,0,0
Deadhorse1,North_Slope,USA,2,2009,na,Paul_Schuster,pschuste@usgs.gov,Schuster_2018,70.1653,-148.4581,Mineral,na,na,-999,-999,45.2,1,-999,0,NA,1.703,-999,na,61.64,-999,3.62,-999,-999,-999,NA,LT,0,0
Deadhorse1,North_Slope,USA,3,2009,na,Paul_Schuster,pschuste@usgs.gov,Schuster_2018,70.1653,-148.4581,Mineral,na,na,-999,-999,46,2,-999,0,NA,1.833,-999,na,36.64,-999,1.999,-999,-999,-999,NA,LT,0,0
Deadhorse1,North_Slope,USA,4,2009,na,Paul_Schuster,pschuste@usgs.gov,Schuster_2018,70.1653,-148.4581,Mineral,na,na,-999,-999,47.3,1,-999,0,NA,2.232,-999,na,35.33,-999,1.582,-999,-999,-999,NA,LT,0,0
Deadhorse1,North_Slope,USA,5,2009,na,Paul_Schuster,pschuste@usgs.gov,Schuster_2018,70.1653,-148.4581,Mineral,na,na,-999,-999,48.7,1,-999,0,NA,2.256,-999,na,37.78,-999,1.675,-999,-999,-999,NA,LT,0,0
Deadhorse1,North_Slope,USA,6,2009,na,Paul_Schuster,pschuste@usgs.gov,Schuster_2018,70.1653,-148.4581,Mineral,na,na,-999,-999,49.7,1,-999,0,NA,2.134,-999,na,35.81,-999,1.678,-999,-999,-999,NA,LT,0,0
Deadhorse1,North_Slope,USA,7,2009,na,Paul_Schuster,pschuste@usgs.gov,Schuster_2018,70.1653,-148.4581,Mineral,na,na,-999,-999,50.6,1,-999,0,NA,2.427,-999,na,35.6,-999,1.467,-999,-999,-999,NA,LT,0,0
Deadhorse1,North_Slope,USA,8,2009,na,Paul_Schuster,pschuste@usgs.gov,Schuster_2018,70.1653,-148.4581,Mineral,na,na,-999,-999,51.4,1,-999,0,NA,2.538,-999,na,38.49,-999,1.517,-999,-999,-999,NA,LT,0,0
Deadhorse1,North_Slope,USA,9,2009,na,Paul_Schuster,pschuste@usgs.gov,Schuster_2018,70.1653,-148.4581,Mineral,na,na,-999,-999,52.2,1,-999,0,NA,3.762,-999,na,37.41,-999,0.994,-999,-999,-999,NA,LT,0,0
Deadhorse1,North_Slope,USA,10,2009,na,Paul_Schuster,pschuste@usgs.gov,Schuster_2018,70.1653,-148.4581,Mineral,na,na,-999,-999,53.1,1,-999,0,NA,2.897,-999,na,38.5,-999,1.329,-999,-999,-999,NA,LT,0,0
Deadhorse1,North_Slope,USA,11,2009,na,Paul_Schuster,pschuste@usgs.gov,Schuster_2018,70.1653,-148.4581,Mineral,na,na,-999,-999,53.9,1,-999,0,NA,3.269,-999,na,34.08,-999,1.043,-999,-999,-999,NA,LT,0,0
Deadhorse1,North_Slope,USA,12,2009,na,Paul_Schuster,pschuste@usgs.gov,Schuster_2018,70.1653,-148.4581,Mineral,na,na,-999,-999,54.7,1,-999,0,NA,3.209,-999,na,32.27,-999,1.005,-999,-999,-999,NA,LT,0,0
Deadhorse1,North_Slope,USA,13,2009,na,Paul_Schuster,pschuste@usgs.gov,Schuster_2018,70.1653,-148.4581,Mineral,na,na,-999,-999,55.6,1,-999,0,NA,3.233,-999,na,33.84,-999,1.047,-999,-999,-999,NA,LT,0,0
Deadhorse1,North_Slope,USA,14,2009,na,Paul_Schuster,pschuste@usgs.gov,Schuster_2018,70.1653,-148.4581,Mineral,na,na,-999,-999,56.5,1,-999,0,NA,3.025,-999,na,32.85,-999,1.086,-999,-999,-999,NA,LT,0,0
Deadhorse1,North_Slope,USA,15,2009,na,Paul_Schuster,pschuste@usgs.gov,Schuster_2018,70.1653,-148.4581,Mineral,na,na,-999,-999,57.4,1,-999,0,NA,4.233,-999,na,34.34,-999,0.811,-999,-999,-999,NA,LT,0,0
Deadhorse1,North_Slope,USA,16,2009,na,Paul_Schuster,pschuste@usgs.gov,Schuster_2018,70.1653,-148.4581,Mineral,na,na,-999,-999,58.2,1,-999,0,NA,3.187,-999,na,29.33,-999,0.92,-999,-999,-999,NA,LT,0,0
Deadhorse1,North_Slope,USA,18,2009,na,Paul_Schuster,pschuste@usgs.gov,Schuster_2018,70.1653,-148.4581,Mineral,na,na,-999,-999,60,1,-999,0,NA,3.17,-999,na,36.26,-999,1.144,-999,-999,-999,NA,LT,0,0
Deadhorse1,North_Slope,USA,19,2009,na,Paul_Schuster,pschuste@usgs.gov,Schuster_2018,70.1653,-148.4581,Mineral,na,na,-999,-999,60.9,1,-999,0,NA,3.291,-999,na,31.44,-999,0.955,-999,-999,-999,NA,LT,0,0
Deadhorse1,North_Slope,USA,20,2009,na,Paul_Schuster,pschuste@usgs.gov,Schuster_2018,70.1653,-148.4581,Mineral,na,na,-999,-999,61.7,1,-999,0,NA,3.174,-999,na,29.4,-999,0.926,-999,-999,-999,NA,LT,0,0
Deadhorse1,North_Slope,USA,21,2009,na,Paul_Schuster,pschuste@usgs.gov,Schuster_2018,70.1653,-148.4581,Mineral,na,na,-999,-999,62.7,1,-999,0,NA,3.432,-999,na,35.26,-999,1.027,-999,-999,-999,NA,LT,0,0
Deadhorse1,North_Slope,USA,22,2009,na,Paul_Schuster,pschuste@usgs.gov,Schuster_2018,70.1653,-148.4581,Mineral,na,na,-999,-999,63.5,1,-999,0,NA,2.237,-999,na,69.46,-999,3.105,-999,-999,-999,NA,LT,0,0
Deadhorse1,North_Slope,USA,23,2009,na,Paul_Schuster,pschuste@usgs.gov,Schuster_2018,70.1653,-148.4581,Mineral,na,na,-999,-999,64.3,1,-999,0,NA,3.567,-999,na,48.36,-999,1.356,-999,-999,-999,NA,LT,0,0
Deadhorse1,North_Slope,USA,24,2009,na,Paul_Schuster,pschuste@usgs.gov,Schuster_2018,70.1653,-148.4581,Mineral,na,na,-999,-999,65.2,1,-999,0,NA,1.693,-999,na,39.58,-999,2.339,-999,-999,-999,NA,LT,0,0
Deadhorse1,North_Slope,USA,25,2009,na,Paul_Schuster,pschuste@usgs.gov,Schuster_2018,70.1653,-148.4581,Mineral,na,na,-999,-999,66,2,-999,0,NA,2.563,-999,na,36.35,-999,1.418,-999,-999,-999,NA,LT,0,0
Deadhorse1,North_Slope,USA,26,2009,na,Paul_Schuster,pschuste@usgs.gov,Schuster_2018,70.1653,-148.4581,Mineral,na,na,-999,-999,66.9,2,-999,0,NA,3.267,-999,na,36.63,-999,1.121,-999,-999,-999,NA,LT,0,0
Deadhorse1,North_Slope,USA,27,2009,na,Paul_Schuster,pschuste@usgs.gov,Schuster_2018,70.1653,-148.4581,Mineral,na,na,-999,-999,68,1,-999,0,NA,3.516,-999,na,35.33,-999,1.005,-999,-999,-999,NA,LT,0,0
Deadhorse1,North_Slope,USA,28,2009,na,Paul_Schuster,pschuste@usgs.gov,Schuster_2018,70.1653,-148.4581,Mineral,na,na,-999,-999,69,1,-999,0,NA,2.561,-999,na,36.31,-999,1.418,-999,-999,-999,NA,LT,0,0
Deadhorse1,North_Slope,USA,29,2009,na,Paul_Schuster,pschuste@usgs.gov,Schuster_2018,70.1653,-148.4581,Mineral,na,na,-999,-999,69.9,1,-999,0,NA,2.148,-999,na,34.75,-999,1.618,-999,-999,-999,NA,LT,0,0
Deadhorse1,North_Slope,USA,30,2009,na,Paul_Schuster,pschuste@usgs.gov,Schuster_2018,70.1653,-148.4581,Mineral,na,na,-999,-999,70.7,1,-999,0,NA,5.398,-999,na,35.98,-999,0.667,-999,-999,-999,NA,LT,0,0
Deadhorse1,North_Slope,USA,31,2009,na,Paul_Schuster,pschuste@usgs.gov,Schuster_2018,70.1653,-148.4581,Mineral,na,na,-999,-999,71.7,1,-999,0,NA,2.297,-999,na,100.71,-999,4.384,-999,-999,-999,NA,LT,0,0
Deadhorse1,North_Slope,USA,32,2009,na,Paul_Schuster,pschuste@usgs.gov,Schuster_2018,70.1653,-148.4581,Mineral,na,na,-999,-999,72.6,2,-999,0,NA,2.384,-999,na,40.37,-999,1.694,-999,-999,-999,NA,LT,0,0
Deadhorse1,North_Slope,USA,33,2009,na,Paul_Schuster,pschuste@usgs.gov,Schuster_2018,70.1653,-148.4581,Mineral,na,na,-999,-999,73.7,1,-999,0,NA,2.387,-999,na,40.36,-999,1.691,-999,-999,-999,NA,LT,0,0
Deadhorse1,North_Slope,USA,34,2009,na,Paul_Schuster,pschuste@usgs.gov,Schuster_2018,70.1653,-148.4581,Mineral,na,na,-999,-999,74.7,1,-999,0,NA,2.351,-999,na,39,-999,1.658,-999,-999,-999,NA,LT,0,0
Deadhorse1,North_Slope,USA,35,2009,na,Paul_Schuster,pschuste@usgs.gov,Schuster_2018,70.1653,-148.4581,Mineral,na,na,-999,-999,75.7,1,-999,0,NA,2.023,-999,na,45.11,-999,2.23,-999,-999,-999,NA,LT,0,0
Deadhorse1,North_Slope,USA,36,2009,na,Paul_Schuster,pschuste@usgs.gov,Schuster_2018,70.1653,-148.4581,Mineral,na,na,-999,-999,76.8,1,-999,0,NA,2.059,-999,na,38.4,-999,1.864,-999,-999,-999,NA,LT,0,0
Deadhorse1,North_Slope,USA,37,2009,na,Paul_Schuster,pschuste@usgs.gov,Schuster_2018,70.1653,-148.4581,Mineral,na,na,-999,-999,77.9,1,-999,0,NA,1.776,-999,na,40.77,-999,2.295,-999,-999,-999,NA,LT,0,0
Deadhorse1,North_Slope,USA,38,2009,na,Paul_Schuster,pschuste@usgs.gov,Schuster_2018,70.1653,-148.4581,Mineral,na,na,-999,-999,79,1,-999,0,NA,1.81,-999,na,41.12,-999,2.271,-999,-999,-999,NA,LT,0,0
Deadhorse1,North_Slope,USA,39,2009,na,Paul_Schuster,pschuste@usgs.gov,Schuster_2018,70.1653,-148.4581,Mineral,na,na,-999,-999,80,1,-999,0,NA,1.902,-999,na,41.18,-999,2.165,-999,-999,-999,NA,LT,0,0
Deadhorse1,North_Slope,USA,40,2009,na,Paul_Schuster,pschuste@usgs.gov,Schuster_2018,70.1653,-148.4581,Mineral,na,na,-999,-999,81.1,1,-999,0,NA,2.117,-999,na,40.09,-999,1.894,-999,-999,-999,NA,LT,0,0
Deadhorse1,North_Slope,USA,41,2009,na,Paul_Schuster,pschuste@usgs.gov,Schuster_2018,70.1653,-148.4581,Mineral,na,na,-999,-999,82,1,-999,0,NA,2.184,-999,na,41.9,-999,1.919,-999,-999,-999,NA,LT,0,0
Deadhorse1,North_Slope,USA,42,2009,na,Paul_Schuster,pschuste@usgs.gov,Schuster_2018,70.1653,-148.4581,Mineral,na,na,-999,-999,82.8,1,-999,0,NA,2.447,-999,na,46.66,-999,1.907,-999,-999,-999,NA,LT,0,0
Deadhorse1,North_Slope,USA,43,2009,na,Paul_Schuster,pschuste@usgs.gov,Schuster_2018,70.1653,-148.4581,Mineral,na,na,-999,-999,83.9,1,-999,0,NA,2.551,-999,na,38.12,-999,1.494,-999,-999,-999,NA,LT,0,0
Deadhorse1,North_Slope,USA,44,2009,na,Paul_Schuster,pschuste@usgs.gov,Schuster_2018,70.1653,-148.4581,Mineral,na,na,-999,-999,85,1,-999,0,NA,2.801,-999,na,39.07,-999,1.395,-999,-999,-999,NA,LT,0,0
Deadhorse1,North_Slope,USA,45,2009,na,Paul_Schuster,pschuste@usgs.gov,Schuster_2018,70.1653,-148.4581,Mineral,na,na,-999,-999,86.1,1,-999,0,NA,2.211,-999,na,39.47,-999,1.785,-999,-999,-999,NA,LT,0,0
Deadhorse1,North_Slope,USA,46,2009,na,Paul_Schuster,pschuste@usgs.gov,Schuster_2018,70.1653,-148.4581,Mineral,na,na,-999,-999,86.9,1,-999,0,NA,1.697,-999,na,40.68,-999,2.397,-999,-999,-999,NA,LT,0,0
Deadhorse1,North_Slope,USA,47,2009,na,Paul_Schuster,pschuste@usgs.gov,Schuster_2018,70.1653,-148.4581,Mineral,na,na,-999,-999,87.8,1,-999,0,NA,1.532,-999,na,41.19,-999,2.689,-999,-999,-999,NA,LT,0,0
Deadhorse1,North_Slope,USA,48,2009,na,Paul_Schuster,pschuste@usgs.gov,Schuster_2018,70.1653,-148.4581,Mineral,na,na,-999,-999,88.5,1,-999,0,NA,1.381,-999,na,40.91,-999,2.962,-999,-999,-999,NA,LT,0,0
Deadhorse1,North_Slope,USA,49,2009,na,Paul_Schuster,pschuste@usgs.gov,Schuster_2018,70.1653,-148.4581,Mineral,na,na,-999,-999,89.4,1,-999,0,NA,1.528,-999,na,41.1,-999,2.69,-999,-999,-999,NA,LT,0,0
Deadhorse1,North_Slope,USA,50,2009,na,Paul_Schuster,pschuste@usgs.gov,Schuster_2018,70.1653,-148.4581,Mineral,na,na,-999,-999,90.2,1,-999,0,NA,1.303,-999,na,37.75,-999,2.898,-999,-999,-999,NA,LT,0,0
Deadhorse1,North_Slope,USA,51,2009,na,Paul_Schuster,pschuste@usgs.gov,Schuster_2018,70.1653,-148.4581,Mineral,na,na,-999,-999,91,1,-999,0,NA,1.572,-999,na,39.57,-999,2.517,-999,-999,-999,NA,LT,0,0
Deadhorse1,North_Slope,USA,52,2009,na,Paul_Schuster,pschuste@usgs.gov,Schuster_2018,70.1653,-148.4581,Mineral,na,na,-999,-999,92,1,-999,0,NA,1.188,-999,na,39.41,-999,3.317,-999,-999,-999,NA,LT,0,0
Deadhorse1,North_Slope,USA,53,2009,na,Paul_Schuster,pschuste@usgs.gov,Schuster_2018,70.1653,-148.4581,Mineral,na,na,-999,-999,92.9,1,-999,0,NA,1.115,-999,na,37.43,-999,3.359,-999,-999,-999,NA,LT,0,0
Deadhorse1,North_Slope,USA,54,2009,na,Paul_Schuster,pschuste@usgs.gov,Schuster_2018,70.1653,-148.4581,Mineral,na,na,-999,-999,93.8,1,-999,0,NA,1.139,-999,na,37.6,-999,3.302,-999,-999,-999,NA,LT,0,0
Deadhorse1,North_Slope,USA,55,2009,na,Paul_Schuster,pschuste@usgs.gov,Schuster_2018,70.1653,-148.4581,Mineral,na,na,-999,-999,94.9,1,-999,0,NA,1.261,-999,na,36.34,-999,2.883,-999,-999,-999,NA,LT,0,0
Deadhorse1,North_Slope,USA,56,2009,na,Paul_Schuster,pschuste@usgs.gov,Schuster_2018,70.1653,-148.4581,Mineral,na,na,-999,-999,95.7,1,-999,0,NA,1.246,-999,na,37.37,-999,3,-999,-999,-999,NA,LT,0,0
Deadhorse1,North_Slope,USA,57,2009,na,Paul_Schuster,pschuste@usgs.gov,Schuster_2018,70.1653,-148.4581,Mineral,na,na,-999,-999,96.5,1,-999,0,NA,1.161,-999,na,39.45,-999,3.399,-999,-999,-999,NA,LT,0,0
Deadhorse1,North_Slope,USA,58,2009,na,Paul_Schuster,pschuste@usgs.gov,Schuster_2018,70.1653,-148.4581,Mineral,na,na,-999,-999,97.4,1,-999,0,NA,1.237,-999,na,40.8,-999,3.297,-999,-999,-999,NA,LT,0,0
Deadhorse1,North_Slope,USA,59,2009,na,Paul_Schuster,pschuste@usgs.gov,Schuster_2018,70.1653,-148.4581,Mineral,na,na,-999,-999,98.2,1,-999,0,NA,1.285,-999,na,42.92,-999,3.339,-999,-999,-999,NA,LT,0,0
Deadhorse1,North_Slope,USA,60,2009,na,Paul_Schuster,pschuste@usgs.gov,Schuster_2018,70.1653,-148.4581,Peat,na,na,-999,-999,99.3,0,-999,0,NA,1.389,-999,na,44.07,-999,3.171,-999,-999,-999,NA,LT,0,0
Deadhorse1,North_Slope,USA,61,2009,na,Paul_Schuster,pschuste@usgs.gov,Schuster_2018,70.1653,-148.4581,Peat,na,na,-999,-999,100.1,0,-999,0,NA,1.58,-999,na,35.75,-999,2.263,-999,-999,-999,NA,LT,0,0
Deadhorse1,North_Slope,USA,62,2009,na,Paul_Schuster,pschuste@usgs.gov,Schuster_2018,70.1653,-148.4581,Peat,na,na,-999,-999,100.7,0,-999,0,NA,1.586,-999,na,42.12,-999,2.655,-999,-999,-999,NA,LT,0,0
Deadhorse1,North_Slope,USA,63,2009,na,Paul_Schuster,pschuste@usgs.gov,Schuster_2018,70.1653,-148.4581,Peat,na,na,-999,-999,101.5,0,-999,0,NA,1.483,-999,na,38.73,-999,2.612,-999,-999,-999,NA,LT,0,0
Deadhorse1,North_Slope,USA,64,2009,na,Paul_Schuster,pschuste@usgs.gov,Schuster_2018,70.1653,-148.4581,Peat,na,na,-999,-999,102.6,0,-999,0,NA,1.521,-999,na,38.09,-999,2.505,-999,-999,-999,NA,LT,0,0
Deadhorse1,North_Slope,USA,65,2009,na,Paul_Schuster,pschuste@usgs.gov,Schuster_2018,70.1653,-148.4581,Peat,na,na,-999,-999,103.7,0,-999,0,NA,2.186,-999,na,36.82,-999,1.685,-999,-999,-999,NA,LT,0,0
Deadhorse1,North_Slope,USA,66,2009,na,Paul_Schuster,pschuste@usgs.gov,Schuster_2018,70.1653,-148.4581,Peat,na,na,-999,-999,104.8,0,-999,0,NA,2.726,-999,na,32.82,-999,1.204,-999,-999,-999,NA,LT,0,0
Deadhorse1,North_Slope,USA,67,2009,na,Paul_Schuster,pschuste@usgs.gov,Schuster_2018,70.1653,-148.4581,Peat,na,na,-999,-999,105.6,0,-999,0,NA,2.709,-999,na,34.76,-999,1.283,-999,-999,-999,NA,LT,0,0
Deadhorse1,North_Slope,USA,68,2009,na,Paul_Schuster,pschuste@usgs.gov,Schuster_2018,70.1653,-148.4581,Peat,na,na,-999,-999,106.7,0,-999,0,NA,3.361,-999,na,30.03,-999,0.893,-999,-999,-999,NA,LT,0,0
Deadhorse1,North_Slope,USA,69,2009,na,Paul_Schuster,pschuste@usgs.gov,Schuster_2018,70.1653,-148.4581,Peat,na,na,-999,-999,107.8,0,-999,0,NA,3.572,-999,na,27.97,-999,0.783,-999,-999,-999,NA,LT,0,0
Deadhorse1,North_Slope,USA,70,2009,na,Paul_Schuster,pschuste@usgs.gov,Schuster_2018,70.1653,-148.4581,Mineral,na,na,-999,-999,108.6,1,-999,0,NA,3.116,-999,na,35.42,-999,1.137,-999,-999,-999,NA,LT,0,0
Deadhorse1,North_Slope,USA,71,2009,na,Paul_Schuster,pschuste@usgs.gov,Schuster_2018,70.1653,-148.4581,Mineral,na,na,-999,-999,109.5,1,-999,0,NA,3.007,-999,na,41.74,-999,1.388,-999,-999,-999,NA,LT,0,0
Deadhorse1,North_Slope,USA,72,2009,na,Paul_Schuster,pschuste@usgs.gov,Schuster_2018,70.1653,-148.4581,Mineral,na,na,-999,-999,110.6,1,-999,0,NA,2.809,-999,na,39.29,-999,1.399,-999,-999,-999,NA,LT,0,0
Deadhorse1,North_Slope,USA,73,2009,na,Paul_Schuster,pschuste@usgs.gov,Schuster_2018,70.1653,-148.4581,Mineral,na,na,-999,-999,111.4,1,-999,0,NA,1.497,-999,na,39.6,-999,2.646,-999,-999,-999,NA,LT,0,0
Deadhorse1,North_Slope,USA,74,2009,na,Paul_Schuster,pschuste@usgs.gov,Schuster_2018,70.1653,-148.4581,Peat,na,na,-999,-999,112.2,0,-999,0,NA,1.33,-999,na,42.22,-999,3.174,-999,-999,-999,NA,LT,0,0
Deadhorse1,North_Slope,USA,75,2009,na,Paul_Schuster,pschuste@usgs.gov,Schuster_2018,70.1653,-148.4581,Mineral,na,na,-999,-999,113.2,1,-999,0,NA,1.094,-999,na,41.38,-999,3.782,-999,-999,-999,NA,LT,0,0
Deadhorse1,North_Slope,USA,76,2009,na,Paul_Schuster,pschuste@usgs.gov,Schuster_2018,70.1653,-148.4581,Mineral,na,na,-999,-999,114.3,1,-999,0,NA,1.013,-999,na,40.49,-999,3.999,-999,-999,-999,NA,LT,0,0
Deadhorse1,North_Slope,USA,77,2009,na,Paul_Schuster,pschuste@usgs.gov,Schuster_2018,70.1653,-148.4581,Peat,na,na,-999,-999,115.1,0,-999,0,NA,1.15,-999,na,33.78,-999,2.939,-999,-999,-999,NA,LT,0,0
Deadhorse1,North_Slope,USA,78,2009,na,Paul_Schuster,pschuste@usgs.gov,Schuster_2018,70.1653,-148.4581,Peat,na,na,-999,-999,116.2,0,-999,0,NA,0.825,-999,na,34.61,-999,4.197,-999,-999,-999,NA,LT,0,0
Deadhorse1,North_Slope,USA,79,2009,na,Paul_Schuster,pschuste@usgs.gov,Schuster_2018,70.1653,-148.4581,Peat,na,na,-999,-999,116.8,0,-999,0,NA,1.084,-999,na,29.87,-999,2.755,-999,-999,-999,NA,LT,0,0
Deadhorse1,North_Slope,USA,80,2009,na,Paul_Schuster,pschuste@usgs.gov,Schuster_2018,70.1653,-148.4581,Peat,na,na,-999,-999,117.6,0,-999,0,NA,0.85,-999,na,32.4,-999,3.809,-999,-999,-999,NA,LT,0,0
Deadhorse1,North_Slope,USA,82,2009,na,Paul_Schuster,pschuste@usgs.gov,Schuster_2018,70.1653,-148.4581,Mineral,na,na,-999,-999,119.6,1,-999,0,NA,0.797,-999,na,37.93,-999,4.756,-999,-999,-999,NA,LT,0,0
Deadhorse1,North_Slope,USA,83,2009,na,Paul_Schuster,pschuste@usgs.gov,Schuster_2018,70.1653,-148.4581,Peat,na,na,-999,-999,120.5,0,-999,0,NA,0.957,-999,na,36.67,-999,3.831,-999,-999,-999,NA,LT,0,0
Deadhorse1,North_Slope,USA,84,2009,na,Paul_Schuster,pschuste@usgs.gov,Schuster_2018,70.1653,-148.4581,Peat,na,na,-999,-999,121.4,0,-999,0,NA,1.083,-999,na,35.36,-999,3.266,-999,-999,-999,NA,LT,0,0
Deadhorse1,North_Slope,USA,85,2009,na,Paul_Schuster,pschuste@usgs.gov,Schuster_2018,70.1653,-148.4581,Peat,na,na,-999,-999,122.3,0,-999,0,NA,1.042,-999,na,33.47,-999,3.212,-999,-999,-999,NA,LT,0,0
Deadhorse1,North_Slope,USA,86,2009,na,Paul_Schuster,pschuste@usgs.gov,Schuster_2018,70.1653,-148.4581,Peat,na,na,-999,-999,123.4,0,-999,0,NA,1.072,-999,na,33.92,-999,3.163,-999,-999,-999,NA,LT,0,0
Deadhorse1,North_Slope,USA,87,2009,na,Paul_Schuster,pschuste@usgs.gov,Schuster_2018,70.1653,-148.4581,Peat,na,na,-999,-999,127,0,-999,0,NA,0.952,-999,na,31.91,-999,3.351,-999,-999,-999,NA,LT,0,0
Deadhorse1,North_Slope,USA,88,2009,na,Paul_Schuster,pschuste@usgs.gov,Schuster_2018,70.1653,-148.4581,Peat,na,na,-999,-999,128.1,0,-999,0,NA,0.92,-999,na,33.13,-999,3.6,-999,-999,-999,NA,LT,0,0
Deadhorse1,North_Slope,USA,89,2009,na,Paul_Schuster,pschuste@usgs.gov,Schuster_2018,70.1653,-148.4581,Peat,na,na,-999,-999,129.2,0,-999,0,NA,0.921,-999,na,32.12,-999,3.488,-999,-999,-999,NA,LT,0,0
Deadhorse1,North_Slope,USA,90,2009,na,Paul_Schuster,pschuste@usgs.gov,Schuster_2018,70.1653,-148.4581,Mineral,na,na,-999,-999,130.3,1,-999,0,NA,0.882,-999,na,34.91,-999,3.96,-999,-999,-999,NA,LT,0,0
Deadhorse1,North_Slope,USA,91,2009,na,Paul_Schuster,pschuste@usgs.gov,Schuster_2018,70.1653,-148.4581,Mineral,na,na,-999,-999,131.3,1,-999,0,NA,1.001,-999,na,39.91,-999,3.986,-999,-999,-999,NA,LT,0,0
Deadhorse1,North_Slope,USA,92,2009,na,Paul_Schuster,pschuste@usgs.gov,Schuster_2018,70.1653,-148.4581,Peat,na,na,-999,-999,132.3,0,-999,0,NA,1.142,-999,na,34.94,-999,3.061,-999,-999,-999,NA,LT,0,0
Deadhorse1,North_Slope,USA,93,2009,na,Paul_Schuster,pschuste@usgs.gov,Schuster_2018,70.1653,-148.4581,Peat,na,na,-999,-999,133.4,0,-999,0,NA,1.039,-999,na,40.9,-999,3.936,-999,-999,-999,NA,LT,0,0
Deadhorse1,North_Slope,USA,94,2009,na,Paul_Schuster,pschuste@usgs.gov,Schuster_2018,70.1653,-148.4581,Mineral,na,na,-999,-999,134.5,1,-999,0,NA,0.964,-999,na,38.56,-999,3.999,-999,-999,-999,NA,LT,0,0
Deadhorse1,North_Slope,USA,95,2009,na,Paul_Schuster,pschuste@usgs.gov,Schuster_2018,70.1653,-148.4581,Mineral,na,na,-999,-999,135.6,1,-999,0,NA,0.984,-999,na,37.9,-999,3.851,-999,-999,-999,NA,LT,0,0
Deadhorse1,North_Slope,USA,96,2009,na,Paul_Schuster,pschuste@usgs.gov,Schuster_2018,70.1653,-148.4581,Mineral,na,na,-999,-999,136.7,1,-999,0,NA,1.066,-999,na,39.3,-999,3.688,-999,-999,-999,NA,LT,0,0
Deadhorse1,North_Slope,USA,97,2009,na,Paul_Schuster,pschuste@usgs.gov,Schuster_2018,70.1653,-148.4581,Mineral,na,na,-999,-999,137.6,1,-999,0,NA,1.038,-999,na,42.8,-999,4.124,-999,-999,-999,NA,LT,0,0
Deadhorse1,North_Slope,USA,98,2009,na,Paul_Schuster,pschuste@usgs.gov,Schuster_2018,70.1653,-148.4581,Mineral,na,na,-999,-999,138.8,1,-999,0,NA,1.268,-999,na,47.82,-999,3.771,-999,-999,-999,NA,LT,0,0
Deadhorse1,North_Slope,USA,99,2009,na,Paul_Schuster,pschuste@usgs.gov,Schuster_2018,70.1653,-148.4581,Mineral,na,na,-999,-999,139.9,1,-999,0,NA,1.329,-999,na,39.16,-999,2.947,-999,-999,-999,NA,LT,0,0
Deadhorse1,North_Slope,USA,100,2009,na,Paul_Schuster,pschuste@usgs.gov,Schuster_2018,70.1653,-148.4581,Mineral,na,na,-999,-999,141,1,-999,0,NA,1.387,-999,na,56.77,-999,4.092,-999,-999,-999,NA,LT,0,0
Deadhorse1,North_Slope,USA,101,2009,na,Paul_Schuster,pschuste@usgs.gov,Schuster_2018,70.1653,-148.4581,Mineral,na,na,-999,-999,141.8,1,-999,0,NA,1.459,-999,na,37.99,-999,2.604,-999,-999,-999,NA,LT,0,0
Deadhorse1,North_Slope,USA,102,2009,na,Paul_Schuster,pschuste@usgs.gov,Schuster_2018,70.1653,-148.4581,Mineral,na,na,-999,-999,142.7,1,-999,0,NA,0.858,-999,na,44.95,-999,5.242,-999,-999,-999,NA,LT,0,0
Deadhorse1,North_Slope,USA,103,2009,na,Paul_Schuster,pschuste@usgs.gov,Schuster_2018,70.1653,-148.4581,Mineral,na,na,-999,-999,143.3,1,-999,0,NA,0.811,-999,na,31.72,-999,3.911,-999,-999,-999,NA,LT,0,0
Deadhorse1,North_Slope,USA,104,2009,na,Paul_Schuster,pschuste@usgs.gov,Schuster_2018,70.1653,-148.4581,Mineral,na,na,-999,-999,143.8,1,-999,0,NA,0.768,-999,na,28.32,-999,3.687,-999,-999,-999,NA,LT,0,0
Deadhorse1,North_Slope,USA,105,2009,na,Paul_Schuster,pschuste@usgs.gov,Schuster_2018,70.1653,-148.4581,Mineral,na,na,-999,-999,144.9,1,-999,0,NA,0.815,-999,na,37.35,-999,4.585,-999,-999,-999,NA,LT,0,0
Deadhorse1,North_Slope,USA,106,2009,na,Paul_Schuster,pschuste@usgs.gov,Schuster_2018,70.1653,-148.4581,Mineral,na,na,-999,-999,145.8,1,-999,0,NA,1.081,-999,na,49.5,-999,4.578,-999,-999,-999,NA,LT,0,0
Deadhorse1,North_Slope,USA,107,2009,na,Paul_Schuster,pschuste@usgs.gov,Schuster_2018,70.1653,-148.4581,Mineral,na,na,-999,-999,146.8,1,-999,0,NA,11.918,-999,na,44.86,-999,0.376,-999,-999,-999,NA,LT,0,0
Deadhorse1,North_Slope,USA,108,2009,na,Paul_Schuster,pschuste@usgs.gov,Schuster_2018,70.1653,-148.4581,Mineral,na,na,-999,-999,147.7,1,-999,0,NA,1.224,-999,na,35.69,-999,2.916,-999,-999,-999,NA,LT,0,0
Deadhorse1,North_Slope,USA,109,2009,na,Paul_Schuster,pschuste@usgs.gov,Schuster_2018,70.1653,-148.4581,Mineral,na,na,-999,-999,148.8,1,-999,0,NA,1.081,-999,na,33.5,-999,3.099,-999,-999,-999,NA,LT,0,0
Deadhorse1,North_Slope,USA,110,2009,na,Paul_Schuster,pschuste@usgs.gov,Schuster_2018,70.1653,-148.4581,Mineral,na,na,-999,-999,149.9,1,-999,0,NA,1.006,-999,na,30.81,-999,3.063,-999,-999,-999,NA,LT,0,0
Deadhorse1,North_Slope,USA,111,2009,na,Paul_Schuster,pschuste@usgs.gov,Schuster_2018,70.1653,-148.4581,Mineral,na,na,-999,-999,151,1,-999,0,NA,0.85,-999,na,25.56,-999,3.007,-999,-999,-999,NA,LT,0,0
Deadhorse1,North_Slope,USA,112,2009,na,Paul_Schuster,pschuste@usgs.gov,Schuster_2018,70.1653,-148.4581,Mineral,na,na,-999,-999,151.9,1,-999,0,NA,0.743,-999,na,25.75,-999,3.466,-999,-999,-999,NA,LT,0,0
Deadhorse1,North_Slope,USA,113,2009,na,Paul_Schuster,pschuste@usgs.gov,Schuster_2018,70.1653,-148.4581,Mineral,na,na,-999,-999,153,1,-999,0,NA,0.758,-999,na,26.23,-999,3.463,-999,-999,-999,NA,LT,0,0
Deadhorse1,North_Slope,USA,114,2009,na,Paul_Schuster,pschuste@usgs.gov,Schuster_2018,70.1653,-148.4581,Mineral,na,na,-999,-999,154,1,-999,0,NA,0.816,-999,na,21.94,-999,2.689,-999,-999,-999,NA,LT,0,0
Deadhorse1,North_Slope,USA,115,2009,na,Paul_Schuster,pschuste@usgs.gov,Schuster_2018,70.1653,-148.4581,Mineral,na,na,-999,-999,155.1,1,-999,0,NA,0.521,-999,na,23.27,-999,4.467,-999,-999,-999,NA,LT,0,0
Deadhorse1,North_Slope,USA,116,2009,na,Paul_Schuster,pschuste@usgs.gov,Schuster_2018,70.1653,-148.4581,Mineral,na,na,-999,-999,156.2,1,-999,0,NA,0.578,-999,na,23.34,-999,4.038,-999,-999,-999,NA,LT,0,0
Deadhorse1,North_Slope,USA,117,2009,na,Paul_Schuster,pschuste@usgs.gov,Schuster_2018,70.1653,-148.4581,Mineral,na,na,-999,-999,157.3,1,-999,0,NA,2.606,-999,na,24.63,-999,0.945,-999,-999,-999,NA,LT,0,0
Deadhorse1,North_Slope,USA,118,2009,na,Paul_Schuster,pschuste@usgs.gov,Schuster_2018,70.1653,-148.4581,Mineral,na,na,-999,-999,158.4,1,-999,0,NA,14.273,-999,na,23.82,-999,0.167,-999,-999,-999,NA,LT,0,0
Deadhorse1,North_Slope,USA,119,2009,na,Paul_Schuster,pschuste@usgs.gov,Schuster_2018,70.1653,-148.4581,Mineral,na,na,-999,-999,159.5,1,-999,0,NA,0.56,-999,na,20.77,-999,3.706,-999,-999,-999,NA,LT,0,0
Deadhorse1,North_Slope,USA,120,2009,na,Paul_Schuster,pschuste@usgs.gov,Schuster_2018,70.1653,-148.4581,Mineral,na,na,-999,-999,160.5,1,-999,0,NA,0.588,-999,na,21.36,-999,3.635,-999,-999,-999,NA,LT,0,0
Deadhorse1,North_Slope,USA,121,2009,na,Paul_Schuster,pschuste@usgs.gov,Schuster_2018,70.1653,-148.4581,Mineral,na,na,-999,-999,161.6,1,-999,0,NA,0.518,-999,na,19.51,-999,3.766,-999,-999,-999,NA,LT,0,0
Deadhorse1,North_Slope,USA,122,2009,na,Paul_Schuster,pschuste@usgs.gov,Schuster_2018,70.1653,-148.4581,Mineral,na,na,-999,-999,162.7,1,-999,0,NA,0.45,-999,na,20.16,-999,4.475,-999,-999,-999,NA,LT,0,0
Deadhorse1,North_Slope,USA,123,2009,na,Paul_Schuster,pschuste@usgs.gov,Schuster_2018,70.1653,-148.4581,Mineral,na,na,-999,-999,163.9,1,-999,0,NA,0.464,-999,na,19.06,-999,4.105,-999,-999,-999,NA,LT,0,0
Deadhorse1,North_Slope,USA,124,2009,na,Paul_Schuster,pschuste@usgs.gov,Schuster_2018,70.1653,-148.4581,Mineral,na,na,-999,-999,164.4,2,-999,0,NA,0.489,-999,na,21.36,-999,4.371,-999,-999,-999,NA,LT,0,0
Deadhorse1,North_Slope,USA,125,2009,na,Paul_Schuster,pschuste@usgs.gov,Schuster_2018,70.1653,-148.4581,Mineral,na,na,-999,-999,165.5,1,-999,0,NA,0.469,-999,na,21.8,-999,4.645,-999,-999,-999,NA,LT,0,0
Deadhorse2,North_Slope,USA,1,2009,na,Paul_Schuster,pschuste@usgs.gov,Schuster_2018,70.1786,-148.4375,Mineral,na,na,-999,-999,39.6,1,-999,0,NA,10.098,-999,na,27.26,-999,0.27,-999,-999,-999,NA,LT,0,0
Deadhorse2,North_Slope,USA,2,2009,na,Paul_Schuster,pschuste@usgs.gov,Schuster_2018,70.1786,-148.4375,Mineral,na,na,-999,-999,42.1,1,-999,0,NA,6.297,-999,na,36.11,-999,0.573,-999,-999,-999,NA,LT,0,0
Deadhorse2,North_Slope,USA,3,2009,na,Paul_Schuster,pschuste@usgs.gov,Schuster_2018,70.1786,-148.4375,Mineral,na,na,-999,-999,44.3,1,-999,0,NA,6.027,-999,na,39.2,-999,0.651,-999,-999,-999,NA,LT,0,0
Deadhorse2,North_Slope,USA,4,2009,na,Paul_Schuster,pschuste@usgs.gov,Schuster_2018,70.1786,-148.4375,Mineral,na,na,-999,-999,46.3,1,-999,0,NA,5.824,-999,na,42.08,-999,0.723,-999,-999,-999,NA,LT,0,0
Deadhorse2,North_Slope,USA,5,2009,na,Paul_Schuster,pschuste@usgs.gov,Schuster_2018,70.1786,-148.4375,Mineral,na,na,-999,-999,48.2,1,-999,0,NA,5.233,-999,na,36.13,-999,0.69,-999,-999,-999,NA,LT,0,0
Deadhorse2,North_Slope,USA,6,2009,na,Paul_Schuster,pschuste@usgs.gov,Schuster_2018,70.1786,-148.4375,Mineral,na,na,-999,-999,50,1,-999,0,NA,5.707,-999,na,34.97,-999,0.613,-999,-999,-999,NA,LT,0,0
Deadhorse2,North_Slope,USA,7,2009,na,Paul_Schuster,pschuste@usgs.gov,Schuster_2018,70.1786,-148.4375,Mineral,na,na,-999,-999,51.4,1,-999,0,NA,7.56,-999,na,32.19,-999,0.426,-999,-999,-999,NA,LT,0,0
Deadhorse2,North_Slope,USA,8,2009,na,Paul_Schuster,pschuste@usgs.gov,Schuster_2018,70.1786,-148.4375,Mineral,na,na,-999,-999,53,1,-999,0,NA,7.271,-999,na,93.25,-999,1.283,-999,-999,-999,NA,LT,0,0
Deadhorse2,North_Slope,USA,9,2009,na,Paul_Schuster,pschuste@usgs.gov,Schuster_2018,70.1786,-148.4375,Mineral,na,na,-999,-999,54.9,1,-999,0,NA,9.205,-999,na,23.38,-999,0.254,-999,-999,-999,NA,LT,0,0
Deadhorse2,North_Slope,USA,10,2009,na,Paul_Schuster,pschuste@usgs.gov,Schuster_2018,70.1786,-148.4375,Mineral,na,na,-999,-999,56.8,1,-999,0,NA,11.796,-999,na,20.02,-999,0.17,-999,-999,-999,NA,LT,0,0
Deadhorse2,North_Slope,USA,11,2009,na,Paul_Schuster,pschuste@usgs.gov,Schuster_2018,70.1786,-148.4375,Peat,na,na,-999,-999,58.8,0,-999,0,NA,1.65,-999,na,19.56,-999,1.185,-999,-999,-999,NA,LT,0,0
Deadhorse2,North_Slope,USA,12,2009,na,Paul_Schuster,pschuste@usgs.gov,Schuster_2018,70.1786,-148.4375,Mineral,na,na,-999,-999,60.8,1,-999,0,NA,2.564,-999,na,17.22,-999,0.671,-999,-999,-999,NA,LT,0,0
Deadhorse2,North_Slope,USA,13,2009,na,Paul_Schuster,pschuste@usgs.gov,Schuster_2018,70.1786,-148.4375,Mineral,na,na,-999,-999,62.7,1,-999,0,NA,7.834,-999,na,32.01,-999,0.409,-999,-999,-999,NA,LT,0,0
Deadhorse2,North_Slope,USA,14,2009,na,Paul_Schuster,pschuste@usgs.gov,Schuster_2018,70.1786,-148.4375,Peat,na,na,-999,-999,64.9,0,-999,0,NA,0.922,-999,na,41.95,-999,4.549,-999,-999,-999,NA,LT,0,0
Deadhorse2,North_Slope,USA,15,2009,na,Paul_Schuster,pschuste@usgs.gov,Schuster_2018,70.1786,-148.4375,Mineral,na,na,-999,-999,67,1,-999,0,NA,5.827,-999,na,34.68,-999,0.595,-999,-999,-999,NA,LT,0,0
Deadhorse2,North_Slope,USA,16,2009,na,Paul_Schuster,pschuste@usgs.gov,Schuster_2018,70.1786,-148.4375,Peat,na,na,-999,-999,68.9,0,-999,0,NA,6.6,-999,na,42.64,-999,0.646,-999,-999,-999,NA,LT,0,0
Deadhorse2,North_Slope,USA,17,2009,na,Paul_Schuster,pschuste@usgs.gov,Schuster_2018,70.1786,-148.4375,Peat,na,na,-999,-999,71,0,-999,0,NA,9.699,-999,na,51.59,-999,0.532,-999,-999,-999,NA,LT,0,0
Deadhorse2,North_Slope,USA,18,2009,na,Paul_Schuster,pschuste@usgs.gov,Schuster_2018,70.1786,-148.4375,Peat,na,na,-999,-999,73.1,0,-999,0,NA,8.8,-999,na,51.85,-999,0.589,-999,-999,-999,NA,LT,0,0
Deadhorse2,North_Slope,USA,19,2009,na,Paul_Schuster,pschuste@usgs.gov,Schuster_2018,70.1786,-148.4375,Peat,na,na,-999,-999,75,0,-999,0,NA,3.666,-999,na,40.66,-999,1.109,-999,-999,-999,NA,LT,0,0
Deadhorse2,North_Slope,USA,20,2009,na,Paul_Schuster,pschuste@usgs.gov,Schuster_2018,70.1786,-148.4375,Peat,na,na,-999,-999,77,0,-999,0,NA,8.061,-999,na,39.11,-999,0.485,-999,-999,-999,NA,LT,0,0
Deadhorse2,North_Slope,USA,21,2009,na,Paul_Schuster,pschuste@usgs.gov,Schuster_2018,70.1786,-148.4375,Peat,na,na,-999,-999,78.9,0,-999,0,NA,11.514,-999,na,37.16,-999,0.323,-999,-999,-999,NA,LT,0,0
Deadhorse2,North_Slope,USA,22,2009,na,Paul_Schuster,pschuste@usgs.gov,Schuster_2018,70.1786,-148.4375,Peat,na,na,-999,-999,80.8,0,-999,0,NA,14.729,-999,na,36.13,-999,0.245,-999,-999,-999,NA,LT,0,0
Deadhorse2,North_Slope,USA,23,2009,na,Paul_Schuster,pschuste@usgs.gov,Schuster_2018,70.1786,-148.4375,Peat,na,na,-999,-999,83,0,-999,0,NA,17.63,-999,na,45,-999,0.255,-999,-999,-999,NA,LT,0,0
Deadhorse2,North_Slope,USA,24,2009,na,Paul_Schuster,pschuste@usgs.gov,Schuster_2018,70.1786,-148.4375,Peat,na,na,-999,-999,85,0,-999,0,NA,18.452,-999,na,38.46,-999,0.208,-999,-999,-999,NA,LT,0,0
Deadhorse2,North_Slope,USA,25,2009,na,Paul_Schuster,pschuste@usgs.gov,Schuster_2018,70.1786,-148.4375,Peat,na,na,-999,-999,86.9,0,-999,0,NA,24.225,-999,na,35.7,-999,0.147,-999,-999,-999,NA,LT,0,0
Deadhorse2,North_Slope,USA,26,2009,na,Paul_Schuster,pschuste@usgs.gov,Schuster_2018,70.1786,-148.4375,Peat,na,na,-999,-999,89,0,-999,1,NA,35.206,-999,na,40.25,-999,0.114,-999,-999,-999,NA,LT,0,0
Deadhorse2,North_Slope,USA,27,2009,na,Paul_Schuster,pschuste@usgs.gov,Schuster_2018,70.1786,-148.4375,Peat,na,na,-999,-999,91.1,0,-999,1,NA,32.919,-999,na,40.27,-999,0.122,-999,-999,-999,NA,LT,0,0
Deadhorse2,North_Slope,USA,28,2009,na,Paul_Schuster,pschuste@usgs.gov,Schuster_2018,70.1786,-148.4375,Peat,na,na,-999,-999,93.3,0,-999,1,NA,31.984,-999,na,33.59,-999,0.105,-999,-999,-999,NA,LT,0,0
Deadhorse2,North_Slope,USA,29,2009,na,Paul_Schuster,pschuste@usgs.gov,Schuster_2018,70.1786,-148.4375,Peat,na,na,-999,-999,95.4,0,-999,1,NA,31.417,-999,na,33.4,-999,0.106,-999,-999,-999,NA,LT,0,0
Deadhorse2,North_Slope,USA,30,2009,na,Paul_Schuster,pschuste@usgs.gov,Schuster_2018,70.1786,-148.4375,Peat,na,na,-999,-999,97.4,0,-999,1,NA,27.525,-999,na,41.6,-999,0.151,-999,-999,-999,NA,LT,0,0
Deadhorse2,North_Slope,USA,31,2009,na,Paul_Schuster,pschuste@usgs.gov,Schuster_2018,70.1786,-148.4375,Peat,na,na,-999,-999,99.4,0,-999,1,NA,29.735,-999,na,32.51,-999,0.109,-999,-999,-999,NA,LT,0,0
Deadhorse2,North_Slope,USA,32,2009,na,Paul_Schuster,pschuste@usgs.gov,Schuster_2018,70.1786,-148.4375,Peat,na,na,-999,-999,101.3,0,-999,1,NA,28.713,-999,na,40.19,-999,0.14,-999,-999,-999,NA,LT,0,0
Deadhorse2,North_Slope,USA,33,2009,na,Paul_Schuster,pschuste@usgs.gov,Schuster_2018,70.1786,-148.4375,Peat,na,na,-999,-999,103,0,-999,1,NA,26.259,-999,na,38.47,-999,0.146,-999,-999,-999,NA,LT,0,0
Deadhorse2,North_Slope,USA,34,2009,na,Paul_Schuster,pschuste@usgs.gov,Schuster_2018,70.1786,-148.4375,Peat,na,na,-999,-999,104.5,0,-999,0,NA,13.681,-999,na,42.78,-999,0.313,-999,-999,-999,NA,LT,0,0
Franklin_Bluffs,North_Slope,USA,1,2009,na,Paul_Schuster,pschuste@usgs.gov,Schuster_2018,70.0328,-148.6414,Mineral,na,na,-999,-999,44.8,1,-999,0,NA,3.689,-999,na,53.48,-999,1.45,-999,-999,-999,NA,LT,0,0
Franklin_Bluffs,North_Slope,USA,2,2009,na,Paul_Schuster,pschuste@usgs.gov,Schuster_2018,70.0328,-148.6414,Mineral,na,na,-999,-999,46.3,1,-999,0,NA,3.659,-999,na,52.85,-999,1.444,-999,-999,-999,NA,LT,0,0
Franklin_Bluffs,North_Slope,USA,3,2009,na,Paul_Schuster,pschuste@usgs.gov,Schuster_2018,70.0328,-148.6414,Mineral,na,na,-999,-999,48.1,2,-999,0,NA,3.85,-999,na,52.72,-999,1.369,-999,-999,-999,NA,LT,0,0
Franklin_Bluffs,North_Slope,USA,4,2009,na,Paul_Schuster,pschuste@usgs.gov,Schuster_2018,70.0328,-148.6414,Mineral,na,na,-999,-999,50.1,2,-999,0,NA,3.592,-999,na,52.84,-999,1.471,-999,-999,-999,NA,LT,0,0
Franklin_Bluffs,North_Slope,USA,5,2009,na,Paul_Schuster,pschuste@usgs.gov,Schuster_2018,70.0328,-148.6414,Mineral,na,na,-999,-999,52.3,2,-999,0,NA,3.423,-999,na,50.19,-999,1.466,-999,-999,-999,NA,LT,0,0
Franklin_Bluffs,North_Slope,USA,6,2009,na,Paul_Schuster,pschuste@usgs.gov,Schuster_2018,70.0328,-148.6414,Mineral,na,na,-999,-999,54.4,2,-999,0,NA,3.227,-999,na,55.66,-999,1.725,-999,-999,-999,NA,LT,0,0
Franklin_Bluffs,North_Slope,USA,7,2009,na,Paul_Schuster,pschuste@usgs.gov,Schuster_2018,70.0328,-148.6414,Mineral,na,na,-999,-999,56.5,2,-999,0,NA,3.416,-999,na,51.98,-999,1.522,-999,-999,-999,NA,LT,0,0
Franklin_Bluffs,North_Slope,USA,8,2009,na,Paul_Schuster,pschuste@usgs.gov,Schuster_2018,70.0328,-148.6414,Mineral,na,na,-999,-999,58.6,2,-999,0,NA,3.522,-999,na,49.18,-999,1.396,-999,-999,-999,NA,LT,0,0
Franklin_Bluffs,North_Slope,USA,9,2009,na,Paul_Schuster,pschuste@usgs.gov,Schuster_2018,70.0328,-148.6414,Mineral,na,na,-999,-999,60.6,1,-999,0,NA,3.848,-999,na,49.41,-999,1.284,-999,-999,-999,NA,LT,0,0
Franklin_Bluffs,North_Slope,USA,10,2009,na,Paul_Schuster,pschuste@usgs.gov,Schuster_2018,70.0328,-148.6414,Mineral,na,na,-999,-999,62.9,1,-999,0,NA,4.427,-999,na,51.05,-999,1.153,-999,-999,-999,NA,LT,0,0
Franklin_Bluffs,North_Slope,USA,11,2009,na,Paul_Schuster,pschuste@usgs.gov,Schuster_2018,70.0328,-148.6414,Peat,na,na,-999,-999,65.1,0,-999,0,NA,2.277,-999,na,40.65,-999,1.785,-999,-999,-999,NA,LT,0,0
Franklin_Bluffs,North_Slope,USA,12,2009,na,Paul_Schuster,pschuste@usgs.gov,Schuster_2018,70.0328,-148.6414,Mineral,na,na,-999,-999,67.1,1,-999,0,NA,2.382,-999,na,43.73,-999,1.836,-999,-999,-999,NA,LT,0,0
Franklin_Bluffs,North_Slope,USA,13,2009,na,Paul_Schuster,pschuste@usgs.gov,Schuster_2018,70.0328,-148.6414,Mineral,na,na,-999,-999,69,1,-999,0,NA,2.507,-999,na,44.98,-999,1.794,-999,-999,-999,NA,LT,0,0
Franklin_Bluffs,North_Slope,USA,14,2009,na,Paul_Schuster,pschuste@usgs.gov,Schuster_2018,70.0328,-148.6414,Mineral,na,na,-999,-999,70.9,1,-999,0,NA,2.568,-999,na,45.76,-999,1.782,-999,-999,-999,NA,LT,0,0
Franklin_Bluffs,North_Slope,USA,15,2009,na,Paul_Schuster,pschuste@usgs.gov,Schuster_2018,70.0328,-148.6414,Mineral,na,na,-999,-999,72.7,1,-999,0,NA,3.376,-999,na,51.47,-999,1.525,-999,-999,-999,NA,LT,0,0
Franklin_Bluffs,North_Slope,USA,16,2009,na,Paul_Schuster,pschuste@usgs.gov,Schuster_2018,70.0328,-148.6414,Mineral,na,na,-999,-999,74.7,2,-999,0,NA,4.056,-999,na,53.61,-999,1.322,-999,-999,-999,NA,LT,0,0
Franklin_Bluffs,North_Slope,USA,17,2009,na,Paul_Schuster,pschuste@usgs.gov,Schuster_2018,70.0328,-148.6414,Mineral,na,na,-999,-999,76.6,1,-999,0,NA,4.254,-999,na,61.08,-999,1.436,-999,-999,-999,NA,LT,0,0
Franklin_Bluffs,North_Slope,USA,18,2009,na,Paul_Schuster,pschuste@usgs.gov,Schuster_2018,70.0328,-148.6414,Mineral,na,na,-999,-999,78.6,2,-999,0,NA,4.254,-999,na,71.36,-999,1.677,-999,-999,-999,NA,LT,0,0
Franklin_Bluffs,North_Slope,USA,19,2009,na,Paul_Schuster,pschuste@usgs.gov,Schuster_2018,70.0328,-148.6414,Mineral,na,na,-999,-999,80.5,1,-999,0,NA,2.438,-999,na,41.28,-999,1.693,-999,-999,-999,NA,LT,0,0
Franklin_Bluffs,North_Slope,USA,20,2009,na,Paul_Schuster,pschuste@usgs.gov,Schuster_2018,70.0328,-148.6414,Mineral,na,na,-999,-999,82.1,1,-999,0,NA,2.607,-999,na,46.72,-999,1.792,-999,-999,-999,NA,LT,0,0
Franklin_Bluffs,North_Slope,USA,21,2009,na,Paul_Schuster,pschuste@usgs.gov,Schuster_2018,70.0328,-148.6414,Mineral,na,na,-999,-999,83.8,1,-999,0,NA,2.322,-999,na,42.59,-999,1.834,-999,-999,-999,NA,LT,0,0
Franklin_Bluffs,North_Slope,USA,22,2009,na,Paul_Schuster,pschuste@usgs.gov,Schuster_2018,70.0328,-148.6414,Mineral,na,na,-999,-999,85.5,1,-999,0,NA,2.088,-999,na,37.32,-999,1.787,-999,-999,-999,NA,LT,0,0
Franklin_Bluffs,North_Slope,USA,23,2009,na,Paul_Schuster,pschuste@usgs.gov,Schuster_2018,70.0328,-148.6414,Mineral,na,na,-999,-999,87.5,1,-999,0,NA,1.912,-999,na,49.06,-999,2.566,-999,-999,-999,NA,LT,0,0
Franklin_Bluffs,North_Slope,USA,24,2009,na,Paul_Schuster,pschuste@usgs.gov,Schuster_2018,70.0328,-148.6414,Mineral,na,na,-999,-999,89.4,1,-999,0,NA,3.125,-999,na,62.12,-999,1.988,-999,-999,-999,NA,LT,0,0
Franklin_Bluffs,North_Slope,USA,25,2009,na,Paul_Schuster,pschuste@usgs.gov,Schuster_2018,70.0328,-148.6414,Mineral,na,na,-999,-999,91.4,1,-999,0,NA,1.601,-999,na,34.04,-999,2.127,-999,-999,-999,NA,LT,0,0
Franklin_Bluffs,North_Slope,USA,26,2009,na,Paul_Schuster,pschuste@usgs.gov,Schuster_2018,70.0328,-148.6414,Mineral,na,na,-999,-999,93.5,1,-999,0,NA,1.659,-999,na,33.02,-999,1.99,-999,-999,-999,NA,LT,0,0
Franklin_Bluffs,North_Slope,USA,27,2009,na,Paul_Schuster,pschuste@usgs.gov,Schuster_2018,70.0328,-148.6414,Mineral,na,na,-999,-999,95.4,1,-999,0,NA,1.675,-999,na,32.23,-999,1.924,-999,-999,-999,NA,LT,0,0
Franklin_Bluffs,North_Slope,USA,28,2009,na,Paul_Schuster,pschuste@usgs.gov,Schuster_2018,70.0328,-148.6414,Mineral,na,na,-999,-999,97.3,1,-999,0,NA,1.582,-999,na,31.18,-999,1.971,-999,-999,-999,NA,LT,0,0
Franklin_Bluffs,North_Slope,USA,29,2009,na,Paul_Schuster,pschuste@usgs.gov,Schuster_2018,70.0328,-148.6414,Mineral,na,na,-999,-999,98.6,1,-999,0,NA,1.153,-999,na,23.58,-999,2.044,-999,-999,-999,NA,LT,0,0
Franklin_Bluffs,North_Slope,USA,30,2009,na,Paul_Schuster,pschuste@usgs.gov,Schuster_2018,70.0328,-148.6414,Peat,na,na,-999,-999,100.1,0,-999,0,NA,1.018,-999,na,23.34,-999,2.293,-999,-999,-999,NA,LT,0,0
HappyValley2,North_Slope,USA,7,2009,na,Paul_Schuster,pschuste@usgs.gov,Schuster_2018,69.1467,-148.8383,Peat,na,na,-999,-999,37.4,0,-999,0,NA,23.418,-999,na,47.03,-999,0.201,-999,-999,-999,NA,LT,0,0
HappyValley2,North_Slope,USA,8,2009,na,Paul_Schuster,pschuste@usgs.gov,Schuster_2018,69.1467,-148.8383,Mineral,na,na,-999,-999,38.2,1,-999,0,NA,23.565,-999,na,53.47,-999,0.227,-999,-999,-999,NA,LT,0,0
HappyValley2,North_Slope,USA,10,2009,na,Paul_Schuster,pschuste@usgs.gov,Schuster_2018,69.1467,-148.8383,Peat,na,na,-999,-999,39.2,0,-999,1,NA,27.016,-999,na,60.21,-999,0.223,-999,-999,-999,NA,LT,0,0
HappyValley2,North_Slope,USA,13,2009,na,Paul_Schuster,pschuste@usgs.gov,Schuster_2018,69.1467,-148.8383,Peat,na,na,-999,-999,40.5,0,-999,1,NA,26.721,-999,na,57.24,-999,0.214,-999,-999,-999,NA,LT,0,0
HappyValley2,North_Slope,USA,14,2009,na,Paul_Schuster,pschuste@usgs.gov,Schuster_2018,69.1467,-148.8383,Peat,na,na,-999,-999,41.8,0,-999,1,NA,28.841,-999,na,58.34,-999,0.202,-999,-999,-999,NA,LT,0,0
HappyValley2,North_Slope,USA,15,2009,na,Paul_Schuster,pschuste@usgs.gov,Schuster_2018,69.1467,-148.8383,Peat,na,na,-999,-999,43.3,0,-999,1,NA,33.425,-999,na,62.42,-999,0.187,-999,-999,-999,NA,LT,0,0
Toolik_Lake,North_Slope,USA,31,2009,na,Paul_Schuster,pschuste@usgs.gov,Schuster_2018,68.5561,-149.4914,Peat,na,na,-999,-999,32,0,-999,1,NA,34.165,-999,na,133.84,-999,0.392,-999,-999,-999,Red_roots,LT,0,0
Toolik_Lake,North_Slope,USA,32,2009,na,Paul_Schuster,pschuste@usgs.gov,Schuster_2018,68.5561,-149.4914,Peat,na,na,-999,-999,34.6,0,-999,1,NA,34.615,-999,na,121.83,-999,0.352,-999,-999,-999,Red_roots,LT,0,0
Toolik_Lake,North_Slope,USA,33,2009,na,Paul_Schuster,pschuste@usgs.gov,Schuster_2018,68.5561,-149.4914,Peat,na,na,-999,-999,37.5,0,-999,1,NA,27.236,-999,na,135.29,-999,0.497,-999,-999,-999,Red_roots,LT,0,0
Toolik_Lake,North_Slope,USA,34,2009,na,Paul_Schuster,pschuste@usgs.gov,Schuster_2018,68.5561,-149.4914,Peat,na,na,-999,-999,40.5,0,-999,1,NA,27.572,-999,na,144.12,-999,0.523,-999,-999,-999,Red_roots,LT,0,0
Toolik_Lake,North_Slope,USA,35,2009,na,Paul_Schuster,pschuste@usgs.gov,Schuster_2018,68.5561,-149.4914,Peat,na,na,-999,-999,43.7,0,-999,0,NA,23.688,-999,na,160.34,-999,0.677,-999,-999,-999,na,LT,0,0
Toolik_Lake,North_Slope,USA,36,2009,na,Paul_Schuster,pschuste@usgs.gov,Schuster_2018,68.5561,-149.4914,Mineral,na,na,-999,-999,46.9,1,-999,0,NA,13.251,-999,na,115.13,-999,0.869,-999,-999,-999,na,LT,0,0
Toolik_Lake,North_Slope,USA,37,2009,na,Paul_Schuster,pschuste@usgs.gov,Schuster_2018,68.5561,-149.4914,Peat,na,na,-999,-999,50.1,0,-999,0,NA,6.471,-999,na,101.54,-999,1.569,-999,-999,-999,rich_in_ice,LT,0,0
Toolik_Lake,North_Slope,USA,38,2009,na,Paul_Schuster,pschuste@usgs.gov,Schuster_2018,68.5561,-149.4914,Mineral,na,na,-999,-999,53.5,1,-999,0,NA,5.371,-999,na,105.82,-999,1.97,-999,-999,-999,rich_in_ice,LT,0,0
Toolik_Lake,North_Slope,USA,39,2009,na,Paul_Schuster,pschuste@usgs.gov,Schuster_2018,68.5561,-149.4914,Peat,na,na,-999,-999,56.8,0,-999,0,NA,4.817,-999,na,102.92,-999,2.136,-999,-999,-999,rich_in_ice,LT,0,0
Toolik_Lake,North_Slope,USA,40,2009,na,Paul_Schuster,pschuste@usgs.gov,Schuster_2018,68.5561,-149.4914,Mineral,na,na,-999,-999,59.8,1,-999,0,NA,5.982,-999,na,126.61,-999,2.117,-999,-999,-999,rich_in_ice,LT,0,0
Toolik_Lake,North_Slope,USA,41,2009,na,Paul_Schuster,pschuste@usgs.gov,Schuster_2018,68.5561,-149.4914,Mineral,na,na,-999,-999,63,1,-999,0,NA,6.958,-999,na,108.02,-999,1.552,-999,-999,-999,na,LT,0,0
Toolik_Lake,North_Slope,USA,42,2009,na,Paul_Schuster,pschuste@usgs.gov,Schuster_2018,68.5561,-149.4914,Mineral,na,na,-999,-999,66.2,1,-999,0,NA,6.841,-999,na,121.69,-999,1.779,-999,-999,-999,NA,LT,0,0
Toolik_Lake,North_Slope,USA,43,2009,na,Paul_Schuster,pschuste@usgs.gov,Schuster_2018,68.5561,-149.4914,Mineral,na,na,-999,-999,69.4,1,-999,0,NA,6.497,-999,na,112.85,-999,1.737,-999,-999,-999,NA,LT,0,0
Toolik_Lake,North_Slope,USA,44,2009,na,Paul_Schuster,pschuste@usgs.gov,Schuster_2018,68.5561,-149.4914,Mineral,na,na,-999,-999,72.7,1,-999,0,NA,6.278,-999,na,117.34,-999,1.869,-999,-999,-999,NA,LT,0,0
Toolik_Lake,North_Slope,USA,45,2009,na,Paul_Schuster,pschuste@usgs.gov,Schuster_2018,68.5561,-149.4914,Peat,na,na,-999,-999,75.7,0,-999,0,NA,6.673,-999,na,122.59,-999,1.837,-999,-999,-999,NA,LT,0,0
Toolik_Lake,North_Slope,USA,46,2009,na,Paul_Schuster,pschuste@usgs.gov,Schuster_2018,68.5561,-149.4914,Mineral,na,na,-999,-999,78.4,1,-999,0,NA,5.563,-999,na,109.3,-999,1.965,-999,-999,-999,NA,LT,0,0
Toolik_Lake,North_Slope,USA,47,2009,na,Paul_Schuster,pschuste@usgs.gov,Schuster_2018,68.5561,-149.4914,Mineral,na,na,-999,-999,81.2,1,-999,0,NA,7.146,-999,na,110.65,-999,1.548,-999,-999,-999,NA,LT,0,0
Toolik_Lake,North_Slope,USA,48,2009,na,Paul_Schuster,pschuste@usgs.gov,Schuster_2018,68.5561,-149.4914,Mineral,na,na,-999,-999,84.1,1,-999,0,NA,8.367,-999,na,116.61,-999,1.394,-999,-999,-999,NA,LT,0,0
Toolik_Lake,North_Slope,USA,49,2009,na,Paul_Schuster,pschuste@usgs.gov,Schuster_2018,68.5561,-149.4914,Mineral,na,na,-999,-999,87,1,-999,0,NA,13.06,-999,na,126.4,-999,0.968,-999,-999,-999,NA,LT,0,0
Toolik_Lake,North_Slope,USA,50,2009,na,Paul_Schuster,pschuste@usgs.gov,Schuster_2018,68.5561,-149.4914,Mineral,na,na,-999,-999,89.9,1,-999,0,NA,12.487,-999,na,121.03,-999,0.969,-999,-999,-999,NA,LT,0,0
Toolik_Lake,North_Slope,USA,51,2009,na,Paul_Schuster,pschuste@usgs.gov,Schuster_2018,68.5561,-149.4914,Mineral,na,na,-999,-999,93.2,1,-999,0,NA,10.735,-999,na,129.94,-999,1.21,-999,-999,-999,NA,LT,0,0
Toolik_Lake,North_Slope,USA,52,2009,na,Paul_Schuster,pschuste@usgs.gov,Schuster_2018,68.5561,-149.4914,Mineral,na,na,-999,-999,96.3,1,-999,0,NA,5.852,-999,na,113.5,-999,1.94,-999,-999,-999,NA,LT,0,0
Toolik_Lake,North_Slope,USA,53,2009,na,Paul_Schuster,pschuste@usgs.gov,Schuster_2018,68.5561,-149.4914,Mineral,na,na,-999,-999,99.3,1,-999,0,NA,5.436,-999,na,105.89,-999,1.948,-999,-999,-999,NA,LT,0,0
Toolik_Lake,North_Slope,USA,54,2009,na,Paul_Schuster,pschuste@usgs.gov,Schuster_2018,68.5561,-149.4914,Mineral,na,na,-999,-999,102.2,1,-999,0,NA,5.116,-999,na,98.33,-999,1.922,-999,-999,-999,NA,LT,0,0
Toolik_Lake,North_Slope,USA,55,2009,na,Paul_Schuster,pschuste@usgs.gov,Schuster_2018,68.5561,-149.4914,Mineral,na,na,-999,-999,105.3,1,-999,0,NA,5.765,-999,na,108.53,-999,1.883,-999,-999,-999,NA,LT,0,0
Toolik_Lake,North_Slope,USA,56,2009,na,Paul_Schuster,pschuste@usgs.gov,Schuster_2018,68.5561,-149.4914,Mineral,na,na,-999,-999,108.5,1,-999,0,NA,5.736,-999,na,110.17,-999,1.921,-999,-999,-999,NA,LT,0,0
Toolik_Lake,North_Slope,USA,57,2009,na,Paul_Schuster,pschuste@usgs.gov,Schuster_2018,68.5561,-149.4914,Mineral,na,na,-999,-999,111.7,1,-999,0,NA,6.044,-999,na,105.98,-999,1.753,-999,-999,-999,NA,LT,0,0
Toolik_Lake,North_Slope,USA,58,2009,na,Paul_Schuster,pschuste@usgs.gov,Schuster_2018,68.5561,-149.4914,Peat,na,na,-999,-999,114.9,0,-999,0,NA,22.112,-999,na,123.51,-999,0.559,-999,-999,-999,NA,LT,0,0
Toolik_Lake,North_Slope,USA,59,2009,na,Paul_Schuster,pschuste@usgs.gov,Schuster_2018,68.5561,-149.4914,Mineral,na,na,-999,-999,118.2,1,-999,0,NA,3.946,-999,na,33.66,-999,0.853,-999,-999,-999,NA,LT,0,0
Toolik_Lake,North_Slope,USA,60,2009,na,Paul_Schuster,pschuste@usgs.gov,Schuster_2018,68.5561,-149.4914,Mineral,na,na,-999,-999,121.6,1,-999,0,NA,6.915,-999,na,105.52,-999,1.526,-999,-999,-999,NA,LT,0,0
Toolik_Lake,North_Slope,USA,61,2009,na,Paul_Schuster,pschuste@usgs.gov,Schuster_2018,68.5561,-149.4914,Peat,na,na,-999,-999,125,0,-999,0,NA,7.827,-999,na,116.45,-999,1.488,-999,-999,-999,NA,LT,0,0
Toolik_Lake,North_Slope,USA,62,2009,na,Paul_Schuster,pschuste@usgs.gov,Schuster_2018,68.5561,-149.4914,Mineral,na,na,-999,-999,128.3,1,-999,0,NA,7.499,-999,na,104.29,-999,1.391,-999,-999,-999,NA,LT,0,0
Toolik_Lake,North_Slope,USA,63,2009,na,Paul_Schuster,pschuste@usgs.gov,Schuster_2018,68.5561,-149.4914,Mineral,na,na,-999,-999,131.3,1,-999,0,NA,7.048,-999,na,128.51,-999,1.823,-999,-999,-999,NA,LT,0,0
Toolik_Lake,North_Slope,USA,64,2009,na,Paul_Schuster,pschuste@usgs.gov,Schuster_2018,68.5561,-149.4914,Peat,na,na,-999,-999,134.4,0,-999,0,NA,6.831,-999,na,120.61,-999,1.766,-999,-999,-999,NA,LT,0,0
Toolik_Lake,North_Slope,USA,65,2009,na,Paul_Schuster,pschuste@usgs.gov,Schuster_2018,68.5561,-149.4914,Peat,na,na,-999,-999,137.5,0,-999,0,NA,8.197,-999,na,112.76,-999,1.376,-999,-999,-999,NA,LT,0,0
Toolik_Lake,North_Slope,USA,66,2009,na,Paul_Schuster,pschuste@usgs.gov,Schuster_2018,68.5561,-149.4914,Peat,na,na,-999,-999,140.6,0,-999,0,NA,7.992,-999,na,117.61,-999,1.471,-999,-999,-999,NA,LT,0,0
Toolik_Lake,North_Slope,USA,67,2009,na,Paul_Schuster,pschuste@usgs.gov,Schuster_2018,68.5561,-149.4914,Peat,na,na,-999,-999,143.6,0,-999,0,NA,8.134,-999,na,121.05,-999,1.488,-999,-999,-999,NA,LT,0,0
Toolik_Lake,North_Slope,USA,68,2009,na,Paul_Schuster,pschuste@usgs.gov,Schuster_2018,68.5561,-149.4914,Mineral,na,na,-999,-999,146.9,1,-999,0,NA,6.667,-999,na,116.56,-999,1.748,-999,-999,-999,NA,LT,0,0
Deadhorse3,North_Slope,USA,16,2011,na,Paul_Schuster,pschuste@usgs.gov,Schuster_2018,70.1545,-148.465,Mineral,na,na,-999,-999,32.4,1,-999,0,NA,1.953,-999,na,37.72,-999,1.931,-999,-999,-999,NA,LT,0,0
Deadhorse3,North_Slope,USA,17,2011,na,Paul_Schuster,pschuste@usgs.gov,Schuster_2018,70.1545,-148.465,Mineral,na,na,-999,-999,33.3,1,-999,0,NA,2.066,-999,na,35.99,-999,1.742,-999,-999,-999,NA,LT,0,0
Deadhorse3,North_Slope,USA,18,2011,na,Paul_Schuster,pschuste@usgs.gov,Schuster_2018,70.1545,-148.465,Mineral,na,na,-999,-999,34.4,1,-999,0,NA,1.314,-999,na,35.84,-999,2.726,-999,-999,-999,NA,LT,0,0
Deadhorse3,North_Slope,USA,24,2011,na,Paul_Schuster,pschuste@usgs.gov,Schuster_2018,70.1545,-148.465,Mineral,na,na,-999,-999,35.5,1,-999,0,NA,2.699,-999,na,34.03,-999,1.261,-999,-999,-999,NA,LT,0,0
Deadhorse3,North_Slope,USA,27,2011,na,Paul_Schuster,pschuste@usgs.gov,Schuster_2018,70.1545,-148.465,Mineral,na,na,-999,-999,36.7,1,-999,0,NA,1.277,-999,na,32.36,-999,2.534,-999,-999,-999,NA,LT,0,0
Deadhorse3,North_Slope,USA,28,2011,na,Paul_Schuster,pschuste@usgs.gov,Schuster_2018,70.1545,-148.465,Peat,na,na,-999,-999,37.9,0,-999,0,NA,1.397,-999,na,34.8,-999,2.491,-999,-999,-999,NA,LT,0,0
Deadhorse3,North_Slope,USA,29,2011,na,Paul_Schuster,pschuste@usgs.gov,Schuster_2018,70.1545,-148.465,Peat,na,na,-999,-999,39.2,0,-999,0,NA,1.384,-999,na,33.66,-999,2.432,-999,-999,-999,NA,LT,0,0
Deadhorse3,North_Slope,USA,30,2011,na,Paul_Schuster,pschuste@usgs.gov,Schuster_2018,70.1545,-148.465,Peat,na,na,-999,-999,40.4,0,-999,0,NA,1.58,-999,na,36.23,-999,2.293,-999,-999,-999,NA,LT,0,0
Deadhorse3,North_Slope,USA,35,2011,na,Paul_Schuster,pschuste@usgs.gov,Schuster_2018,70.1545,-148.465,Mineral,na,na,-999,-999,41.6,1,-999,0,NA,1.737,-999,na,33.37,-999,1.921,-999,-999,-999,NA,LT,0,0
Deadhorse3,North_Slope,USA,36,2011,na,Paul_Schuster,pschuste@usgs.gov,Schuster_2018,70.1545,-148.465,Peat,na,na,-999,-999,42.6,0,-999,0,NA,1.938,-999,na,35.7,-999,1.842,-999,-999,-999,NA,LT,0,0
Deadhorse3,North_Slope,USA,7,2011,na,Paul_Schuster,pschuste@usgs.gov,Schuster_2018,70.1545,-148.465,Mineral,na,na,-999,-999,43.7,1,-999,0,NA,0.996,-999,na,42.51,-999,4.268,-999,-999,-999,NA,LT,0,0
Deadhorse3,North_Slope,USA,8,2011,na,Paul_Schuster,pschuste@usgs.gov,Schuster_2018,70.1545,-148.465,Mineral,na,na,-999,-999,45,1,-999,0,NA,1.461,-999,na,48.39,-999,3.312,-999,-999,-999,NA,LT,0,0
Deadhorse3,North_Slope,USA,9,2011,na,Paul_Schuster,pschuste@usgs.gov,Schuster_2018,70.1545,-148.465,Mineral,na,na,-999,-999,46.3,1,-999,0,NA,1.161,-999,na,45.01,-999,3.878,-999,-999,-999,NA,LT,0,0
Deadhorse3,North_Slope,USA,10,2011,na,Paul_Schuster,pschuste@usgs.gov,Schuster_2018,70.1545,-148.465,Peat,na,na,-999,-999,47.7,0,-999,0,NA,2.363,-999,na,54.6,-999,2.311,-999,-999,-999,NA,LT,0,0
Deadhorse3,North_Slope,USA,14,2011,na,Paul_Schuster,pschuste@usgs.gov,Schuster_2018,70.1545,-148.465,Mineral,na,na,-999,-999,49.1,1,-999,0,NA,1.259,-999,na,52.84,-999,4.198,-999,-999,-999,NA,LT,0,0
Deadhorse3,North_Slope,USA,15,2011,na,Paul_Schuster,pschuste@usgs.gov,Schuster_2018,70.1545,-148.465,Mineral,na,na,-999,-999,50.4,1,-999,0,NA,2.054,-999,na,56.57,-999,2.754,-999,-999,-999,NA,LT,0,0
Deadhorse3,North_Slope,USA,16,2011,na,Paul_Schuster,pschuste@usgs.gov,Schuster_2018,70.1545,-148.465,Peat,na,na,-999,-999,51.8,0,-999,0,NA,2.408,-999,na,34.05,-999,1.414,-999,-999,-999,NA,LT,0,0
Deadhorse3,North_Slope,USA,17,2011,na,Paul_Schuster,pschuste@usgs.gov,Schuster_2018,70.1545,-148.465,Peat,na,na,-999,-999,53.3,0,-999,0,NA,3.126,-999,na,32.49,-999,1.039,-999,-999,-999,NA,LT,0,0
Deadhorse3,North_Slope,USA,18,2011,na,Paul_Schuster,pschuste@usgs.gov,Schuster_2018,70.1545,-148.465,Peat,na,na,-999,-999,54.8,0,-999,0,NA,5.771,-999,na,32.35,-999,0.56,-999,-999,-999,NA,LT,0,0
Deadhorse3,North_Slope,USA,24,2011,na,Paul_Schuster,pschuste@usgs.gov,Schuster_2018,70.1545,-148.465,Peat,na,na,-999,-999,56.1,0,-999,0,NA,2.407,-999,na,30.71,-999,1.276,-999,-999,-999,NA,LT,0,0
Deadhorse3,North_Slope,USA,25,2011,na,Paul_Schuster,pschuste@usgs.gov,Schuster_2018,70.1545,-148.465,Mineral,na,na,-999,-999,57.4,1,-999,0,NA,2.578,-999,na,32.24,-999,1.251,-999,-999,-999,NA,LT,0,0
Deadhorse3,North_Slope,USA,27,2011,na,Paul_Schuster,pschuste@usgs.gov,Schuster_2018,70.1545,-148.465,Mineral,na,na,-999,-999,58.6,2,-999,0,NA,0.789,-999,na,29.2,-999,3.699,-999,-999,-999,NA,LT,0,0
Deadhorse3,North_Slope,USA,28,2011,na,Paul_Schuster,pschuste@usgs.gov,Schuster_2018,70.1545,-148.465,Peat,na,na,-999,-999,59.9,0,-999,0,NA,1.798,-999,na,31.41,-999,1.747,-999,-999,-999,NA,LT,0,0
Deadhorse3,North_Slope,USA,29,2011,na,Paul_Schuster,pschuste@usgs.gov,Schuster_2018,70.1545,-148.465,Mineral,na,na,-999,-999,61.3,3,-999,0,NA,0.594,-999,na,30.38,-999,5.116,-999,-999,-999,NA,LT,0,0
Deadhorse3,North_Slope,USA,35,2011,na,Paul_Schuster,pschuste@usgs.gov,Schuster_2018,70.1545,-148.465,Mineral,na,na,-999,-999,62.6,1,-999,0,NA,0.719,-999,na,30.11,-999,4.189,-999,-999,-999,NA,LT,0,0
Deadhorse3,North_Slope,USA,36,2011,na,Paul_Schuster,pschuste@usgs.gov,Schuster_2018,70.1545,-148.465,Mineral,na,na,-999,-999,63.8,1,-999,0,NA,0.713,-999,na,32.22,-999,4.521,-999,-999,-999,NA,LT,0,0
Deadhorse3,North_Slope,USA,7,2011,na,Paul_Schuster,pschuste@usgs.gov,Schuster_2018,70.1545,-148.465,Mineral,na,na,-999,-999,65,1,-999,0,NA,1.705,-999,na,37.84,-999,2.219,-999,-999,-999,NA,LT,0,0
Deadhorse3,North_Slope,USA,8,2011,na,Paul_Schuster,pschuste@usgs.gov,Schuster_2018,70.1545,-148.465,Peat,na,na,-999,-999,66.1,0,-999,0,NA,1.994,-999,na,38.74,-999,1.943,-999,-999,-999,NA,LT,0,0
Deadhorse3,North_Slope,USA,9,2011,na,Paul_Schuster,pschuste@usgs.gov,Schuster_2018,70.1545,-148.465,Mineral,na,na,-999,-999,67.3,1,-999,0,NA,1.809,-999,na,37.44,-999,2.07,-999,-999,-999,NA,LT,0,0
Deadhorse3,North_Slope,USA,10,2011,na,Paul_Schuster,pschuste@usgs.gov,Schuster_2018,70.1545,-148.465,Mineral,na,na,-999,-999,68.4,1,-999,0,NA,1.833,-999,na,37.68,-999,2.055,-999,-999,-999,NA,LT,0,0
Deadhorse3,North_Slope,USA,13,2011,na,Paul_Schuster,pschuste@usgs.gov,Schuster_2018,70.1545,-148.465,Mineral,na,na,-999,-999,69.7,1,-999,0,NA,0.605,-999,na,35.57,-999,5.881,-999,-999,-999,NA,LT,0,0
Deadhorse3,North_Slope,USA,16,2011,na,Paul_Schuster,pschuste@usgs.gov,Schuster_2018,70.1545,-148.465,Mineral,na,na,-999,-999,73.8,1,-999,0,NA,0.917,-999,na,40.66,-999,4.436,-999,-999,-999,NA,LT,0,0
Deadhorse3,North_Slope,USA,25,2011,na,Paul_Schuster,pschuste@usgs.gov,Schuster_2018,70.1545,-148.465,Mineral,na,na,-999,-999,77.7,1,-999,0,NA,0.909,-999,na,40.53,-999,4.458,-999,-999,-999,NA,LT,0,0
Deadhorse3,North_Slope,USA,27,2011,na,Paul_Schuster,pschuste@usgs.gov,Schuster_2018,70.1545,-148.465,Mineral,na,na,-999,-999,79.1,1,-999,0,NA,0.696,-999,na,39.52,-999,5.679,-999,-999,-999,NA,LT,0,0
Deadhorse3,North_Slope,USA,29,2011,na,Paul_Schuster,pschuste@usgs.gov,Schuster_2018,70.1545,-148.465,Mineral,na,na,-999,-999,82.1,1,-999,0,NA,0.714,-999,na,41.38,-999,5.791,-999,-999,-999,NA,LT,0,0
Deadhorse3,North_Slope,USA,35,2011,na,Paul_Schuster,pschuste@usgs.gov,Schuster_2018,70.1545,-148.465,Mineral,na,na,-999,-999,85.5,1,-999,0,NA,0.753,-999,na,40.12,-999,5.331,-999,-999,-999,NA,LT,0,0
Deadhorse3,North_Slope,USA,36,2011,na,Paul_Schuster,pschuste@usgs.gov,Schuster_2018,70.1545,-148.465,Mineral,na,na,-999,-999,87.3,1,-999,0,NA,0.8,-999,na,42.94,-999,5.366,-999,-999,-999,NA,LT,0,0
Deadhorse3,North_Slope,USA,7,2011,na,Paul_Schuster,pschuste@usgs.gov,Schuster_2018,70.1545,-148.465,Peat,na,na,-999,-999,88.9,0,-999,0,NA,1.926,-999,na,36.55,-999,1.898,-999,-999,-999,NA,LT,0,0
Deadhorse3,North_Slope,USA,9,2011,na,Paul_Schuster,pschuste@usgs.gov,Schuster_2018,70.1545,-148.465,Mineral,na,na,-999,-999,90.5,1,-999,0,NA,0.672,-999,na,40.17,-999,5.982,-999,-999,-999,NA,LT,0,0
Deadhorse3,North_Slope,USA,10,2011,na,Paul_Schuster,pschuste@usgs.gov,Schuster_2018,70.1545,-148.465,Mineral,na,na,-999,-999,91.9,1,-999,0,NA,0.899,-999,na,40.98,-999,4.559,-999,-999,-999,NA,LT,0,0
Deadhorse3,North_Slope,USA,13,2011,na,Paul_Schuster,pschuste@usgs.gov,Schuster_2018,70.1545,-148.465,Mineral,na,na,-999,-999,93.4,1,-999,0,NA,1.049,-999,na,41.46,-999,3.955,-999,-999,-999,NA,LT,0,0
Deadhorse3,North_Slope,USA,14,2011,na,Paul_Schuster,pschuste@usgs.gov,Schuster_2018,70.1545,-148.465,Mineral,na,na,-999,-999,94.9,1,-999,0,NA,1.078,-999,na,40.02,-999,3.712,-999,-999,-999,NA,LT,0,0
Deadhorse3,North_Slope,USA,15,2011,na,Paul_Schuster,pschuste@usgs.gov,Schuster_2018,70.1545,-148.465,Mineral,na,na,-999,-999,96.3,2,-999,0,NA,1.053,-999,na,40.37,-999,3.835,-999,-999,-999,NA,LT,0,0
Nome_Creek,North_Slope,USA,1,2011,na,Paul_Schuster,pschuste@usgs.gov,Schuster_2018,65.3699,-147.0609,Mineral,na,na,-999,-999,57.9,1,-999,0,NA,2.307,-999,na,37.71,-999,1.634,-999,-999,-999,NA,LT,0,0
Nome_Creek,North_Slope,USA,1,2011,na,Paul_Schuster,pschuste@usgs.gov,Schuster_2018,65.3699,-147.0609,Mineral,na,na,-999,-999,59.4,1,-999,0,NA,2.307,-999,na,37.71,-999,1.634,-999,-999,-999,NA,LT,0,0
Nome_Creek,North_Slope,USA,2,2011,na,Paul_Schuster,pschuste@usgs.gov,Schuster_2018,65.3699,-147.0609,Mineral,na,na,-999,-999,59.6,1,-999,0,NA,2.987,-999,na,44.72,-999,1.497,-999,-999,-999,NA,LT,0,0
Nome_Creek,North_Slope,USA,2,2011,na,Paul_Schuster,pschuste@usgs.gov,Schuster_2018,65.3699,-147.0609,Mineral,na,na,-999,-999,60.8,1,-999,0,NA,2.987,-999,na,44.72,-999,1.497,-999,-999,-999,NA,LT,0,0
Nome_Creek,North_Slope,USA,3,2011,na,Paul_Schuster,pschuste@usgs.gov,Schuster_2018,65.3699,-147.0609,Mineral,na,na,-999,-999,61.1,1,-999,0,NA,3.638,-999,na,43.24,-999,1.189,-999,-999,-999,NA,LT,0,0
Nome_Creek,North_Slope,USA,3,2011,na,Paul_Schuster,pschuste@usgs.gov,Schuster_2018,65.3699,-147.0609,Mineral,na,na,-999,-999,62.4,1,-999,0,NA,3.638,-999,na,43.24,-999,1.189,-999,-999,-999,NA,LT,0,0
Nome_Creek,North_Slope,USA,4,2011,na,Paul_Schuster,pschuste@usgs.gov,Schuster_2018,65.3699,-147.0609,Mineral,na,na,-999,-999,62.6,1,-999,0,NA,2.744,-999,na,55.71,-999,2.03,-999,-999,-999,NA,LT,0,0
Nome_Creek,North_Slope,USA,4,2011,na,Paul_Schuster,pschuste@usgs.gov,Schuster_2018,65.3699,-147.0609,Mineral,na,na,-999,-999,63.8,1,-999,0,NA,2.744,-999,na,55.71,-999,2.03,-999,-999,-999,NA,LT,0,0
Nome_Creek,North_Slope,USA,5,2011,na,Paul_Schuster,pschuste@usgs.gov,Schuster_2018,65.3699,-147.0609,Mineral,na,na,-999,-999,64.1,1,-999,0,NA,2.581,-999,na,43.75,-999,1.695,-999,-999,-999,NA,LT,0,0
Nome_Creek,North_Slope,USA,5,2011,na,Paul_Schuster,pschuste@usgs.gov,Schuster_2018,65.3699,-147.0609,Mineral,na,na,-999,-999,65.4,1,-999,0,NA,2.581,-999,na,43.75,-999,1.695,-999,-999,-999,NA,LT,0,0
Nome_Creek,North_Slope,USA,6,2011,na,Paul_Schuster,pschuste@usgs.gov,Schuster_2018,65.3699,-147.0609,Mineral,na,na,-999,-999,65.6,1,-999,0,NA,2.531,-999,na,40.8,-999,1.612,-999,-999,-999,NA,LT,0,0
Nome_Creek,North_Slope,USA,6,2011,na,Paul_Schuster,pschuste@usgs.gov,Schuster_2018,65.3699,-147.0609,Mineral,na,na,-999,-999,66.7,1,-999,0,NA,2.531,-999,na,40.8,-999,1.612,-999,-999,-999,NA,LT,0,0
Nome_Creek,North_Slope,USA,7,2011,na,Paul_Schuster,pschuste@usgs.gov,Schuster_2018,65.3699,-147.0609,Mineral,na,na,-999,-999,66.9,1,-999,0,NA,2.445,-999,na,32,-999,1.309,-999,-999,-999,NA,LT,0,0
Nome_Creek,North_Slope,USA,7,2011,na,Paul_Schuster,pschuste@usgs.gov,Schuster_2018,65.3699,-147.0609,Mineral,na,na,-999,-999,68,1,-999,0,NA,2.445,-999,na,32,-999,1.309,-999,-999,-999,NA,LT,0,0
Nome_Creek,North_Slope,USA,8,2011,na,Paul_Schuster,pschuste@usgs.gov,Schuster_2018,65.3699,-147.0609,Mineral,na,na,-999,-999,68.2,1,-999,0,NA,2.51,-999,na,37.83,-999,1.507,-999,-999,-999,NA,LT,0,0
Nome_Creek,North_Slope,USA,8,2011,na,Paul_Schuster,pschuste@usgs.gov,Schuster_2018,65.3699,-147.0609,Mineral,na,na,-999,-999,69.2,1,-999,0,NA,2.51,-999,na,37.83,-999,1.507,-999,-999,-999,NA,LT,0,0
Nome_Creek,North_Slope,USA,9,2011,na,Paul_Schuster,pschuste@usgs.gov,Schuster_2018,65.3699,-147.0609,Mineral,na,na,-999,-999,69.5,1,-999,0,NA,2.666,-999,na,41.42,-999,1.554,-999,-999,-999,NA,LT,0,0
Nome_Creek,North_Slope,USA,9,2011,na,Paul_Schuster,pschuste@usgs.gov,Schuster_2018,65.3699,-147.0609,Mineral,na,na,-999,-999,70.5,1,-999,0,NA,2.666,-999,na,41.42,-999,1.554,-999,-999,-999,NA,LT,0,0
Nome_Creek,North_Slope,USA,10,2011,na,Paul_Schuster,pschuste@usgs.gov,Schuster_2018,65.3699,-147.0609,Mineral,na,na,-999,-999,70.7,1,-999,0,NA,2.483,-999,na,41.42,-999,1.668,-999,-999,-999,NA,LT,0,0
Nome_Creek,North_Slope,USA,10,2011,na,Paul_Schuster,pschuste@usgs.gov,Schuster_2018,65.3699,-147.0609,Mineral,na,na,-999,-999,71.6,1,-999,0,NA,2.483,-999,na,41.42,-999,1.668,-999,-999,-999,NA,LT,0,0
Nome_Creek,North_Slope,USA,11,2011,na,Paul_Schuster,pschuste@usgs.gov,Schuster_2018,65.3699,-147.0609,Mineral,na,na,-999,-999,72.2,1,-999,0,NA,3.242,-999,na,47.66,-999,1.47,-999,-999,-999,NA,LT,0,0
Nome_Creek,North_Slope,USA,11,2011,na,Paul_Schuster,pschuste@usgs.gov,Schuster_2018,65.3699,-147.0609,Mineral,na,na,-999,-999,73.5,1,-999,0,NA,3.242,-999,na,47.66,-999,1.47,-999,-999,-999,NA,LT,0,0
Nome_Creek,North_Slope,USA,12,2011,na,Paul_Schuster,pschuste@usgs.gov,Schuster_2018,65.3699,-147.0609,Peat,na,na,-999,-999,74.1,0,-999,0,NA,2.302,-999,na,33.85,-999,1.47,-999,-999,-999,NA,LT,0,0
Nome_Creek,North_Slope,USA,12,2011,na,Paul_Schuster,pschuste@usgs.gov,Schuster_2018,65.3699,-147.0609,Peat,na,na,-999,-999,75.3,0,-999,0,NA,2.302,-999,na,33.85,-999,1.47,-999,-999,-999,NA,LT,0,0
Nome_Creek,North_Slope,USA,13,2011,na,Paul_Schuster,pschuste@usgs.gov,Schuster_2018,65.3699,-147.0609,Mineral,na,na,-999,-999,75.8,1,-999,0,NA,1.739,-999,na,31.47,-999,1.81,-999,-999,-999,NA,LT,0,0
Nome_Creek,North_Slope,USA,13,2011,na,Paul_Schuster,pschuste@usgs.gov,Schuster_2018,65.3699,-147.0609,Mineral,na,na,-999,-999,76.8,1,-999,0,NA,1.739,-999,na,31.47,-999,1.81,-999,-999,-999,NA,LT,0,0
Nome_Creek,North_Slope,USA,15,2011,na,Paul_Schuster,pschuste@usgs.gov,Schuster_2018,65.3699,-147.0609,Peat,na,na,-999,-999,78.7,0,-999,0,NA,1.84,-999,na,33.27,-999,1.808,-999,-999,-999,high_ice,LT,0,0
Nome_Creek,North_Slope,USA,16,2011,na,Paul_Schuster,pschuste@usgs.gov,Schuster_2018,65.3699,-147.0609,Mineral,na,na,-999,-999,80.1,1,-999,0,NA,1.79,-999,na,33.28,-999,1.859,-999,-999,-999,NA,LT,0,0
Nome_Creek,North_Slope,USA,15,2011,na,Paul_Schuster,pschuste@usgs.gov,Schuster_2018,65.3699,-147.0609,Peat,na,na,-999,-999,80.5,0,-999,0,NA,1.84,-999,na,33.27,-999,1.808,-999,-999,-999,high_ice,LT,0,0
Nome_Creek,North_Slope,USA,17,2011,na,Paul_Schuster,pschuste@usgs.gov,Schuster_2018,65.3699,-147.0609,Mineral,na,na,-999,-999,81.3,1,-999,0,NA,2.341,-999,na,39.53,-999,1.688,-999,-999,-999,na,LT,0,0
Nome_Creek,North_Slope,USA,16,2011,na,Paul_Schuster,pschuste@usgs.gov,Schuster_2018,65.3699,-147.0609,Mineral,na,na,-999,-999,81.8,1,-999,0,NA,1.79,-999,na,33.28,-999,1.859,-999,-999,-999,na,LT,0,0
Nome_Creek,North_Slope,USA,18,2011,na,Paul_Schuster,pschuste@usgs.gov,Schuster_2018,65.3699,-147.0609,Mineral,na,na,-999,-999,82.5,1,-999,0,NA,2.8,-999,na,39.84,-999,1.423,-999,-999,-999,na,LT,0,0
Nome_Creek,North_Slope,USA,17,2011,na,Paul_Schuster,pschuste@usgs.gov,Schuster_2018,65.3699,-147.0609,Mineral,na,na,-999,-999,83,1,-999,0,NA,2.341,-999,na,39.53,-999,1.688,-999,-999,-999,na,LT,0,0
Nome_Creek,North_Slope,USA,19,2011,na,Paul_Schuster,pschuste@usgs.gov,Schuster_2018,65.3699,-147.0609,Mineral,na,na,-999,-999,83.6,1,-999,0,NA,2.955,-999,na,42.48,-999,1.437,-999,-999,-999,na,LT,0,0
Nome_Creek,North_Slope,USA,18,2011,na,Paul_Schuster,pschuste@usgs.gov,Schuster_2018,65.3699,-147.0609,Mineral,na,na,-999,-999,84.1,1,-999,0,NA,2.8,-999,na,39.84,-999,1.423,-999,-999,-999,na,LT,0,0
Nome_Creek,North_Slope,USA,20,2011,na,Paul_Schuster,pschuste@usgs.gov,Schuster_2018,65.3699,-147.0609,Mineral,na,na,-999,-999,84.6,1,-999,0,NA,2.954,-999,na,41.49,-999,1.404,-999,-999,-999,na,LT,0,0
Nome_Creek,North_Slope,USA,19,2011,na,Paul_Schuster,pschuste@usgs.gov,Schuster_2018,65.3699,-147.0609,Mineral,na,na,-999,-999,85.1,1,-999,0,NA,2.955,-999,na,42.48,-999,1.437,-999,-999,-999,na,LT,0,0
Nome_Creek,North_Slope,USA,21,2011,na,Paul_Schuster,pschuste@usgs.gov,Schuster_2018,65.3699,-147.0609,Mineral,na,na,-999,-999,86.1,1,-999,0,NA,1.732,-999,na,29.5,-999,1.704,-999,-999,-999,little_rocks_present,LT,0,0
Nome_Creek,North_Slope,USA,20,2011,na,Paul_Schuster,pschuste@usgs.gov,Schuster_2018,65.3699,-147.0609,Mineral,na,na,-999,-999,86.2,1,-999,0,NA,2.954,-999,na,41.49,-999,1.404,-999,-999,-999,na,LT,0,0
Nome_Creek,North_Slope,USA,22,2011,na,Paul_Schuster,pschuste@usgs.gov,Schuster_2018,65.3699,-147.0609,Mineral,na,na,-999,-999,87.6,1,-999,0,NA,2.077,-999,na,32.42,-999,1.561,-999,-999,-999,na,LT,0,0
Nome_Creek,North_Slope,USA,21,2011,na,Paul_Schuster,pschuste@usgs.gov,Schuster_2018,65.3699,-147.0609,Mineral,na,na,-999,-999,88,1,-999,0,NA,1.732,-999,na,29.5,-999,1.704,-999,-999,-999,little_rocks_present,LT,0,0
Nome_Creek,North_Slope,USA,23,2011,na,Paul_Schuster,pschuste@usgs.gov,Schuster_2018,65.3699,-147.0609,Mineral,na,na,-999,-999,88.7,1,-999,0,NA,1.822,-999,na,31.02,-999,1.702,-999,-999,-999,na,LT,0,0
Nome_Creek,North_Slope,USA,22,2011,na,Paul_Schuster,pschuste@usgs.gov,Schuster_2018,65.3699,-147.0609,Mineral,na,na,-999,-999,89.1,1,-999,0,NA,2.077,-999,na,32.42,-999,1.561,-999,-999,-999,na,LT,0,0
Nome_Creek,North_Slope,USA,24,2011,na,Paul_Schuster,pschuste@usgs.gov,Schuster_2018,65.3699,-147.0609,Mineral,na,na,-999,-999,90,1,-999,0,NA,2.341,-999,na,35.71,-999,1.526,-999,-999,-999,na,LT,0,0
Nome_Creek,North_Slope,USA,23,2011,na,Paul_Schuster,pschuste@usgs.gov,Schuster_2018,65.3699,-147.0609,Mineral,na,na,-999,-999,90.3,1,-999,0,NA,1.822,-999,na,31.02,-999,1.702,-999,-999,-999,na,LT,0,0
Nome_Creek,North_Slope,USA,25,2011,na,Paul_Schuster,pschuste@usgs.gov,Schuster_2018,65.3699,-147.0609,Mineral,na,na,-999,-999,91.2,1,-999,0,NA,2.734,-999,na,49.17,-999,1.799,-999,-999,-999,na,LT,0,0
Nome_Creek,North_Slope,USA,24,2011,na,Paul_Schuster,pschuste@usgs.gov,Schuster_2018,65.3699,-147.0609,Mineral,na,na,-999,-999,91.6,1,-999,0,NA,2.341,-999,na,35.71,-999,1.526,-999,-999,-999,na,LT,0,0
Nome_Creek,North_Slope,USA,26,2011,na,Paul_Schuster,pschuste@usgs.gov,Schuster_2018,65.3699,-147.0609,Mineral,na,na,-999,-999,92.5,1,-999,0,NA,2.614,-999,na,38.58,-999,1.476,-999,-999,-999,na,LT,0,0
Nome_Creek,North_Slope,USA,25,2011,na,Paul_Schuster,pschuste@usgs.gov,Schuster_2018,65.3699,-147.0609,Mineral,na,na,-999,-999,92.8,1,-999,0,NA,2.734,-999,na,49.17,-999,1.799,-999,-999,-999,na,LT,0,0
Nome_Creek,North_Slope,USA,27,2011,na,Paul_Schuster,pschuste@usgs.gov,Schuster_2018,65.3699,-147.0609,Mineral,na,na,-999,-999,93.8,1,-999,0,NA,3.086,-999,na,51.78,-999,1.678,-999,-999,-999,na,LT,0,0
Nome_Creek,North_Slope,USA,26,2011,na,Paul_Schuster,pschuste@usgs.gov,Schuster_2018,65.3699,-147.0609,Mineral,na,na,-999,-999,94.1,1,-999,0,NA,2.614,-999,na,38.58,-999,1.476,-999,-999,-999,na,LT,0,0
Nome_Creek,North_Slope,USA,28,2011,na,Paul_Schuster,pschuste@usgs.gov,Schuster_2018,65.3699,-147.0609,Mineral,na,na,-999,-999,95,1,-999,0,NA,3.633,-999,na,59.52,-999,1.638,-999,-999,-999,na,LT,0,0
Nome_Creek,North_Slope,USA,27,2011,na,Paul_Schuster,pschuste@usgs.gov,Schuster_2018,65.3699,-147.0609,Mineral,na,na,-999,-999,95.3,1,-999,0,NA,3.086,-999,na,51.78,-999,1.678,-999,-999,-999,na,LT,0,0
Nome_Creek,North_Slope,USA,29,2011,na,Paul_Schuster,pschuste@usgs.gov,Schuster_2018,65.3699,-147.0609,Mineral,na,na,-999,-999,96.4,1,-999,0,NA,2.276,-999,na,34.32,-999,1.508,-999,-999,-999,na,LT,0,0
Nome_Creek,North_Slope,USA,28,2011,na,Paul_Schuster,pschuste@usgs.gov,Schuster_2018,65.3699,-147.0609,Mineral,na,na,-999,-999,96.6,1,-999,0,NA,3.633,-999,na,59.52,-999,1.638,-999,-999,-999,na,LT,0,0
Nome_Creek,North_Slope,USA,30,2011,na,Paul_Schuster,pschuste@usgs.gov,Schuster_2018,65.3699,-147.0609,Mineral,na,na,-999,-999,97.7,1,-999,0,NA,2.458,-999,na,36.36,-999,1.479,-999,-999,-999,na,LT,0,0
Nome_Creek,North_Slope,USA,29,2011,na,Paul_Schuster,pschuste@usgs.gov,Schuster_2018,65.3699,-147.0609,Mineral,na,na,-999,-999,97.9,1,-999,0,NA,2.276,-999,na,34.32,-999,1.508,-999,-999,-999,na,LT,0,0
Nome_Creek,North_Slope,USA,31,2011,na,Paul_Schuster,pschuste@usgs.gov,Schuster_2018,65.3699,-147.0609,Mineral,na,na,-999,-999,98.9,1,-999,0,NA,1.609,-999,na,33.58,-999,2.087,-999,-999,-999,dimensions_reported_are_rough,LT,0,0
Nome_Creek,North_Slope,USA,30,2011,na,Paul_Schuster,pschuste@usgs.gov,Schuster_2018,65.3699,-147.0609,Mineral,na,na,-999,-999,99.2,1,-999,0,NA,2.458,-999,na,36.36,-999,1.479,-999,-999,-999,na,LT,0,0
Nome_Creek,North_Slope,USA,32,2011,na,Paul_Schuster,pschuste@usgs.gov,Schuster_2018,65.3699,-147.0609,Mineral,na,na,-999,-999,100.1,1,-999,0,NA,1.99,-999,na,35.6,-999,1.789,-999,-999,-999,na,LT,0,0
Nome_Creek,North_Slope,USA,31,2011,na,Paul_Schuster,pschuste@usgs.gov,Schuster_2018,65.3699,-147.0609,Mineral,na,na,-999,-999,100.3,1,-999,0,NA,1.609,-999,na,33.58,-999,2.087,-999,-999,-999,dimensions_reported_are_rough,LT,0,0
Nome_Creek,North_Slope,USA,32,2011,na,Paul_Schuster,pschuste@usgs.gov,Schuster_2018,65.3699,-147.0609,Mineral,na,na,-999,-999,101.6,1,-999,0,NA,1.99,-999,na,35.6,-999,1.789,-999,-999,-999,na,LT,0,0
Nome_Creek,North_Slope,USA,33,2011,na,Paul_Schuster,pschuste@usgs.gov,Schuster_2018,65.3699,-147.0609,Mineral,na,na,-999,-999,101.6,1,-999,0,NA,1.842,-999,na,61.13,-999,3.319,-999,-999,-999,na,LT,0,0
Nome_Creek,North_Slope,USA,33,2011,na,Paul_Schuster,pschuste@usgs.gov,Schuster_2018,65.3699,-147.0609,Mineral,na,na,-999,-999,103.1,1,-999,0,NA,1.842,-999,na,61.13,-999,3.319,-999,-999,-999,na,LT,0,0
Nome_Creek,North_Slope,USA,34,2011,na,Paul_Schuster,pschuste@usgs.gov,Schuster_2018,65.3699,-147.0609,Mineral,na,na,-999,-999,103.2,1,-999,0,NA,2.458,-999,na,42.57,-999,1.732,-999,-999,-999,na,LT,0,0
Nome_Creek,North_Slope,USA,35,2011,na,Paul_Schuster,pschuste@usgs.gov,Schuster_2018,65.3699,-147.0609,Mineral,na,na,-999,-999,104.6,1,-999,0,NA,2.303,-999,na,38.08,-999,1.653,-999,-999,-999,na,LT,0,0
Nome_Creek,North_Slope,USA,34,2011,na,Paul_Schuster,pschuste@usgs.gov,Schuster_2018,65.3699,-147.0609,Mineral,na,na,-999,-999,104.7,1,-999,0,NA,2.458,-999,na,42.57,-999,1.732,-999,-999,-999,na,LT,0,0
Nome_Creek,North_Slope,USA,36,2011,na,Paul_Schuster,pschuste@usgs.gov,Schuster_2018,65.3699,-147.0609,Mineral,na,na,-999,-999,105.8,1,-999,0,NA,2.001,-999,na,37.07,-999,1.853,-999,-999,-999,na,LT,0,0
Nome_Creek,North_Slope,USA,35,2011,na,Paul_Schuster,pschuste@usgs.gov,Schuster_2018,65.3699,-147.0609,Mineral,na,na,-999,-999,105.9,1,-999,0,NA,2.303,-999,na,38.08,-999,1.653,-999,-999,-999,na,LT,0,0
Nome_Creek,North_Slope,USA,37,2011,na,Paul_Schuster,pschuste@usgs.gov,Schuster_2018,65.3699,-147.0609,Mineral,na,na,-999,-999,107,1,-999,0,NA,2.012,-999,na,21.34,-999,1.06,-999,-999,-999,na,LT,0,0
Nome_Creek,North_Slope,USA,36,2011,na,Paul_Schuster,pschuste@usgs.gov,Schuster_2018,65.3699,-147.0609,Mineral,na,na,-999,-999,107.1,1,-999,0,NA,2.001,-999,na,37.07,-999,1.853,-999,-999,-999,na,LT,0,0
Nome_Creek,North_Slope,USA,38,2011,na,Paul_Schuster,pschuste@usgs.gov,Schuster_2018,65.3699,-147.0609,Mineral,na,na,-999,-999,108.2,1,-999,0,NA,2.948,-999,na,34,-999,1.153,-999,-999,-999,na,LT,0,0
Nome_Creek,North_Slope,USA,37,2011,na,Paul_Schuster,pschuste@usgs.gov,Schuster_2018,65.3699,-147.0609,Mineral,na,na,-999,-999,108.3,1,-999,0,NA,2.012,-999,na,21.34,-999,1.06,-999,-999,-999,na,LT,0,0
Nome_Creek,North_Slope,USA,38,2011,na,Paul_Schuster,pschuste@usgs.gov,Schuster_2018,65.3699,-147.0609,Mineral,na,na,-999,-999,109.6,1,-999,0,NA,2.948,-999,na,34,-999,1.153,-999,-999,-999,na,LT,0,0
Nome_Creek,North_Slope,USA,39,2011,na,Paul_Schuster,pschuste@usgs.gov,Schuster_2018,65.3699,-147.0609,Mineral,na,na,-999,-999,109.6,2,-999,0,NA,1.852,-999,na,28.58,-999,1.544,-999,-999,-999,dimensions_reported_are_estimated_-_not_exact_shape,LT,0,0
Nome_Creek,North_Slope,USA,39,2011,na,Paul_Schuster,pschuste@usgs.gov,Schuster_2018,65.3699,-147.0609,Mineral,na,na,-999,-999,110.9,2,-999,0,NA,1.852,-999,na,28.58,-999,1.544,-999,-999,-999,dimensions_reported_are_estimated_-_not_exact_shape,LT,0,0
Nome_Creek,North_Slope,USA,40,2011,na,Paul_Schuster,pschuste@usgs.gov,Schuster_2018,65.3699,-147.0609,Mineral,na,na,-999,-999,111.3,2,-999,0,NA,1.71,-999,na,34.99,-999,2.046,-999,-999,-999,dimensions_reported_are_estimated_-_not_exact_shape,LT,0,0
FranklinBluffs3,North_Slope,USA,16,2012,na,Paul_Schuster,pschuste@usgs.gov,Schuster_2018,69.9361,-148.7617,Mineral,na,na,-999,-999,32.4,1,-999,0,NA,1.489,-999,na,43.06,-999,2.891,-999,-999,-999,NA,LT,0,0
FranklinBluffs3,North_Slope,USA,17,2012,na,Paul_Schuster,pschuste@usgs.gov,Schuster_2018,69.9361,-148.7617,Mineral,na,na,-999,-999,33.1,1,-999,0,NA,2.748,-999,na,42.1,-999,1.532,-999,-999,-999,NA,LT,0,0
FranklinBluffs3,North_Slope,USA,24,2012,na,Paul_Schuster,pschuste@usgs.gov,Schuster_2018,69.9361,-148.7617,Mineral,na,na,-999,-999,34,1,-999,0,NA,5.181,-999,na,39.96,-999,0.771,-999,-999,-999,NA,LT,0,0
FranklinBluffs3,North_Slope,USA,25,2012,na,Paul_Schuster,pschuste@usgs.gov,Schuster_2018,69.9361,-148.7617,Mineral,na,na,-999,-999,34.9,1,-999,0,NA,5.757,-999,na,43.66,-999,0.758,-999,-999,-999,NA,LT,0,0
FranklinBluffs3,North_Slope,USA,27,2012,na,Paul_Schuster,pschuste@usgs.gov,Schuster_2018,69.9361,-148.7617,Peat,na,na,-999,-999,35.9,0,-999,0,NA,5.308,-999,na,46.73,-999,0.88,-999,-999,-999,NA,LT,0,0
FranklinBluffs3,North_Slope,USA,28,2012,na,Paul_Schuster,pschuste@usgs.gov,Schuster_2018,69.9361,-148.7617,Mineral,na,na,-999,-999,37,1,-999,0,NA,1.762,-999,na,42.7,-999,2.423,-999,-999,-999,NA,LT,0,0
FranklinBluffs3,North_Slope,USA,29,2012,na,Paul_Schuster,pschuste@usgs.gov,Schuster_2018,69.9361,-148.7617,Mineral,na,na,-999,-999,38.1,1,-999,0,NA,1.577,-999,na,49.05,-999,3.11,-999,-999,-999,NA,LT,0,0
FranklinBluffs3,North_Slope,USA,30,2012,na,Paul_Schuster,pschuste@usgs.gov,Schuster_2018,69.9361,-148.7617,Mineral,na,na,-999,-999,39.1,1,-999,0,NA,2.348,-999,na,41.55,-999,1.769,-999,-999,-999,NA,LT,0,0
FranklinBluffs3,North_Slope,USA,35,2012,na,Paul_Schuster,pschuste@usgs.gov,Schuster_2018,69.9361,-148.7617,Mineral,na,na,-999,-999,40.2,1,-999,0,NA,1.106,-999,na,47.55,-999,4.299,-999,-999,-999,NA,LT,0,0
FranklinBluffs3,North_Slope,USA,36,2012,na,Paul_Schuster,pschuste@usgs.gov,Schuster_2018,69.9361,-148.7617,Mineral,na,na,-999,-999,41.4,1,-999,0,NA,2.057,-999,na,43.3,-999,2.105,-999,-999,-999,NA,LT,0,0
FranklinBluffs3,North_Slope,USA,8,2012,na,Paul_Schuster,pschuste@usgs.gov,Schuster_2018,69.9361,-148.7617,Mineral,na,na,-999,-999,42.7,1,-999,0,NA,1.336,-999,na,39.95,-999,2.991,-999,-999,-999,NA,LT,0,0
FranklinBluffs3,North_Slope,USA,9,2012,na,Paul_Schuster,pschuste@usgs.gov,Schuster_2018,69.9361,-148.7617,Mineral,na,na,-999,-999,44,1,-999,0,NA,1.823,-999,na,39.7,-999,2.178,-999,-999,-999,NA,LT,0,0
FranklinBluffs3,North_Slope,USA,10,2012,na,Paul_Schuster,pschuste@usgs.gov,Schuster_2018,69.9361,-148.7617,Mineral,na,na,-999,-999,45.3,1,-999,0,NA,0.88,-999,na,38.83,-999,4.414,-999,-999,-999,NA,LT,0,0
FranklinBluffs3,North_Slope,USA,13,2012,na,Paul_Schuster,pschuste@usgs.gov,Schuster_2018,69.9361,-148.7617,Mineral,na,na,-999,-999,46.4,1,-999,0,NA,0.993,-999,na,33.81,-999,3.403,-999,-999,-999,NA,LT,0,0
FranklinBluffs3,North_Slope,USA,14,2012,na,Paul_Schuster,pschuste@usgs.gov,Schuster_2018,69.9361,-148.7617,Mineral,na,na,-999,-999,47.6,1,-999,0,NA,0.41,-999,na,22.44,-999,5.467,-999,-999,-999,NA,LT,0,0
FranklinBluffs3,North_Slope,USA,15,2012,na,Paul_Schuster,pschuste@usgs.gov,Schuster_2018,69.9361,-148.7617,Mineral,na,na,-999,-999,48.9,1,-999,0,NA,0.809,-999,na,28.6,-999,3.536,-999,-999,-999,NA,LT,0,0
FranklinBluffs3,North_Slope,USA,16,2012,na,Paul_Schuster,pschuste@usgs.gov,Schuster_2018,69.9361,-148.7617,Mineral,na,na,-999,-999,50.1,1,-999,0,NA,0.389,-999,na,23.27,-999,5.981,-999,-999,-999,NA,LT,0,0
FranklinBluffs3,North_Slope,USA,17,2012,na,Paul_Schuster,pschuste@usgs.gov,Schuster_2018,69.9361,-148.7617,Mineral,na,na,-999,-999,51.3,1,-999,0,NA,0.567,-999,na,23.83,-999,4.201,-999,-999,-999,NA,LT,0,0
FranklinBluffs3,North_Slope,USA,18,2012,na,Paul_Schuster,pschuste@usgs.gov,Schuster_2018,69.9361,-148.7617,Mineral,na,na,-999,-999,52.3,1,-999,0,NA,0.872,-999,na,27.22,-999,3.12,-999,-999,-999,NA,LT,0,0
FranklinBluffs3,North_Slope,USA,24,2012,na,Paul_Schuster,pschuste@usgs.gov,Schuster_2018,69.9361,-148.7617,Mineral,na,na,-999,-999,53.4,1,-999,0,NA,1.903,-999,na,33.76,-999,1.774,-999,-999,-999,NA,LT,0,0
FranklinBluffs3,North_Slope,USA,27,2012,na,Paul_Schuster,pschuste@usgs.gov,Schuster_2018,69.9361,-148.7617,Mineral,na,na,-999,-999,54.6,1,-999,0,NA,0.66,-999,na,32.07,-999,4.856,-999,-999,-999,NA,LT,0,0
FranklinBluffs3,North_Slope,USA,28,2012,na,Paul_Schuster,pschuste@usgs.gov,Schuster_2018,69.9361,-148.7617,Mineral,na,na,-999,-999,55.8,1,-999,0,NA,0.883,-999,na,38.23,-999,4.327,-999,-999,-999,NA,LT,0,0
FranklinBluffs3,North_Slope,USA,29,2012,na,Paul_Schuster,pschuste@usgs.gov,Schuster_2018,69.9361,-148.7617,Mineral,na,na,-999,-999,56.2,1,-999,0,NA,0.938,-999,na,37.02,-999,3.947,-999,-999,-999,NA,LT,0,0
FranklinBluffs3,North_Slope,USA,30,2012,na,Paul_Schuster,pschuste@usgs.gov,Schuster_2018,69.9361,-148.7617,Peat,na,na,-999,-999,57.8,0,-999,0,NA,1.497,-999,na,26.44,-999,1.767,-999,-999,-999,NA,LT,0,0
FranklinBluffs3,North_Slope,USA,35,2012,na,Paul_Schuster,pschuste@usgs.gov,Schuster_2018,69.9361,-148.7617,Mineral,na,na,-999,-999,59.2,1,-999,0,NA,1.024,-999,na,32.63,-999,3.185,-999,-999,-999,NA,LT,0,0
FranklinBluffs3,North_Slope,USA,36,2012,na,Paul_Schuster,pschuste@usgs.gov,Schuster_2018,69.9361,-148.7617,Peat,na,na,-999,-999,60.5,0,-999,0,NA,1.631,-999,na,38.78,-999,2.377,-999,-999,-999,NA,LT,0,0
FranklinBluffs3,North_Slope,USA,7,2012,na,Paul_Schuster,pschuste@usgs.gov,Schuster_2018,69.9361,-148.7617,Peat,na,na,-999,-999,61.7,0,-999,0,NA,1.328,-999,na,37.69,-999,2.838,-999,-999,-999,NA,LT,0,0
FranklinBluffs3,North_Slope,USA,8,2012,na,Paul_Schuster,pschuste@usgs.gov,Schuster_2018,69.9361,-148.7617,Peat,na,na,-999,-999,62.9,0,-999,0,NA,1.141,-999,na,29.37,-999,2.574,-999,-999,-999,NA,LT,0,0
FranklinBluffs3,North_Slope,USA,9,2012,na,Paul_Schuster,pschuste@usgs.gov,Schuster_2018,69.9361,-148.7617,Peat,na,na,-999,-999,64.1,0,-999,0,NA,1.35,-999,na,28.76,-999,2.13,-999,-999,-999,NA,LT,0,0
FranklinBluffs3,North_Slope,USA,10,2012,na,Paul_Schuster,pschuste@usgs.gov,Schuster_2018,69.9361,-148.7617,Mineral,na,na,-999,-999,65.2,1,-999,0,NA,1.115,-999,na,28.39,-999,2.547,-999,-999,-999,NA,LT,0,0
FranklinBluffs3,North_Slope,USA,14,2012,na,Paul_Schuster,pschuste@usgs.gov,Schuster_2018,69.9361,-148.7617,Mineral,na,na,-999,-999,66.3,1,-999,0,NA,0.931,-999,na,26.04,-999,2.798,-999,-999,-999,NA,LT,0,0
FranklinBluffs3,North_Slope,USA,15,2012,na,Paul_Schuster,pschuste@usgs.gov,Schuster_2018,69.9361,-148.7617,Mineral,na,na,-999,-999,67.3,1,-999,0,NA,0.689,-999,na,26.79,-999,3.886,-999,-999,-999,NA,LT,0,0
FranklinBluffs3,North_Slope,USA,17,2012,na,Paul_Schuster,pschuste@usgs.gov,Schuster_2018,69.9361,-148.7617,Mineral,na,na,-999,-999,69.5,1,-999,0,NA,0.348,-999,na,18.83,-999,5.417,-999,-999,-999,NA,LT,0,0
Slope_Mountain,North_Slope,USA,18,2012,na,Paul_Schuster,pschuste@usgs.gov,Schuster_2018,68.7148,-149.0304,Peat,na,na,-999,-999,53.4,0,-999,0,NA,11.964,-999,na,107.05,-999,0.895,-999,-999,-999,na,LT,0,0
Slope_Mountain,North_Slope,USA,24,2012,na,Paul_Schuster,pschuste@usgs.gov,Schuster_2018,68.7148,-149.0304,Peat,na,na,-999,-999,54.4,0,-999,0,NA,13.364,-999,na,106.67,-999,0.798,-999,-999,-999,na,LT,0,0
Slope_Mountain,North_Slope,USA,27,2012,na,Paul_Schuster,pschuste@usgs.gov,Schuster_2018,68.7148,-149.0304,Peat,na,na,-999,-999,55.7,0,-999,0,NA,10.859,-999,na,104.04,-999,0.958,-999,-999,-999,na,LT,0,0
Slope_Mountain,North_Slope,USA,28,2012,na,Paul_Schuster,pschuste@usgs.gov,Schuster_2018,68.7148,-149.0304,Peat,na,na,-999,-999,56.9,0,-999,0,NA,12.741,-999,na,97.48,-999,0.765,-999,-999,-999,na,LT,0,0
Slope_Mountain,North_Slope,USA,29,2012,na,Paul_Schuster,pschuste@usgs.gov,Schuster_2018,68.7148,-149.0304,Peat,na,na,-999,-999,58.2,0,-999,0,NA,11.613,-999,na,103.54,-999,0.892,-999,-999,-999,na,LT,0,0
Slope_Mountain,North_Slope,USA,30,2012,na,Paul_Schuster,pschuste@usgs.gov,Schuster_2018,68.7148,-149.0304,Peat,na,na,-999,-999,59.5,0,-999,0,NA,12.524,-999,na,113.18,-999,0.904,-999,-999,-999,na,LT,0,0
Slope_Mountain,North_Slope,USA,35,2012,na,Paul_Schuster,pschuste@usgs.gov,Schuster_2018,68.7148,-149.0304,Peat,na,na,-999,-999,60.7,0,-999,0,NA,12.851,-999,na,84.33,-999,0.656,-999,-999,-999,na,LT,0,0
Slope_Mountain,North_Slope,USA,36,2012,na,Paul_Schuster,pschuste@usgs.gov,Schuster_2018,68.7148,-149.0304,Peat,na,na,-999,-999,61.8,0,-999,0,NA,14.945,-999,na,95.83,-999,0.641,-999,-999,-999,na,LT,0,0
Slope_Mountain,North_Slope,USA,7,2012,na,Paul_Schuster,pschuste@usgs.gov,Schuster_2018,68.7148,-149.0304,Peat,na,na,-999,-999,62.9,0,-999,0,NA,11.434,-999,na,92.81,-999,0.812,-999,-999,-999,na,LT,0,0
Slope_Mountain,North_Slope,USA,8,2012,na,Paul_Schuster,pschuste@usgs.gov,Schuster_2018,68.7148,-149.0304,Peat,na,na,-999,-999,63.9,0,-999,0,NA,15.507,-999,na,114,-999,0.735,-999,-999,-999,na,LT,0,0
Slope_Mountain,North_Slope,USA,10,2012,na,Paul_Schuster,pschuste@usgs.gov,Schuster_2018,68.7148,-149.0304,Peat,na,na,-999,-999,65,0,-999,0,NA,16.869,-999,na,87.2,-999,0.517,-999,-999,-999,na,LT,0,0
Slope_Mountain,North_Slope,USA,13,2012,na,Paul_Schuster,pschuste@usgs.gov,Schuster_2018,68.7148,-149.0304,Peat,na,na,-999,-999,66.1,0,-999,0,NA,14.798,-999,na,95.64,-999,0.646,-999,-999,-999,na,LT,0,0
Slope_Mountain,North_Slope,USA,14,2012,na,Paul_Schuster,pschuste@usgs.gov,Schuster_2018,68.7148,-149.0304,Peat,na,na,-999,-999,67.2,0,-999,0,NA,17.269,-999,na,94.58,-999,0.548,-999,-999,-999,na,LT,0,0
Slope_Mountain,North_Slope,USA,15,2012,na,Paul_Schuster,pschuste@usgs.gov,Schuster_2018,68.7148,-149.0304,Peat,na,na,-999,-999,68.3,0,-999,0,NA,13.156,-999,na,94.78,-999,0.72,-999,-999,-999,na,LT,0,0
Slope_Mountain,North_Slope,USA,16,2012,na,Paul_Schuster,pschuste@usgs.gov,Schuster_2018,68.7148,-149.0304,Peat,na,na,-999,-999,69.6,0,-999,0,NA,11.735,-999,na,83.42,-999,0.711,-999,-999,-999,na,LT,0,0
Slope_Mountain,North_Slope,USA,17,2012,na,Paul_Schuster,pschuste@usgs.gov,Schuster_2018,68.7148,-149.0304,Peat,na,na,-999,-999,71,0,-999,0,NA,15.495,-999,na,98.22,-999,0.634,-999,-999,-999,na,LT,0,0
Slope_Mountain,North_Slope,USA,18,2012,na,Paul_Schuster,pschuste@usgs.gov,Schuster_2018,68.7148,-149.0304,Peat,na,na,-999,-999,72.4,0,-999,0,NA,14.059,-999,na,71.14,-999,0.506,-999,-999,-999,na,LT,0,0
Slope_Mountain,North_Slope,USA,24,2012,na,Paul_Schuster,pschuste@usgs.gov,Schuster_2018,68.7148,-149.0304,Peat,na,na,-999,-999,73.7,0,-999,0,NA,12.175,-999,na,64.81,-999,0.532,-999,-999,-999,na,LT,0,0
Slope_Mountain,North_Slope,USA,25,2012,na,Paul_Schuster,pschuste@usgs.gov,Schuster_2018,68.7148,-149.0304,Peat,na,na,-999,-999,75,0,-999,0,NA,6.257,-999,na,85.34,-999,1.364,-999,-999,-999,na,LT,0,0
Slope_Mountain,North_Slope,USA,27,2012,na,Paul_Schuster,pschuste@usgs.gov,Schuster_2018,68.7148,-149.0304,Peat,na,na,-999,-999,76.2,0,-999,0,NA,12.151,-999,na,81.6,-999,0.672,-999,-999,-999,na,LT,0,0
Slope_Mountain,North_Slope,USA,29,2012,na,Paul_Schuster,pschuste@usgs.gov,Schuster_2018,68.7148,-149.0304,Peat,na,na,-999,-999,77.5,0,-999,0,NA,7.739,-999,na,70.59,-999,0.912,-999,-999,-999,na,LT,0,0
Slope_Mountain,North_Slope,USA,30,2012,na,Paul_Schuster,pschuste@usgs.gov,Schuster_2018,68.7148,-149.0304,Peat,na,na,-999,-999,78.8,0,-999,0,NA,8.572,-999,na,69,-999,0.805,-999,-999,-999,na,LT,0,0
Slope_Mountain,North_Slope,USA,35,2012,na,Paul_Schuster,pschuste@usgs.gov,Schuster_2018,68.7148,-149.0304,Peat,na,na,-999,-999,80,0,-999,0,NA,5.977,-999,na,99.56,-999,1.666,-999,-999,-999,na,LT,0,0
Slope_Mountain,North_Slope,USA,36,2012,na,Paul_Schuster,pschuste@usgs.gov,Schuster_2018,68.7148,-149.0304,Peat,na,na,-999,-999,81.2,0,-999,0,NA,7.556,-999,na,108.46,-999,1.435,-999,-999,-999,na,LT,0,0
Slope_Mountain,North_Slope,USA,7,2012,na,Paul_Schuster,pschuste@usgs.gov,Schuster_2018,68.7148,-149.0304,Peat,na,na,-999,-999,82.5,0,-999,0,NA,7.165,-999,na,117.79,-999,1.644,-999,-999,-999,na,LT,0,0
Slope_Mountain,North_Slope,USA,8,2012,na,Paul_Schuster,pschuste@usgs.gov,Schuster_2018,68.7148,-149.0304,Peat,na,na,-999,-999,83.7,0,-999,0,NA,12.744,-999,na,89.6,-999,0.703,-999,-999,-999,na,LT,0,0
Slope_Mountain,North_Slope,USA,9,2012,na,Paul_Schuster,pschuste@usgs.gov,Schuster_2018,68.7148,-149.0304,Peat,na,na,-999,-999,84.9,0,-999,0,NA,14.381,-999,na,69.3,-999,0.482,-999,-999,-999,na,LT,0,0
Slope_Mountain,North_Slope,USA,10,2012,na,Paul_Schuster,pschuste@usgs.gov,Schuster_2018,68.7148,-149.0304,Peat,na,na,-999,-999,86,0,-999,0,NA,19.881,-999,na,63.8,-999,0.321,-999,-999,-999,na,LT,0,0
Slope_Mountain,North_Slope,USA,13,2012,na,Paul_Schuster,pschuste@usgs.gov,Schuster_2018,68.7148,-149.0304,Peat,na,na,-999,-999,87.3,0,-999,0,NA,22.107,-999,na,70.28,-999,0.318,-999,-999,-999,na,LT,0,0
Slope_Mountain,North_Slope,USA,14,2012,na,Paul_Schuster,pschuste@usgs.gov,Schuster_2018,68.7148,-149.0304,Peat,na,na,-999,-999,88.5,0,-999,0,NA,21.497,-999,na,71,-999,0.33,-999,-999,-999,na,LT,0,0
Slope_Mountain,North_Slope,USA,16,2012,na,Paul_Schuster,pschuste@usgs.gov,Schuster_2018,68.7148,-149.0304,Peat,na,na,-999,-999,89.6,0,-999,0,NA,12.286,-999,na,94.8,-999,0.772,-999,-999,-999,na,LT,0,0
Slope_Mountain,North_Slope,USA,17,2012,na,Paul_Schuster,pschuste@usgs.gov,Schuster_2018,68.7148,-149.0304,Peat,na,na,-999,-999,90.5,0,-999,1,NA,25.008,-999,na,71.31,-999,0.285,-999,-999,-999,na,LT,0,0
Slope_Mountain,North_Slope,USA,18,2012,na,Paul_Schuster,pschuste@usgs.gov,Schuster_2018,68.7148,-149.0304,Peat,na,na,-999,-999,91.7,0,-999,0,NA,22.134,-999,na,79.87,-999,0.361,-999,-999,-999,na,LT,0,0
Slope_Mountain,North_Slope,USA,24,2012,na,Paul_Schuster,pschuste@usgs.gov,Schuster_2018,68.7148,-149.0304,Peat,na,na,-999,-999,92.8,0,-999,0,NA,15.767,-999,na,108.84,-999,0.69,-999,-999,-999,na,LT,0,0
Slope_Mountain,North_Slope,USA,25,2012,na,Paul_Schuster,pschuste@usgs.gov,Schuster_2018,68.7148,-149.0304,Peat,na,na,-999,-999,93.9,0,-999,0,NA,5.174,-999,na,106.34,-999,2.055,-999,-999,-999,na,LT,0,0
Slope_Mountain,North_Slope,USA,27,2012,na,Paul_Schuster,pschuste@usgs.gov,Schuster_2018,68.7148,-149.0304,Peat,na,na,-999,-999,94.9,0,-999,0,NA,10.269,-999,na,104.72,-999,1.02,-999,-999,-999,na,LT,0,0
Slope_Mountain,North_Slope,USA,28,2012,na,Paul_Schuster,pschuste@usgs.gov,Schuster_2018,68.7148,-149.0304,Peat,na,na,-999,-999,95.9,0,-999,0,NA,14.133,-999,na,99.95,-999,0.707,-999,-999,-999,na,LT,0,0
Slope_Mountain,North_Slope,USA,29,2012,na,Paul_Schuster,pschuste@usgs.gov,Schuster_2018,68.7148,-149.0304,Peat,na,na,-999,-999,96.8,0,-999,0,NA,10.815,-999,na,95.74,-999,0.885,-999,-999,-999,na,LT,0,0
Slope_Mountain,North_Slope,USA,30,2012,na,Paul_Schuster,pschuste@usgs.gov,Schuster_2018,68.7148,-149.0304,Peat,na,na,-999,-999,97.6,0,-999,0,NA,12.075,-999,na,96.3,-999,0.797,-999,-999,-999,na,LT,0,0
Slope_Mountain,North_Slope,USA,35,2012,na,Paul_Schuster,pschuste@usgs.gov,Schuster_2018,68.7148,-149.0304,Peat,na,na,-999,-999,98.7,0,-999,0,NA,11.916,-999,na,100,-999,0.839,-999,-999,-999,na,LT,0,0
Slope_Mountain,North_Slope,USA,7,2012,na,Paul_Schuster,pschuste@usgs.gov,Schuster_2018,68.7148,-149.0304,Peat,na,na,-999,-999,99.9,0,-999,0,NA,18.077,-999,na,88.94,-999,0.492,-999,-999,-999,na,LT,0,0
Slope_Mountain,North_Slope,USA,8,2012,na,Paul_Schuster,pschuste@usgs.gov,Schuster_2018,68.7148,-149.0304,Peat,na,na,-999,-999,100.9,0,-999,0,NA,9.092,-999,na,109.29,-999,1.202,-999,-999,-999,na,LT,0,0
Slope_Mountain,North_Slope,USA,9,2012,na,Paul_Schuster,pschuste@usgs.gov,Schuster_2018,68.7148,-149.0304,Peat,na,na,-999,-999,101.8,0,-999,0,NA,14.823,-999,na,91.05,-999,0.614,-999,-999,-999,na,LT,0,0
Slope_Mountain,North_Slope,USA,10,2012,na,Paul_Schuster,pschuste@usgs.gov,Schuster_2018,68.7148,-149.0304,Peat,na,na,-999,-999,102.9,0,-999,0,NA,10.611,-999,na,106,-999,0.999,-999,-999,-999,na,LT,0,0
Slope_Mountain,North_Slope,USA,13,2012,na,Paul_Schuster,pschuste@usgs.gov,Schuster_2018,68.7148,-149.0304,Peat,na,na,-999,-999,103.9,0,-999,0,NA,10.887,-999,na,97.01,-999,0.891,-999,-999,-999,na,LT,0,0
Slope_Mountain,North_Slope,USA,14,2012,na,Paul_Schuster,pschuste@usgs.gov,Schuster_2018,68.7148,-149.0304,Peat,na,na,-999,-999,104.8,0,-999,0,NA,8.168,-999,na,117.92,-999,1.444,-999,-999,-999,na,LT,0,0
Slope_Mountain,North_Slope,USA,15,2012,na,Paul_Schuster,pschuste@usgs.gov,Schuster_2018,68.7148,-149.0304,Peat,na,na,-999,-999,105.9,0,-999,0,NA,10.627,-999,na,112.39,-999,1.058,-999,-999,-999,na,LT,0,0
Slope_Mountain,North_Slope,USA,16,2012,na,Paul_Schuster,pschuste@usgs.gov,Schuster_2018,68.7148,-149.0304,Peat,na,na,-999,-999,107,0,-999,0,NA,8.392,-999,na,108.85,-999,1.297,-999,-999,-999,na,LT,0,0
Slope_Mountain,North_Slope,USA,17,2012,na,Paul_Schuster,pschuste@usgs.gov,Schuster_2018,68.7148,-149.0304,Peat,na,na,-999,-999,108.1,0,-999,0,NA,7.171,-999,na,104.51,-999,1.457,-999,-999,-999,na,LT,0,0
Slope_Mountain,North_Slope,USA,18,2012,na,Paul_Schuster,pschuste@usgs.gov,Schuster_2018,68.7148,-149.0304,Peat,na,na,-999,-999,109.4,0,-999,0,NA,13.223,-999,na,97,-999,0.734,-999,-999,-999,na,LT,0,0
Slope_Mountain,North_Slope,USA,25,2012,na,Paul_Schuster,pschuste@usgs.gov,Schuster_2018,68.7148,-149.0304,Peat,na,na,-999,-999,110.8,0,-999,0,NA,8.23,-999,na,103,-999,1.252,-999,-999,-999,na,LT,0,0
Slope_Mountain,North_Slope,USA,27,2012,na,Paul_Schuster,pschuste@usgs.gov,Schuster_2018,68.7148,-149.0304,Peat,na,na,-999,-999,112.1,0,-999,0,NA,8.881,-999,na,101.38,-999,1.142,-999,-999,-999,na,LT,0,0
Slope_Mountain,North_Slope,USA,28,2012,na,Paul_Schuster,pschuste@usgs.gov,Schuster_2018,68.7148,-149.0304,Peat,na,na,-999,-999,113.4,0,-999,0,NA,10.971,-999,na,106.64,-999,0.972,-999,-999,-999,na,LT,0,0
Slope_Mountain,North_Slope,USA,29,2012,na,Paul_Schuster,pschuste@usgs.gov,Schuster_2018,68.7148,-149.0304,Peat,na,na,-999,-999,114.7,0,-999,0,NA,11.13,-999,na,103.61,-999,0.931,-999,-999,-999,na,LT,0,0
Slope_Mountain,North_Slope,USA,30,2012,na,Paul_Schuster,pschuste@usgs.gov,Schuster_2018,68.7148,-149.0304,Peat,na,na,-999,-999,115.9,0,-999,0,NA,16.392,-999,na,92.9,-999,0.567,-999,-999,-999,na,LT,0,0
Slope_Mountain,North_Slope,USA,35,2012,na,Paul_Schuster,pschuste@usgs.gov,Schuster_2018,68.7148,-149.0304,Peat,na,na,-999,-999,117,0,-999,0,NA,21.542,-999,na,76.47,-999,0.355,-999,-999,-999,na,LT,0,0
Slope_Mountain,North_Slope,USA,36,2012,na,Paul_Schuster,pschuste@usgs.gov,Schuster_2018,68.7148,-149.0304,Peat,na,na,-999,-999,118.2,0,-999,0,NA,14.933,-999,na,56.04,-999,0.375,-999,-999,-999,na,LT,0,0
Slope_Mountain,North_Slope,USA,7,2012,na,Paul_Schuster,pschuste@usgs.gov,Schuster_2018,68.7148,-149.0304,Peat,na,na,-999,-999,119.6,0,-999,0,NA,21.334,-999,na,62.8,-999,0.294,-999,-999,-999,na,LT,0,0
Slope_Mountain,North_Slope,USA,8,2012,na,Paul_Schuster,pschuste@usgs.gov,Schuster_2018,68.7148,-149.0304,Peat,na,na,-999,-999,120.9,0,-999,0,NA,17.781,-999,na,59.44,-999,0.334,-999,-999,-999,na,LT,0,0
Slope_Mountain,North_Slope,USA,9,2012,na,Paul_Schuster,pschuste@usgs.gov,Schuster_2018,68.7148,-149.0304,Peat,na,na,-999,-999,122.3,0,-999,0,NA,14.207,-999,na,59.7,-999,0.42,-999,-999,-999,na,LT,0,0
Slope_Mountain,North_Slope,USA,13,2012,na,Paul_Schuster,pschuste@usgs.gov,Schuster_2018,68.7148,-149.0304,Peat,na,na,-999,-999,123.7,0,-999,0,NA,18.416,-999,na,58.19,-999,0.316,-999,-999,-999,na,LT,0,0
Slope_Mountain,North_Slope,USA,14,2012,na,Paul_Schuster,pschuste@usgs.gov,Schuster_2018,68.7148,-149.0304,Peat,na,na,-999,-999,125.1,0,-999,0,NA,18.596,-999,na,60.63,-999,0.326,-999,-999,-999,na,LT,0,0
Slope_Mountain,North_Slope,USA,15,2012,na,Paul_Schuster,pschuste@usgs.gov,Schuster_2018,68.7148,-149.0304,Peat,na,na,-999,-999,126.5,0,-999,0,NA,14.752,-999,na,55.07,-999,0.373,-999,-999,-999,na,LT,0,0
Slope_Mountain,North_Slope,USA,16,2012,na,Paul_Schuster,pschuste@usgs.gov,Schuster_2018,68.7148,-149.0304,Peat,na,na,-999,-999,127.9,0,-999,0,NA,19.91,-999,na,65.74,-999,0.33,-999,-999,-999,na,LT,0,0
Slope_Mountain,North_Slope,USA,17,2012,na,Paul_Schuster,pschuste@usgs.gov,Schuster_2018,68.7148,-149.0304,Peat,na,na,-999,-999,129.3,0,-999,0,NA,23.027,-999,na,68.87,-999,0.299,-999,-999,-999,na,LT,0,0
Slope_Mountain,North_Slope,USA,18,2012,na,Paul_Schuster,pschuste@usgs.gov,Schuster_2018,68.7148,-149.0304,Peat,na,na,-999,-999,130.7,0,-999,0,NA,23.567,-999,na,103.74,-999,0.44,-999,-999,-999,na,LT,0,0
Slope_Mountain,North_Slope,USA,24,2012,na,Paul_Schuster,pschuste@usgs.gov,Schuster_2018,68.7148,-149.0304,Peat,na,na,-999,-999,132.1,0,-999,0,NA,18.495,-999,na,81.28,-999,0.439,-999,-999,-999,na,LT,0,0
Slope_Mountain,North_Slope,USA,25,2012,na,Paul_Schuster,pschuste@usgs.gov,Schuster_2018,68.7148,-149.0304,Peat,na,na,-999,-999,133.5,0,-999,0,NA,14.613,-999,na,91.4,-999,0.625,-999,-999,-999,na,LT,0,0
Slope_Mountain,North_Slope,USA,27,2012,na,Paul_Schuster,pschuste@usgs.gov,Schuster_2018,68.7148,-149.0304,Peat,na,na,-999,-999,134.7,0,-999,0,NA,11.283,-999,na,111.51,-999,0.988,-999,-999,-999,na,LT,0,0
Slope_Mountain,North_Slope,USA,28,2012,na,Paul_Schuster,pschuste@usgs.gov,Schuster_2018,68.7148,-149.0304,Peat,na,na,-999,-999,135.9,0,-999,0,NA,8.419,-999,na,100.23,-999,1.191,-999,-999,-999,na,LT,0,0
Slope_Mountain,North_Slope,USA,30,2012,na,Paul_Schuster,pschuste@usgs.gov,Schuster_2018,68.7148,-149.0304,Peat,na,na,-999,-999,137,0,-999,0,NA,10.575,-999,na,97.45,-999,0.922,-999,-999,-999,na,LT,0,0
Slope_Mountain,North_Slope,USA,35,2012,na,Paul_Schuster,pschuste@usgs.gov,Schuster_2018,68.7148,-149.0304,Peat,na,na,-999,-999,138.2,0,-999,0,NA,13.347,-999,na,101.74,-999,0.762,-999,-999,-999,na,LT,0,0
Slope_Mountain,North_Slope,USA,36,2012,na,Paul_Schuster,pschuste@usgs.gov,Schuster_2018,68.7148,-149.0304,Peat,na,na,-999,-999,139.5,0,-999,0,NA,6.682,-999,na,91.17,-999,1.364,-999,-999,-999,na,LT,0,0
Slope_Mountain,North_Slope,USA,7,2012,na,Paul_Schuster,pschuste@usgs.gov,Schuster_2018,68.7148,-149.0304,Peat,na,na,-999,-999,141,0,-999,0,NA,10.3,-999,na,79.74,-999,0.774,-999,-999,-999,na,LT,0,0
Slope_Mountain,North_Slope,USA,8,2012,na,Paul_Schuster,pschuste@usgs.gov,Schuster_2018,68.7148,-149.0304,Peat,na,na,-999,-999,142.6,0,-999,0,NA,9.701,-999,na,111.76,-999,1.152,-999,-999,-999,na,LT,0,0
Slope_Mountain,North_Slope,USA,9,2012,na,Paul_Schuster,pschuste@usgs.gov,Schuster_2018,68.7148,-149.0304,Peat,na,na,-999,-999,144.2,0,-999,0,NA,8.681,-999,na,109.83,-999,1.265,-999,-999,-999,na,LT,0,0
Slope_Mountain,North_Slope,USA,10,2012,na,Paul_Schuster,pschuste@usgs.gov,Schuster_2018,68.7148,-149.0304,Peat,na,na,-999,-999,145.7,0,-999,0,NA,9.787,-999,na,112.14,-999,1.146,-999,-999,-999,na,LT,0,0
Slope_Mountain,North_Slope,USA,13,2012,na,Paul_Schuster,pschuste@usgs.gov,Schuster_2018,68.7148,-149.0304,Peat,na,na,-999,-999,147.2,0,-999,0,NA,9.315,-999,na,118.71,-999,1.274,-999,-999,-999,na,LT,0,0
Slope_Mountain,North_Slope,USA,14,2012,na,Paul_Schuster,pschuste@usgs.gov,Schuster_2018,68.7148,-149.0304,Peat,na,na,-999,-999,148.7,0,-999,0,NA,7.915,-999,na,111.17,-999,1.405,-999,-999,-999,na,LT,0,0
Slope_Mountain,North_Slope,USA,15,2012,na,Paul_Schuster,pschuste@usgs.gov,Schuster_2018,68.7148,-149.0304,Peat,na,na,-999,-999,150.1,0,-999,0,NA,16.559,-999,na,116.5,-999,0.704,-999,-999,-999,na,LT,0,0
Slope_Mountain,North_Slope,USA,17,2012,na,Paul_Schuster,pschuste@usgs.gov,Schuster_2018,68.7148,-149.0304,Peat,na,na,-999,-999,151.5,0,-999,0,NA,10.989,-999,na,97.47,-999,0.887,-999,-999,-999,na,LT,0,0
Slope_Mountain,North_Slope,USA,18,2012,na,Paul_Schuster,pschuste@usgs.gov,Schuster_2018,68.7148,-149.0304,Peat,na,na,-999,-999,153,0,-999,0,NA,12.896,-999,na,107.08,-999,0.83,-999,-999,-999,na,LT,0,0
Slope_Mountain,North_Slope,USA,24,2012,na,Paul_Schuster,pschuste@usgs.gov,Schuster_2018,68.7148,-149.0304,Peat,na,na,-999,-999,154.3,0,-999,0,NA,15.602,-999,na,103.79,-999,0.665,-999,-999,-999,na,LT,0,0
Slope_Mountain,North_Slope,USA,25,2012,na,Paul_Schuster,pschuste@usgs.gov,Schuster_2018,68.7148,-149.0304,Peat,na,na,-999,-999,155.4,0,-999,0,NA,13.452,-999,na,98.3,-999,0.731,-999,-999,-999,na,LT,0,0
Slope_Mountain,North_Slope,USA,27,2012,na,Paul_Schuster,pschuste@usgs.gov,Schuster_2018,68.7148,-149.0304,Peat,na,na,-999,-999,156.3,0,-999,0,NA,16.066,-999,na,101.53,-999,0.632,-999,-999,-999,na,LT,0,0
Slope_Mountain,North_Slope,USA,28,2012,na,Paul_Schuster,pschuste@usgs.gov,Schuster_2018,68.7148,-149.0304,Peat,na,na,-999,-999,157.7,0,-999,0,NA,14.171,-999,na,94.44,-999,0.666,-999,-999,-999,na,LT,0,0
Slope_Mountain,North_Slope,USA,29,2012,na,Paul_Schuster,pschuste@usgs.gov,Schuster_2018,68.7148,-149.0304,Peat,na,na,-999,-999,159,0,-999,0,NA,13.179,-999,na,94.69,-999,0.718,-999,-999,-999,na,LT,0,0
Slope_Mountain,North_Slope,USA,30,2012,na,Paul_Schuster,pschuste@usgs.gov,Schuster_2018,68.7148,-149.0304,Peat,na,na,-999,-999,160.3,0,-999,0,NA,14.448,-999,na,94.48,-999,0.654,-999,-999,-999,na,LT,0,0
Slope_Mountain,North_Slope,USA,35,2012,na,Paul_Schuster,pschuste@usgs.gov,Schuster_2018,68.7148,-149.0304,Peat,na,na,-999,-999,161.5,0,-999,0,NA,12.81,-999,na,98.06,-999,0.765,-999,-999,-999,na,LT,0,0
Slope_Mountain,North_Slope,USA,36,2012,na,Paul_Schuster,pschuste@usgs.gov,Schuster_2018,68.7148,-149.0304,Peat,na,na,-999,-999,162.6,0,-999,0,NA,10.445,-999,na,96.1,-999,0.92,-999,-999,-999,na,LT,0,0
Slope_Mountain,North_Slope,USA,8,2012,na,Paul_Schuster,pschuste@usgs.gov,Schuster_2018,68.7148,-149.0304,Peat,na,na,-999,-999,163.8,0,-999,0,NA,6.084,-999,na,97.95,-999,1.61,-999,-999,-999,na,LT,0,0
Slope_Mountain,North_Slope,USA,9,2012,na,Paul_Schuster,pschuste@usgs.gov,Schuster_2018,68.7148,-149.0304,Peat,na,na,-999,-999,164.9,0,-999,0,NA,10.739,-999,na,95.07,-999,0.885,-999,-999,-999,na,LT,0,0
Nyanget_K,Svartberget,SWEDEN,2_m_from_stream-7,NA,NA,NA,NA,Skyllberg_2003,64.233333,19.766667,NA,NA,NA,30,30,30,-999,-999,-999,NA,11.7,-999,NA,114,-999,0.974359,-999,-999,-999,NA,KS,0,0
Nyanget_K,Svartberget,SWEDEN,20_m_from_stream-9,NA,NA,NA,NA,Skyllberg_2003,64.233333,19.766667,NA,NA,NA,30,30,30,-999,-999,-999,NA,10.9,-999,NA,77,-999,0.706422,-999,-999,-999,NA,KS,0,0
Nyanget_M,Svartberget,SWEDEN,50_m_from_outlet-2,NA,NA,NA,NA,Skyllberg_2003,64.233333,19.766667,NA,NA,NA,0,0,0,-999,-999,-999,NA,6.8,-999,NA,85,-999,1.25,-999,-999,-999,NA,KS,0,0
Nyanget_K,Svartberget,SWEDEN,20_m_from_stream-8,NA,NA,NA,NA,Skyllberg_2003,64.233333,19.766667,NA,NA,NA,10,10,10,-999,-999,-999,NA,6.7,-999,NA,77,-999,1.1492537,-999,-999,-999,NA,KS,0,0
Nyanget_K,Svartberget,SWEDEN,2_m_from_stream-6,NA,NA,NA,NA,Skyllberg_2003,64.233333,19.766667,NA,NA,NA,10,10,10,-999,-999,-999,NA,5.9,-999,NA,106,-999,1.7966102,-999,-999,-999,NA,KS,0,0
Nyanget_V,Svartberget,SWEDEN,2_m_from_stream-12,NA,NA,NA,NA,Skyllberg_2003,64.233333,19.766667,NA,NA,NA,25,25,25,-999,-999,-999,NA,5.8,-999,NA,101,-999,1.7413793,-999,-999,-999,NA,KS,0,0
Nyanget_K,Svartberget,SWEDEN,Stream_Bank-5,NA,NA,NA,NA,Skyllberg_2003,64.233333,19.766667,NA,NA,NA,10,10,10,-999,-999,-999,NA,5,-999,NA,113,-999,2.26,-999,-999,-999,NA,KS,0,0
Nyanget_M,Svartberget,SWEDEN,Stream_Bank-1,NA,NA,NA,NA,Skyllberg_2003,64.233333,19.766667,NA,NA,NA,0,0,0,-999,-999,-999,NA,4.7,-999,NA,55,-999,1.1702128,-999,-999,-999,NA,KS,0,0
Nyanget_M,Svartberget,SWEDEN,50_m_from_outlet-3,NA,NA,NA,NA,Skyllberg_2003,64.233333,19.766667,NA,NA,NA,5,5,5,-999,-999,-999,NA,4.2,-999,NA,27,-999,0.6428571,-999,-999,-999,NA,KS,0,0
Nyanget_K,Svartberget,SWEDEN,Stream_Bank-4,NA,NA,NA,NA,Skyllberg_2003,64.233333,19.766667,NA,NA,NA,0,0,0,-999,-999,-999,NA,3.2,-999,NA,78,-999,2.4375,-999,-999,-999,NA,KS,0,0
Nyanget_V,Svartberget,SWEDEN,20_m_from_stream-15,NA,NA,NA,NA,Skyllberg_2003,64.233333,19.766667,NA,NA,NA,45,45,45,-999,-999,-999,NA,2.8,-999,NA,10,-999,0.3571429,-999,-999,-999,NA,KS,0,0
Nyanget_V,Svartberget,SWEDEN,Stream_Bank-11,NA,NA,NA,NA,Skyllberg_2003,64.233333,19.766667,NA,NA,NA,10,10,10,-999,-999,-999,NA,2.3,-999,NA,95,-999,4.1304348,-999,-999,-999,NA,KS,0,0
Nyanget_V,Svartberget,SWEDEN,2_m_from_stream-13,NA,NA,NA,NA,Skyllberg_2003,64.233333,19.766667,NA,NA,NA,45,45,45,-999,-999,-999,NA,2.2,-999,NA,35,-999,1.5909091,-999,-999,-999,NA,KS,0,0
Nyanget_V,Svartberget,SWEDEN,Stream_Bank-10,NA,NA,NA,NA,Skyllberg_2003,64.233333,19.766667,NA,NA,NA,0,0,0,-999,-999,-999,NA,2.1,-999,NA,41,-999,1.952381,-999,-999,-999,NA,KS,0,0
Nyanget_V,Svartberget,SWEDEN,20_m_from_stream-14,NA,NA,NA,NA,Skyllberg_2003,64.233333,19.766667,NA,NA,NA,35,35,35,-999,-999,-999,NA,1.7,-999,NA,15,-999,0.8823529,-999,-999,-999,NA,KS,0,0
35-2-1,Manitoba,CANADA,35-2-1-A,2004-08-26,Geological Survey of Canada,Sharon L. Smith,ssmith@nrcan.gc.ca,Smith_2005,51.7,-98.7,na,A,agriculture,0,11,5.5,-999,-999,-999,NA,8.13,-999,na,30,-999,0.369004,-999,-999,-999,NA,KS,0,0
35-2-1,Manitoba,CANADA,35-2-1-PH,2004-08-26,Geological Survey of Canada,Sharon L. Smith,ssmith@nrcan.gc.ca,Smith_2005,51.7,-98.7,na,0-5_cm,agriculture,0,5,2.5,-999,-999,-999,NA,10.3,-999,na,30,-999,0.291262,-999,-999,-999,NA,KS,0,0
35-3-1,Manitoba,CANADA,35-3-1-O,2004-08-27,Geological Survey of Canada,Sharon L. Smith,ssmith@nrcan.gc.ca,Smith_2005,52,-98.8,na,O,forest,2,4,3,-999,-999,-999,NA,41.8,-999,na,120,-999,0.287081,-999,-999,-999,NA,KS,0,0
35-3-1,Manitoba,CANADA,35-3-1-PH,2004-08-27,Geological Survey of Canada,Sharon L. Smith,ssmith@nrcan.gc.ca,Smith_2005,52,-98.8,na,0-5_cm,forest,0,5,2.5,-999,-999,-999,NA,5.08,-999,na,20,-999,0.393701,-999,-999,-999,NA,KS,0,0
35-3-2,Manitoba,CANADA,35-3-2-O,2004-08-26,Geological Survey of Canada,Sharon L. Smith,ssmith@nrcan.gc.ca,Smith_2005,51.9,-98.8,na,O,forest,2,7,4.5,-999,-999,-999,NA,29.6,-999,na,120,-999,0.405405,-999,-999,-999,NA,KS,0,0
35-3-2,Manitoba,CANADA,35-3-2-PH,2004-08-26,Geological Survey of Canada,Sharon L. Smith,ssmith@nrcan.gc.ca,Smith_2005,51.9,-98.8,na,0-5_cm,forest,0,5,2.5,-999,-999,-999,NA,3.74,-999,na,20,-999,0.534759,-999,-999,-999,NA,KS,0,0
35-3-3,Manitoba,CANADA,35-3-3-O,2004-08-26,Geological Survey of Canada,Sharon L. Smith,ssmith@nrcan.gc.ca,Smith_2005,51.9,-98.8,na,O,forest,2,5,3.5,-999,-999,-999,NA,32.3,-999,na,110,-999,0.340557,-999,-999,-999,NA,KS,0,0
35-3-3,Manitoba,CANADA,35-3-3-PH,2004-08-26,Geological Survey of Canada,Sharon L. Smith,ssmith@nrcan.gc.ca,Smith_2005,51.9,-98.8,na,0-5_cm,forest,0,5,2.5,-999,-999,-999,NA,2.8,-999,na,20,-999,0.714286,-999,-999,-999,NA,KS,0,0
35-4-1,Manitoba,CANADA,35-4-1-O,2004-08-27,Geological Survey of Canada,Sharon L. Smith,ssmith@nrcan.gc.ca,Smith_2005,52.5,-98.9,na,O,open_forest,2,4,2.8,-999,-999,-999,NA,30.9,-999,na,140,-999,0.453074,-999,-999,-999,NA,KS,0,0
35-4-1,Manitoba,CANADA,35-4-1-PH,2004-08-27,Geological Survey of Canada,Sharon L. Smith,ssmith@nrcan.gc.ca,Smith_2005,52.5,-98.9,na,0-5_cm,open_forest,0,5,2.5,-999,-999,-999,NA,7.79,-999,na,60,-999,0.770218,-999,-999,-999,NA,KS,0,0
36-1-1,Manitoba,CANADA,36-1-1-C,2004-08-27,Geological Survey of Canada,Sharon L. Smith,ssmith@nrcan.gc.ca,Smith_2005,52.7,-99,na,C,forest,35,65,50,-999,-999,-999,NA,7.7,-999,na,20,-999,0.25974,-999,-999,-999,NA,KS,0,0
36-1-1,Manitoba,CANADA,36-1-1-O,2004-08-27,Geological Survey of Canada,Sharon L. Smith,ssmith@nrcan.gc.ca,Smith_2005,52.7,-99,na,O,forest,2,5,3.5,-999,-999,-999,NA,34.6,-999,na,150,-999,0.433526,-999,-999,-999,NA,KS,0,0
36-1-1,Manitoba,CANADA,36-1-1-PH,2004-08-27,Geological Survey of Canada,Sharon L. Smith,ssmith@nrcan.gc.ca,Smith_2005,52.7,-99,na,0-5_cm,forest,0,5,2.5,-999,-999,-999,NA,3.14,-999,na,30,-999,0.955414,-999,-999,-999,NA,KS,0,0
36-1-2,Manitoba,CANADA,36-1-2-C,2004-08-27,Geological Survey of Canada,Sharon L. Smith,ssmith@nrcan.gc.ca,Smith_2005,52.5,-98.9,na,C,forest,40,55,47.5,-999,-999,-999,NA,4.16,-999,na,30,-999,0.721154,-999,-999,-999,NA,KS,0,0
36-1-2,Manitoba,CANADA,36-1-2-O,2004-08-27,Geological Survey of Canada,Sharon L. Smith,ssmith@nrcan.gc.ca,Smith_2005,52.5,-98.9,na,O,forest,2,4,3,-999,-999,-999,NA,20.9,-999,na,110,-999,0.526316,-999,-999,-999,NA,KS,0,0
36-1-2,Manitoba,CANADA,36-1-2-PH,2004-08-27,Geological Survey of Canada,Sharon L. Smith,ssmith@nrcan.gc.ca,Smith_2005,52.5,-98.9,na,0-5_cm,forest,0,5,2.5,-999,-999,-999,NA,3.52,-999,na,30,-999,0.852273,-999,-999,-999,NA,KS,0,0
36-1-3,Manitoba,CANADA,36-1-3-C,2004-08-27,Geological Survey of Canada,Sharon L. Smith,ssmith@nrcan.gc.ca,Smith_2005,52.5,-98.9,na,C,forest,40,55,47.5,-999,-999,-999,NA,3.85,-999,na,30,-999,0.779221,-999,-999,-999,NA,KS,0,0
36-1-3,Manitoba,CANADA,36-1-3-O,2004-08-27,Geological Survey of Canada,Sharon L. Smith,ssmith@nrcan.gc.ca,Smith_2005,52.5,-98.9,na,O,forest,2,4,2.8,-999,-999,-999,NA,23.4,-999,na,120,-999,0.512821,-999,-999,-999,NA,KS,0,0
36-1-3,Manitoba,CANADA,36-1-3-PH,2004-08-27,Geological Survey of Canada,Sharon L. Smith,ssmith@nrcan.gc.ca,Smith_2005,52.5,-98.9,na,0-5_cm,forest,0,5,2.5,-999,-999,-999,NA,3.08,-999,na,30,-999,0.974026,-999,-999,-999,NA,KS,0,0
36-2-1,Manitoba,CANADA,36-2-1-O,2004-08-27,Geological Survey of Canada,Sharon L. Smith,ssmith@nrcan.gc.ca,Smith_2005,52.9,-99.1,na,O,forest,2,3,2.5,-999,-999,-999,NA,23.7,-999,na,100,-999,0.421941,-999,-999,-999,NA,KS,0,0
36-2-1,Manitoba,CANADA,36-2-1-PH,2004-08-27,Geological Survey of Canada,Sharon L. Smith,ssmith@nrcan.gc.ca,Smith_2005,52.9,-99.1,na,0-5_cm,forest,0,5,2.5,-999,-999,-999,NA,9.35,-999,na,40,-999,0.427808,-999,-999,-999,NA,KS,0,0
36-3-1,Manitoba,CANADA,36-3-1-C,2004-08-27,Geological Survey of Canada,Sharon L. Smith,ssmith@nrcan.gc.ca,Smith_2005,53.3,-99.3,na,C,open_forest,40,80,60,-999,-999,-999,NA,6.35,-999,na,40,-999,0.629921,-999,-999,-999,NA,KS,0,0
36-3-1,Manitoba,CANADA,36-3-1-O,2004-08-27,Geological Survey of Canada,Sharon L. Smith,ssmith@nrcan.gc.ca,Smith_2005,53.3,-99.3,na,O,open_forest,2,2,2.3,-999,-999,-999,NA,20.1,-999,na,80,-999,0.39801,-999,-999,-999,NA,KS,0,0
36-3-1,Manitoba,CANADA,36-3-1-PH,2004-08-27,Geological Survey of Canada,Sharon L. Smith,ssmith@nrcan.gc.ca,Smith_2005,53.3,-99.3,na,0-5_cm,open_forest,0,5,2.5,-999,-999,-999,NA,3.95,-999,na,30,-999,0.759494,-999,-999,-999,NA,KS,0,0
36-4-1,Manitoba,CANADA,36-4-1-C,2004-08-28,Geological Survey of Canada,Sharon L. Smith,ssmith@nrcan.gc.ca,Smith_2005,53.7,-99.3,na,C,forest,35,80,57.5,-999,-999,-999,NA,8.07,-999,na,40,-999,0.495663,-999,-999,-999,NA,KS,0,0
36-4-1,Manitoba,CANADA,36-4-1-O,2004-08-28,Geological Survey of Canada,Sharon L. Smith,ssmith@nrcan.gc.ca,Smith_2005,53.7,-99.3,na,O,forest,2,3,2.5,-999,-999,-999,NA,26.7,-999,na,120,-999,0.449438,-999,-999,-999,NA,KS,0,0
36-4-1,Manitoba,CANADA,36-4-1-PH,2004-08-28,Geological Survey of Canada,Sharon L. Smith,ssmith@nrcan.gc.ca,Smith_2005,53.7,-99.3,na,0-5_cm,forest,0,5,2.5,-999,-999,-999,NA,3.99,-999,na,30,-999,0.75188,-999,-999,-999,NA,KS,0,0
37-1-1,Manitoba,CANADA,37-1-1-O,2004-08-28,Geological Survey of Canada,Sharon L. Smith,ssmith@nrcan.gc.ca,Smith_2005,54.4,-99.1,na,O,forest,2,2,2.3,-999,-999,-999,NA,18.6,-999,na,80,-999,0.430107,-999,-999,-999,NA,KS,0,0
37-1-1,Manitoba,CANADA,37-1-1-PH,2004-08-28,Geological Survey of Canada,Sharon L. Smith,ssmith@nrcan.gc.ca,Smith_2005,54.4,-99.1,na,0-5_cm,forest,0,5,2.5,-999,-999,-999,NA,5.08,-999,na,20,-999,0.393701,-999,-999,-999,NA,KS,0,0
37-2-1,Manitoba,CANADA,37-2-1-O,2004-08-28,Geological Survey of Canada,Sharon L. Smith,ssmith@nrcan.gc.ca,Smith_2005,54.5,-99.1,na,O,open_forest,2,8,5,-999,-999,-999,NA,35.6,-999,na,100,-999,0.280899,-999,-999,-999,NA,KS,0,0
37-2-2,Manitoba,CANADA,37-2-2-O,2004-08-28,Geological Survey of Canada,Sharon L. Smith,ssmith@nrcan.gc.ca,Smith_2005,54.5,-99,na,O,open_forest,2,2,2.3,-999,-999,-999,NA,31.7,-999,na,150,-999,0.473186,-999,-999,-999,NA,KS,0,0
37-2-3,Manitoba,CANADA,37-2-3-O,2004-08-28,Geological Survey of Canada,Sharon L. Smith,ssmith@nrcan.gc.ca,Smith_2005,54.5,-99,na,O,open_forest,2,2,2.3,-999,-999,-999,NA,31.8,-999,na,170,-999,0.534591,-999,-999,-999,NA,KS,0,0
37-3-1,Manitoba,CANADA,37-3-1-PH,2004-08-28,Geological Survey of Canada,Sharon L. Smith,ssmith@nrcan.gc.ca,Smith_2005,54.9,-98.7,na,0-5_cm,open_forest,0,5,2.5,-999,-999,-999,NA,4.91,-999,na,40,-999,0.814664,-999,-999,-999,NA,KS,0,0
37-4-1,Manitoba,CANADA,37-4-1-C,2004-08-28,Geological Survey of Canada,Sharon L. Smith,ssmith@nrcan.gc.ca,Smith_2005,55.3,-98.4,na,C,open_forest,55,110,82.5,-999,-999,-999,NA,2.73,-999,na,20,-999,0.732601,-999,-999,-999,NA,KS,0,0
37-4-1,Manitoba,CANADA,37-4-1-O,2004-08-28,Geological Survey of Canada,Sharon L. Smith,ssmith@nrcan.gc.ca,Smith_2005,55.3,-98.4,na,O,open_forest,2,2,2.2,-999,-999,-999,NA,20.6,-999,na,100,-999,0.485437,-999,-999,-999,NA,KS,0,0
37-4-1,Manitoba,CANADA,37-4-1-PH,2004-08-28,Geological Survey of Canada,Sharon L. Smith,ssmith@nrcan.gc.ca,Smith_2005,55.3,-98.4,na,0-5_cm,open_forest,0,5,2.5,-999,-999,-999,NA,7.11,-999,na,40,-999,0.562588,-999,-999,-999,NA,KS,0,0
38-1-1,Manitoba,CANADA,38-1-1-A,2004-08-30,Geological Survey of Canada,Sharon L. Smith,ssmith@nrcan.gc.ca,Smith_2005,55.6,-98,na,A,forest,10,19,14.5,-999,-999,-999,NA,11,-999,na,40,-999,0.363636,-999,-999,-999,NA,KS,0,0
38-1-1,Manitoba,CANADA,38-1-1-O,2004-08-30,Geological Survey of Canada,Sharon L. Smith,ssmith@nrcan.gc.ca,Smith_2005,55.6,-98,na,O,forest,10,10,9.9,-999,-999,-999,NA,29.5,-999,na,130,-999,0.440678,-999,-999,-999,NA,KS,0,0
38-1-1,Manitoba,CANADA,38-1-1-PH,2004-08-30,Geological Survey of Canada,Sharon L. Smith,ssmith@nrcan.gc.ca,Smith_2005,55.6,-98,na,0-5_cm,forest,0,5,2.5,-999,-999,-999,NA,14.9,-999,na,50,-999,0.33557,-999,-999,-999,NA,KS,0,0
38-2-1,Manitoba,CANADA,38-2-1-C,2004-08-29,Geological Survey of Canada,Sharon L. Smith,ssmith@nrcan.gc.ca,Smith_2005,56.2,-100,na,C,open_forest,40,90,65,-999,-999,-999,NA,1,-999,na,20,-999,2,-999,-999,-999,NA,KS,0,0
38-2-1,Manitoba,CANADA,38-2-1-O,2004-08-29,Geological Survey of Canada,Sharon L. Smith,ssmith@nrcan.gc.ca,Smith_2005,56.2,-100,na,O,open_forest,2,2,2.2,-999,-999,-999,NA,36.5,-999,na,140,-999,0.383562,-999,-999,-999,NA,KS,0,0
38-2-1,Manitoba,CANADA,38-2-1-PH,2004-08-29,Geological Survey of Canada,Sharon L. Smith,ssmith@nrcan.gc.ca,Smith_2005,56.2,-100,na,0-5_cm,open_forest,0,5,2.5,-999,-999,-999,NA,4.12,-999,na,20,-999,0.485437,-999,-999,-999,NA,KS,0,0
38-2-2,Manitoba,CANADA,38-2-2-O,2004-08-29,Geological Survey of Canada,Sharon L. Smith,ssmith@nrcan.gc.ca,Smith_2005,55.9,-99.7,na,O,forest,2,3,2.4,-999,-999,-999,NA,43.1,-999,na,110,-999,0.25522,-999,-999,-999,NA,KS,0,0
38-2-2,Manitoba,CANADA,38-2-2-PH,2004-08-29,Geological Survey of Canada,Sharon L. Smith,ssmith@nrcan.gc.ca,Smith_2005,55.9,-99.7,na,0-5_cm,forest,0,5,2.5,-999,-999,-999,NA,9.99,-999,na,40,-999,0.4004,-999,-999,-999,NA,KS,0,0
38-2-3,Manitoba,CANADA,38-2-3-C,2004-08-29,Geological Survey of Canada,Sharon L. Smith,ssmith@nrcan.gc.ca,Smith_2005,55.9,-99.7,na,C,forest,45,80,62.5,-999,-999,-999,NA,0.41,-999,na,20,-999,4.878049,-999,-999,-999,NA,KS,0,0
38-2-3,Manitoba,CANADA,38-2-3-O,2004-08-29,Geological Survey of Canada,Sharon L. Smith,ssmith@nrcan.gc.ca,Smith_2005,55.9,-99.7,na,O,forest,2,3,2.5,-999,-999,-999,NA,35.4,-999,na,110,-999,0.310735,-999,-999,-999,NA,KS,0,0
38-3-1,Manitoba,CANADA,38-3-1-O,2004-08-29,Geological Survey of Canada,Sharon L. Smith,ssmith@nrcan.gc.ca,Smith_2005,56.3,-100,na,O,open_forest,2,3,2.4,-999,-999,-999,NA,26.8,-999,na,110,-999,0.410448,-999,-999,-999,NA,KS,0,0
38-4-1,Manitoba,CANADA,38-4-1-PH,2004-08-29,Geological Survey of Canada,Sharon L. Smith,ssmith@nrcan.gc.ca,Smith_2005,56.7,-99.9,na,0-5_cm,open_forest,0,5,2.5,-999,-999,-999,NA,2.57,-999,na,30,-999,1.167315,-999,-999,-999,NA,KS,0,0
Grassland,Greenland_East,GREENLAND,na,2010-01-01,"Department_of_Bioscience,_Roskilde,_Denmark",Jens_Sondergaard,jens@bios.au.dk,Sondergaard_2014,74.468183,-20.556442,Typic_Psammoturbel,na,Grassland,95,323,209,-999,-999,-999,CN_Analyzer,11.96,-999,DMA,20,8,0.167224,-999,-999,-999,NA,LT,0,0
Palsa,Greenland_East,GREENLAND,Top_peat,2010-01-01,"Department_of_Bioscience,_Roskilde,_Denmark",Jens_Sondergaard,jens@bios.au.dk,Sondergaard_2014,74.496181,-20.565475,Folistels,na,Palsa,0,22,11,-999,-999,-999,CN_Analyzer,7,-999,DMA,109,30,1.557143,-999,-999,-999,NA,LT,0,0
Palsa,Greenland_East,GREENLAND,Lower_peat,2010-01-01,"Department_of_Bioscience,_Roskilde,_Denmark",Jens_Sondergaard,jens@bios.au.dk,Sondergaard_2014,74.496181,-20.565475,Folistels,na,Palsa,23,31,27,-999,-999,-999,CN_Analyzer,7,-999,DMA,47,8,0.671429,-999,-999,-999,NA,LT,0,0
B1_1B,Nunavut,CANADA,B1_1B,2007-07-25,Canada_Centre_for_Inland_Waters,Kyra_StPierre,kyra2@ualberta.ca,StPierre_et_al_2015,76.000833,-97.630133,na,na,Cryptogram_tundra,-999,-999,10.3,-999,-999,-999,LOI,26.21,-999,DMA,49.97,-999,0.190668296,-999,-999,-999,NA,KSP,0,0
B1_1A,Nunavut,CANADA,B1_1A,2007-07-25,Canada_Centre_for_Inland_Waters,Kyra_StPierre,kyra2@ualberta.ca,StPierre_et_al_2015,76.001,-97.634783,na,na,Cryptogram_tundra,-999,-999,30,-999,-999,-999,LOI,9.696666667,-999,DMA,13.59,-999,0.140182049,-999,-999,-999,NA,KSP,0,0
B1_1C,Nunavut,CANADA,B1_1C,2007-07-25,Canada_Centre_for_Inland_Waters,Kyra_StPierre,kyra2@ualberta.ca,StPierre_et_al_2015,76.001167,-97.628733,na,na,Cryptogram_tundra,-999,-999,21.7,-999,-999,-999,LOI,34.20333333,-999,DMA,35.46,-999,0.103680475,-999,-999,-999,NA,KSP,0,0
B2_2B,Nunavut,CANADA,B2_2B,2007-07-25,Canada_Centre_for_Inland_Waters,Kyra_StPierre,kyra2@ualberta.ca,StPierre_et_al_2015,75.977833,-97.836516,na,na,Cryptogram_tundra,-999,-999,28.3,-999,-999,-999,LOI,48.72,-999,DMA,27.73,-999,0.056922372,-999,-999,-999,NA,KSP,0,0
B2_2A,Nunavut,CANADA,B2_2A,2007-07-25,Canada_Centre_for_Inland_Waters,Kyra_StPierre,kyra2@ualberta.ca,StPierre_et_al_2015,75.978167,-97.837333,na,na,Cryptogram_tundra,-999,-999,21.7,-999,-999,-999,LOI,34.20333333,-999,DMA,35.46,-999,0.103680475,-999,-999,-999,NA,KSP,0,0
B3_3A,Nunavut,CANADA,B3_3A,2007-07-25,Canada_Centre_for_Inland_Waters,Kyra_StPierre,kyra2@ualberta.ca,StPierre_et_al_2015,75.940833,-97.913683,na,na,Cryptogram_tundra,-999,-999,15,-999,-999,-999,LOI,50.37333333,-999,DMA,103.79,-999,0.206044842,-999,-999,-999,NA,KSP,0,0
B3_3B,Nunavut,CANADA,B3_3B,2007-07-25,Canada_Centre_for_Inland_Waters,Kyra_StPierre,kyra2@ualberta.ca,StPierre_et_al_2015,75.940833,-97.9139,na,na,Cryptogram_tundra,-999,-999,31.7,-999,-999,-999,LOI,46.40166667,-999,DMA,67.87,-999,0.146266905,-999,-999,-999,NA,KSP,0,0
B3_3C,Nunavut,CANADA,B3_3C,2007-07-25,Canada_Centre_for_Inland_Waters,Kyra_StPierre,kyra2@ualberta.ca,StPierre_et_al_2015,75.941,-97.915483,na,na,Cryptogram_tundra,-999,-999,2,-999,-999,-999,LOI,51.09222233,-999,DMA,198.74,-999,0.388990411,-999,-999,-999,NA,KSP,0,0
B4_4A,Nunavut,CANADA,B4_4A,2007-07-25,Canada_Centre_for_Inland_Waters,Kyra_StPierre,kyra2@ualberta.ca,StPierre_et_al_2015,75.911667,-98.321733,na,na,Cryptogram_tundra,-999,-999,15,-999,-999,-999,LOI,49.405,-999,DMA,52.58,-999,0.106418877,-999,-999,-999,NA,KSP,0,0
B4_4B,Nunavut,CANADA,B4_4B,2007-07-25,Canada_Centre_for_Inland_Waters,Kyra_StPierre,kyra2@ualberta.ca,StPierre_et_al_2015,75.911833,-98.322033,na,na,Cryptogram_tundra,-999,-999,35,-999,-999,-999,LOI,50.38444433,-999,DMA,46.7,-999,0.092692141,-999,-999,-999,NA,KSP,0,0
B5_5C,Nunavut,CANADA,B5_5C,2007-07-25,Canada_Centre_for_Inland_Waters,Kyra_StPierre,kyra2@ualberta.ca,StPierre_et_al_2015,75.885333,-98.509983,na,na,Cryptogram_tundra,-999,-999,15,-999,-999,-999,LOI,47.47277767,-999,DMA,53.03,-999,0.111701179,-999,-999,-999,NA,KSP,0,0
B5_5B,Nunavut,CANADA,B5_5B,2007-07-25,Canada_Centre_for_Inland_Waters,Kyra_StPierre,kyra2@ualberta.ca,StPierre_et_al_2015,75.885667,-98.511867,na,na,Cryptogram_tundra,-999,-999,27.5,-999,-999,-999,LOI,47.98,-999,DMA,28.56,-999,0.059524994,-999,-999,-999,NA,KSP,0,0
B5_5A,Nunavut,CANADA,B5_5A,2007-07-25,Canada_Centre_for_Inland_Waters,Kyra_StPierre,kyra2@ualberta.ca,StPierre_et_al_2015,75.886,-98.51435,na,na,Cryptogram_tundra,-999,-999,26.7,-999,-999,-999,LOI,47.43666667,-999,DMA,30.38,-999,0.064041604,-999,-999,-999,NA,KSP,0,0
D1_6A,Nunavut,CANADA,D1_6A,2007-07-26,Canada_Centre_for_Inland_Waters,Kyra_StPierre,kyra2@ualberta.ca,StPierre_et_al_2015,75.119133,-92.0943,na,na,Cryptogram_barren,-999,-999,5.3,-999,-999,-999,LOI,46.98666667,-999,DMA,39.25,-999,0.083538986,-999,-999,-999,NA,KSP,0,0
D1_6C,Nunavut,CANADA,D1_6C,2007-07-26,Canada_Centre_for_Inland_Waters,Kyra_StPierre,kyra2@ualberta.ca,StPierre_et_al_2015,75.1193,-92.0956,na,na,Cryptogram_barren,-999,-999,22.5,-999,-999,-999,LOI,48.545,-999,DMA,36.65,-999,0.07549028,-999,-999,-999,NA,KSP,0,0
D1_6B,Nunavut,CANADA,D1_6B,2007-07-26,Canada_Centre_for_Inland_Waters,Kyra_StPierre,kyra2@ualberta.ca,StPierre_et_al_2015,75.119667,-92.093783,na,na,Cryptogram_barren,-999,-999,23.3,-999,-999,-999,LOI,47.11666667,-999,DMA,24.89,-999,0.052823967,-999,-999,-999,NA,KSP,0,0
D3_8A,Nunavut,CANADA,D3_8A,2007-07-26,Canada_Centre_for_Inland_Waters,Kyra_StPierre,kyra2@ualberta.ca,StPierre_et_al_2015,75.154067,-91.789367,na,na,Cryptogram_barren,-999,-999,22.5,-999,-999,-999,LOI,46.23,-999,DMA,41.62,-999,0.090019791,-999,-999,-999,NA,KSP,0,0
D3_8A,Nunavut,CANADA,D3_8A,2007-07-26,Canada_Centre_for_Inland_Waters,Kyra_StPierre,kyra2@ualberta.ca,StPierre_et_al_2015,75.154067,-91.789367,na,na,Cryptogram_barren,-999,-999,32.5,-999,-999,-999,LOI,47.692725,-999,DMA,33.44,-999,0.07012415,-999,-999,-999,NA,KSP,0,0
D3_8A,Nunavut,CANADA,D3_8A,2007-07-26,Canada_Centre_for_Inland_Waters,Kyra_StPierre,kyra2@ualberta.ca,StPierre_et_al_2015,75.154067,-91.789367,na,na,Cryptogram_barren,-999,-999,23.8,-999,-999,-999,LOI,41.875,-999,DMA,80.61,-999,0.192490644,-999,-999,-999,NA,KSP,0,0
D4_9_BC,Nunavut,CANADA,D4_9_BC,2007-07-26,Canada_Centre_for_Inland_Waters,Kyra_StPierre,kyra2@ualberta.ca,StPierre_et_al_2015,75.195167,-91.28695,na,na,Cryptogram_barren,-999,-999,9.3,-999,-999,-999,LOI,12.475,-999,DMA,114.01,-999,0.913907816,-999,-999,-999,NA,KSP,0,0
D4_9_BC,Nunavut,CANADA,D4_9_BC,2007-07-26,Canada_Centre_for_Inland_Waters,Kyra_StPierre,kyra2@ualberta.ca,StPierre_et_al_2015,75.195167,-91.28695,na,na,Cryptogram_barren,-999,-999,29.8,-999,-999,-999,LOI,2.915,-999,DMA,91.57,-999,3.141166381,-999,-999,-999,NA,KSP,0,0
B4_4C,Nunavut,CANADA,B4_4C,2007-07-25,Canada_Centre_for_Inland_Waters,Kyra_StPierre,kyra2@ualberta.ca,StPierre_et_al_2015,75.912333,-98.322367,na,na,Cryptogram_tundra,-999,-999,3.8,-999,-999,5,LOI,2.071412,-999,DMA,9.76,-999,0.471176,-999,-999,-999,NA,KSP,0,0
B4_4C,Nunavut,CANADA,B4_4C,2007-07-25,Canada_Centre_for_Inland_Waters,Kyra_StPierre,kyra2@ualberta.ca,StPierre_et_al_2015,75.912333,-98.322367,na,na,Cryptogram_tundra,-999,-999,6.4,-999,-999,4,LOI,1.71946,-999,DMA,11.5,-999,0.668814,-999,-999,-999,NA,KSP,0,0
B4_4C,Nunavut,CANADA,B4_4C,2007-07-25,Canada_Centre_for_Inland_Waters,Kyra_StPierre,kyra2@ualberta.ca,StPierre_et_al_2015,75.912333,-98.322367,na,na,Cryptogram_tundra,-999,-999,15.2,-999,-999,3,LOI,1.392819,-999,DMA,5.08,-999,0.364728,-999,-999,-999,NA,KSP,0,0
D2_7,Nunavut,CANADA,D2_7,2007-07-26,Canada_Centre_for_Inland_Waters,Kyra_StPierre,kyra2@ualberta.ca,StPierre_et_al_2015,75.138067,-91.945183,na,na,Cryptogram_barren,-999,-999,2.5,-999,-999,12,LOI,5.692043,-999,DMA,22.84,-999,0.401262,-999,-999,-999,NA,KSP,0,0
D2_7,Nunavut,CANADA,D2_7,2007-07-26,Canada_Centre_for_Inland_Waters,Kyra_StPierre,kyra2@ualberta.ca,StPierre_et_al_2015,75.138067,-91.945183,na,na,Cryptogram_barren,-999,-999,3.8,-999,-999,22,LOI,10.837133,-999,DMA,53.64,-999,0.494965,-999,-999,-999,NA,KSP,0,0
D2_7,Nunavut,CANADA,D2_7,2007-07-26,Canada_Centre_for_Inland_Waters,Kyra_StPierre,kyra2@ualberta.ca,StPierre_et_al_2015,75.138067,-91.945183,na,na,Cryptogram_barren,-999,-999,6.4,-999,-999,15,LOI,7.06506,-999,DMA,38.55,-999,0.545643,-999,-999,-999,NA,KSP,0,0
D2_7,Nunavut,CANADA,D2_7,2007-07-26,Canada_Centre_for_Inland_Waters,Kyra_StPierre,kyra2@ualberta.ca,StPierre_et_al_2015,75.138067,-91.945183,na,na,Cryptogram_barren,-999,-999,7.6,-999,-999,44,LOI,24.480374,-999,DMA,68.64,-999,0.280388,-999,-999,-999,NA,KSP,0,0
D4_9A,Nunavut,CANADA,D4_9A,2007-07-26,Canada_Centre_for_Inland_Waters,Kyra_StPierre,kyra2@ualberta.ca,StPierre_et_al_2015,75.195033,-91.287117,na,na,Cryptogram_barren,-999,-999,5.1,-999,-999,27,LOI,13.731817,-999,DMA,82.58,-999,0.601377,-999,-999,-999,NA,KSP,0,0
D4_9A,Nunavut,CANADA,D4_9A,2007-07-26,Canada_Centre_for_Inland_Waters,Kyra_StPierre,kyra2@ualberta.ca,StPierre_et_al_2015,75.195033,-91.287117,na,na,Cryptogram_barren,-999,-999,6.4,-999,-999,12,LOI,5.348909,-999,DMA,25.62,-999,0.478976,-999,-999,-999,NA,KSP,0,0
D4_9A,Nunavut,CANADA,D4_9A,2007-07-26,Canada_Centre_for_Inland_Waters,Kyra_StPierre,kyra2@ualberta.ca,StPierre_et_al_2015,75.195033,-91.287117,na,na,Cryptogram_barren,-999,-999,7.6,-999,-999,25,LOI,12.873987,-999,DMA,35.64,-999,0.276798,-999,-999,-999,NA,KSP,0,0
D4_9_BC,Nunavut,CANADA,D4_9_BC,2007-07-26,Canada_Centre_for_Inland_Waters,Kyra_StPierre,kyra2@ualberta.ca,StPierre_et_al_2015,75.195167,-91.28695,na,na,Cryptogram_barren,-999,-999,8.9,-999,-999,9,LOI,4.114402,-999,DMA,12.54,-999,0.304783,-999,-999,-999,NA,KSP,0,0
D4_9_BC,Nunavut,CANADA,D4_9_BC,2007-07-26,Canada_Centre_for_Inland_Waters,Kyra_StPierre,kyra2@ualberta.ca,StPierre_et_al_2015,75.195167,-91.28695,na,na,Cryptogram_barren,-999,-999,10.2,-999,-999,4,LOI,1.92593,-999,DMA,6.2,-999,0.321922,-999,-999,-999,NA,KSP,0,0
SLP2,Tibet,CHINA,SLP2-1,NA,NA,NA,NA,Sun_2017,38.217327,98.29316,NA,NA,NA,0,10,5,-999,-999,-999,NA,1.5428173,-999,NA,14.415205,-999,0.934343,-999,-999,-999,NA,KS,0,0
SLP2,Tibet,CHINA,SLP2-2,NA,NA,NA,NA,Sun_2017,38.217327,98.29316,NA,NA,NA,10,20,15,-999,-999,-999,NA,1.1251797,-999,NA,10.04386,-999,0.892645,-999,-999,-999,NA,KS,0,0
SLP2,Tibet,CHINA,SLP2-3,NA,NA,NA,NA,Sun_2017,38.217327,98.29316,NA,NA,NA,20,30,25,-999,-999,-999,NA,0.8526763,-999,NA,7.54386,-999,0.8847273,-999,-999,-999,NA,KS,0,0
SLP2,Tibet,CHINA,SLP2-4,NA,NA,NA,NA,Sun_2017,38.217327,98.29316,NA,NA,NA,30,40,35,-999,-999,-999,NA,0.7139643,-999,NA,8.289474,-999,1.1610488,-999,-999,-999,NA,KS,0,0
SLP2,Tibet,CHINA,SLP2-5,NA,NA,NA,NA,Sun_2017,38.217327,98.29316,NA,NA,NA,40,50,45,-999,-999,-999,NA,0.6115281,-999,NA,8.157895,-999,1.334018,-999,-999,-999,NA,KS,0,0
SLP1,Tibet,CHINA,SLP1-1,NA,NA,NA,NA,Sun_2017,38.279697,98.335266,NA,NA,NA,0,10,5,-999,-999,-999,NA,1.8238693,-999,NA,13.017544,-999,0.7137323,-999,-999,-999,NA,KS,0,0
SLP1,Tibet,CHINA,SLP1-2,NA,NA,NA,NA,Sun_2017,38.279697,98.335266,NA,NA,NA,10,20,15,-999,-999,-999,NA,1.312335,-999,NA,9.391813,-999,0.7156567,-999,-999,-999,NA,KS,0,0
SLP1,Tibet,CHINA,SLP1-3,NA,NA,NA,NA,Sun_2017,38.279697,98.335266,NA,NA,NA,20,30,25,-999,-999,-999,NA,1.0409652,-999,NA,9.099415,-999,0.8741325,-999,-999,-999,NA,KS,0,0
SLP1,Tibet,CHINA,SLP1-4,NA,NA,NA,NA,Sun_2017,38.279697,98.335266,NA,NA,NA,30,40,35,-999,-999,-999,NA,0.7761523,-999,NA,8.222222,-999,1.0593568,-999,-999,-999,NA,KS,0,0
SLP1,Tibet,CHINA,SLP1-5,NA,NA,NA,NA,Sun_2017,38.279697,98.335266,NA,NA,NA,40,50,45,-999,-999,-999,NA,0.3962129,-999,NA,6.321638,-999,1.5955154,-999,-999,-999,NA,KS,0,0
SLP5,Tibet,CHINA,SLP5-1,NA,NA,NA,NA,Sun_2017,38.404446,98.29053,NA,NA,NA,0,10,5,-999,-999,-999,NA,1.4410641,-999,NA,12.675077,-999,0.8795637,-999,-999,-999,NA,KS,0,0
SLP5,Tibet,CHINA,SLP5-2,NA,NA,NA,NA,Sun_2017,38.404446,98.29053,NA,NA,NA,10,20,15,-999,-999,-999,NA,1.1197591,-999,NA,9.847329,-999,0.879415,-999,-999,-999,NA,KS,0,0
SLP5,Tibet,CHINA,SLP5-3,NA,NA,NA,NA,Sun_2017,38.404446,98.29053,NA,NA,NA,20,30,25,-999,-999,-999,NA,0.7824545,-999,NA,8.447119,-999,1.0795668,-999,-999,-999,NA,KS,0,0
SLP5,Tibet,CHINA,SLP5-4,NA,NA,NA,NA,Sun_2017,38.404446,98.29053,NA,NA,NA,30,40,35,-999,-999,-999,NA,0.5027484,-999,NA,8.343308,-999,1.6595394,-999,-999,-999,NA,KS,0,0
SLP5,Tibet,CHINA,SLP5-5,NA,NA,NA,NA,Sun_2017,38.404446,98.29053,NA,NA,NA,40,50,45,-999,-999,-999,NA,0.3446387,-999,NA,10.339993,-999,3.0002414,-999,-999,-999,NA,KS,0,0
SLP6,Tibet,CHINA,SLP6-1,NA,NA,NA,NA,Sun_2017,38.41853,98.240524,NA,NA,NA,0,10,5,-999,-999,-999,NA,0.9852375,-999,NA,11.743699,-999,1.1919663,-999,-999,-999,NA,KS,0,0
SLP6,Tibet,CHINA,SLP6-3,NA,NA,NA,NA,Sun_2017,38.41853,98.240524,NA,NA,NA,20,30,25,-999,-999,-999,NA,0.9655285,-999,NA,9.221011,-999,0.9550221,-999,-999,-999,NA,KS,0,0
SLP6,Tibet,CHINA,SLP6-2,NA,NA,NA,NA,Sun_2017,38.41853,98.240524,NA,NA,NA,10,20,15,-999,-999,-999,NA,0.8944423,-999,NA,9.175924,-999,1.0258822,-999,-999,-999,NA,KS,0,0
SLP6,Tibet,CHINA,SLP6-4,NA,NA,NA,NA,Sun_2017,38.41853,98.240524,NA,NA,NA,30,40,35,-999,-999,-999,NA,0.4931557,-999,NA,8.47344,-999,1.7182079,-999,-999,-999,NA,KS,0,0
SLP6,Tibet,CHINA,SLP6-5,NA,NA,NA,NA,Sun_2017,38.41853,98.240524,NA,NA,NA,40,50,45,-999,-999,-999,NA,0.4923001,-999,NA,9.971706,-999,2.025534,-999,-999,-999,NA,KS,0,0
SLP7,Tibet,CHINA,SLP7-1,NA,NA,NA,NA,Sun_2017,38.501022,98.14579,NA,NA,NA,0,10,5,-999,-999,-999,NA,1.9307692,-999,NA,16.748634,-999,0.8674591,-999,-999,-999,NA,KS,0,0
SLP7,Tibet,CHINA,SLP7-2,NA,NA,NA,NA,Sun_2017,38.501022,98.14579,NA,NA,NA,10,20,15,-999,-999,-999,NA,1.6307692,-999,NA,13.497268,-999,0.8276627,-999,-999,-999,NA,KS,0,0
SLP7,Tibet,CHINA,SLP7-3,NA,NA,NA,NA,Sun_2017,38.501022,98.14579,NA,NA,NA,20,30,25,-999,-999,-999,NA,1.1346154,-999,NA,11.748634,-999,1.0354728,-999,-999,-999,NA,KS,0,0
SLP7,Tibet,CHINA,SLP7-4,NA,NA,NA,NA,Sun_2017,38.501022,98.14579,NA,NA,NA,30,40,35,-999,-999,-999,NA,0.9384615,-999,NA,11.530055,-999,1.2286125,-999,-999,-999,NA,KS,0,0
SLP7,Tibet,CHINA,SLP7-5,NA,NA,NA,NA,Sun_2017,38.501022,98.14579,NA,NA,NA,40,50,45,-999,-999,-999,NA,0.55,-999,NA,8.306011,-999,1.5101838,-999,-999,-999,NA,KS,0,0
LGH5,Tibet,CHINA,LGH5-1,NA,NA,NA,NA,Sun_2017,39.46077,96.66684,NA,NA,NA,0,10,5,-999,-999,-999,NA,1.6506945,-999,NA,25.754995,-999,1.5602521,-999,-999,-999,NA,KS,0,0
LGH5,Tibet,CHINA,LGH5-2,NA,NA,NA,NA,Sun_2017,39.46077,96.66684,NA,NA,NA,10,20,15,-999,-999,-999,NA,1.3694445,-999,NA,24.699331,-999,1.8036022,-999,-999,-999,NA,KS,0,0
LGH5,Tibet,CHINA,LGH5-5,NA,NA,NA,NA,Sun_2017,39.46077,96.66684,NA,NA,NA,40,50,45,-999,-999,-999,NA,1.0430555,-999,NA,23.487553,-999,2.2518028,-999,-999,-999,NA,KS,0,0
LGH5,Tibet,CHINA,LGH5-3,NA,NA,NA,NA,Sun_2017,39.46077,96.66684,NA,NA,NA,20,30,25,-999,-999,-999,NA,0.6819445,-999,NA,22.19648,-999,3.2548807,-999,-999,-999,NA,KS,0,0
LGH5,Tibet,CHINA,LGH5-4,NA,NA,NA,NA,Sun_2017,39.46077,96.66684,NA,NA,NA,30,40,35,-999,-999,-999,NA,0.3069444,-999,NA,20.81076,-999,6.7799771,-999,-999,-999,NA,KS,0,0
LGH4,Tibet,CHINA,LGH4-1,NA,NA,NA,NA,Sun_2017,39.496986,96.66421,NA,NA,NA,0,10,5,-999,-999,-999,NA,2.5310099,-999,NA,23.821108,-999,0.9411701,-999,-999,-999,NA,KS,0,0
LGH4,Tibet,CHINA,LGH4-2,NA,NA,NA,NA,Sun_2017,39.496986,96.66421,NA,NA,NA,10,20,15,-999,-999,-999,NA,2.178319,-999,NA,18.441433,-999,0.8465901,-999,-999,-999,NA,KS,0,0
LGH4,Tibet,CHINA,LGH4-3,NA,NA,NA,NA,Sun_2017,39.496986,96.66421,NA,NA,NA,20,30,25,-999,-999,-999,NA,0.835194,-999,NA,15.824048,-999,1.8946554,-999,-999,-999,NA,KS,0,0
LGH4,Tibet,CHINA,LGH4-4,NA,NA,NA,NA,Sun_2017,39.496986,96.66421,NA,NA,NA,30,40,35,-999,-999,-999,NA,0.7085199,-999,NA,14.895813,-999,2.1023846,-999,-999,-999,NA,KS,0,0
LGH4,Tibet,CHINA,LGH4-5,NA,NA,NA,NA,Sun_2017,39.496986,96.66421,NA,NA,NA,40,50,45,-999,-999,-999,NA,0.6188413,-999,NA,14.401567,-999,2.3271826,-999,-999,-999,NA,KS,0,0
LHG2,Tibet,CHINA,LHG2-1,NA,NA,NA,NA,Sun_2017,39.65594,96.49316,NA,NA,NA,0,10,5,-999,-999,-999,NA,1.9777601,-999,NA,25.31542,-999,1.2800046,-999,-999,-999,NA,KS,0,0
LHG2,Tibet,CHINA,LHG2-2,NA,NA,NA,NA,Sun_2017,39.65594,96.49316,NA,NA,NA,10,20,15,-999,-999,-999,NA,1.7612185,-999,NA,17.044392,-999,0.9677614,-999,-999,-999,NA,KS,0,0
LHG2,Tibet,CHINA,LHG2-3,NA,NA,NA,NA,Sun_2017,39.65594,96.49316,NA,NA,NA,20,30,25,-999,-999,-999,NA,1.2584869,-999,NA,12.838785,-999,1.0201763,-999,-999,-999,NA,KS,0,0
LHG2,Tibet,CHINA,LHG2-4,NA,NA,NA,NA,Sun_2017,39.65594,96.49316,NA,NA,NA,30,40,35,-999,-999,-999,NA,0.9333789,-999,NA,11.296729,-999,1.2103047,-999,-999,-999,NA,KS,0,0
LHG2,Tibet,CHINA,LHG2-5,NA,NA,NA,NA,Sun_2017,39.65594,96.49316,NA,NA,NA,40,50,45,-999,-999,-999,NA,0.8418295,-999,NA,14.345795,-999,1.7041212,-999,-999,-999,NA,KS,0,0
LHG1,Tibet,CHINA,LHG1-2,NA,NA,NA,NA,Sun_2017,39.720325,96.38789,NA,NA,NA,10,20,15,-999,-999,-999,NA,0.8838299,-999,NA,17.066872,-999,1.9310132,-999,-999,-999,NA,KS,0,0
LHG1,Tibet,CHINA,LHG1-3,NA,NA,NA,NA,Sun_2017,39.720325,96.38789,NA,NA,NA,20,30,25,-999,-999,-999,NA,0.7940841,-999,NA,14.024414,-999,1.7661119,-999,-999,-999,NA,KS,0,0
LHG1,Tibet,CHINA,LHG1-1,NA,NA,NA,NA,Sun_2017,39.720325,96.38789,NA,NA,NA,0,10,5,-999,-999,-999,NA,0.757063,-999,NA,22.716742,-999,3.0006409,-999,-999,-999,NA,KS,0,0
LHG1,Tibet,CHINA,LHG1-5,NA,NA,NA,NA,Sun_2017,39.720325,96.38789,NA,NA,NA,40,50,45,-999,-999,-999,NA,0.6145947,-999,NA,10.898472,-999,1.7732779,-999,-999,-999,NA,KS,0,0
LHG1,Tibet,CHINA,LHG1-4,NA,NA,NA,NA,Sun_2017,39.720325,96.38789,NA,NA,NA,30,40,35,-999,-999,-999,NA,0.5905775,-999,NA,12.036583,-999,2.0381039,-999,-999,-999,NA,KS,0,0
Alvi,Fennoscandia,SWEDEN,AVCF22.5,2012-08-01,Stockholm_University,Sofi_Jonsson,sofi.jonsson@aces.su.se,Tarbier_2021,68.463719,20.901972,NA,NA,Water,2,5,3.8,-999,-999,93,C/N_analysis,45.191017,-999,DMA80,56.81,-999,0.126133,-999,-999,-999,NA,SJ,0,0
Alvi,Fennoscandia,SWEDEN,AVCF32.5,2012-08-01,Stockholm_University,Sofi_Jonsson,sofi.jonsson@aces.su.se,Tarbier_2021,68.463719,20.901972,NA,NA,Water,12,15,13.8,-999,-999,92,C/N_analysis,45.167421,-999,DMA80,54.38,-999,0.122575,-999,-999,-999,NA,SJ,0,0
Alvi,Fennoscandia,SWEDEN,AVCF42.5,2012-08-01,Stockholm_University,Sofi_Jonsson,sofi.jonsson@aces.su.se,Tarbier_2021,68.463719,20.901972,NA,NA,Water,22,25,23.8,-999,-999,93,C/N_analysis,45.239391,-999,DMA80,25.56,-999,0.05528,-999,-999,-999,NA,SJ,0,0
Alvi,Fennoscandia,SWEDEN,AVCF52.5,2012-08-01,Stockholm_University,Sofi_Jonsson,sofi.jonsson@aces.su.se,Tarbier_2021,68.463719,20.901972,NA,NA,Water,32,35,33.8,-999,-999,85,C/N_analysis,44.1149,-999,DMA80,20.24,-999,0.048094,-999,-999,-999,NA,SJ,0,0
Alvi,Fennoscandia,SWEDEN,AVCF62.5,2012-08-01,Stockholm_University,Sofi_Jonsson,sofi.jonsson@aces.su.se,Tarbier_2021,68.463719,20.901972,NA,NA,Water,42,45,43.8,-999,-999,68,C/N_analysis,38.176129,-999,DMA80,21.67,-999,0.060253,-999,-999,-999,NA,SJ,0,0
Alvi,Fennoscandia,SWEDEN,AVCF72.5,2012-08-01,Stockholm_University,Sofi_Jonsson,sofi.jonsson@aces.su.se,Tarbier_2021,68.463719,20.901972,NA,NA,Water,52,55,53.8,-999,-999,85,C/N_analysis,44.007124,-999,DMA80,22.75,-999,0.053662,-999,-999,-999,NA,SJ,0,0
Alvi,Fennoscandia,SWEDEN,AVCF82.5,2012-08-01,Stockholm_University,Sofi_Jonsson,sofi.jonsson@aces.su.se,Tarbier_2021,68.463719,20.901972,NA,NA,Water,62,65,63.8,-999,-999,87,C/N_analysis,44.440226,-999,DMA80,18.7,-999,0.042854,-999,-999,-999,NA,SJ,0,0
Alvi,Fennoscandia,SWEDEN,AVCF92.5,2012-08-01,Stockholm_University,Sofi_Jonsson,sofi.jonsson@aces.su.se,Tarbier_2021,68.463719,20.901972,NA,NA,Water,72,75,73.8,-999,-999,64,C/N_analysis,35.90271,-999,DMA80,16.76,-999,0.084843,-999,-999,-999,NA,SJ,0,0
Alvi,Fennoscandia,SWEDEN,AVCF102.5,2012-08-01,Stockholm_University,Sofi_Jonsson,sofi.jonsson@aces.su.se,Tarbier_2021,68.463719,20.901972,NA,NA,Water,82,85,83.8,-999,-999,32,C/N_analysis,16.991409,-999,DMA80,14.54,-999,0.04642,-999,-999,-999,NA,SJ,0,0
Alvi,Fennoscandia,SWEDEN,AVCF110,2012-08-01,Stockholm_University,Sofi_Jonsson,sofi.jonsson@aces.su.se,Tarbier_2021,68.463719,20.901972,NA,NA,Water,90,92,91.3,-999,-999,14,C/N_analysis,6.715596,-999,DMA80,8.54,-999,0.112094,-999,-999,-999,NA,SJ,0,0
Alvi,Fennoscandia,SWEDEN,AVPf0,2012-08-01,Stockholm_University,Sofi_Jonsson,sofi.jonsson@aces.su.se,Tarbier_2021,68.464167,20.901389,NA,NA,na,0,5,2.5,-999,-999,97,C/N_analysis,45.335731,-999,DMA80,180.23,-999,0.404814,-999,-999,-999,NA,SJ,0,0
Alvi,Fennoscandia,SWEDEN,AVPf10,2012-08-01,Stockholm_University,Sofi_Jonsson,sofi.jonsson@aces.su.se,Tarbier_2021,68.464167,20.901389,NA,NA,na,10,15,12.5,-999,-999,95,C/N_analysis,45.315468,-999,DMA80,76.56,-999,0.162496,-999,-999,-999,NA,SJ,0,0
Alvi,Fennoscandia,SWEDEN,AVPf22.5,2012-08-01,Stockholm_University,Sofi_Jonsson,sofi.jonsson@aces.su.se,Tarbier_2021,68.464167,20.901389,NA,NA,na,22,25,23.8,-999,-999,96,C/N_analysis,45.331972,-999,DMA80,33.18,-999,0.069234,-999,-999,-999,NA,SJ,0,0
Alvi,Fennoscandia,SWEDEN,AVPf32.5,2012-08-01,Stockholm_University,Sofi_Jonsson,sofi.jonsson@aces.su.se,Tarbier_2021,68.464167,20.901389,NA,NA,na,32,35,33.8,-999,-999,97,C/N_analysis,45.334687,-999,DMA80,34.43,-999,0.072034,-999,-999,-999,NA,SJ,0,0
Alvi,Fennoscandia,SWEDEN,AVPf42.5,2012-08-01,Stockholm_University,Sofi_Jonsson,sofi.jonsson@aces.su.se,Tarbier_2021,68.464167,20.901389,NA,NA,na,42,45,43.8,-999,-999,95,C/N_analysis,45.323907,-999,DMA80,31.5,-999,0.066431,-999,-999,-999,NA,SJ,0,0
Alvi,Fennoscandia,SWEDEN,AVPf52.5,2012-08-01,Stockholm_University,Sofi_Jonsson,sofi.jonsson@aces.su.se,Tarbier_2021,68.464167,20.901389,NA,NA,na,52,55,53.8,-999,-999,87,C/N_analysis,44.468048,-999,DMA80,27.28,-999,0.061403,-999,-999,-999,NA,SJ,0,0
Alvi,Fennoscandia,SWEDEN,AVPf62.5,2012-08-01,Stockholm_University,Sofi_Jonsson,sofi.jonsson@aces.su.se,Tarbier_2021,68.464167,20.901389,NA,NA,na,62,65,63.8,-999,-999,96,C/N_analysis,45.332476,-999,DMA80,27.07,-999,0.056798,-999,-999,-999,NA,SJ,0,0
Alvi,Fennoscandia,SWEDEN,AVPf72.5,2012-08-01,Stockholm_University,Sofi_Jonsson,sofi.jonsson@aces.su.se,Tarbier_2021,68.464167,20.901389,NA,NA,na,72,75,73.8,-999,-999,86,C/N_analysis,44.285245,-999,DMA80,25.91,-999,0.055927,-999,-999,-999,NA,SJ,0,0
Alvi,Fennoscandia,SWEDEN,AVPf82.5,2012-08-01,Stockholm_University,Sofi_Jonsson,sofi.jonsson@aces.su.se,Tarbier_2021,68.464167,20.901389,NA,NA,na,82,85,83.8,-999,-999,95,C/N_analysis,45.323793,-999,DMA80,23.55,-999,0.049231,-999,-999,-999,NA,SJ,0,0
Alvi,Fennoscandia,SWEDEN,AVPf92.5,2012-08-01,Stockholm_University,Sofi_Jonsson,sofi.jonsson@aces.su.se,Tarbier_2021,68.464167,20.901389,NA,NA,na,92,95,93.8,-999,-999,95,C/N_analysis,45.326974,-999,DMA80,24.9,-999,0.052728,-999,-999,-999,NA,SJ,0,0
Alvi,Fennoscandia,SWEDEN,AVPf102.5,2012-08-01,Stockholm_University,Sofi_Jonsson,sofi.jonsson@aces.su.se,Tarbier_2021,68.464167,20.901389,NA,NA,na,102,105,103.8,-999,-999,96,C/N_analysis,45.328779,-999,DMA80,27.85,-999,0.058659,-999,-999,-999,NA,SJ,0,0
Alvi,Fennoscandia,SWEDEN,AVPf112.5,2012-08-01,Stockholm_University,Sofi_Jonsson,sofi.jonsson@aces.su.se,Tarbier_2021,68.464167,20.901389,NA,NA,na,112,115,113.8,-999,-999,96,C/N_analysis,45.336588,-999,DMA80,28.77,-999,0.059389,-999,-999,-999,NA,SJ,0,0
Alvi,Fennoscandia,SWEDEN,AVPf122.5,2012-08-01,Stockholm_University,Sofi_Jonsson,sofi.jonsson@aces.su.se,Tarbier_2021,68.464167,20.901389,NA,NA,na,122,125,123.8,-999,-999,96,C/N_analysis,45.330997,-999,DMA80,25.52,-999,0.053541,-999,-999,-999,NA,SJ,0,0
Alvi,Fennoscandia,SWEDEN,AVPf132.5,2012-08-01,Stockholm_University,Sofi_Jonsson,sofi.jonsson@aces.su.se,Tarbier_2021,68.464167,20.901389,NA,NA,na,132,135,133.8,-999,-999,97,C/N_analysis,45.336191,-999,DMA80,25.08,-999,0.052447,-999,-999,-999,NA,SJ,0,0
Alvi,Fennoscandia,SWEDEN,AVPf142.5,2012-08-01,Stockholm_University,Sofi_Jonsson,sofi.jonsson@aces.su.se,Tarbier_2021,68.464167,20.901389,NA,NA,na,142,145,143.8,-999,-999,88,C/N_analysis,44.528221,-999,DMA80,25.92,-999,0.059705,-999,-999,-999,NA,SJ,0,0
Alvi,Fennoscandia,SWEDEN,AVPf152.5,2012-08-01,Stockholm_University,Sofi_Jonsson,sofi.jonsson@aces.su.se,Tarbier_2021,68.464167,20.901389,NA,NA,na,152,155,153.8,-999,-999,93,C/N_analysis,45.209091,-999,DMA80,37.19,-999,0.085382,-999,-999,-999,NA,SJ,0,0
Alvi,Fennoscandia,SWEDEN,AVPf162.5,2012-08-01,Stockholm_University,Sofi_Jonsson,sofi.jonsson@aces.su.se,Tarbier_2021,68.464167,20.901389,NA,NA,na,162,165,163.8,-999,-999,92,C/N_analysis,45.130863,-999,DMA80,17.82,-999,0.041932,-999,-999,-999,NA,SJ,0,0
Alvi,Fennoscandia,SWEDEN,AVPf172.5,2012-08-01,Stockholm_University,Sofi_Jonsson,sofi.jonsson@aces.su.se,Tarbier_2021,68.464167,20.901389,NA,NA,na,172,175,173.8,-999,-999,43,C/N_analysis,24.135095,-999,DMA80,15.9,-999,0.056707,-999,-999,-999,NA,SJ,0,0
Alvi,Fennoscandia,SWEDEN,AVPf180,2012-08-01,Stockholm_University,Sofi_Jonsson,sofi.jonsson@aces.su.se,Tarbier_2021,68.464167,20.901389,NA,NA,na,180,185,182.5,-999,-999,2,C/N_analysis,0.888976,-999,DMA80,2.27,-999,0.257633,-999,-999,-999,NA,SJ,0,0
Dávva,Fennoscandia,SWEDEN,TVDF12.5,2012-08-01,Stockholm_University,Sofi_Jonsson,sofi.jonsson@aces.su.se,Tarbier_2021,68.463719,20.901972,NA,NA,Sphagnum,2,5,3.8,-999,-999,91,C/N_analysis,45.069305,-999,DMA80,57.86,-999,0.121709,-999,-999,-999,NA,SJ,0,0
Dávva,Fennoscandia,SWEDEN,TVDF22.5,2012-08-01,Stockholm_University,Sofi_Jonsson,sofi.jonsson@aces.su.se,Tarbier_2021,68.463719,20.901972,NA,NA,Sphagnum,12,15,13.8,-999,-999,87,C/N_analysis,44.464073,-999,DMA80,41.67,-999,0.091641,-999,-999,-999,NA,SJ,0,0
Dávva,Fennoscandia,SWEDEN,TVDF32.5,2012-08-01,Stockholm_University,Sofi_Jonsson,sofi.jonsson@aces.su.se,Tarbier_2021,68.463719,20.901972,NA,NA,Sphagnum,22,25,23.8,-999,-999,86,C/N_analysis,44.313882,-999,DMA80,30.21,-999,0.068199,-999,-999,-999,NA,SJ,0,0
Dávva,Fennoscandia,SWEDEN,TVDF42.5,2012-08-01,Stockholm_University,Sofi_Jonsson,sofi.jonsson@aces.su.se,Tarbier_2021,68.463719,20.901972,NA,NA,Sphagnum,32,35,33.8,-999,-999,83,C/N_analysis,43.62912,-999,DMA80,27.52,-999,0.063687,-999,-999,-999,NA,SJ,0,0
Dávva,Fennoscandia,SWEDEN,TVDF52.5,2012-08-01,Stockholm_University,Sofi_Jonsson,sofi.jonsson@aces.su.se,Tarbier_2021,68.463719,20.901972,NA,NA,Sphagnum,42,45,43.8,-999,-999,85,C/N_analysis,44.089304,-999,DMA80,26.28,-999,0.059292,-999,-999,-999,NA,SJ,0,0
Dávva,Fennoscandia,SWEDEN,TVDF62.5,2012-08-01,Stockholm_University,Sofi_Jonsson,sofi.jonsson@aces.su.se,Tarbier_2021,68.463719,20.901972,NA,NA,Sphagnum,52,55,53.8,-999,-999,54,C/N_analysis,30.551737,-999,DMA80,17.11,-999,0.051672,-999,-999,-999,NA,SJ,0,0
Dávva,Fennoscandia,SWEDEN,TVDF72.5,2012-08-01,Stockholm_University,Sofi_Jonsson,sofi.jonsson@aces.su.se,Tarbier_2021,68.463719,20.901972,NA,NA,Sphagnum,62,65,63.8,-999,-999,7,C/N_analysis,3.326371,-999,DMA80,4.67,-999,0.081056,-999,-999,-999,NA,SJ,0,0
Dávva,Fennoscandia,SWEDEN,TVDF82.5,2012-08-01,Stockholm_University,Sofi_Jonsson,sofi.jonsson@aces.su.se,Tarbier_2021,68.463719,20.901972,NA,NA,Sphagnum,72,75,73.8,-999,-999,2,C/N_analysis,1.136061,-999,DMA80,4.19,-999,0.163063,-999,-999,-999,NA,SJ,0,0
Dávva,Fennoscandia,SWEDEN,TVDF92.5,2012-08-01,Stockholm_University,Sofi_Jonsson,sofi.jonsson@aces.su.se,Tarbier_2021,68.463719,20.901972,NA,NA,Sphagnum,82,85,83.8,-999,-999,1,C/N_analysis,0.752252,-999,DMA80,3.2,-999,0.222588,-999,-999,-999,NA,SJ,0,0
Dávva,Fennoscandia,SWEDEN,DVPf2.5,2012-08-01,Stockholm_University,Sofi_Jonsson,sofi.jonsson@aces.su.se,Tarbier_2021,68.464167,20.901389,NA,NA,na,2,5,3.8,-999,-999,93,C/N_analysis,45.234398,-999,DMA80,107.52,-999,0.237174,-999,-999,-999,NA,SJ,0,0
Dávva,Fennoscandia,SWEDEN,DVPf12.5,2012-08-01,Stockholm_University,Sofi_Jonsson,sofi.jonsson@aces.su.se,Tarbier_2021,68.464167,20.901389,NA,NA,na,12,15,13.8,-999,-999,99,C/N_analysis,45.26176,-999,DMA80,39.9,-999,0.082573,-999,-999,-999,NA,SJ,0,0
Dávva,Fennoscandia,SWEDEN,DVPf22.5,2012-08-01,Stockholm_University,Sofi_Jonsson,sofi.jonsson@aces.su.se,Tarbier_2021,68.464167,20.901389,NA,NA,na,22,25,23.8,-999,-999,98,C/N_analysis,45.298827,-999,DMA80,30.73,-999,0.065003,-999,-999,-999,NA,SJ,0,0
Dávva,Fennoscandia,SWEDEN,DVPf32.5,2012-08-01,Stockholm_University,Sofi_Jonsson,sofi.jonsson@aces.su.se,Tarbier_2021,68.464167,20.901389,NA,NA,na,32,35,33.8,-999,-999,93,C/N_analysis,45.213831,-999,DMA80,27.93,-999,0.060713,-999,-999,-999,NA,SJ,0,0
Dávva,Fennoscandia,SWEDEN,DVPf42.5,2012-08-01,Stockholm_University,Sofi_Jonsson,sofi.jonsson@aces.su.se,Tarbier_2021,68.464167,20.901389,NA,NA,na,42,45,43.8,-999,-999,90,C/N_analysis,44.94705,-999,DMA80,34.33,-999,0.074192,-999,-999,-999,NA,SJ,0,0
Dávva,Fennoscandia,SWEDEN,DVPf52.5,2012-08-01,Stockholm_University,Sofi_Jonsson,sofi.jonsson@aces.su.se,Tarbier_2021,68.464167,20.901389,NA,NA,na,52,55,53.8,-999,-999,72,C/N_analysis,39.987083,-999,DMA80,29.55,-999,0.074355,-999,-999,-999,NA,SJ,0,0
Dávva,Fennoscandia,SWEDEN,DVPf60,2012-08-01,Stockholm_University,Sofi_Jonsson,sofi.jonsson@aces.su.se,Tarbier_2021,68.464167,20.901389,NA,NA,na,60,62,61.3,-999,-999,74,C/N_analysis,40.51791,-999,DMA80,30.97,-999,0.082965,-999,-999,-999,NA,SJ,0,0
Dávva,Fennoscandia,SWEDEN,DVPf72.5,2012-08-01,Stockholm_University,Sofi_Jonsson,sofi.jonsson@aces.su.se,Tarbier_2021,68.464167,20.901389,NA,NA,na,72,75,73.8,-999,-999,70,C/N_analysis,39.054086,-999,DMA80,29.48,-999,0.087999,-999,-999,-999,NA,SJ,0,0
Dávva,Fennoscandia,SWEDEN,DVPf82.5,2012-08-01,Stockholm_University,Sofi_Jonsson,sofi.jonsson@aces.su.se,Tarbier_2021,68.464167,20.901389,NA,NA,na,82,85,83.8,-999,-999,70,C/N_analysis,38.965962,-999,DMA80,29.05,-999,0.082409,-999,-999,-999,NA,SJ,0,0
Dávva,Fennoscandia,SWEDEN,DVPf92.5,2012-08-01,Stockholm_University,Sofi_Jonsson,sofi.jonsson@aces.su.se,Tarbier_2021,68.464167,20.901389,NA,NA,na,92,95,93.8,-999,-999,53,C/N_analysis,29.919416,-999,DMA80,15.17,-999,0.257096,-999,-999,-999,NA,SJ,0,0
Dávva,Fennoscandia,SWEDEN,DVPf97.5,2012-08-01,Stockholm_University,Sofi_Jonsson,sofi.jonsson@aces.su.se,Tarbier_2021,68.464167,20.901389,NA,NA,na,98,100,98.8,-999,-999,4,C/N_analysis,1.866457,-999,DMA80,6.9,-999,0.369684,-999,-999,-999,NA,SJ,0,0
Dávva,Fennoscandia,SWEDEN,DACF32.5,2012-08-01,Stockholm_University,Sofi_Jonsson,sofi.jonsson@aces.su.se,Tarbier_2021,68.464168,20.906934,NA,NA,Sphagnum,2,5,3.8,-999,-999,100,C/N_analysis,45.197398,-999,DMA80,51.23,-999,0.104221,-999,-999,-999,NA,SJ,0,0
Dávva,Fennoscandia,SWEDEN,DACF42.5,2012-08-01,Stockholm_University,Sofi_Jonsson,sofi.jonsson@aces.su.se,Tarbier_2021,68.464168,20.906934,NA,NA,Sphagnum,12,15,13.8,-999,-999,100,C/N_analysis,45.199552,-999,DMA80,60.61,-999,0.126712,-999,-999,-999,NA,SJ,0,0
Dávva,Fennoscandia,SWEDEN,DACF52.5,2012-08-01,Stockholm_University,Sofi_Jonsson,sofi.jonsson@aces.su.se,Tarbier_2021,68.464168,20.906934,NA,NA,Sphagnum,22,25,23.8,-999,-999,100,C/N_analysis,45.207468,-999,DMA80,155.67,-999,0.320862,-999,-999,-999,NA,SJ,0,0
Dávva,Fennoscandia,SWEDEN,DACF62.5,2012-08-01,Stockholm_University,Sofi_Jonsson,sofi.jonsson@aces.su.se,Tarbier_2021,68.464168,20.906934,NA,NA,Sphagnum,32,35,33.8,-999,-999,100,C/N_analysis,45.216006,-999,DMA80,90.5,-999,0.193778,-999,-999,-999,NA,SJ,0,0
Dávva,Fennoscandia,SWEDEN,DACF72.5,2012-08-01,Stockholm_University,Sofi_Jonsson,sofi.jonsson@aces.su.se,Tarbier_2021,68.464168,20.906934,NA,NA,Sphagnum,42,45,43.8,-999,-999,99,C/N_analysis,45.278675,-999,DMA80,32.95,-999,0.121739,-999,-999,-999,NA,SJ,0,0
Dávva,Fennoscandia,SWEDEN,DACF82.5,2012-08-01,Stockholm_University,Sofi_Jonsson,sofi.jonsson@aces.su.se,Tarbier_2021,68.464168,20.906934,NA,NA,Sphagnum,52,55,53.8,-999,-999,98,C/N_analysis,45.312049,-999,DMA80,13.29,-999,0.156079,-999,-999,-999,NA,SJ,0,0
Dávva,Fennoscandia,SWEDEN,DACF92.5,2012-08-01,Stockholm_University,Sofi_Jonsson,sofi.jonsson@aces.su.se,Tarbier_2021,68.464168,20.906934,NA,NA,Sphagnum,62,65,63.8,-999,-999,98,C/N_analysis,45.316905,-999,DMA80,6.61,-999,0.23312,-999,-999,-999,NA,SJ,0,0
Karlebotn,Fennoscandia,NORWAY,KADF62.5,2016-09-01,Stockholm_University,Sofi_Jonsson,sofi.jonsson@aces.su.se,Tarbier_2021,70.119212,28.475417,NA,NA,Sphagnum,8,10,8.8,-999,-999,85,C/N_analysis,43.9266,-999,DMA80,45.38,-999,0.107103,-999,-999,-999,NA,SJ,0,0
Karlebotn,Fennoscandia,NORWAY,KADF72.5,2016-09-01,Stockholm_University,Sofi_Jonsson,sofi.jonsson@aces.su.se,Tarbier_2021,70.119212,28.475417,NA,NA,Sphagnum,18,20,18.8,-999,-999,80,C/N_analysis,42.584164,-999,DMA80,35.18,-999,0.086314,-999,-999,-999,NA,SJ,0,0
Karlebotn,Fennoscandia,NORWAY,KADF82.5,2016-09-01,Stockholm_University,Sofi_Jonsson,sofi.jonsson@aces.su.se,Tarbier_2021,70.119212,28.475417,NA,NA,Sphagnum,28,30,28.8,-999,-999,78,C/N_analysis,42.093056,-999,DMA80,34.68,-999,0.086959,-999,-999,-999,NA,SJ,0,0
Karlebotn,Fennoscandia,NORWAY,KADF92.5,2016-09-01,Stockholm_University,Sofi_Jonsson,sofi.jonsson@aces.su.se,Tarbier_2021,70.119212,28.475417,NA,NA,Sphagnum,38,40,38.8,-999,-999,78,C/N_analysis,42.198649,-999,DMA80,34.31,-999,0.085967,-999,-999,-999,NA,SJ,0,0
Karlebotn,Fennoscandia,NORWAY,KADF102.5,2016-09-01,Stockholm_University,Sofi_Jonsson,sofi.jonsson@aces.su.se,Tarbier_2021,70.119212,28.475417,NA,NA,Sphagnum,48,50,48.8,-999,-999,75,C/N_analysis,40.809462,-999,DMA80,30.17,-999,0.079348,-999,-999,-999,NA,SJ,0,0
Karlebotn,Fennoscandia,NORWAY,KADF112.5,2016-09-01,Stockholm_University,Sofi_Jonsson,sofi.jonsson@aces.su.se,Tarbier_2021,70.119212,28.475417,NA,NA,Sphagnum,58,60,58.8,-999,-999,71,C/N_analysis,39.236314,-999,DMA80,31.18,-999,0.084878,-999,-999,-999,NA,SJ,0,0
Karlebotn,Fennoscandia,NORWAY,KADF122.5,2016-09-01,Stockholm_University,Sofi_Jonsson,sofi.jonsson@aces.su.se,Tarbier_2021,70.119212,28.475417,NA,NA,Sphagnum,68,70,68.8,-999,-999,80,C/N_analysis,42.836315,-999,DMA80,27.79,-999,0.067165,-999,-999,-999,NA,SJ,0,0
Karlebotn,Fennoscandia,NORWAY,KADF132.5,2016-09-01,Stockholm_University,Sofi_Jonsson,sofi.jonsson@aces.su.se,Tarbier_2021,70.119212,28.475417,NA,NA,Sphagnum,78,80,78.8,-999,-999,86,C/N_analysis,44.306374,-999,DMA80,33.52,-999,0.075823,-999,-999,-999,NA,SJ,0,0
Karlebotn,Fennoscandia,NORWAY,KADF142.5,2016-09-01,Stockholm_University,Sofi_Jonsson,sofi.jonsson@aces.su.se,Tarbier_2021,70.119212,28.475417,NA,NA,Sphagnum,88,90,88.8,-999,-999,82,C/N_analysis,43.172789,-999,DMA80,28.33,-999,0.067616,-999,-999,-999,NA,SJ,0,0
Karlebotn,Fennoscandia,NORWAY,KADF147.5,2016-09-01,Stockholm_University,Sofi_Jonsson,sofi.jonsson@aces.su.se,Tarbier_2021,70.119212,28.475417,NA,NA,Sphagnum,92,95,93.8,-999,-999,82,C/N_analysis,43.171504,-999,DMA80,30.31,-999,0.072717,-999,-999,-999,NA,SJ,0,0
Karlebotn,Fennoscandia,NORWAY,KADF150,2016-09-01,Stockholm_University,Sofi_Jonsson,sofi.jonsson@aces.su.se,Tarbier_2021,70.119212,28.475417,NA,NA,Sphagnum,95,98,96.3,-999,-999,87,C/N_analysis,44.494175,-999,DMA80,23.22,-999,0.053926,-999,-999,-999,NA,SJ,0,0
Karlebotn,Fennoscandia,NORWAY,KADF162.5,2016-09-01,Stockholm_University,Sofi_Jonsson,sofi.jonsson@aces.su.se,Tarbier_2021,70.119212,28.475417,NA,NA,Sphagnum,108,110,108.8,-999,-999,80,C/N_analysis,42.825557,-999,DMA80,23.7,-999,0.057386,-999,-999,-999,NA,SJ,0,0
Karlebotn,Fennoscandia,NORWAY,KADF172.5,2016-09-01,Stockholm_University,Sofi_Jonsson,sofi.jonsson@aces.su.se,Tarbier_2021,70.119212,28.475417,NA,NA,Sphagnum,118,120,118.8,-999,-999,4,C/N_analysis,1.728428,-999,DMA80,7.58,-999,0.462536,-999,-999,-999,NA,SJ,0,0
Karlebotn,Fennoscandia,NORWAY,KADF182.5,2016-09-01,Stockholm_University,Sofi_Jonsson,sofi.jonsson@aces.su.se,Tarbier_2021,70.119212,28.475417,NA,NA,Sphagnum,128,130,128.8,-999,-999,1,C/N_analysis,0.740261,-999,DMA80,1.97,-999,0.399134,-999,-999,-999,NA,SJ,0,0
Karlebotn,Fennoscandia,NORWAY,KAPf2.5,2016-09-01,Stockholm_University,Sofi_Jonsson,sofi.jonsson@aces.su.se,Tarbier_2021,70.12055,28.475,NA,NA,na,2,5,3.8,-999,-999,98,C/N_analysis,45.296713,-999,DMA80,54.8,-999,0.116296,-999,-999,-999,NA,SJ,0,0
Karlebotn,Fennoscandia,NORWAY,KAPf12.5,2016-09-01,Stockholm_University,Sofi_Jonsson,sofi.jonsson@aces.su.se,Tarbier_2021,70.12055,28.475,NA,NA,na,12,15,13.8,-999,-999,93,C/N_analysis,45.20671,-999,DMA80,71.32,-999,0.155952,-999,-999,-999,NA,SJ,0,0
Karlebotn,Fennoscandia,NORWAY,KAPf22.5,2016-09-01,Stockholm_University,Sofi_Jonsson,sofi.jonsson@aces.su.se,Tarbier_2021,70.12055,28.475,NA,NA,na,22,25,23.8,-999,-999,96,C/N_analysis,45.336349,-999,DMA80,41.52,-999,0.088657,-999,-999,-999,NA,SJ,0,0
Karlebotn,Fennoscandia,NORWAY,KAPf32.5,2016-09-01,Stockholm_University,Sofi_Jonsson,sofi.jonsson@aces.su.se,Tarbier_2021,70.12055,28.475,NA,NA,na,32,35,33.8,-999,-999,96,C/N_analysis,45.336553,-999,DMA80,22.84,-999,0.045566,-999,-999,-999,NA,SJ,0,0
Karlebotn,Fennoscandia,NORWAY,KAPf42.5,2016-09-01,Stockholm_University,Sofi_Jonsson,sofi.jonsson@aces.su.se,Tarbier_2021,70.12055,28.475,NA,NA,na,42,45,43.8,-999,-999,96,C/N_analysis,45.332476,-999,DMA80,24.91,-999,0.050761,-999,-999,-999,NA,SJ,0,0
Karlebotn,Fennoscandia,NORWAY,KAPf52.5,2016-09-01,Stockholm_University,Sofi_Jonsson,sofi.jonsson@aces.su.se,Tarbier_2021,70.12055,28.475,NA,NA,na,52,55,53.8,-999,-999,95,C/N_analysis,45.31775,-999,DMA80,25.27,-999,0.050084,-999,-999,-999,NA,SJ,0,0
Karlebotn,Fennoscandia,NORWAY,KAPf62.5,2016-09-01,Stockholm_University,Sofi_Jonsson,sofi.jonsson@aces.su.se,Tarbier_2021,70.12055,28.475,NA,NA,na,62,65,63.8,-999,-999,95,C/N_analysis,45.316178,-999,DMA80,22.69,-999,0.044911,-999,-999,-999,NA,SJ,0,0
Karlebotn,Fennoscandia,NORWAY,KAPf72.5,2016-09-01,Stockholm_University,Sofi_Jonsson,sofi.jonsson@aces.su.se,Tarbier_2021,70.12055,28.475,NA,NA,na,72,75,73.8,-999,-999,95,C/N_analysis,45.315583,-999,DMA80,16.25,-999,0.033221,-999,-999,-999,NA,SJ,0,0
Karlebotn,Fennoscandia,NORWAY,KAPf82.5,2016-09-01,Stockholm_University,Sofi_Jonsson,sofi.jonsson@aces.su.se,Tarbier_2021,70.12055,28.475,NA,NA,na,82,85,83.8,-999,-999,94,C/N_analysis,45.27508,-999,DMA80,25.5,-999,0.04916,-999,-999,-999,NA,SJ,0,0
Karlebotn,Fennoscandia,NORWAY,KAPf92.5,2016-09-01,Stockholm_University,Sofi_Jonsson,sofi.jonsson@aces.su.se,Tarbier_2021,70.12055,28.475,NA,NA,na,92,95,93.8,-999,-999,93,C/N_analysis,45.241625,-999,DMA80,23.61,-999,0.0467,-999,-999,-999,NA,SJ,0,0
Karlebotn,Fennoscandia,NORWAY,KAPf102.5,2016-09-01,Stockholm_University,Sofi_Jonsson,sofi.jonsson@aces.su.se,Tarbier_2021,70.12055,28.475,NA,NA,na,102,105,103.8,-999,-999,30,C/N_analysis,15.560575,-999,DMA80,11.9,-999,0.091468,-999,-999,-999,NA,SJ,0,0
Karlebotn,Fennoscandia,NORWAY,KAPf112.5,2016-09-01,Stockholm_University,Sofi_Jonsson,sofi.jonsson@aces.su.se,Tarbier_2021,70.12055,28.475,NA,NA,na,112,115,113.8,-999,-999,3,C/N_analysis,1.237194,-999,DMA80,7,-999,0.712106,-999,-999,-999,NA,SJ,0,0
Karlebotn,Fennoscandia,NORWAY,KACF12.5,2016-09-01,Stockholm_University,Sofi_Jonsson,sofi.jonsson@aces.su.se,Tarbier_2021,70.120617,28.47325,NA,NA,Sphagnum,0,3,5,-999,-999,96,C/N_analysis,47.010718,-999,DMA80,97.39,-999,0.207166,-999,-999,-999,NA,SJ,0,0
Karlebotn,Fennoscandia,NORWAY,KACF22.5,2016-09-01,Stockholm_University,Sofi_Jonsson,sofi.jonsson@aces.su.se,Tarbier_2021,70.120617,28.47325,NA,NA,Sphagnum,9,12,10.3,-999,-999,92,C/N_analysis,48.068537,-999,DMA80,74.62,-999,0.155237,-999,-999,-999,NA,SJ,0,0
Karlebotn,Fennoscandia,NORWAY,KACF32.5,2016-09-01,Stockholm_University,Sofi_Jonsson,sofi.jonsson@aces.su.se,Tarbier_2021,70.120617,28.47325,NA,NA,Sphagnum,19,22,20.3,-999,-999,94,C/N_analysis,48.031593,-999,DMA80,72.07,-999,0.150047,-999,-999,-999,NA,SJ,0,0
Karlebotn,Fennoscandia,NORWAY,KACF42.5,2016-09-01,Stockholm_University,Sofi_Jonsson,sofi.jonsson@aces.su.se,Tarbier_2021,70.120617,28.47325,NA,NA,Sphagnum,29,32,30.3,-999,-999,94,C/N_analysis,47.926018,-999,DMA80,59.68,-999,0.124525,-999,-999,-999,NA,SJ,0,0
Karlebotn,Fennoscandia,NORWAY,KACF52.5,2016-09-01,Stockholm_University,Sofi_Jonsson,sofi.jonsson@aces.su.se,Tarbier_2021,70.120617,28.47325,NA,NA,Sphagnum,39,42,40.3,-999,-999,95,C/N_analysis,47.943568,-999,DMA80,43.89,-999,0.091545,-999,-999,-999,NA,SJ,0,0
Karlebotn,Fennoscandia,NORWAY,KACF62.5,2016-09-01,Stockholm_University,Sofi_Jonsson,sofi.jonsson@aces.su.se,Tarbier_2021,70.120617,28.47325,NA,NA,Sphagnum,49,52,50.3,-999,-999,95,C/N_analysis,48.056538,-999,DMA80,41.75,-999,0.086877,-999,-999,-999,NA,SJ,0,0
Karlebotn,Fennoscandia,NORWAY,KACF72.5,2016-09-01,Stockholm_University,Sofi_Jonsson,sofi.jonsson@aces.su.se,Tarbier_2021,70.120617,28.47325,NA,NA,Sphagnum,59,62,60.3,-999,-999,94,C/N_analysis,47.548305,-999,DMA80,33.63,-999,0.070728,-999,-999,-999,NA,SJ,0,0
Karlebotn,Fennoscandia,NORWAY,KACF82.5,2016-09-01,Stockholm_University,Sofi_Jonsson,sofi.jonsson@aces.su.se,Tarbier_2021,70.120617,28.47325,NA,NA,Sphagnum,69,72,70.3,-999,-999,92,C/N_analysis,46.32215,-999,DMA80,33.85,-999,0.073075,-999,-999,-999,NA,SJ,0,0
Karlebotn,Fennoscandia,NORWAY,KACF92.5,2016-09-01,Stockholm_University,Sofi_Jonsson,sofi.jonsson@aces.su.se,Tarbier_2021,70.120617,28.47325,NA,NA,Sphagnum,79,82,80.3,-999,-999,39,C/N_analysis,22.121072,-999,DMA80,15.86,-999,0.071696,-999,-999,-999,NA,SJ,0,0
Karlebotn,Fennoscandia,NORWAY,KACF102.5,2016-09-01,Stockholm_University,Sofi_Jonsson,sofi.jonsson@aces.su.se,Tarbier_2021,70.120617,28.47325,NA,NA,Sphagnum,89,92,90.3,-999,-999,2,C/N_analysis,0.445552,-999,DMA80,4.69,-999,1.052628,-999,-999,-999,NA,SJ,0,0
Karlebotn,Fennoscandia,NORWAY,KACF112.5,2016-09-01,Stockholm_University,Sofi_Jonsson,sofi.jonsson@aces.su.se,Tarbier_2021,70.120617,28.47325,NA,NA,Sphagnum,99,102,100.3,-999,-999,1,C/N_analysis,0.349225,-999,DMA80,4.73,-999,1.354429,-999,-999,-999,NA,SJ,0,0
Karlebotn,Fennoscandia,NORWAY,KACF122.5,2016-09-01,Stockholm_University,Sofi_Jonsson,sofi.jonsson@aces.su.se,Tarbier_2021,70.120617,28.47325,NA,NA,Sphagnum,109,112,110.3,-999,-999,2,C/N_analysis,0.412426,-999,DMA80,5.42,-999,1.314174,-999,-999,-999,NA,SJ,0,0
Karlebotn,Fennoscandia,NORWAY,KACF132.5,2016-09-01,Stockholm_University,Sofi_Jonsson,sofi.jonsson@aces.su.se,Tarbier_2021,70.120617,28.47325,NA,NA,Sphagnum,119,122,120.3,-999,-999,2,C/N_analysis,1.018388,-999,DMA80,5.41,-999,0.531232,-999,-999,-999,NA,SJ,0,0
Karlebotn,Fennoscandia,NORWAY,KACF142.5,2016-09-01,Stockholm_University,Sofi_Jonsson,sofi.jonsson@aces.su.se,Tarbier_2021,70.120617,28.47325,NA,NA,Sphagnum,129,132,130.3,-999,-999,2,C/N_analysis,0.968992,-999,DMA80,5.79,-999,0.597528,-999,-999,-999,NA,SJ,0,0
Karlebotn,Fennoscandia,NORWAY,KACF152.5,2016-09-01,Stockholm_University,Sofi_Jonsson,sofi.jonsson@aces.su.se,Tarbier_2021,70.120617,28.47325,NA,NA,Sphagnum,139,142,140.3,-999,-999,2,C/N_analysis,0.891775,-999,DMA80,5.92,-999,0.663844,-999,-999,-999,NA,SJ,0,0
Lakselv,Fennoscandia,NORWAY,LADF52.5,2016-09-01,Stockholm_University,Sofi_Jonsson,sofi.jonsson@aces.su.se,Tarbier_2021,70.119162,24.996483,NA,NA,Sphagnum,0,2,0.8,-999,-999,87,C/N_analysis,41.065799,-999,DMA80,47.1,-999,0.114694,-999,-999,-999,NA,SJ,0,0
Lakselv,Fennoscandia,NORWAY,LADF62.5,2016-09-01,Stockholm_University,Sofi_Jonsson,sofi.jonsson@aces.su.se,Tarbier_2021,70.119162,24.996483,NA,NA,Sphagnum,10,12,10.8,-999,-999,84,C/N_analysis,40.996619,-999,DMA80,44.82,-999,0.109326,-999,-999,-999,NA,SJ,0,0
Lakselv,Fennoscandia,NORWAY,LADF72.5,2016-09-01,Stockholm_University,Sofi_Jonsson,sofi.jonsson@aces.su.se,Tarbier_2021,70.119162,24.996483,NA,NA,Sphagnum,20,22,20.8,-999,-999,79,C/N_analysis,41.136958,-999,DMA80,64.13,-999,0.155894,-999,-999,-999,NA,SJ,0,0
Lakselv,Fennoscandia,NORWAY,LADF82.5,2016-09-01,Stockholm_University,Sofi_Jonsson,sofi.jonsson@aces.su.se,Tarbier_2021,70.119162,24.996483,NA,NA,Sphagnum,30,32,30.8,-999,-999,70,C/N_analysis,37.582781,-999,DMA80,52.53,-999,0.139771,-999,-999,-999,NA,SJ,0,0
Lakselv,Fennoscandia,NORWAY,LADF92.5,2016-09-01,Stockholm_University,Sofi_Jonsson,sofi.jonsson@aces.su.se,Tarbier_2021,70.119162,24.996483,NA,NA,Sphagnum,40,42,40.8,-999,-999,72,C/N_analysis,38.078064,-999,DMA80,55.24,-999,0.14507,-999,-999,-999,NA,SJ,0,0
Lakselv,Fennoscandia,NORWAY,LADF102.5,2016-09-01,Stockholm_University,Sofi_Jonsson,sofi.jonsson@aces.su.se,Tarbier_2021,70.119162,24.996483,NA,NA,Sphagnum,50,52,50.8,-999,-999,68,C/N_analysis,36.712805,-999,DMA80,55.46,-999,0.151064,-999,-999,-999,NA,SJ,0,0
Lakselv,Fennoscandia,NORWAY,LADF112.5,2016-09-01,Stockholm_University,Sofi_Jonsson,sofi.jonsson@aces.su.se,Tarbier_2021,70.119162,24.996483,NA,NA,Sphagnum,60,62,60.8,-999,-999,66,C/N_analysis,36.151846,-999,DMA80,55.3,-999,0.152966,-999,-999,-999,NA,SJ,0,0
Lakselv,Fennoscandia,NORWAY,LADF122.5,2016-09-01,Stockholm_University,Sofi_Jonsson,sofi.jonsson@aces.su.se,Tarbier_2021,70.119162,24.996483,NA,NA,Sphagnum,70,72,70.8,-999,-999,61,C/N_analysis,33.996468,-999,DMA80,49.37,-999,0.145221,-999,-999,-999,NA,SJ,0,0
Lakselv,Fennoscandia,NORWAY,LADF132.5,2016-09-01,Stockholm_University,Sofi_Jonsson,sofi.jonsson@aces.su.se,Tarbier_2021,70.119162,24.996483,NA,NA,Sphagnum,80,82,80.8,-999,-999,67,C/N_analysis,37.255059,-999,DMA80,56.79,-999,0.152436,-999,-999,-999,NA,SJ,0,0
Lakselv,Fennoscandia,NORWAY,LADF142.5,2016-09-01,Stockholm_University,Sofi_Jonsson,sofi.jonsson@aces.su.se,Tarbier_2021,70.119162,24.996483,NA,NA,Sphagnum,90,92,90.8,-999,-999,47,C/N_analysis,27.252508,-999,DMA80,35.28,-999,0.129456,-999,-999,-999,NA,SJ,0,0
Lakselv,Fennoscandia,NORWAY,LADF152.5,2016-09-01,Stockholm_University,Sofi_Jonsson,sofi.jonsson@aces.su.se,Tarbier_2021,70.119162,24.996483,NA,NA,Sphagnum,100,102,100.8,-999,-999,71,C/N_analysis,37.313442,-999,DMA80,48.79,-999,0.130757,-999,-999,-999,NA,SJ,0,0
Lakselv,Fennoscandia,NORWAY,LADF162.5,2016-09-01,Stockholm_University,Sofi_Jonsson,sofi.jonsson@aces.su.se,Tarbier_2021,70.119162,24.996483,NA,NA,Sphagnum,110,112,110.8,-999,-999,73,C/N_analysis,37.824153,-999,DMA80,44.84,-999,0.118549,-999,-999,-999,NA,SJ,0,0
Lakselv,Fennoscandia,NORWAY,LADF172.5,2016-09-01,Stockholm_University,Sofi_Jonsson,sofi.jonsson@aces.su.se,Tarbier_2021,70.119162,24.996483,NA,NA,Sphagnum,120,122,120.8,-999,-999,67,C/N_analysis,33.238662,-999,DMA80,38.36,-999,0.115408,-999,-999,-999,NA,SJ,0,0
Lakselv,Fennoscandia,NORWAY,LADF182.5,2016-09-01,Stockholm_University,Sofi_Jonsson,sofi.jonsson@aces.su.se,Tarbier_2021,70.119162,24.996483,NA,NA,Sphagnum,130,132,130.8,-999,-999,2,C/N_analysis,0.886045,-999,DMA80,3.15,-999,0.355513,-999,-999,-999,NA,SJ,0,0
Lakselv,Fennoscandia,NORWAY,LADF192.5,2016-09-01,Stockholm_University,Sofi_Jonsson,sofi.jonsson@aces.su.se,Tarbier_2021,70.119162,24.996483,NA,NA,Sphagnum,140,142,140.8,-999,-999,2,C/N_analysis,0.729257,-999,DMA80,3.49,-999,0.478569,-999,-999,-999,NA,SJ,0,0
Lakselv,Fennoscandia,NORWAY,LACF2.5,2016-09-01,Stockholm_University,Sofi_Jonsson,sofi.jonsson@aces.su.se,Tarbier_2021,70.120742,24.99616,NA,NA,Sphagnum,0,3,1.5,-999,-999,93,C/N_analysis,42.035934,-999,DMA80,55.59,-999,0.132244,-999,-999,-999,NA,SJ,0,0
Lakselv,Fennoscandia,NORWAY,LACF12.5,2016-09-01,Stockholm_University,Sofi_Jonsson,sofi.jonsson@aces.su.se,Tarbier_2021,70.120742,24.99616,NA,NA,Sphagnum,3,6,4.3,-999,-999,83,C/N_analysis,44.765445,-999,DMA80,160.91,-999,0.359451,-999,-999,-999,NA,SJ,0,0
Lakselv,Fennoscandia,NORWAY,LACF22.5,2016-09-01,Stockholm_University,Sofi_Jonsson,sofi.jonsson@aces.su.se,Tarbier_2021,70.120742,24.99616,NA,NA,Sphagnum,13,16,14.3,-999,-999,60,C/N_analysis,31.801408,-999,DMA80,91.33,-999,0.287189,-999,-999,-999,NA,SJ,0,0
Lakselv,Fennoscandia,NORWAY,LACF32.5,2016-09-01,Stockholm_University,Sofi_Jonsson,sofi.jonsson@aces.su.se,Tarbier_2021,70.120742,24.99616,NA,NA,Sphagnum,23,26,24.3,-999,-999,72,C/N_analysis,37.783834,-999,DMA80,86.65,-999,0.229331,-999,-999,-999,NA,SJ,0,0
Lakselv,Fennoscandia,NORWAY,LACF42.5,2016-09-01,Stockholm_University,Sofi_Jonsson,sofi.jonsson@aces.su.se,Tarbier_2021,70.120742,24.99616,NA,NA,Sphagnum,33,36,34.3,-999,-999,77,C/N_analysis,41.949869,-999,DMA80,86.43,-999,0.206032,-999,-999,-999,NA,SJ,0,0
Lakselv,Fennoscandia,NORWAY,LACF52.5,2016-09-01,Stockholm_University,Sofi_Jonsson,sofi.jonsson@aces.su.se,Tarbier_2021,70.120742,24.99616,NA,NA,Sphagnum,43,46,44.3,-999,-999,75,C/N_analysis,40.367866,-999,DMA80,85.75,-999,0.212421,-999,-999,-999,NA,SJ,0,0
Lakselv,Fennoscandia,NORWAY,LACF62.5,2016-09-01,Stockholm_University,Sofi_Jonsson,sofi.jonsson@aces.su.se,Tarbier_2021,70.120742,24.99616,NA,NA,Sphagnum,53,56,54.3,-999,-999,79,C/N_analysis,42.423187,-999,DMA80,68.68,-999,0.161893,-999,-999,-999,NA,SJ,0,0
Lakselv,Fennoscandia,NORWAY,LACF72.5,2016-09-01,Stockholm_University,Sofi_Jonsson,sofi.jonsson@aces.su.se,Tarbier_2021,70.120742,24.99616,NA,NA,Sphagnum,63,66,64.3,-999,-999,75,C/N_analysis,41.737024,-999,DMA80,82.11,-999,0.196732,-999,-999,-999,NA,SJ,0,0
Lakselv,Fennoscandia,NORWAY,LACF82.5,2016-09-01,Stockholm_University,Sofi_Jonsson,sofi.jonsson@aces.su.se,Tarbier_2021,70.120742,24.99616,NA,NA,Sphagnum,73,76,74.3,-999,-999,66,C/N_analysis,34.856685,-999,DMA80,57.17,-999,0.164014,-999,-999,-999,NA,SJ,0,0
Lakselv,Fennoscandia,NORWAY,LACF92.5,2016-09-01,Stockholm_University,Sofi_Jonsson,sofi.jonsson@aces.su.se,Tarbier_2021,70.120742,24.99616,NA,NA,Sphagnum,83,86,84.3,-999,-999,42,C/N_analysis,22.942817,-999,DMA80,36.36,-999,0.158481,-999,-999,-999,NA,SJ,0,0
Lakselv,Fennoscandia,NORWAY,LAPf2.5,2016-09-01,Stockholm_University,Sofi_Jonsson,sofi.jonsson@aces.su.se,Tarbier_2021,70.120833,24.996389,NA,NA,NA,2,5,3.8,-999,-999,95,C/N_analysis,45.31157,-999,DMA80,150.75,-999,0.288987,-999,-999,-999,NA,SJ,0,0
Lakselv,Fennoscandia,NORWAY,LAPf12.5,2016-09-01,Stockholm_University,Sofi_Jonsson,sofi.jonsson@aces.su.se,Tarbier_2021,70.120833,24.996389,NA,NA,NA,12,15,13.8,-999,-999,60,C/N_analysis,33.834804,-999,DMA80,86.12,-999,0.248578,-999,-999,-999,NA,SJ,0,0
Lakselv,Fennoscandia,NORWAY,LAPf22.5,2016-09-01,Stockholm_University,Sofi_Jonsson,sofi.jonsson@aces.su.se,Tarbier_2021,70.120833,24.996389,NA,NA,NA,22,25,23.8,-999,-999,77,C/N_analysis,41.587832,-999,DMA80,53.2,-999,0.124145,-999,-999,-999,NA,SJ,0,0
Lakselv,Fennoscandia,NORWAY,LAPf32.5,2016-09-01,Stockholm_University,Sofi_Jonsson,sofi.jonsson@aces.su.se,Tarbier_2021,70.120833,24.996389,NA,NA,NA,32,35,33.8,-999,-999,76,C/N_analysis,41.234376,-999,DMA80,57.67,-999,0.131712,-999,-999,-999,NA,SJ,0,0
Lakselv,Fennoscandia,NORWAY,LAPf42.5,2016-09-01,Stockholm_University,Sofi_Jonsson,sofi.jonsson@aces.su.se,Tarbier_2021,70.120833,24.996389,NA,NA,NA,42,45,43.8,-999,-999,59,C/N_analysis,33.154841,-999,DMA80,45.99,-999,0.143908,-999,-999,-999,NA,SJ,0,0
Lakselv,Fennoscandia,NORWAY,LAPf52.5,2016-09-01,Stockholm_University,Sofi_Jonsson,sofi.jonsson@aces.su.se,Tarbier_2021,70.120833,24.996389,NA,NA,NA,52,55,53.8,-999,-999,62,C/N_analysis,34.803106,-999,DMA80,53.84,-999,0.176259,-999,-999,-999,NA,SJ,0,0
Lakselv,Fennoscandia,NORWAY,LAPf65,2016-09-01,Stockholm_University,Sofi_Jonsson,sofi.jonsson@aces.su.se,Tarbier_2021,70.120833,24.996389,NA,NA,NA,65,68,66.3,-999,-999,68,C/N_analysis,37.811267,-999,DMA80,32.68,-999,0.10682,-999,-999,-999,NA,SJ,0,0
Lakselv,Fennoscandia,NORWAY,LAPf70,2016-09-01,Stockholm_University,Sofi_Jonsson,sofi.jonsson@aces.su.se,Tarbier_2021,70.120833,24.996389,NA,NA,NA,70,72,71.3,-999,-999,57,C/N_analysis,32.367834,-999,DMA80,32.04,-999,0.112851,-999,-999,-999,NA,SJ,0,0
Lakselv,Fennoscandia,NORWAY,LAPf85,2016-09-01,Stockholm_University,Sofi_Jonsson,sofi.jonsson@aces.su.se,Tarbier_2021,70.120833,24.996389,NA,NA,NA,85,88,86.3,-999,-999,1,C/N_analysis,0.792652,-999,DMA80,2.57,-999,0.322455,-999,-999,-999,NA,SJ,0,0
Lakselv,Fennoscandia,NORWAY,LAPf92.5,2016-09-01,Stockholm_University,Sofi_Jonsson,sofi.jonsson@aces.su.se,Tarbier_2021,70.120833,24.996389,NA,NA,NA,92,95,93.8,-999,-999,1,C/N_analysis,0.823775,-999,DMA80,2.03,-999,0.299098,-999,-999,-999,NA,SJ,0,0
Lakselv,Fennoscandia,NORWAY,LAPf102.5,2016-09-01,Stockholm_University,Sofi_Jonsson,sofi.jonsson@aces.su.se,Tarbier_2021,70.120833,24.996389,NA,NA,NA,102,105,103.8,-999,-999,1,C/N_analysis,0.545825,-999,DMA80,1.01,-999,0.331586,-999,-999,-999,NA,SJ,0,0
Lakselv,Fennoscandia,NORWAY,LAPf112.5,2016-09-01,Stockholm_University,Sofi_Jonsson,sofi.jonsson@aces.su.se,Tarbier_2021,70.120833,24.996389,NA,NA,NA,112,115,113.8,-999,-999,1,C/N_analysis,0.535649,-999,DMA80,2.55,-999,1.048041,-999,-999,-999,NA,SJ,0,0
Suossjavri,Fennoscandia,NORWAY,SUPf2.5,2016-09-01,Stockholm_University,Sofi_Jonsson,sofi.jonsson@aces.su.se,Tarbier_2021,69.383889,24.2575,NA,NA,NA,2,5,3.8,-999,-999,99,C/N_analysis,45.274088,-999,DMA80,185.9,-999,0.383082,-999,-999,-999,NA,SJ,0,0
Suossjavri,Fennoscandia,NORWAY,SUPf12.5,2016-09-01,Stockholm_University,Sofi_Jonsson,sofi.jonsson@aces.su.se,Tarbier_2021,69.383889,24.2575,NA,NA,NA,12,15,13.8,-999,-999,95,C/N_analysis,45.310269,-999,DMA80,82.55,-999,0.169654,-999,-999,-999,NA,SJ,0,0
Suossjavri,Fennoscandia,NORWAY,SUPf22.5,2016-09-01,Stockholm_University,Sofi_Jonsson,sofi.jonsson@aces.su.se,Tarbier_2021,69.383889,24.2575,NA,NA,NA,22,25,23.8,-999,-999,93,C/N_analysis,45.232273,-999,DMA80,60.62,-999,0.122959,-999,-999,-999,NA,SJ,0,0
Suossjavri,Fennoscandia,NORWAY,SUPf32.5,2016-09-01,Stockholm_University,Sofi_Jonsson,sofi.jonsson@aces.su.se,Tarbier_2021,69.383889,24.2575,NA,NA,NA,32,35,33.8,-999,-999,96,C/N_analysis,45.335673,-999,DMA80,73.23,-999,0.144249,-999,-999,-999,NA,SJ,0,0
Suossjavri,Fennoscandia,NORWAY,SUPf42.5,2016-09-01,Stockholm_University,Sofi_Jonsson,sofi.jonsson@aces.su.se,Tarbier_2021,69.383889,24.2575,NA,NA,NA,42,45,43.8,-999,-999,96,C/N_analysis,45.334713,-999,DMA80,56.79,-999,0.112554,-999,-999,-999,NA,SJ,0,0
Suossjavri,Fennoscandia,NORWAY,SUPf52.5,2016-09-01,Stockholm_University,Sofi_Jonsson,sofi.jonsson@aces.su.se,Tarbier_2021,69.383889,24.2575,NA,NA,NA,52,55,53.8,-999,-999,96,C/N_analysis,45.331935,-999,DMA80,55.06,-999,0.10944,-999,-999,-999,NA,SJ,0,0
Suossjavri,Fennoscandia,NORWAY,SUPf62.5,2016-09-01,Stockholm_University,Sofi_Jonsson,sofi.jonsson@aces.su.se,Tarbier_2021,69.383889,24.2575,NA,NA,NA,62,65,63.8,-999,-999,95,C/N_analysis,45.320384,-999,DMA80,45.17,-999,0.091551,-999,-999,-999,NA,SJ,0,0
Suossjavri,Fennoscandia,NORWAY,SUPf72.5,2016-09-01,Stockholm_University,Sofi_Jonsson,sofi.jonsson@aces.su.se,Tarbier_2021,69.383889,24.2575,NA,NA,NA,72,75,73.8,-999,-999,91,C/N_analysis,45.067335,-999,DMA80,47.22,-999,0.098329,-999,-999,-999,NA,SJ,0,0
Suossjavri,Fennoscandia,NORWAY,SUPf82.5,2016-09-01,Stockholm_University,Sofi_Jonsson,sofi.jonsson@aces.su.se,Tarbier_2021,69.383889,24.2575,NA,NA,NA,82,85,83.8,-999,-999,94,C/N_analysis,45.258989,-999,DMA80,39.22,-999,0.081762,-999,-999,-999,NA,SJ,0,0
Suossjavri,Fennoscandia,NORWAY,SUPf92.5,2016-09-01,Stockholm_University,Sofi_Jonsson,sofi.jonsson@aces.su.se,Tarbier_2021,69.383889,24.2575,NA,NA,NA,92,95,93.8,-999,-999,91,C/N_analysis,45.068299,-999,DMA80,27.99,-999,0.059818,-999,-999,-999,NA,SJ,0,0
Suossjavri,Fennoscandia,NORWAY,SUPf102.5,2016-09-01,Stockholm_University,Sofi_Jonsson,sofi.jonsson@aces.su.se,Tarbier_2021,69.383889,24.2575,NA,NA,NA,102,105,103.8,-999,-999,78,C/N_analysis,42.084378,-999,DMA80,29.46,-999,0.07545,-999,-999,-999,NA,SJ,0,0
Suossjavri,Fennoscandia,NORWAY,SUPf112.5,2016-09-01,Stockholm_University,Sofi_Jonsson,sofi.jonsson@aces.su.se,Tarbier_2021,69.383889,24.2575,NA,NA,NA,112,115,113.8,-999,-999,90,C/N_analysis,44.958037,-999,DMA80,19.18,-999,0.043292,-999,-999,-999,NA,SJ,0,0
Suossjavri,Fennoscandia,NORWAY,SUPf122.5,2016-09-01,Stockholm_University,Sofi_Jonsson,sofi.jonsson@aces.su.se,Tarbier_2021,69.383889,24.2575,NA,NA,NA,122,125,123.8,-999,-999,90,C/N_analysis,44.901393,-999,DMA80,23.28,-999,0.051588,-999,-999,-999,NA,SJ,0,0
Suossjavri,Fennoscandia,NORWAY,SUPf132.5,2016-09-01,Stockholm_University,Sofi_Jonsson,sofi.jonsson@aces.su.se,Tarbier_2021,69.383889,24.2575,NA,NA,NA,132,135,133.8,-999,-999,93,C/N_analysis,45.218653,-999,DMA80,21.52,-999,0.044597,-999,-999,-999,NA,SJ,0,0
Suossjavri,Fennoscandia,NORWAY,SUPf142.5,2016-09-01,Stockholm_University,Sofi_Jonsson,sofi.jonsson@aces.su.se,Tarbier_2021,69.383889,24.2575,NA,NA,NA,142,145,143.8,-999,-999,91,C/N_analysis,45.02736,-999,DMA80,24.71,-999,0.0543,-999,-999,-999,NA,SJ,0,0
Suossjavri,Fennoscandia,NORWAY,SUPf152.5,2016-09-01,Stockholm_University,Sofi_Jonsson,sofi.jonsson@aces.su.se,Tarbier_2021,69.383889,24.2575,NA,NA,NA,152,155,153.8,-999,-999,90,C/N_analysis,44.962793,-999,DMA80,22.17,-999,0.050663,-999,-999,-999,NA,SJ,0,0
Suossjavri,Fennoscandia,NORWAY,SUPf162.5,2016-09-01,Stockholm_University,Sofi_Jonsson,sofi.jonsson@aces.su.se,Tarbier_2021,69.383889,24.2575,NA,NA,NA,162,165,163.8,-999,-999,93,C/N_analysis,45.209002,-999,DMA80,23.13,-999,0.050478,-999,-999,-999,NA,SJ,0,0
Suossjavri,Fennoscandia,NORWAY,SUPf172.5,2016-09-01,Stockholm_University,Sofi_Jonsson,sofi.jonsson@aces.su.se,Tarbier_2021,69.383889,24.2575,NA,NA,NA,172,175,173.8,-999,-999,92,C/N_analysis,45.096725,-999,DMA80,18.32,-999,0.04237,-999,-999,-999,NA,SJ,0,0
Suossjavri,Fennoscandia,NORWAY,SUPf182.5,2016-09-01,Stockholm_University,Sofi_Jonsson,sofi.jonsson@aces.su.se,Tarbier_2021,69.383889,24.2575,NA,NA,NA,182,185,183.8,-999,-999,79,C/N_analysis,42.44803,-999,DMA80,14.53,-999,0.038078,-999,-999,-999,NA,SJ,0,0
Suossjavri,Fennoscandia,NORWAY,SUPf192.5,2016-09-01,Stockholm_University,Sofi_Jonsson,sofi.jonsson@aces.su.se,Tarbier_2021,69.383889,24.2575,NA,NA,NA,192,195,193.8,-999,-999,87,C/N_analysis,44.412491,-999,DMA80,12.63,-999,0.030656,-999,-999,-999,NA,SJ,0,0
Suossjavri,Fennoscandia,NORWAY,SUPf202.5,2016-09-01,Stockholm_University,Sofi_Jonsson,sofi.jonsson@aces.su.se,Tarbier_2021,69.383889,24.2575,NA,NA,NA,202,205,203.8,-999,-999,77,C/N_analysis,41.806508,-999,DMA80,14.57,-999,0.039325,-999,-999,-999,NA,SJ,0,0
Suossjavri,Fennoscandia,NORWAY,SUPf212.5,2016-09-01,Stockholm_University,Sofi_Jonsson,sofi.jonsson@aces.su.se,Tarbier_2021,69.383889,24.2575,NA,NA,NA,212,215,213.8,-999,-999,61,C/N_analysis,34.681621,-999,DMA80,15.36,-999,0.051615,-999,-999,-999,NA,SJ,0,0
Suossjavri,Fennoscandia,NORWAY,SUPf222.5,2016-09-01,Stockholm_University,Sofi_Jonsson,sofi.jonsson@aces.su.se,Tarbier_2021,69.383889,24.2575,NA,NA,NA,222,225,223.8,-999,-999,77,C/N_analysis,41.558371,-999,DMA80,13.44,-999,0.034649,-999,-999,-999,NA,SJ,0,0
Suossjavri,Fennoscandia,NORWAY,SUPf232.5,2016-09-01,Stockholm_University,Sofi_Jonsson,sofi.jonsson@aces.su.se,Tarbier_2021,69.383889,24.2575,NA,NA,NA,232,235,233.8,-999,-999,1,C/N_analysis,0.501297,-999,DMA80,1.05,-999,0.292604,-999,-999,-999,NA,SJ,0,0
Suossjavri,Fennoscandia,NORWAY,SUDF0,2016-09-01,Stockholm_University,Sofi_Jonsson,sofi.jonsson@aces.su.se,Tarbier_2021,69.38402,24.253546,NA,NA,Sphagnum,0,3,1.5,-999,-999,94,C/N_analysis,40.410605,-999,DMA80,19.81,-999,0.049022,-999,-999,-999,NA,SJ,0,0
Suossjavri,Fennoscandia,NORWAY,SUDF45,2016-09-01,Stockholm_University,Sofi_Jonsson,sofi.jonsson@aces.su.se,Tarbier_2021,69.38402,24.253546,NA,NA,Sphagnum,0,5,2.5,-999,-999,96,C/N_analysis,44.913943,-999,DMA80,32.82,-999,0.073073,-999,-999,-999,NA,SJ,0,0
Suossjavri,Fennoscandia,NORWAY,SUDF52.5,2016-09-01,Stockholm_University,Sofi_Jonsson,sofi.jonsson@aces.su.se,Tarbier_2021,69.38402,24.253546,NA,NA,Sphagnum,8,10,8.8,-999,-999,94,C/N_analysis,46.528567,-999,DMA80,49.82,-999,0.107074,-999,-999,-999,NA,SJ,0,0
Suossjavri,Fennoscandia,NORWAY,SUDF62.5,2016-09-01,Stockholm_University,Sofi_Jonsson,sofi.jonsson@aces.su.se,Tarbier_2021,69.38402,24.253546,NA,NA,Sphagnum,18,20,18.8,-999,-999,95,C/N_analysis,46.023577,-999,DMA80,32.65,-999,0.070942,-999,-999,-999,NA,SJ,0,0
Suossjavri,Fennoscandia,NORWAY,SUDF72.5,2016-09-01,Stockholm_University,Sofi_Jonsson,sofi.jonsson@aces.su.se,Tarbier_2021,69.38402,24.253546,NA,NA,Sphagnum,28,30,28.8,-999,-999,95,C/N_analysis,46.863979,-999,DMA80,40.82,-999,0.087103,-999,-999,-999,NA,SJ,0,0
Suossjavri,Fennoscandia,NORWAY,SUDF82.5,2016-09-01,Stockholm_University,Sofi_Jonsson,sofi.jonsson@aces.su.se,Tarbier_2021,69.38402,24.253546,NA,NA,Sphagnum,38,40,38.8,-999,-999,95,C/N_analysis,48.464682,-999,DMA80,54.74,-999,0.112948,-999,-999,-999,NA,SJ,0,0
Suossjavri,Fennoscandia,NORWAY,SUDF92.5,2016-09-01,Stockholm_University,Sofi_Jonsson,sofi.jonsson@aces.su.se,Tarbier_2021,69.38402,24.253546,NA,NA,Sphagnum,48,50,48.8,-999,-999,95,C/N_analysis,48.494765,-999,DMA80,57.86,-999,0.119312,-999,-999,-999,NA,SJ,0,0
Suossjavri,Fennoscandia,NORWAY,SUDF102.5,2016-09-01,Stockholm_University,Sofi_Jonsson,sofi.jonsson@aces.su.se,Tarbier_2021,69.38402,24.253546,NA,NA,Sphagnum,58,60,58.8,-999,-999,95,C/N_analysis,48.52996,-999,DMA80,43.34,-999,0.089306,-999,-999,-999,NA,SJ,0,0
Suossjavri,Fennoscandia,NORWAY,SUDF112.5,2016-09-01,Stockholm_University,Sofi_Jonsson,sofi.jonsson@aces.su.se,Tarbier_2021,69.38402,24.253546,NA,NA,Sphagnum,68,70,68.8,-999,-999,94,C/N_analysis,48.139391,-999,DMA80,53.93,-999,0.112029,-999,-999,-999,NA,SJ,0,0
Suossjavri,Fennoscandia,NORWAY,SUDF122.5,2016-09-01,Stockholm_University,Sofi_Jonsson,sofi.jonsson@aces.su.se,Tarbier_2021,69.38402,24.253546,NA,NA,Sphagnum,78,80,78.8,-999,-999,94,C/N_analysis,48.273278,-999,DMA80,49.85,-999,0.103266,-999,-999,-999,NA,SJ,0,0
Suossjavri,Fennoscandia,NORWAY,SUDF132.5,2016-09-01,Stockholm_University,Sofi_Jonsson,sofi.jonsson@aces.su.se,Tarbier_2021,69.38402,24.253546,NA,NA,Sphagnum,88,90,88.8,-999,-999,94,C/N_analysis,48.082761,-999,DMA80,50.1,-999,0.104195,-999,-999,-999,NA,SJ,0,0
Suossjavri,Fennoscandia,NORWAY,SUDF142.5,2016-09-01,Stockholm_University,Sofi_Jonsson,sofi.jonsson@aces.su.se,Tarbier_2021,69.38402,24.253546,NA,NA,Sphagnum,98,100,98.8,-999,-999,94,C/N_analysis,48.04155,-999,DMA80,40.21,-999,0.083698,-999,-999,-999,NA,SJ,0,0
Suossjavri,Fennoscandia,NORWAY,SUDF152.5,2016-09-01,Stockholm_University,Sofi_Jonsson,sofi.jonsson@aces.su.se,Tarbier_2021,69.38402,24.253546,NA,NA,Sphagnum,108,110,108.8,-999,-999,95,C/N_analysis,47.170387,-999,DMA80,30.25,-999,0.064129,-999,-999,-999,NA,SJ,0,0
Suossjavri,Fennoscandia,NORWAY,SUDF162.5,2016-09-01,Stockholm_University,Sofi_Jonsson,sofi.jonsson@aces.su.se,Tarbier_2021,69.38402,24.253546,NA,NA,Sphagnum,118,120,118.8,-999,-999,94,C/N_analysis,46.222691,-999,DMA80,25.82,-999,0.05586,-999,-999,-999,NA,SJ,0,0
Suossjavri,Fennoscandia,NORWAY,SUDF172.5,2016-09-01,Stockholm_University,Sofi_Jonsson,sofi.jonsson@aces.su.se,Tarbier_2021,69.38402,24.253546,NA,NA,Sphagnum,128,130,128.8,-999,-999,94,C/N_analysis,49.089207,-999,DMA80,32.6,-999,0.06641,-999,-999,-999,NA,SJ,0,0
Suossjavri,Fennoscandia,NORWAY,SUDF182.5,2016-09-01,Stockholm_University,Sofi_Jonsson,sofi.jonsson@aces.su.se,Tarbier_2021,69.38402,24.253546,NA,NA,Sphagnum,138,140,138.8,-999,-999,94,C/N_analysis,48.086633,-999,DMA80,42.52,-999,0.088424,-999,-999,-999,NA,SJ,0,0
Suossjavri,Fennoscandia,NORWAY,SUCF75,2016-09-01,Stockholm_University,Sofi_Jonsson,sofi.jonsson@aces.su.se,Tarbier_2021,69.384542,24.25536,NA,NA,Sphagnum,0,2,1.3,-999,-999,98,C/N_analysis,49.378605,-999,DMA80,210.81,-999,0.426926,-999,-999,-999,NA,SJ,0,0
Suossjavri,Fennoscandia,NORWAY,SUCF82.5,2016-09-01,Stockholm_University,Sofi_Jonsson,sofi.jonsson@aces.su.se,Tarbier_2021,69.384542,24.25536,NA,NA,Sphagnum,8,10,8.8,-999,-999,95,C/N_analysis,49.557514,-999,DMA80,108.18,-999,0.218292,-999,-999,-999,NA,SJ,0,0
Suossjavri,Fennoscandia,NORWAY,SUCF92.5,2016-09-01,Stockholm_University,Sofi_Jonsson,sofi.jonsson@aces.su.se,Tarbier_2021,69.384542,24.25536,NA,NA,Sphagnum,18,20,18.8,-999,-999,96,C/N_analysis,49.239138,-999,DMA80,73.47,-999,0.149211,-999,-999,-999,NA,SJ,0,0
Suossjavri,Fennoscandia,NORWAY,SUCF102.5,2016-09-01,Stockholm_University,Sofi_Jonsson,sofi.jonsson@aces.su.se,Tarbier_2021,69.384542,24.25536,NA,NA,Sphagnum,28,30,28.8,-999,-999,95,C/N_analysis,47.198291,-999,DMA80,47.98,-999,0.101656,-999,-999,-999,NA,SJ,0,0
Suossjavri,Fennoscandia,NORWAY,SUCF112.5,2016-09-01,Stockholm_University,Sofi_Jonsson,sofi.jonsson@aces.su.se,Tarbier_2021,69.384542,24.25536,NA,NA,Sphagnum,38,40,38.8,-999,-999,93,C/N_analysis,46.206275,-999,DMA80,50.72,-999,0.109769,-999,-999,-999,NA,SJ,0,0
Suossjavri,Fennoscandia,NORWAY,SUCF122.5,2016-09-01,Stockholm_University,Sofi_Jonsson,sofi.jonsson@aces.su.se,Tarbier_2021,69.384542,24.25536,NA,NA,Sphagnum,48,50,48.8,-999,-999,93,C/N_analysis,45.052301,-999,DMA80,34.33,-999,0.0762,-999,-999,-999,NA,SJ,0,0
Suossjavri,Fennoscandia,NORWAY,SUCF132.5,2016-09-01,Stockholm_University,Sofi_Jonsson,sofi.jonsson@aces.su.se,Tarbier_2021,69.384542,24.25536,NA,NA,Sphagnum,58,60,58.8,-999,-999,91,C/N_analysis,43.92364,-999,DMA80,30.89,-999,0.070327,-999,-999,-999,NA,SJ,0,0
Suossjavri,Fennoscandia,NORWAY,SUCF142.5,2016-09-01,Stockholm_University,Sofi_Jonsson,sofi.jonsson@aces.su.se,Tarbier_2021,69.384542,24.25536,NA,NA,Sphagnum,68,70,68.8,-999,-999,95,C/N_analysis,45.771619,-999,DMA80,28.04,-999,0.061261,-999,-999,-999,NA,SJ,0,0
Suossjavri,Fennoscandia,NORWAY,SUCF152.5,2016-09-01,Stockholm_University,Sofi_Jonsson,sofi.jonsson@aces.su.se,Tarbier_2021,69.384542,24.25536,NA,NA,Sphagnum,78,80,78.8,-999,-999,95,C/N_analysis,45.875444,-999,DMA80,28.21,-999,0.061493,-999,-999,-999,NA,SJ,0,0
Suossjavri,Fennoscandia,NORWAY,SUCF162.5,2016-09-01,Stockholm_University,Sofi_Jonsson,sofi.jonsson@aces.su.se,Tarbier_2021,69.384542,24.25536,NA,NA,Sphagnum,88,90,88.8,-999,-999,94,C/N_analysis,47.026236,-999,DMA80,65.75,-999,0.139816,-999,-999,-999,NA,SJ,0,0
Suossjavri,Fennoscandia,NORWAY,SUCF170,2016-09-01,Stockholm_University,Sofi_Jonsson,sofi.jonsson@aces.su.se,Tarbier_2021,69.384542,24.25536,NA,NA,Sphagnum,95,98,96.3,-999,-999,93,C/N_analysis,45.125307,-999,DMA80,20.32,-999,0.04503,-999,-999,-999,NA,SJ,0,0
Suossjavri,Fennoscandia,NORWAY,SUCF185,2016-09-01,Stockholm_University,Sofi_Jonsson,sofi.jonsson@aces.su.se,Tarbier_2021,69.384542,24.25536,NA,NA,Sphagnum,110,112,111.3,-999,-999,93,C/N_analysis,44.166308,-999,DMA80,28.95,-999,0.065548,-999,-999,-999,NA,SJ,0,0
Suossjavri,Fennoscandia,NORWAY,SUCF192.5,2016-09-01,Stockholm_University,Sofi_Jonsson,sofi.jonsson@aces.su.se,Tarbier_2021,69.384542,24.25536,NA,NA,Sphagnum,118,120,118.8,-999,-999,91,C/N_analysis,43.230119,-999,DMA80,25.4,-999,0.058755,-999,-999,-999,NA,SJ,0,0
Suossjavri,Fennoscandia,NORWAY,SUCF202.5,2016-09-01,Stockholm_University,Sofi_Jonsson,sofi.jonsson@aces.su.se,Tarbier_2021,69.384542,24.25536,NA,NA,Sphagnum,128,130,128.8,-999,-999,84,C/N_analysis,42.004268,-999,DMA80,36.58,-999,0.087086,-999,-999,-999,NA,SJ,0,0
Suossjavri,Fennoscandia,NORWAY,SUCF210,2016-09-01,Stockholm_University,Sofi_Jonsson,sofi.jonsson@aces.su.se,Tarbier_2021,69.384542,24.25536,NA,NA,Sphagnum,135,138,136.3,-999,-999,4,C/N_analysis,2.20417,-999,DMA80,2.76,-999,0.125217,-999,-999,-999,NA,SJ,0,0
LUT-B1,Lutotse,CANADA,0-2,2021-07-27,University_of_Alberta,Lauren_Thompson,lauren.thompson@ualberta.ca,Thompson_2022,59.484916,-117.176788,NA,NA,Sphagnum,0,2,1,-999,-999,-999,C/N_analysis,43.846406,-999,ICP-MS,67.88,-999,0.154813,-999,-999,-999,NA,LT,0,0
LUT-B1,Lutotse,CANADA,4-Feb,2021-07-27,University_of_Alberta,Lauren_Thompson,lauren.thompson@ualberta.ca,Thompson_2022,59.484916,-117.176788,NA,NA,Sphagnum,2,4,3,-999,-999,-999,C/N_analysis,44.36646,-999,ICP-MS,67.87,-999,0.152976,-999,-999,-999,NA,LT,0,0
LUT-B1,Lutotse,CANADA,6-Apr,2021-07-27,University_of_Alberta,Lauren_Thompson,lauren.thompson@ualberta.ca,Thompson_2022,59.484916,-117.176788,NA,NA,Sphagnum,4,6,5,-999,-999,-999,C/N_analysis,44.014937,-999,ICP-MS,49.23,-999,0.111848,-999,-999,-999,NA,LT,0,0
LUT-B1,Lutotse,CANADA,8-Jun,2021-07-27,University_of_Alberta,Lauren_Thompson,lauren.thompson@ualberta.ca,Thompson_2022,59.484916,-117.176788,NA,NA,Sphagnum,6,8,7,-999,-999,-999,C/N_analysis,44.553274,-999,ICP-MS,43.67,-999,0.098017,-999,-999,-999,NA,LT,0,0
LUT-B1,Lutotse,CANADA,10-Aug,2021-07-27,University_of_Alberta,Lauren_Thompson,lauren.thompson@ualberta.ca,Thompson_2022,59.484916,-117.176788,NA,NA,Sphagnum,8,10,9,-999,-999,-999,C/N_analysis,44.724453,-999,ICP-MS,48.68,-999,0.108844,-999,-999,-999,NA,LT,0,0
LUT-B1,Lutotse,CANADA,12-Oct,2021-07-27,University_of_Alberta,Lauren_Thompson,lauren.thompson@ualberta.ca,Thompson_2022,59.484916,-117.176788,NA,NA,Sphagnum,10,12,11,-999,-999,-999,C/N_analysis,44.974069,-999,ICP-MS,51.06,-999,0.113532,-999,-999,-999,NA,LT,0,0
LUT-F1,Lutotse,CANADA,0-2,2021-07-28,University_of_Alberta,Lauren_Thompson,lauren.thompson@ualberta.ca,Thompson_2022,59.484135,-117.174719,NA,NA,Sedge_and_moss,0,2,1,-999,-999,-999,C/N_analysis,42.5961,-999,ICP-MS,92.09,-999,0.216194,-999,-999,-999,NA,LT,0,0
LUT-F1,Lutotse,CANADA,4-Feb,2021-07-28,University_of_Alberta,Lauren_Thompson,lauren.thompson@ualberta.ca,Thompson_2022,59.484135,-117.174719,NA,NA,Sedge_and_moss,2,4,3,-999,-999,-999,C/N_analysis,43.580827,-999,ICP-MS,79.77,-999,0.183039,-999,-999,-999,NA,LT,0,0
LUT-F1,Lutotse,CANADA,6-Apr,2021-07-28,University_of_Alberta,Lauren_Thompson,lauren.thompson@ualberta.ca,Thompson_2022,59.484135,-117.174719,NA,NA,Sedge_and_moss,4,6,5,-999,-999,-999,C/N_analysis,44.568366,-999,ICP-MS,82.99,-999,0.186208,-999,-999,-999,NA,LT,0,0
LUT-F1,Lutotse,CANADA,8-Jun,2021-07-28,University_of_Alberta,Lauren_Thompson,lauren.thompson@ualberta.ca,Thompson_2022,59.484135,-117.174719,NA,NA,Sedge_and_moss,6,8,7,-999,-999,-999,C/N_analysis,45.32236,-999,ICP-MS,72.9,-999,0.160848,-999,-999,-999,NA,LT,0,0
LUT-F1,Lutotse,CANADA,10-Aug,2021-07-28,University_of_Alberta,Lauren_Thompson,lauren.thompson@ualberta.ca,Thompson_2022,59.484135,-117.174719,NA,NA,Sedge_and_moss,8,10,9,-999,-999,-999,C/N_analysis,44.329664,-999,ICP-MS,85.35,-999,0.192535,-999,-999,-999,NA,LT,0,0
LUT-F1,Lutotse,CANADA,12-Oct,2021-07-28,University_of_Alberta,Lauren_Thompson,lauren.thompson@ualberta.ca,Thompson_2022,59.484135,-117.174719,NA,NA,Sedge_and_moss,10,12,11,-999,-999,-999,C/N_analysis,44.559943,-999,ICP-MS,63.61,-999,0.142752,-999,-999,-999,NA,LT,0,0
LUT-F2,Lutotse,CANADA,0-2,2021-07-30,University_of_Alberta,Lauren_Thompson,lauren.thompson@ualberta.ca,Thompson_2022,59.483095,-117.181162,NA,NA,Sedge_and_moss,0,2,1,-999,-999,-999,C/N_analysis,42.660654,-999,ICP-MS,64.74,-999,0.151756,-999,-999,-999,NA,LT,0,0
LUT-F2,Lutotse,CANADA,4-Feb,2021-07-30,University_of_Alberta,Lauren_Thompson,lauren.thompson@ualberta.ca,Thompson_2022,59.483095,-117.181162,NA,NA,Sedge_and_moss,2,4,3,-999,-999,-999,C/N_analysis,42.446766,-999,ICP-MS,62.06,-999,0.146207,-999,-999,-999,NA,LT,0,0
LUT-F2,Lutotse,CANADA,6-Apr,2021-07-30,University_of_Alberta,Lauren_Thompson,lauren.thompson@ualberta.ca,Thompson_2022,59.483095,-117.181162,NA,NA,Sedge_and_moss,4,6,5,-999,-999,-999,C/N_analysis,44.336505,-999,ICP-MS,70.43,-999,0.158853,-999,-999,-999,NA,LT,0,0
LUT-F2,Lutotse,CANADA,8-Jun,2021-07-30,University_of_Alberta,Lauren_Thompson,lauren.thompson@ualberta.ca,Thompson_2022,59.483095,-117.181162,NA,NA,Sedge_and_moss,6,8,7,-999,-999,-999,C/N_analysis,44.884775,-999,ICP-MS,65.69,-999,0.146353,-999,-999,-999,NA,LT,0,0
LUT-F2,Lutotse,CANADA,10-Aug,2021-07-30,University_of_Alberta,Lauren_Thompson,lauren.thompson@ualberta.ca,Thompson_2022,59.483095,-117.181162,NA,NA,Sedge_and_moss,8,10,9,-999,-999,-999,C/N_analysis,44.607875,-999,ICP-MS,65.67,-999,0.147216,-999,-999,-999,NA,LT,0,0
LUT-F2,Lutotse,CANADA,12-Oct,2021-07-30,University_of_Alberta,Lauren_Thompson,lauren.thompson@ualberta.ca,Thompson_2022,59.483095,-117.181162,NA,NA,Sedge_and_moss,10,12,11,-999,-999,-999,C/N_analysis,44.526956,-999,ICP-MS,65.18,-999,0.146383,-999,-999,-999,NA,LT,0,0
LUT-P1,Lutotse,CANADA,0-2,2021-07-29,University_of_Alberta,Lauren_Thompson,lauren.thompson@ualberta.ca,Thompson_2022,59.484042,-117.176044,NA,NA,Sphagnum_and_lichen,0,2,1,-999,-999,-999,C/N_analysis,50.588106,-999,ICP-MS,137.61,-999,0.27202,-999,-999,-999,NA,LT,0,0
LUT-P1,Lutotse,CANADA,4-Feb,2021-07-29,University_of_Alberta,Lauren_Thompson,lauren.thompson@ualberta.ca,Thompson_2022,59.484042,-117.176044,NA,NA,Sphagnum_and_lichen,2,4,3,-999,-999,-999,C/N_analysis,49.867453,-999,ICP-MS,131.04,-999,0.262777,-999,-999,-999,NA,LT,0,0
LUT-P1,Lutotse,CANADA,6-Apr,2021-07-29,University_of_Alberta,Lauren_Thompson,lauren.thompson@ualberta.ca,Thompson_2022,59.484042,-117.176044,NA,NA,Sphagnum_and_lichen,4,6,5,-999,-999,-999,C/N_analysis,47.227303,-999,ICP-MS,126.96,-999,0.268828,-999,-999,-999,NA,LT,0,0
LUT-P1,Lutotse,CANADA,8-Jun,2021-07-29,University_of_Alberta,Lauren_Thompson,lauren.thompson@ualberta.ca,Thompson_2022,59.484042,-117.176044,NA,NA,Sphagnum_and_lichen,6,8,7,-999,-999,-999,C/N_analysis,45.964112,-999,ICP-MS,131.22,-999,0.285484,-999,-999,-999,NA,LT,0,0
LUT-P1,Lutotse,CANADA,10-Aug,2021-07-29,University_of_Alberta,Lauren_Thompson,lauren.thompson@ualberta.ca,Thompson_2022,59.484042,-117.176044,NA,NA,Sphagnum_and_lichen,8,10,9,-999,-999,-999,C/N_analysis,45.436124,-999,ICP-MS,111.23,-999,0.244805,-999,-999,-999,NA,LT,0,0
LUT-P1,Lutotse,CANADA,12-Oct,2021-07-29,University_of_Alberta,Lauren_Thompson,lauren.thompson@ualberta.ca,Thompson_2022,59.484042,-117.176044,NA,NA,Sphagnum_and_lichen,10,12,11,-999,-999,-999,C/N_analysis,45.930833,-999,ICP-MS,89.98,-999,0.195903,-999,-999,-999,NA,LT,0,0
SCC-B1,Northwest_Territories,CANADA,0-2,2021-07-05,University_of_Alberta,Lauren_Thompson,lauren.thompson@ualberta.ca,Thompson_2022,61.308527,-121.299198,NA,NA,Sphagnum,0,2,1,-999,-999,-999,C/N_analysis,42.651459,-999,ICP-MS,75.81,-999,0.177743,-999,-999,-999,NA,LT,0,0
SCC-B1,Northwest_Territories,CANADA,4-Feb,2021-07-05,University_of_Alberta,Lauren_Thompson,lauren.thompson@ualberta.ca,Thompson_2022,61.308527,-121.299198,NA,NA,Sphagnum,2,4,3,-999,-999,-999,C/N_analysis,42.605705,-999,ICP-MS,65.84,-999,0.154533,-999,-999,-999,NA,LT,0,0
SCC-B1,Northwest_Territories,CANADA,6-Apr,2021-07-05,University_of_Alberta,Lauren_Thompson,lauren.thompson@ualberta.ca,Thompson_2022,61.308527,-121.299198,NA,NA,Sphagnum,4,6,5,-999,-999,-999,C/N_analysis,43.406073,-999,ICP-MS,68.91,-999,0.158757,-999,-999,-999,NA,LT,0,0
SCC-B1,Northwest_Territories,CANADA,8-Jun,2021-07-05,University_of_Alberta,Lauren_Thompson,lauren.thompson@ualberta.ca,Thompson_2022,61.308527,-121.299198,NA,NA,Sphagnum,6,8,7,-999,-999,-999,C/N_analysis,43.532843,-999,ICP-MS,72.31,-999,0.166104,-999,-999,-999,NA,LT,0,0
SCC-B1,Northwest_Territories,CANADA,10-Aug,2021-07-05,University_of_Alberta,Lauren_Thompson,lauren.thompson@ualberta.ca,Thompson_2022,61.308527,-121.299198,NA,NA,Sphagnum,8,10,9,-999,-999,-999,C/N_analysis,43.160329,-999,ICP-MS,62.47,-999,0.144739,-999,-999,-999,NA,LT,0,0
SCC-B1,Northwest_Territories,CANADA,12-Oct,2021-07-05,University_of_Alberta,Lauren_Thompson,lauren.thompson@ualberta.ca,Thompson_2022,61.308527,-121.299198,NA,NA,Sphagnum,10,12,11,-999,-999,-999,C/N_analysis,42.666228,-999,ICP-MS,56.58,-999,0.132611,-999,-999,-999,NA,LT,0,0
SCC-F1,Northwest_Territories,CANADA,0-2,2021-07-07,University_of_Alberta,Lauren_Thompson,lauren.thompson@ualberta.ca,Thompson_2022,61.308745,-121.302439,NA,NA,Sedge_and_moss,0,2,1,-999,-999,-999,C/N_analysis,42.341209,-999,ICP-MS,93.3,-999,0.220353,-999,-999,-999,NA,LT,0,0
SCC-F1,Northwest_Territories,CANADA,4-Feb,2021-07-07,University_of_Alberta,Lauren_Thompson,lauren.thompson@ualberta.ca,Thompson_2022,61.308745,-121.302439,NA,NA,Sedge_and_moss,2,4,3,-999,-999,-999,C/N_analysis,42.629703,-999,ICP-MS,80.22,-999,0.188179,-999,-999,-999,NA,LT,0,0
SCC-F1,Northwest_Territories,CANADA,6-Apr,2021-07-07,University_of_Alberta,Lauren_Thompson,lauren.thompson@ualberta.ca,Thompson_2022,61.308745,-121.302439,NA,NA,Sedge_and_moss,4,6,5,-999,-999,-999,C/N_analysis,43.341254,-999,ICP-MS,77.92,-999,0.179783,-999,-999,-999,NA,LT,0,0
SCC-F1,Northwest_Territories,CANADA,8-Jun,2021-07-07,University_of_Alberta,Lauren_Thompson,lauren.thompson@ualberta.ca,Thompson_2022,61.308745,-121.302439,NA,NA,Sedge_and_moss,6,8,7,-999,-999,-999,C/N_analysis,42.726697,-999,ICP-MS,71.66,-999,0.167717,-999,-999,-999,NA,LT,0,0
SCC-F1,Northwest_Territories,CANADA,10-Aug,2021-07-07,University_of_Alberta,Lauren_Thompson,lauren.thompson@ualberta.ca,Thompson_2022,61.308745,-121.302439,NA,NA,Sedge_and_moss,8,10,9,-999,-999,-999,C/N_analysis,43.217037,-999,ICP-MS,73.84,-999,0.170859,-999,-999,-999,NA,LT,0,0
SCC-F1,Northwest_Territories,CANADA,12-Oct,2021-07-07,University_of_Alberta,Lauren_Thompson,lauren.thompson@ualberta.ca,Thompson_2022,61.308745,-121.302439,NA,NA,Sedge_and_moss,10,12,11,-999,-999,-999,C/N_analysis,43.406628,-999,ICP-MS,61.3,-999,0.141223,-999,-999,-999,NA,LT,0,0
SCC-F2,Northwest_Territories,CANADA,0-2,2021-07-08,University_of_Alberta,Lauren_Thompson,lauren.thompson@ualberta.ca,Thompson_2022,61.301876,-121.298838,NA,NA,Sedge_and_moss,0,2,1,-999,-999,-999,C/N_analysis,41.978625,-999,ICP-MS,56.74,-999,0.135164,-999,-999,-999,NA,LT,0,0
SCC-F2,Northwest_Territories,CANADA,4-Feb,2021-07-08,University_of_Alberta,Lauren_Thompson,lauren.thompson@ualberta.ca,Thompson_2022,61.301876,-121.298838,NA,NA,Sedge_and_moss,2,4,3,-999,-999,-999,C/N_analysis,42.795426,-999,ICP-MS,59.42,-999,0.138847,-999,-999,-999,NA,LT,0,0
SCC-F2,Northwest_Territories,CANADA,6-Apr,2021-07-08,University_of_Alberta,Lauren_Thompson,lauren.thompson@ualberta.ca,Thompson_2022,61.301876,-121.298838,NA,NA,Sedge_and_moss,4,6,5,-999,-999,-999,C/N_analysis,44.024671,-999,ICP-MS,52.16,-999,0.118479,-999,-999,-999,NA,LT,0,0
SCC-F2,Northwest_Territories,CANADA,8-Jun,2021-07-08,University_of_Alberta,Lauren_Thompson,lauren.thompson@ualberta.ca,Thompson_2022,61.301876,-121.298838,NA,NA,Sedge_and_moss,6,8,7,-999,-999,-999,C/N_analysis,45.184742,-999,ICP-MS,64.48,-999,0.142703,-999,-999,-999,NA,LT,0,0
SCC-F2,Northwest_Territories,CANADA,10-Aug,2021-07-08,University_of_Alberta,Lauren_Thompson,lauren.thompson@ualberta.ca,Thompson_2022,61.301876,-121.298838,NA,NA,Sedge_and_moss,8,10,9,-999,-999,-999,C/N_analysis,45.059558,-999,ICP-MS,57.69,-999,0.128031,-999,-999,-999,NA,LT,0,0
SCC-F2,Northwest_Territories,CANADA,12-Oct,2021-07-08,University_of_Alberta,Lauren_Thompson,lauren.thompson@ualberta.ca,Thompson_2022,61.301876,-121.298838,NA,NA,Sedge_and_moss,10,12,11,-999,-999,-999,C/N_analysis,46.083324,-999,ICP-MS,49.82,-999,0.108109,-999,-999,-999,NA,LT,0,0
SCC-P1,Northwest_Territories,CANADA,0-2,2021-07-06,University_of_Alberta,Lauren_Thompson,lauren.thompson@ualberta.ca,Thompson_2022,61.308031,-121.299209,NA,NA,Sphagnum_and_lichen,0,2,1,-999,-999,-999,C/N_analysis,50.183494,-999,ICP-MS,201.25,-999,0.401028,-999,-999,-999,NA,LT,0,0
SCC-P1,Northwest_Territories,CANADA,4-Feb,2021-07-06,University_of_Alberta,Lauren_Thompson,lauren.thompson@ualberta.ca,Thompson_2022,61.308031,-121.299209,NA,NA,Sphagnum_and_lichen,2,4,3,-999,-999,-999,C/N_analysis,50.920131,-999,ICP-MS,217.33,-999,0.426806,-999,-999,-999,NA,LT,0,0
SCC-P1,Northwest_Territories,CANADA,6-Apr,2021-07-06,University_of_Alberta,Lauren_Thompson,lauren.thompson@ualberta.ca,Thompson_2022,61.308031,-121.299209,NA,NA,Sphagnum_and_lichen,4,6,5,-999,-999,-999,C/N_analysis,50.624733,-999,ICP-MS,226.08,-999,0.44658,-999,-999,-999,NA,LT,0,0
SCC-P1,Northwest_Territories,CANADA,8-Jun,2021-07-06,University_of_Alberta,Lauren_Thompson,lauren.thompson@ualberta.ca,Thompson_2022,61.308031,-121.299209,NA,NA,Sphagnum_and_lichen,6,8,7,-999,-999,-999,C/N_analysis,49.546505,-999,ICP-MS,186.77,-999,0.376959,-999,-999,-999,NA,LT,0,0
SCC-P1,Northwest_Territories,CANADA,10-Aug,2021-07-06,University_of_Alberta,Lauren_Thompson,lauren.thompson@ualberta.ca,Thompson_2022,61.308031,-121.299209,NA,NA,Sphagnum_and_lichen,8,10,9,-999,-999,-999,C/N_analysis,50.115703,-999,ICP-MS,167.67,-999,0.334566,-999,-999,-999,NA,LT,0,0
SCC-P1,Northwest_Territories,CANADA,12-Oct,2021-07-06,University_of_Alberta,Lauren_Thompson,lauren.thompson@ualberta.ca,Thompson_2022,61.308031,-121.299209,NA,NA,Sphagnum_and_lichen,10,12,11,-999,-999,-999,C/N_analysis,49.473193,-999,ICP-MS,154.29,-999,0.311866,-999,-999,-999,NA,LT,0,0
SMC-B1,Northwest_Territories,CANADA,0-2,2021-07-15,University_of_Alberta,Lauren_Thompson,lauren.thompson@ualberta.ca,Thompson_2022,63.149672,-123.263675,NA,NA,Sphagnum,0,2,1,-999,-999,-999,C/N_analysis,43.090414,-999,ICP-MS,103.55,-999,0.240309,-999,-999,-999,NA,LT,0,0
SMC-B1,Northwest_Territories,CANADA,4-Feb,2021-07-15,University_of_Alberta,Lauren_Thompson,lauren.thompson@ualberta.ca,Thompson_2022,63.149672,-123.263675,NA,NA,Sphagnum,2,4,3,-999,-999,-999,C/N_analysis,44.058014,-999,ICP-MS,68.22,-999,0.154841,-999,-999,-999,NA,LT,0,0
SMC-B1,Northwest_Territories,CANADA,6-Apr,2021-07-15,University_of_Alberta,Lauren_Thompson,lauren.thompson@ualberta.ca,Thompson_2022,63.149672,-123.263675,NA,NA,Sphagnum,4,6,5,-999,-999,-999,C/N_analysis,44.51822,-999,ICP-MS,93.14,-999,0.209218,-999,-999,-999,NA,LT,0,0
SMC-B1,Northwest_Territories,CANADA,8-Jun,2021-07-15,University_of_Alberta,Lauren_Thompson,lauren.thompson@ualberta.ca,Thompson_2022,63.149672,-123.263675,NA,NA,Sphagnum,6,8,7,-999,-999,-999,C/N_analysis,43.897713,-999,ICP-MS,91.75,-999,0.209009,-999,-999,-999,NA,LT,0,0
SMC-B1,Northwest_Territories,CANADA,10-Aug,2021-07-15,University_of_Alberta,Lauren_Thompson,lauren.thompson@ualberta.ca,Thompson_2022,63.149672,-123.263675,NA,NA,Sphagnum,8,10,9,-999,-999,-999,C/N_analysis,43.292583,-999,ICP-MS,77.93,-999,0.180008,-999,-999,-999,NA,LT,0,0
SMC-B1,Northwest_Territories,CANADA,12-Oct,2021-07-15,University_of_Alberta,Lauren_Thompson,lauren.thompson@ualberta.ca,Thompson_2022,63.149672,-123.263675,NA,NA,Sphagnum,10,12,11,-999,-999,-999,C/N_analysis,43.932197,-999,ICP-MS,70.11,-999,0.159587,-999,-999,-999,NA,LT,0,0
SMC-F1,Northwest_Territories,CANADA,0-2,2021-07-14,University_of_Alberta,Lauren_Thompson,lauren.thompson@ualberta.ca,Thompson_2022,63.155422,-123.252654,NA,NA,Sedge_and_moss,0,2,1,-999,-999,-999,C/N_analysis,42.809711,-999,ICP-MS,67.97,-999,0.158772,-999,-999,-999,NA,LT,0,0
SMC-F1,Northwest_Territories,CANADA,4-Feb,2021-07-14,University_of_Alberta,Lauren_Thompson,lauren.thompson@ualberta.ca,Thompson_2022,63.155422,-123.252654,NA,NA,Sedge_and_moss,2,4,3,-999,-999,-999,C/N_analysis,44.802561,-999,ICP-MS,78.81,-999,0.175905,-999,-999,-999,NA,LT,0,0
SMC-F1,Northwest_Territories,CANADA,6-Apr,2021-07-14,University_of_Alberta,Lauren_Thompson,lauren.thompson@ualberta.ca,Thompson_2022,63.155422,-123.252654,NA,NA,Sedge_and_moss,4,6,5,-999,-999,-999,C/N_analysis,44.168677,-999,ICP-MS,86.48,-999,0.195795,-999,-999,-999,NA,LT,0,0
SMC-F1,Northwest_Territories,CANADA,8-Jun,2021-07-14,University_of_Alberta,Lauren_Thompson,lauren.thompson@ualberta.ca,Thompson_2022,63.155422,-123.252654,NA,NA,Sedge_and_moss,6,8,7,-999,-999,-999,C/N_analysis,44.828757,-999,ICP-MS,78.5,-999,0.175111,-999,-999,-999,NA,LT,0,0
SMC-F1,Northwest_Territories,CANADA,10-Aug,2021-07-14,University_of_Alberta,Lauren_Thompson,lauren.thompson@ualberta.ca,Thompson_2022,63.155422,-123.252654,NA,NA,Sedge_and_moss,8,10,9,-999,-999,-999,C/N_analysis,44.729102,-999,ICP-MS,80.3,-999,0.179525,-999,-999,-999,NA,LT,0,0
SMC-F1,Northwest_Territories,CANADA,12-Oct,2021-07-14,University_of_Alberta,Lauren_Thompson,lauren.thompson@ualberta.ca,Thompson_2022,63.155422,-123.252654,NA,NA,Sedge_and_moss,10,12,11,-999,-999,-999,C/N_analysis,45.588659,-999,ICP-MS,76.88,-999,0.168638,-999,-999,-999,NA,LT,0,0
SMC-F2,Northwest_Territories,CANADA,0-2,2021-07-13,University_of_Alberta,Lauren_Thompson,lauren.thompson@ualberta.ca,Thompson_2022,63.149779,-123.26105,NA,NA,Sedge_and_moss,0,2,1,-999,-999,-999,C/N_analysis,43.492214,-999,ICP-MS,109.69,-999,0.252206,-999,-999,-999,NA,LT,0,0
SMC-F2,Northwest_Territories,CANADA,4-Feb,2021-07-13,University_of_Alberta,Lauren_Thompson,lauren.thompson@ualberta.ca,Thompson_2022,63.149779,-123.26105,NA,NA,Sedge_and_moss,2,4,3,-999,-999,-999,C/N_analysis,44.587018,-999,ICP-MS,93.19,-999,0.209007,-999,-999,-999,NA,LT,0,0
SMC-F2,Northwest_Territories,CANADA,6-Apr,2021-07-13,University_of_Alberta,Lauren_Thompson,lauren.thompson@ualberta.ca,Thompson_2022,63.149779,-123.26105,NA,NA,Sedge_and_moss,4,6,5,-999,-999,-999,C/N_analysis,45.082638,-999,ICP-MS,83.47,-999,0.185149,-999,-999,-999,NA,LT,0,0
SMC-F2,Northwest_Territories,CANADA,8-Jun,2021-07-13,University_of_Alberta,Lauren_Thompson,lauren.thompson@ualberta.ca,Thompson_2022,63.149779,-123.26105,NA,NA,Sedge_and_moss,6,8,7,-999,-999,-999,C/N_analysis,46.195974,-999,ICP-MS,95,-999,0.205646,-999,-999,-999,NA,LT,0,0
SMC-F2,Northwest_Territories,CANADA,10-Aug,2021-07-13,University_of_Alberta,Lauren_Thompson,lauren.thompson@ualberta.ca,Thompson_2022,63.149779,-123.26105,NA,NA,Sedge_and_moss,8,10,9,-999,-999,-999,C/N_analysis,46.634778,-999,ICP-MS,59.95,-999,0.128552,-999,-999,-999,NA,LT,0,0
SMC-F2,Northwest_Territories,CANADA,12-Oct,2021-07-13,University_of_Alberta,Lauren_Thompson,lauren.thompson@ualberta.ca,Thompson_2022,63.149779,-123.26105,NA,NA,Sedge_and_moss,10,12,11,-999,-999,-999,C/N_analysis,46.870467,-999,ICP-MS,68.42,-999,0.145977,-999,-999,-999,NA,LT,0,0
SMC-P1,Northwest_Territories,CANADA,0-2,2021-07-16,University_of_Alberta,Lauren_Thompson,lauren.thompson@ualberta.ca,Thompson_2022,63.149845,-123.263391,NA,NA,Sphagnum_and_lichen,0,2,1,-999,-999,-999,C/N_analysis,50.180038,-999,ICP-MS,121.41,-999,0.241949,-999,-999,-999,NA,LT,0,0
SMC-P1,Northwest_Territories,CANADA,4-Feb,2021-07-16,University_of_Alberta,Lauren_Thompson,lauren.thompson@ualberta.ca,Thompson_2022,63.149845,-123.263391,NA,NA,Sphagnum_and_lichen,2,4,3,-999,-999,-999,C/N_analysis,50.648677,-999,ICP-MS,151.59,-999,0.299297,-999,-999,-999,NA,LT,0,0
SMC-P1,Northwest_Territories,CANADA,6-Apr,2021-07-16,University_of_Alberta,Lauren_Thompson,lauren.thompson@ualberta.ca,Thompson_2022,63.149845,-123.263391,NA,NA,Sphagnum_and_lichen,4,6,5,-999,-999,-999,C/N_analysis,50.740416,-999,ICP-MS,141.56,-999,0.278989,-999,-999,-999,NA,LT,0,0
SMC-P1,Northwest_Territories,CANADA,8-Jun,2021-07-16,University_of_Alberta,Lauren_Thompson,lauren.thompson@ualberta.ca,Thompson_2022,63.149845,-123.263391,NA,NA,Sphagnum_and_lichen,6,8,7,-999,-999,-999,C/N_analysis,49.198183,-999,ICP-MS,116.63,-999,0.237062,-999,-999,-999,NA,LT,0,0
SMC-P1,Northwest_Territories,CANADA,10-Aug,2021-07-16,University_of_Alberta,Lauren_Thompson,lauren.thompson@ualberta.ca,Thompson_2022,63.149845,-123.263391,NA,NA,Sphagnum_and_lichen,8,10,9,-999,-999,-999,C/N_analysis,48.846939,-999,ICP-MS,95.41,-999,0.195324,-999,-999,-999,NA,LT,0,0
SMC-P1,Northwest_Territories,CANADA,12-Oct,2021-07-16,University_of_Alberta,Lauren_Thompson,lauren.thompson@ualberta.ca,Thompson_2022,63.149845,-123.263391,NA,NA,Sphagnum_and_lichen,10,12,11,-999,-999,-999,C/N_analysis,47.171182,-999,ICP-MS,69.83,-999,0.148035,-999,-999,-999,NA,LT,0,0
Vilkitsky_Island,Kara_sea,RUSSIA,ST1_0-5,2019-08,"Tyumen_State_University,_Institute_of_Environmental_and_Agricultural_Biology_(X-BIO)",Andrey_Yurtaev,yurtaevgeo@yandex.ru,Yurtaev_2022,73.448506,75.672,NA,NA,NA,0,5,2.5,-999,-999,-999,vario_TOC_Elementar_device,3.908,-999,atomic_absorption_spectrometry_RA-915M_pyrolytic_prefix_RP-91,2.7,-999,0.069089048,-999,-999,-999,NA,AA,0,0
Vilkitsky_Island,Kara_sea,RUSSIA,ST1_15-20,2019-08,"Tyumen_State_University,_Institute_of_Environmental_and_Agricultural_Biology_(X-BIO)",Andrey_Yurtaev,yurtaevgeo@yandex.ru,Yurtaev_2022,73.448506,75.672,NA,NA,NA,15,20,17.5,-999,-999,-999,vario_TOC_Elementar_device,0.276,-999,atomic_absorption_spectrometry_RA-915M_pyrolytic_prefix_RP-91,1.2,-999,0.434782609,-999,-999,-999,NA,AA,0,0
Vilkitsky_Island,Kara_sea,RUSSIA,ST1_35-40,2019-08,"Tyumen_State_University,_Institute_of_Environmental_and_Agricultural_Biology_(X-BIO)",Andrey_Yurtaev,yurtaevgeo@yandex.ru,Yurtaev_2022,73.448506,75.672,NA,NA,NA,35,40,37.5,-999,-999,-999,vario_TOC_Elementar_device,0.047,-999,atomic_absorption_spectrometry_RA-915M_pyrolytic_prefix_RP-91,11.7,-999,24.89361702,-999,-999,-999,NA,AA,0,0
Vilkitsky_Island,Kara_sea,RUSSIA,ST2_0-5,2019-08,"Tyumen_State_University,_Institute_of_Environmental_and_Agricultural_Biology_(X-BIO)",Andrey_Yurtaev,yurtaevgeo@yandex.ru,Yurtaev_2022,73.447881,75.671427,NA,NA,NA,0,5,2.5,-999,-999,-999,vario_TOC_Elementar_device,0.649,-999,atomic_absorption_spectrometry_RA-915M_pyrolytic_prefix_RP-91,1.5,-999,0.231124807,-999,-999,-999,NA,AA,0,0
Vilkitsky_Island,Kara_sea,RUSSIA,ST2_20-25,2019-08,"Tyumen_State_University,_Institute_of_Environmental_and_Agricultural_Biology_(X-BIO)",Andrey_Yurtaev,yurtaevgeo@yandex.ru,Yurtaev_2022,73.447881,75.671427,NA,NA,NA,20,25,22.5,-999,-999,-999,vario_TOC_Elementar_device,1.163,-999,atomic_absorption_spectrometry_RA-915M_pyrolytic_prefix_RP-91,15.7,-999,1.349957008,-999,-999,-999,NA,AA,0,0
Vilkitsky_Island,Kara_sea,RUSSIA,ST3_0-5,2019-08,"Tyumen_State_University,_Institute_of_Environmental_and_Agricultural_Biology_(X-BIO)",Andrey_Yurtaev,yurtaevgeo@yandex.ru,Yurtaev_2022,73.469315,75.760044,NA,NA,NA,0,5,2.5,-999,-999,-999,vario_TOC_Elementar_device,0.14,-999,atomic_absorption_spectrometry_RA-915M_pyrolytic_prefix_RP-91,2.6,-999,1.857142857,-999,-999,-999,NA,AA,0,0
Vilkitsky_Island,Kara_sea,RUSSIA,ST3_15-20,2019-08,"Tyumen_State_University,_Institute_of_Environmental_and_Agricultural_Biology_(X-BIO)",Andrey_Yurtaev,yurtaevgeo@yandex.ru,Yurtaev_2022,73.469315,75.760044,NA,NA,NA,15,20,17.5,-999,-999,-999,vario_TOC_Elementar_device,0.101,-999,atomic_absorption_spectrometry_RA-915M_pyrolytic_prefix_RP-91,1.9,-999,1.881188119,-999,-999,-999,NA,AA,0,0
Vilkitsky_Island,Kara_sea,RUSSIA,ST4_0-5,2019-08,"Tyumen_State_University,_Institute_of_Environmental_and_Agricultural_Biology_(X-BIO)",Andrey_Yurtaev,yurtaevgeo@yandex.ru,Yurtaev_2022,73.468709,75.75856,NA,NA,NA,0,5,2.5,-999,-999,-999,vario_TOC_Elementar_device,1.113,-999,atomic_absorption_spectrometry_RA-915M_pyrolytic_prefix_RP-91,7.7,-999,0.691823899,-999,-999,-999,NA,AA,0,0
Vilkitsky_Island,Kara_sea,RUSSIA,ST4_15-20,2019-08,"Tyumen_State_University,_Institute_of_Environmental_and_Agricultural_Biology_(X-BIO)",Andrey_Yurtaev,yurtaevgeo@yandex.ru,Yurtaev_2022,73.468709,75.75856,NA,NA,NA,15,20,17.5,-999,-999,-999,vario_TOC_Elementar_device,1.983,-999,atomic_absorption_spectrometry_RA-915M_pyrolytic_prefix_RP-91,8.1,-999,0.408472012,-999,-999,-999,NA,AA,0,0
Vilkitsky_Island,Kara_sea,RUSSIA,ST5_0-5,2019-08,"Tyumen_State_University,_Institute_of_Environmental_and_Agricultural_Biology_(X-BIO)",Andrey_Yurtaev,yurtaevgeo@yandex.ru,Yurtaev_2022,73.508804,75.770438,NA,NA,NA,0,5,2.5,-999,-999,-999,vario_TOC_Elementar_device,0.146,-999,atomic_absorption_spectrometry_RA-915M_pyrolytic_prefix_RP-91,1.5,-999,1.02739726,-999,-999,-999,NA,AA,0,0
Vilkitsky_Island,Kara_sea,RUSSIA,ST5_15-20,2019-08,"Tyumen_State_University,_Institute_of_Environmental_and_Agricultural_Biology_(X-BIO)",Andrey_Yurtaev,yurtaevgeo@yandex.ru,Yurtaev_2022,73.508804,75.770438,NA,NA,NA,15,20,17.5,-999,-999,-999,vario_TOC_Elementar_device,0.144,-999,atomic_absorption_spectrometry_RA-915M_pyrolytic_prefix_RP-91,5.6,-999,3.888888889,-999,-999,-999,NA,AA,0,0
Vilkitsky_Island,Kara_sea,RUSSIA,ST6_0-5,2019-08,"Tyumen_State_University,_Institute_of_Environmental_and_Agricultural_Biology_(X-BIO)",Andrey_Yurtaev,yurtaevgeo@yandex.ru,Yurtaev_2022,73.506462,75.758684,NA,NA,NA,0,5,2.5,-999,-999,-999,vario_TOC_Elementar_device,0.624,-999,atomic_absorption_spectrometry_RA-915M_pyrolytic_prefix_RP-91,7.4,-999,1.185897436,-999,-999,-999,NA,AA,0,0
Vilkitsky_Island,Kara_sea,RUSSIA,ST6_15-20,2019-08,"Tyumen_State_University,_Institute_of_Environmental_and_Agricultural_Biology_(X-BIO)",Andrey_Yurtaev,yurtaevgeo@yandex.ru,Yurtaev_2022,73.506462,75.758684,NA,NA,NA,15,20,17.5,-999,-999,-999,vario_TOC_Elementar_device,0.093,-999,atomic_absorption_spectrometry_RA-915M_pyrolytic_prefix_RP-91,3.8,-999,4.086021505,-999,-999,-999,NA,AA,0,0
Vilkitsky_Island,Kara_sea,RUSSIA,ST7_0-5,2019-08,"Tyumen_State_University,_Institute_of_Environmental_and_Agricultural_Biology_(X-BIO)",Andrey_Yurtaev,yurtaevgeo@yandex.ru,Yurtaev_2022,73.507666,75.75548,NA,NA,NA,0,5,2.5,-999,-999,-999,vario_TOC_Elementar_device,0.21,-999,atomic_absorption_spectrometry_RA-915M_pyrolytic_prefix_RP-91,4.3,-999,2.047619048,-999,-999,-999,NA,AA,0,0
Vilkitsky_Island,Kara_sea,RUSSIA,ST7_15-20,2019-08,"Tyumen_State_University,_Institute_of_Environmental_and_Agricultural_Biology_(X-BIO)",Andrey_Yurtaev,yurtaevgeo@yandex.ru,Yurtaev_2022,73.507666,75.75548,NA,NA,NA,15,20,17.5,-999,-999,-999,vario_TOC_Elementar_device,0.062,-999,atomic_absorption_spectrometry_RA-915M_pyrolytic_prefix_RP-91,1.3,-999,2.096774194,-999,-999,-999,NA,AA,0,0
Vilkitsky_Island,Kara_sea,RUSSIA,ST8_0-5,2019-08,"Tyumen_State_University,_Institute_of_Environmental_and_Agricultural_Biology_(X-BIO)",Andrey_Yurtaev,yurtaevgeo@yandex.ru,Yurtaev_2022,73.518825,75.757825,NA,NA,NA,0,5,2.5,-999,-999,-999,vario_TOC_Elementar_device,0.429,-999,atomic_absorption_spectrometry_RA-915M_pyrolytic_prefix_RP-91,1.5,-999,0.34965035,-999,-999,-999,NA,AA,0,0
Vilkitsky_Island,Kara_sea,RUSSIA,ST8_15-20,2019-08,"Tyumen_State_University,_Institute_of_Environmental_and_Agricultural_Biology_(X-BIO)",Andrey_Yurtaev,yurtaevgeo@yandex.ru,Yurtaev_2022,73.518825,75.757825,NA,NA,NA,15,20,17.5,-999,-999,-999,vario_TOC_Elementar_device,0.433,-999,atomic_absorption_spectrometry_RA-915M_pyrolytic_prefix_RP-91,2.5,-999,0.577367206,-999,-999,-999,NA,AA,0,0
Vilkitsky_Island,Kara_sea,RUSSIA,ST13_0-5,2019-08,"Tyumen_State_University,_Institute_of_Environmental_and_Agricultural_Biology_(X-BIO)",Andrey_Yurtaev,yurtaevgeo@yandex.ru,Yurtaev_2022,73.453666,75.849235,NA,NA,NA,0,5,2.5,-999,-999,-999,vario_TOC_Elementar_device,0.425,-999,atomic_absorption_spectrometry_RA-915M_pyrolytic_prefix_RP-91,3.4,-999,0.8,-999,-999,-999,NA,AA,0,0
Vilkitsky_Island,Kara_sea,RUSSIA,ST13_15-20,2019-08,"Tyumen_State_University,_Institute_of_Environmental_and_Agricultural_Biology_(X-BIO)",Andrey_Yurtaev,yurtaevgeo@yandex.ru,Yurtaev_2022,73.453666,75.849235,NA,NA,NA,15,20,17.5,-999,-999,-999,vario_TOC_Elementar_device,2.042,-999,atomic_absorption_spectrometry_RA-915M_pyrolytic_prefix_RP-91,3.6,-999,0.176297747,-999,-999,-999,NA,AA,0,0
Vilkitsky_Island,Kara_sea,RUSSIA,ST 14_0-5,2019-08,"Tyumen_State_University,_Institute_of_Environmental_and_Agricultural_Biology_(X-BIO)",Andrey_Yurtaev,yurtaevgeo@yandex.ru,Yurtaev_2022,73.453416,75.85078,NA,NA,NA,0,5,2.5,-999,-999,-999,vario_TOC_Elementar_device,0.889,-999,atomic_absorption_spectrometry_RA-915M_pyrolytic_prefix_RP-91,7.3,-999,0.821147357,-999,-999,-999,NA,AA,0,0
Vilkitsky_Island,Kara_sea,RUSSIA,ST 14_15-20,2019-08,"Tyumen_State_University,_Institute_of_Environmental_and_Agricultural_Biology_(X-BIO)",Andrey_Yurtaev,yurtaevgeo@yandex.ru,Yurtaev_2022,73.453416,75.85078,NA,NA,NA,15,20,17.5,-999,-999,-999,vario_TOC_Elementar_device,0.366,-999,atomic_absorption_spectrometry_RA-915M_pyrolytic_prefix_RP-91,7.3,-999,1.994535519,-999,-999,-999,NA,AA,0,0
Vilkitsky_Island,Kara_sea,RUSSIA,ST18_0-5,2019-08,"Tyumen_State_University,_Institute_of_Environmental_and_Agricultural_Biology_(X-BIO)",Andrey_Yurtaev,yurtaevgeo@yandex.ru,Yurtaev_2022,73.438305,75.906013,NA,NA,NA,0,5,2.5,-999,-999,-999,vario_TOC_Elementar_device,0.086,-999,atomic_absorption_spectrometry_RA-915M_pyrolytic_prefix_RP-91,19.8,-999,23.02325581,-999,-999,-999,NA,AA,0,0
Vilkitsky_Island,Kara_sea,RUSSIA,ST18_15-20,2019-08,"Tyumen_State_University,_Institute_of_Environmental_and_Agricultural_Biology_(X-BIO)",Andrey_Yurtaev,yurtaevgeo@yandex.ru,Yurtaev_2022,73.438305,75.906013,NA,NA,NA,15,20,17.5,-999,-999,-999,vario_TOC_Elementar_device,0.315,-999,atomic_absorption_spectrometry_RA-915M_pyrolytic_prefix_RP-91,10.7,-999,3.396825397,-999,-999,-999,NA,AA,0,0
Vilkitsky_Island,Kara_sea,RUSSIA,ST19_0-5,2019-08,"Tyumen_State_University,_Institute_of_Environmental_and_Agricultural_Biology_(X-BIO)",Andrey_Yurtaev,yurtaevgeo@yandex.ru,Yurtaev_2022,73.438089,75.905915,NA,NA,NA,0,5,2.5,-999,-999,-999,vario_TOC_Elementar_device,0.141,-999,atomic_absorption_spectrometry_RA-915M_pyrolytic_prefix_RP-91,2.3,-999,1.631205674,-999,-999,-999,NA,AA,0,0
Vilkitsky_Island,Kara_sea,RUSSIA,ST19_15-20,2019-08,"Tyumen_State_University,_Institute_of_Environmental_and_Agricultural_Biology_(X-BIO)",Andrey_Yurtaev,yurtaevgeo@yandex.ru,Yurtaev_2022,73.438089,75.905915,NA,NA,NA,15,20,17.5,-999,-999,-999,vario_TOC_Elementar_device,0.098,-999,atomic_absorption_spectrometry_RA-915M_pyrolytic_prefix_RP-91,2,-999,2.040816327,-999,-999,-999,NA,AA,0,0
Vilkitsky_Island,Kara_sea,RUSSIA,ST20_0-5,2019-08,"Tyumen_State_University,_Institute_of_Environmental_and_Agricultural_Biology_(X-BIO)",Andrey_Yurtaev,yurtaevgeo@yandex.ru,Yurtaev_2022,73.437462,75.8748,NA,NA,NA,0,5,2.5,-999,-999,-999,vario_TOC_Elementar_device,0.279,-999,atomic_absorption_spectrometry_RA-915M_pyrolytic_prefix_RP-91,36.6,-999,13.11827957,-999,-999,-999,NA,AA,0,0
Vilkitsky_Island,Kara_sea,RUSSIA,ST20_15-20,2019-08,"Tyumen_State_University,_Institute_of_Environmental_and_Agricultural_Biology_(X-BIO)",Andrey_Yurtaev,yurtaevgeo@yandex.ru,Yurtaev_2022,73.437462,75.8748,NA,NA,NA,15,20,17.5,-999,-999,-999,vario_TOC_Elementar_device,0.353,-999,atomic_absorption_spectrometry_RA-915M_pyrolytic_prefix_RP-91,13.4,-999,3.796033994,-999,-999,-999,NA,AA,0,0
Vilkitsky_Island,Kara_sea,RUSSIA,ST21_0-5,2019-08,"Tyumen_State_University,_Institute_of_Environmental_and_Agricultural_Biology_(X-BIO)",Andrey_Yurtaev,yurtaevgeo@yandex.ru,Yurtaev_2022,73.425113,75.739442,NA,NA,NA,0,5,2.5,-999,-999,-999,vario_TOC_Elementar_device,0.14,-999,atomic_absorption_spectrometry_RA-915M_pyrolytic_prefix_RP-91,4.5,-999,3.214285714,-999,-999,-999,NA,AA,0,0
Vilkitsky_Island,Kara_sea,RUSSIA,ST21_15-20 (clay),2019-08,"Tyumen_State_University,_Institute_of_Environmental_and_Agricultural_Biology_(X-BIO)",Andrey_Yurtaev,yurtaevgeo@yandex.ru,Yurtaev_2022,73.425113,75.739442,NA,NA,NA,15,20,17.5,-999,-999,-999,vario_TOC_Elementar_device,0.285,-999,atomic_absorption_spectrometry_RA-915M_pyrolytic_prefix_RP-91,23.1,-999,8.105263158,-999,-999,-999,NA,AA,0,0
Vilkitsky_Island,Kara_sea,RUSSIA,ST21_15-20 (sand),2019-08,"Tyumen_State_University,_Institute_of_Environmental_and_Agricultural_Biology_(X-BIO)",Andrey_Yurtaev,yurtaevgeo@yandex.ru,Yurtaev_2022,73.425113,75.739442,NA,NA,NA,15,20,17.5,-999,-999,-999,vario_TOC_Elementar_device,0.314,-999,atomic_absorption_spectrometry_RA-915M_pyrolytic_prefix_RP-91,7.1,-999,2.261146497,-999,-999,-999,NA,AA,0,0
Vilkitsky_Island,Kara_sea,RUSSIA,ST25_0-5,2019-08,"Tyumen_State_University,_Institute_of_Environmental_and_Agricultural_Biology_(X-BIO)",Andrey_Yurtaev,yurtaevgeo@yandex.ru,Yurtaev_2022,73.449184,75.723909,NA,NA,NA,0,5,2.5,-999,-999,-999,vario_TOC_Elementar_device,11.473,-999,atomic_absorption_spectrometry_RA-915M_pyrolytic_prefix_RP-91,3,-999,0.026148348,-999,-999,-999,NA,AA,0,0
Vilkitsky_Island,Kara_sea,RUSSIA,ST25_15-20,2019-08,"Tyumen_State_University,_Institute_of_Environmental_and_Agricultural_Biology_(X-BIO)",Andrey_Yurtaev,yurtaevgeo@yandex.ru,Yurtaev_2022,73.449184,75.723909,NA,NA,NA,15,20,17.5,-999,-999,-999,vario_TOC_Elementar_device,1.995,-999,atomic_absorption_spectrometry_RA-915M_pyrolytic_prefix_RP-91,2,-999,0.100250627,-999,-999,-999,NA,AA,0,0
Vilkitsky_Island,Kara_sea,RUSSIA,ST32_0-5,2019-08,"Tyumen_State_University,_Institute_of_Environmental_and_Agricultural_Biology_(X-BIO)",Andrey_Yurtaev,yurtaevgeo@yandex.ru,Yurtaev_2022,73.47854,75.626617,NA,NA,NA,0,5,2.5,-999,-999,-999,vario_TOC_Elementar_device,30.154,-999,atomic_absorption_spectrometry_RA-915M_pyrolytic_prefix_RP-91,2.4,-999,0.007959143,-999,-999,-999,NA,AA,0,0
Vilkitsky_Island,Kara_sea,RUSSIA,ST32_15-20,2019-08,"Tyumen_State_University,_Institute_of_Environmental_and_Agricultural_Biology_(X-BIO)",Andrey_Yurtaev,yurtaevgeo@yandex.ru,Yurtaev_2022,73.47854,75.626617,NA,NA,NA,15,20,17.5,-999,-999,-999,vario_TOC_Elementar_device,0.815,-999,atomic_absorption_spectrometry_RA-915M_pyrolytic_prefix_RP-91,1.6,-999,0.196319018,-999,-999,-999,NA,AA,0,0
Vilkitsky_Island,Kara_sea,RUSSIA,ST33_0-5,2019-08,"Tyumen_State_University,_Institute_of_Environmental_and_Agricultural_Biology_(X-BIO)",Andrey_Yurtaev,yurtaevgeo@yandex.ru,Yurtaev_2022,73.478722,75.624015,NA,NA,NA,0,5,2.5,-999,-999,-999,vario_TOC_Elementar_device,0.228,-999,atomic_absorption_spectrometry_RA-915M_pyrolytic_prefix_RP-91,2.6,-999,1.140350877,-999,-999,-999,NA,AA,0,0
Vilkitsky_Island,Kara_sea,RUSSIA,ST33_15-20,2019-08,"Tyumen_State_University,_Institute_of_Environmental_and_Agricultural_Biology_(X-BIO)",Andrey_Yurtaev,yurtaevgeo@yandex.ru,Yurtaev_2022,73.478722,75.624015,NA,NA,NA,15,20,17.5,-999,-999,-999,vario_TOC_Elementar_device,0.123,-999,atomic_absorption_spectrometry_RA-915M_pyrolytic_prefix_RP-91,1.4,-999,1.138211382,-999,-999,-999,NA,AA,0,0
Vilkitsky_Island,Kara_sea,RUSSIA,ST36_0-5,2019-08,"Tyumen_State_University,_Institute_of_Environmental_and_Agricultural_Biology_(X-BIO)",Andrey_Yurtaev,yurtaevgeo@yandex.ru,Yurtaev_2022,73.498445,75.712771,NA,NA,NA,0,5,2.5,-999,-999,-999,vario_TOC_Elementar_device,0.138,-999,atomic_absorption_spectrometry_RA-915M_pyrolytic_prefix_RP-91,2.7,-999,1.956521739,-999,-999,-999,NA,AA,0,0
Vilkitsky_Island,Kara_sea,RUSSIA,ST36_15-20,2019-08,"Tyumen_State_University,_Institute_of_Environmental_and_Agricultural_Biology_(X-BIO)",Andrey_Yurtaev,yurtaevgeo@yandex.ru,Yurtaev_2022,73.498445,75.712771,NA,NA,NA,15,20,17.5,-999,-999,-999,vario_TOC_Elementar_device,0.103,-999,atomic_absorption_spectrometry_RA-915M_pyrolytic_prefix_RP-91,1.7,-999,1.650485437,-999,-999,-999,NA,AA,0,0
Vilkitsky_Island,Kara_sea,RUSSIA,ST37_0-5,2019-08,"Tyumen_State_University,_Institute_of_Environmental_and_Agricultural_Biology_(X-BIO)",Andrey_Yurtaev,yurtaevgeo@yandex.ru,Yurtaev_2022,73.497933,75.713964,NA,NA,NA,0,5,2.5,-999,-999,-999,vario_TOC_Elementar_device,0.276,-999,atomic_absorption_spectrometry_RA-915M_pyrolytic_prefix_RP-91,14.7,-999,5.326086957,-999,-999,-999,NA,AA,0,0
Vilkitsky_Island,Kara_sea,RUSSIA,ST37_15-20,2019-08,"Tyumen_State_University,_Institute_of_Environmental_and_Agricultural_Biology_(X-BIO)",Andrey_Yurtaev,yurtaevgeo@yandex.ru,Yurtaev_2022,73.497933,75.713964,NA,NA,NA,15,20,17.5,-999,-999,-999,vario_TOC_Elementar_device,0.08,-999,atomic_absorption_spectrometry_RA-915M_pyrolytic_prefix_RP-91,16.3,-999,20.375,-999,-999,-999,NA,AA,0,0
Vilkitsky_Island,Kara_sea,RUSSIA,ST38_0-5,2019-08,"Tyumen_State_University,_Institute_of_Environmental_and_Agricultural_Biology_(X-BIO)",Andrey_Yurtaev,yurtaevgeo@yandex.ru,Yurtaev_2022,73.501395,75.71837,NA,NA,NA,0,5,2.5,-999,-999,-999,vario_TOC_Elementar_device,0.157,-999,atomic_absorption_spectrometry_RA-915M_pyrolytic_prefix_RP-91,6.8,-999,4.331210191,-999,-999,-999,NA,AA,0,0
Vilkitsky_Island,Kara_sea,RUSSIA,ST38_15-20,2019-08,"Tyumen_State_University,_Institute_of_Environmental_and_Agricultural_Biology_(X-BIO)",Andrey_Yurtaev,yurtaevgeo@yandex.ru,Yurtaev_2022,73.501395,75.71837,NA,NA,NA,15,20,17.5,-999,-999,-999,vario_TOC_Elementar_device,0.088,-999,atomic_absorption_spectrometry_RA-915M_pyrolytic_prefix_RP-91,13.4,-999,15.22727273,-999,-999,-999,NA,AA,0,0
Vilkitsky_Island,Kara_sea,RUSSIA,ST39_0-5,2019-08,"Tyumen_State_University,_Institute_of_Environmental_and_Agricultural_Biology_(X-BIO)",Andrey_Yurtaev,yurtaevgeo@yandex.ru,Yurtaev_2022,73.510729,75.751969,NA,NA,NA,0,5,2.5,-999,-999,-999,vario_TOC_Elementar_device,0.674,-999,atomic_absorption_spectrometry_RA-915M_pyrolytic_prefix_RP-91,49.4,-999,7.329376855,-999,-999,-999,NA,AA,0,0
Vilkitsky_Island,Kara_sea,RUSSIA,ST39_15-20,2019-08,"Tyumen_State_University,_Institute_of_Environmental_and_Agricultural_Biology_(X-BIO)",Andrey_Yurtaev,yurtaevgeo@yandex.ru,Yurtaev_2022,73.510729,75.751969,NA,NA,NA,15,20,17.5,-999,-999,-999,vario_TOC_Elementar_device,1.06,-999,atomic_absorption_spectrometry_RA-915M_pyrolytic_prefix_RP-91,8.4,-999,0.79245283,-999,-999,-999,NA,AA,0,0
Vilkitsky_Island,Kara_sea,RUSSIA,ST40_0-5,2019-08,"Tyumen_State_University,_Institute_of_Environmental_and_Agricultural_Biology_(X-BIO)",Andrey_Yurtaev,yurtaevgeo@yandex.ru,Yurtaev_2022,73.515614,75.767607,NA,NA,NA,0,5,2.5,-999,-999,-999,vario_TOC_Elementar_device,0.561,-999,atomic_absorption_spectrometry_RA-915M_pyrolytic_prefix_RP-91,26.6,-999,4.741532977,-999,-999,-999,NA,AA,0,0
Vilkitsky_Island,Kara_sea,RUSSIA,ST40_15-20,2019-08,"Tyumen_State_University,_Institute_of_Environmental_and_Agricultural_Biology_(X-BIO)",Andrey_Yurtaev,yurtaevgeo@yandex.ru,Yurtaev_2022,73.515614,75.767607,NA,NA,NA,15,20,17.5,-999,-999,-999,vario_TOC_Elementar_device,0.936,-999,atomic_absorption_spectrometry_RA-915M_pyrolytic_prefix_RP-91,65.4,-999,6.987179487,-999,-999,-999,NA,AA,0,0
Vilkitsky_Island,Kara_sea,RUSSIA,ST40-1_0-5,2019-08,"Tyumen_State_University,_Institute_of_Environmental_and_Agricultural_Biology_(X-BIO)",Andrey_Yurtaev,yurtaevgeo@yandex.ru,Yurtaev_2022,73.515614,75.767607,NA,NA,NA,0,5,2.5,-999,-999,-999,vario_TOC_Elementar_device,1.715,-999,atomic_absorption_spectrometry_RA-915M_pyrolytic_prefix_RP-91,40.3,-999,2.349854227,-999,-999,-999,NA,AA,0,0
Vilkitsky_Island,Kara_sea,RUSSIA,ST40-1_15-20,2019-08,"Tyumen_State_University,_Institute_of_Environmental_and_Agricultural_Biology_(X-BIO)",Andrey_Yurtaev,yurtaevgeo@yandex.ru,Yurtaev_2022,73.515614,75.767607,NA,NA,NA,15,20,17.5,-999,-999,-999,vario_TOC_Elementar_device,2.254,-999,atomic_absorption_spectrometry_RA-915M_pyrolytic_prefix_RP-91,59.1,-999,2.622005324,-999,-999,-999,NA,AA,0,0
Vilkitsky_Island,Kara_sea,RUSSIA,ST40-4_0-5,2019-08,"Tyumen_State_University,_Institute_of_Environmental_and_Agricultural_Biology_(X-BIO)",Andrey_Yurtaev,yurtaevgeo@yandex.ru,Yurtaev_2022,73.515614,75.767607,NA,NA,NA,0,5,2.5,-999,-999,-999,vario_TOC_Elementar_device,0.601,-999,atomic_absorption_spectrometry_RA-915M_pyrolytic_prefix_RP-91,4.8,-999,0.798668885,-999,-999,-999,NA,AA,0,0
Vilkitsky_Island,Kara_sea,RUSSIA,ST40-4_15-20,2019-08,"Tyumen_State_University,_Institute_of_Environmental_and_Agricultural_Biology_(X-BIO)",Andrey_Yurtaev,yurtaevgeo@yandex.ru,Yurtaev_2022,73.515614,75.767607,NA,NA,NA,15,20,17.5,-999,-999,-999,vario_TOC_Elementar_device,0.462,-999,atomic_absorption_spectrometry_RA-915M_pyrolytic_prefix_RP-91,47.6,-999,10.3030303,-999,-999,-999,NA,AA,0,0
Vilkitsky_Island,Kara_sea,RUSSIA,D1_0-5,2019-08,"Tyumen_State_University,_Institute_of_Environmental_and_Agricultural_Biology_(X-BIO)",Andrey_Yurtaev,yurtaevgeo@yandex.ru,Yurtaev_2022,73.441523,75.707493,NA,NA,NA,0,5,2.5,-999,-999,-999,vario_TOC_Elementar_device,0.092,-999,atomic_absorption_spectrometry_RA-915M_pyrolytic_prefix_RP-91,2.3,-999,2.5,-999,-999,-999,NA,AA,0,0
Vilkitsky_Island,Kara_sea,RUSSIA,D2_0-5,2019-08,"Tyumen_State_University,_Institute_of_Environmental_and_Agricultural_Biology_(X-BIO)",Andrey_Yurtaev,yurtaevgeo@yandex.ru,Yurtaev_2022,73.505523,75.685889,NA,NA,NA,0,5,2.5,-999,-999,-999,vario_TOC_Elementar_device,0.285,-999,atomic_absorption_spectrometry_RA-915M_pyrolytic_prefix_RP-91,5.1,-999,1.789473684,-999,-999,-999,NA,AA,0,0
Vilkitsky_Island,Kara_sea,RUSSIA,D3_0-5,2019-08,"Tyumen_State_University,_Institute_of_Environmental_and_Agricultural_Biology_(X-BIO)",Andrey_Yurtaev,yurtaevgeo@yandex.ru,Yurtaev_2022,73.487651,75.680372,NA,NA,NA,0,5,2.5,-999,-999,-999,vario_TOC_Elementar_device,0.982,-999,atomic_absorption_spectrometry_RA-915M_pyrolytic_prefix_RP-91,2,-999,0.203665988,-999,-999,-999,NA,AA,0,0
Vilkitsky_Island,Kara_sea,RUSSIA,D4_0-5,2019-08,"Tyumen_State_University,_Institute_of_Environmental_and_Agricultural_Biology_(X-BIO)",Andrey_Yurtaev,yurtaevgeo@yandex.ru,Yurtaev_2022,73.43467,75.87084,NA,NA,NA,0,5,2.5,-999,-999,-999,vario_TOC_Elementar_device,0.087,-999,atomic_absorption_spectrometry_RA-915M_pyrolytic_prefix_RP-91,5.8,-999,6.666666667,-999,-999,-999,NA,AA,0,0
Vilkitsky_Island,Kara_sea,RUSSIA,P1_0-5,2019-08,"Tyumen_State_University,_Institute_of_Environmental_and_Agricultural_Biology_(X-BIO)",Andrey_Yurtaev,yurtaevgeo@yandex.ru,Yurtaev_2022,73.51831,75.730183,NA,NA,NA,0,5,2.5,-999,-999,-999,vario_TOC_Elementar_device,0.367,-999,atomic_absorption_spectrometry_RA-915M_pyrolytic_prefix_RP-91,36.7,-999,10,-999,-999,-999,NA,AA,0,0
Vilkitsky_Island,Kara_sea,RUSSIA,P2_0-5,2019-08,"Tyumen_State_University,_Institute_of_Environmental_and_Agricultural_Biology_(X-BIO)",Andrey_Yurtaev,yurtaevgeo@yandex.ru,Yurtaev_2022,73.517832,75.723865,NA,NA,NA,0,5,2.5,-999,-999,-999,vario_TOC_Elementar_device,9.375,-999,atomic_absorption_spectrometry_RA-915M_pyrolytic_prefix_RP-91,25.7,-999,0.274133333,-999,-999,-999,NA,AA,0,0
12ABM,Alaska,USA,12ABM_AM12,2017,Harvard_University,Scott_Zolkos,szolkos@woodwellclimate.org,Zolkos_2024,61.2624433,-163.2868833,NA,AL,NA,-999,30,-999,0.086,-999,-999,"Vario Max CN, Elementar",10.73,-999,Nippon MA-3000,190.1,-999,0.45,-999,-999,-999,samples were collected 2017-2019,SZ,0,0
12ABM,Alaska,USA,12ABM_AM14,2017,Harvard_University,Scott_Zolkos,szolkos@woodwellclimate.org,Zolkos_2024,61.26242,-163.28731,NA,AL,NA,-999,30,-999,0.055,-999,-999,"Vario Max CN, Elementar",7.28,-999,Nippon MA-3000,272.7,-999,0.614,-999,-999,-999,samples were collected 2017-2019,SZ,0,1
13ABM,Alaska,USA,13ABM_AM16,2017,Harvard_University,Scott_Zolkos,szolkos@woodwellclimate.org,Zolkos_2024,61.262675,-163.2864,NA,AL,NA,-999,30,-999,0.018,-999,-999,"Vario Max CN, Elementar",2.45,-999,Nippon MA-3000,77.4,-999,0.173,-999,-999,-999,samples were collected 2017-2019,SZ,0,0
13ABM,Alaska,USA,13ABM_AM17,2017,Harvard_University,Scott_Zolkos,szolkos@woodwellclimate.org,Zolkos_2024,61.26278,-163.28636,NA,AL,NA,-999,30,-999,0.011,-999,-999,"Vario Max CN, Elementar",1.45,-999,Nippon MA-3000,42.4,-999,0.092,-999,-999,-999,samples were collected 2017-2019,SZ,0,0
21ABM,Alaska,USA,21ABM_AM42,2017,Harvard_University,Scott_Zolkos,szolkos@woodwellclimate.org,Zolkos_2024,61.26923,-163.0018,NA,AL,NA,-999,30,-999,0.069,-999,-999,"Vario Max CN, Elementar",8.77,-999,Nippon MA-3000,167.4,-999,0.396,-999,-999,-999,samples were collected 2017-2019,SZ,0,0
21ABM,Alaska,USA,21ABM_AM43,2017,Harvard_University,Scott_Zolkos,szolkos@woodwellclimate.org,Zolkos_2024,61.26901,-163.001,NA,AL,NA,-999,30,-999,0.127,-999,-999,"Vario Max CN, Elementar",10.74,-999,Nippon MA-3000,153,-999,0.542,-999,-999,-999,samples were collected 2017-2019,SZ,0,0
21ABM,Alaska,USA,21ABM_AM44,2017,Harvard_University,Scott_Zolkos,szolkos@woodwellclimate.org,Zolkos_2024,61.26895,-163.0016,NA,AL,NA,-999,30,-999,0.058,-999,-999,"Vario Max CN, Elementar",7.34,-999,Nippon MA-3000,190.7,-999,0.454,-999,-999,-999,samples were collected 2017-2019,SZ,0,0
21ABM,Alaska,USA,21ABM_AM45,2017,Harvard_University,Scott_Zolkos,szolkos@woodwellclimate.org,Zolkos_2024,61.26875,-163.00156,NA,AL,NA,-999,30,-999,0.131,-999,-999,"Vario Max CN, Elementar",10.61,-999,Nippon MA-3000,103.1,-999,0.38,-999,-999,-999,samples were collected 2017-2019,SZ,0,0
22ABM,Alaska,USA,22ABM_AM35,2017,Harvard_University,Scott_Zolkos,szolkos@woodwellclimate.org,Zolkos_2024,61.26709,-163.00714,NA,AL,NA,-999,30,-999,0.081,-999,-999,"Vario Max CN, Elementar",9.94,-999,Nippon MA-3000,89.1,-999,0.219,-999,-999,-999,samples were collected 2017-2019,SZ,0,0
22ABM,Alaska,USA,22ABM_AM37,2017,Harvard_University,Scott_Zolkos,szolkos@woodwellclimate.org,Zolkos_2024,61.26721,-163.00703,NA,AL,NA,-999,30,-999,0.034,-999,-999,"Vario Max CN, Elementar",4.58,-999,Nippon MA-3000,32.2,-999,0.071,-999,-999,-999,samples were collected 2017-2019,SZ,0,0
22ABM,Alaska,USA,22ABM_AM39,2017,Harvard_University,Scott_Zolkos,szolkos@woodwellclimate.org,Zolkos_2024,61.26688,-163.00708,NA,AL,NA,-999,30,-999,0.073,-999,-999,"Vario Max CN, Elementar",9.58,-999,Nippon MA-3000,97.5,-999,0.222,-999,-999,-999,samples were collected 2017-2019,SZ,0,0
22ABM,Alaska,USA,22ABM_AM40,2017,Harvard_University,Scott_Zolkos,szolkos@woodwellclimate.org,Zolkos_2024,61.26743,-163.00729,NA,AL,NA,-999,30,-999,0.015,-999,-999,"Vario Max CN, Elementar",2.11,-999,Nippon MA-3000,51.9,-999,0.113,-999,-999,-999,samples were collected 2017-2019,SZ,0,0
22ABM,Alaska,USA,22ABM_AM41,2017,Harvard_University,Scott_Zolkos,szolkos@woodwellclimate.org,Zolkos_2024,61.26652,-163.00684,NA,AL,NA,-999,30,-999,0.031,-999,-999,"Vario Max CN, Elementar",3.54,-999,Nippon MA-3000,228.8,-999,0.601,-999,-999,-999,samples were collected 2017-2019,SZ,0,0
23ABM,Alaska,USA,23ABM_AM34,2017,Harvard_University,Scott_Zolkos,szolkos@woodwellclimate.org,Zolkos_2024,61.26911,-163.05487,NA,AL,NA,-999,30,-999,0.064,-999,-999,"Vario Max CN, Elementar",8.33,-999,Nippon MA-3000,164.3,-999,0.377,-999,-999,-999,samples were collected 2017-2019,SZ,0,0
23ABM,Alaska,USA,23ABM_AM36,2017,Harvard_University,Scott_Zolkos,szolkos@woodwellclimate.org,Zolkos_2024,61.26948,-163.054775,NA,AL,NA,-999,30,-999,0.091,-999,-999,"Vario Max CN, Elementar",10.17,-999,Nippon MA-3000,135.8,-999,0.361,-999,-999,-999,samples were collected 2017-2019,SZ,0,0
9ABM,Alaska,USA,9ABM_AM3,2017,Harvard_University,Scott_Zolkos,szolkos@woodwellclimate.org,Zolkos_2024,61.22488,-163.1969,NA,AL,NA,-999,30,-999,0.117,-999,-999,"Vario Max CN, Elementar",13.77,-999,Nippon MA-3000,171.2,-999,0.438,-999,-999,-999,samples were collected 2017-2019,SZ,0,0
9ABM,Alaska,USA,9ABM_AM4,2017,Harvard_University,Scott_Zolkos,szolkos@woodwellclimate.org,Zolkos_2024,61.22494,-163.1971,NA,AL,NA,-999,30,-999,0.22,-999,-999,"Vario Max CN, Elementar",17.55,-999,Nippon MA-3000,109.7,-999,0.412,-999,-999,-999,samples were collected 2017-2019,SZ,0,0
9ABM,Alaska,USA,9ABM_AM5,2017,Harvard_University,Scott_Zolkos,szolkos@woodwellclimate.org,Zolkos_2024,61.22501,-163.19734,NA,AL,NA,-999,30,-999,0.118,-999,-999,"Vario Max CN, Elementar",14.75,-999,Nippon MA-3000,116.5,-999,0.279,-999,-999,-999,samples were collected 2017-2019,SZ,0,0
9ABM,Alaska,USA,9ABM_AM7,2017,Harvard_University,Scott_Zolkos,szolkos@woodwellclimate.org,Zolkos_2024,61.22531,-163.19771,NA,AL,NA,-999,30,-999,0.137,-999,-999,"Vario Max CN, Elementar",17.08,-999,Nippon MA-3000,125.3,-999,0.303,-999,-999,-999,samples were collected 2017-2019,SZ,0,0
FN1,Alaska,USA,FN1_15,2017,Harvard_University,Scott_Zolkos,szolkos@woodwellclimate.org,Zolkos_2024,61.25898,-163.24026,NA,AL,NA,-999,25,-999,0.202,-999,-999,"Vario Max CN, Elementar",8.64,-999,Nippon MA-3000,71.5,-999,0.418,-999,-999,-999,samples were collected 2017-2019,SZ,0,0
FN1,Alaska,USA,FN1_16,2017,Harvard_University,Scott_Zolkos,szolkos@woodwellclimate.org,Zolkos_2024,61.258875,-163.240305,NA,AL,NA,-999,30,-999,-999,-999,-999,"Vario Max CN, Elementar",NA,-999,Nippon MA-3000,69.1,-999,-999,-999,-999,-999,samples were collected 2017-2019,SZ,0,0
FN2,Alaska,USA,FN2_33,2017,Harvard_University,Scott_Zolkos,szolkos@woodwellclimate.org,Zolkos_2024,61.2708633,-163.2427667,NA,AL,NA,-999,31,-999,0.035,-999,-999,"Vario Max CN, Elementar",5.15,-999,Nippon MA-3000,72.4,-999,0.153,-999,-999,-999,samples were collected 2017-2019,SZ,0,0
LK P2,Alaska,USA,LK P2_7,2017,Harvard_University,Scott_Zolkos,szolkos@woodwellclimate.org,Zolkos_2024,61.25691,-163.23877,NA,AL,NA,-999,33,-999,0.052,-999,-999,"Vario Max CN, Elementar",7.87,-999,Nippon MA-3000,99.2,-999,0.217,-999,-999,-999,samples were collected 2017-2019,SZ,0,0
LK P2,Alaska,USA,LK P2_8,2017,Harvard_University,Scott_Zolkos,szolkos@woodwellclimate.org,Zolkos_2024,61.256825,-163.23848,NA,AL,NA,-999,31.5,-999,0.07,-999,-999,"Vario Max CN, Elementar",9.78,-999,Nippon MA-3000,135.2,-999,0.32,-999,-999,-999,samples were collected 2017-2019,SZ,0,0
LK20,Alaska,USA,LK20_1,2017,Harvard_University,Scott_Zolkos,szolkos@woodwellclimate.org,Zolkos_2024,61.2608033,-163.2466967,NA,AL,NA,-999,32.3,-999,0.097,-999,-999,"Vario Max CN, Elementar",14.7,-999,Nippon MA-3000,97.3,-999,0.208,-999,-999,-999,samples were collected 2017-2019,SZ,0,0
LK21,Alaska,USA,LK21_4,2017,Harvard_University,Scott_Zolkos,szolkos@woodwellclimate.org,Zolkos_2024,61.26025,-163.242375,NA,AL,NA,-999,32.5,-999,0.055,-999,-999,"Vario Max CN, Elementar",8.07,-999,Nippon MA-3000,169.8,-999,0.376,-999,-999,-999,samples were collected 2017-2019,SZ,0,0
LK21,Alaska,USA,LK21_6,2017,Harvard_University,Scott_Zolkos,szolkos@woodwellclimate.org,Zolkos_2024,61.2601933,-163.24283,NA,AL,NA,-999,19.7,-999,0.044,-999,-999,"Vario Max CN, Elementar",4.37,-999,Nippon MA-3000,155.9,-999,0.316,-999,-999,-999,samples were collected 2017-2019,SZ,0,0
LP1,Alaska,USA,LP1_18,2017,Harvard_University,Scott_Zolkos,szolkos@woodwellclimate.org,Zolkos_2024,61.2360033,-163.24632,NA,AL,NA,-999,28.3,-999,0.135,-999,-999,"Vario Max CN, Elementar",15.2,-999,Nippon MA-3000,112.1,-999,0.263,-999,-999,-999,samples were collected 2017-2019,SZ,0,0
P1,Alaska,USA,P1_21,2017,Harvard_University,Scott_Zolkos,szolkos@woodwellclimate.org,Zolkos_2024,61.23466,-163.25583,NA,AL,NA,-999,32,-999,0.277,-999,-999,"Vario Max CN, Elementar",16,-999,Nippon MA-3000,102.7,-999,0.407,-999,-999,-999,samples were collected 2017-2019,SZ,0,0
P1,Alaska,USA,P1_23,2017,Harvard_University,Scott_Zolkos,szolkos@woodwellclimate.org,Zolkos_2024,61.23465,-163.25557,NA,AL,NA,-999,31,-999,0.091,-999,-999,"Vario Max CN, Elementar",11.78,-999,Nippon MA-3000,121.4,-999,0.291,-999,-999,-999,samples were collected 2017-2019,SZ,0,0
RP1,Alaska,USA,RP1_24,2017,Harvard_University,Scott_Zolkos,szolkos@woodwellclimate.org,Zolkos_2024,61.2388833,-163.2584433,NA,AL,NA,-999,27,-999,0.124,-999,-999,"Vario Max CN, Elementar",14.75,-999,Nippon MA-3000,118.5,-999,0.278,-999,-999,-999,samples were collected 2017-2019,SZ,0,0
U1,Alaska,USA,U1_48,2017,Harvard_University,Scott_Zolkos,szolkos@woodwellclimate.org,Zolkos_2024,61.25849,-163.24748,NA,AL,NA,-999,31,-999,0.083,-999,-999,"Vario Max CN, Elementar",8.91,-999,Nippon MA-3000,116.6,-999,0.335,-999,-999,-999,samples were collected 2017-2019,SZ,0,0
U1,Alaska,USA,U1_49,2017,Harvard_University,Scott_Zolkos,szolkos@woodwellclimate.org,Zolkos_2024,61.25828,-163.2473733,NA,AL,NA,-999,27.7,-999,0.125,-999,-999,"Vario Max CN, Elementar",14.01,-999,Nippon MA-3000,146.9,-999,0.344,-999,-999,-999,samples were collected 2017-2019,SZ,0,0
U1,Alaska,USA,U1_50,2017,Harvard_University,Scott_Zolkos,szolkos@woodwellclimate.org,Zolkos_2024,61.258165,-163.247265,NA,AL,NA,-999,32.5,-999,0.075,-999,-999,"Vario Max CN, Elementar",9.8,-999,Nippon MA-3000,117.3,-999,0.284,-999,-999,-999,samples were collected 2017-2019,SZ,0,0
U2,Alaska,USA,U2_51,2017,Harvard_University,Scott_Zolkos,szolkos@woodwellclimate.org,Zolkos_2024,61.32074,-163.2437,NA,AL,NA,-999,29,-999,0.059,-999,-999,"Vario Max CN, Elementar",5.96,-999,Nippon MA-3000,189.6,-999,0.542,-999,-999,-999,samples were collected 2017-2019,SZ,0,0
U2,Alaska,USA,U2_52,2017,Harvard_University,Scott_Zolkos,szolkos@woodwellclimate.org,Zolkos_2024,61.320765,-163.243285,NA,AL,NA,-999,26,-999,0.074,-999,-999,"Vario Max CN, Elementar",5.98,-999,Nippon MA-3000,161.7,-999,0.536,-999,-999,-999,samples were collected 2017-2019,SZ,0,0
U3,Alaska,USA,U3_54,2017,Harvard_University,Scott_Zolkos,szolkos@woodwellclimate.org,Zolkos_2024,61.2703843,-163.2371257,NA,AL,NA,-999,16.6,-999,0.064,-999,-999,"Vario Max CN, Elementar",4.89,-999,Nippon MA-3000,115.1,-999,0.258,-999,-999,-999,samples were collected 2017-2019,SZ,0,0
U3,Alaska,USA,U3_55,2017,Harvard_University,Scott_Zolkos,szolkos@woodwellclimate.org,Zolkos_2024,61.270605,-163.237295,NA,AL,NA,-999,20.5,-999,0.122,-999,-999,"Vario Max CN, Elementar",8.51,-999,Nippon MA-3000,132.7,-999,0.384,-999,-999,-999,samples were collected 2017-2019,SZ,0,0
UBD15,Alaska,USA,UBD15_MM13,2017,Harvard_University,Scott_Zolkos,szolkos@woodwellclimate.org,Zolkos_2024,61.26117,-163.24188,NA,AL,NA,-999,23.5,-999,0.05,-999,-999,"Vario Max CN, Elementar",3.83,-999,Nippon MA-3000,211.1,-999,0.621,-999,-999,-999,samples were collected 2017-2019,SZ,0,0
UBD1,Alaska,USA,UBD1_MM61,2017,Harvard_University,Scott_Zolkos,szolkos@woodwellclimate.org,Zolkos_2024,61.26312,-163.25008,NA,AL,NA,-999,19.3,-999,0.026,-999,-999,"Vario Max CN, Elementar",1.68,-999,Nippon MA-3000,197.2,-999,0.497,-999,-999,-999,samples were collected 2017-2019,SZ,0,0
UBD2,Alaska,USA,UBD2_MM68,2017,Harvard_University,Scott_Zolkos,szolkos@woodwellclimate.org,Zolkos_2024,61.26756,-163.27008,NA,AL,NA,-999,15.5,-999,0.041,-999,-999,"Vario Max CN, Elementar",2.45,-999,Nippon MA-3000,278,-999,0.748,-999,-999,-999,samples were collected 2017-2019,SZ,0,1
UBD3,Alaska,USA,UBD3_MM57,2017,Harvard_University,Scott_Zolkos,szolkos@woodwellclimate.org,Zolkos_2024,61.26763,-163.27016,NA,AL,NA,-999,19.3,-999,0.039,-999,-999,"Vario Max CN, Elementar",3.07,-999,Nippon MA-3000,108.4,-999,0.259,-999,-999,-999,samples were collected 2017-2019,SZ,0,0
UBD14,Alaska,USA,UBM14_MM16,2017,Harvard_University,Scott_Zolkos,szolkos@woodwellclimate.org,Zolkos_2024,61.26102,-163.24171,NA,AL,NA,-999,18.2,-999,0.08,-999,-999,"Vario Max CN, Elementar",4.82,-999,Nippon MA-3000,227.2,-999,0.67,-999,-999,-999,samples were collected 2017-2019,SZ,0,0
UBM1,Alaska,USA,UBM1_MM23,2017,Harvard_University,Scott_Zolkos,szolkos@woodwellclimate.org,Zolkos_2024,61.26305,-163.24997,NA,AL,NA,-999,12.8,-999,0.054,-999,-999,"Vario Max CN, Elementar",2.52,-999,Nippon MA-3000,206.6,-999,0.553,-999,-999,-999,samples were collected 2017-2019,SZ,0,0
UBM2,Alaska,USA,UBM2_MM26,2017,Harvard_University,Scott_Zolkos,szolkos@woodwellclimate.org,Zolkos_2024,61.26328,-163.25018,NA,AL,NA,-999,16.5,-999,0.033,-999,-999,"Vario Max CN, Elementar",2.13,-999,Nippon MA-3000,212.5,-999,0.525,-999,-999,-999,samples were collected 2017-2019,SZ,0,0
UBM3,Alaska,USA,UBM3_MM105,2017,Harvard_University,Scott_Zolkos,szolkos@woodwellclimate.org,Zolkos_2024,61.26274,-163.25017,NA,AL,NA,-999,20.5,-999,0.039,-999,-999,"Vario Max CN, Elementar",3.46,-999,Nippon MA-3000,324.3,-999,0.742,-999,-999,-999,samples were collected 2017-2019,SZ,0,1
UBT1,Alaska,USA,UBT1_MM69,2017,Harvard_University,Scott_Zolkos,szolkos@woodwellclimate.org,Zolkos_2024,61.26198,-163.25053,NA,AL,NA,-999,10.7,-999,0.128,-999,-999,"Vario Max CN, Elementar",2.23,-999,Nippon MA-3000,195.3,-999,0.589,-999,-999,-999,samples were collected 2017-2019,SZ,0,0
UBT2,Alaska,USA,UBT2_MM50,2017,Harvard_University,Scott_Zolkos,szolkos@woodwellclimate.org,Zolkos_2024,61.26183,-163.25114,NA,AL,NA,-999,9,-999,0.06,-999,-999,"Vario Max CN, Elementar",2.09,-999,Nippon MA-3000,211.4,-999,0.537,-999,-999,-999,samples were collected 2017-2019,SZ,0,0
UBT3,Alaska,USA,UBT3_MM59,2017,Harvard_University,Scott_Zolkos,szolkos@woodwellclimate.org,Zolkos_2024,61.26157,-163.25111,NA,AL,NA,-999,14,-999,0.099,-999,-999,"Vario Max CN, Elementar",4.84,-999,Nippon MA-3000,112.4,-999,0.29,-999,-999,-999,samples were collected 2017-2019,SZ,0,0
UNB21,Alaska,USA,UNB21_89,2017,Harvard_University,Scott_Zolkos,szolkos@woodwellclimate.org,Zolkos_2024,61.320735,-163.2424,NA,AL,NA,-999,15.5,-999,0.049,-999,-999,"Vario Max CN, Elementar",3.01,-999,Nippon MA-3000,102.2,-999,0.237,-999,-999,-999,samples were collected 2017-2019,SZ,0,0
UNB23,Alaska,USA,UNB23_86,2017,Harvard_University,Scott_Zolkos,szolkos@woodwellclimate.org,Zolkos_2024,61.32078,-163.24251,NA,AL,NA,-999,23,-999,0.037,-999,-999,"Vario Max CN, Elementar",4.06,-999,Nippon MA-3000,101.5,-999,0.211,-999,-999,-999,samples were collected 2017-2019,SZ,0,0

