Core_ID,Site_ID,Location_ID,Country,Sample_ID,Date,Laboratory,Contact_name,Contact_email,Paper_code,Latitude,Longitude,Veg_spec_common,Veg_species_sci,Veg_typ,AGB,THg_inst,THg,THg_err,Notes,Collector,Component,Range Flag,Outlier Flag
"Admiralty Bay, King George Island, Antarctica__-62.08_-58.38",NA,"Admiralty Bay, King George Island, Antarctica",Antarctica,1686,2005,NA,NA,NA,Cipro_et_al._2017,-62.08,-58.38,NA,Colobanthus quitensis,Wetland-salt marsh,-999,NA,14,-999,NA,NA,Grass,0,1
"Admiralty Bay, King George Island, Antarctica__-62.08_-58.38",NA,"Admiralty Bay, King George Island, Antarctica",Antarctica,1687,2005,NA,NA,NA,Cipro_et_al._2017,-62.08,-58.38,NA,"Brachythecium sp., Syntrichia princeps and Sanionia uncinata",Wetland-salt marsh,-999,NA,78,-999,NA,NA,Moss ,0,1
"Admiralty Bay, King George Island, Antarctica__-62.08_-58.38",NA,"Admiralty Bay, King George Island, Antarctica",Antarctica,1688,2005,NA,NA,NA,Cipro_et_al._2017,-62.08,-58.38,NA,Usnea aurantiaco-atra and Usnea antarctica,Wetland-salt marsh,-999,NA,180,-999,NA,NA,Lichen,0,1
"Scree Hill in central Yukon, Canada__65.07_-138.16",NA,"Scree Hill in central Yukon, Canada",Canada,353,2016,NA,NA,NA,Clackett_et_al._2018,65.07,-138.16,NA,white spruce (Picea glauca),Coniferous,-999,NA,1.2,-999,NA,NA,Bole Wood ,0,1
northern Qu6bec __56_-70,NA,northern Qu6bec ,Canada,3102,-999,NA,NA,NA,Crête_et_al._1992 ,56,-70,NA,NA,Tundra,-999,NA,128,-999,NA,NA,Lichen,0,1
northern Qu7bec__56_-70,NA,northern Qu7bec,Canada,3103,-999,NA,NA,NA,Crête_et_al._1992 ,56,-70,NA,NA,Forest tundra,-999,NA,50,-999,NA,NA,Lichen,0,1
northern Qu8bec__56_-70,NA,northern Qu8bec,Canada,3104,-999,NA,NA,NA,Crête_et_al._1992 ,56,-70,NA,NA,Boreal forest,-999,NA,53,-999,NA,NA,Lichen,0,1
northern Qu9bec__56_-70,NA,northern Qu9bec,Canada,3105,-999,NA,NA,NA,Crête_et_al._1992 ,56,-70,NA,NA,Tundra,-999,NA,165,-999,NA,NA,Lichen,0,1
northern Qu10bec__56_-70,NA,northern Qu10bec,Canada,3106,-999,NA,NA,NA,Crête_et_al._1992 ,56,-70,NA,NA,Forest tundra,-999,NA,94,-999,NA,NA,Lichen,0,1
northern Qu11bec__56_-70,NA,northern Qu11bec,Canada,3107,-999,NA,NA,NA,Crête_et_al._1992 ,56,-70,NA,NA,Boreal forest,-999,NA,50,-999,NA,NA,Lichen,0,1
northern Qu12bec__56_-70,NA,northern Qu12bec,Canada,3108,-999,NA,NA,NA,Crête_et_al._1992 ,56,-70,NA,NA,Tundra,-999,NA,78,-999,NA,NA,Lichen,0,1
northern Qu13bec__56_-70,NA,northern Qu13bec,Canada,3109,-999,NA,NA,NA,Crête_et_al._1992 ,56,-70,NA,NA,Forest tundra,-999,NA,72,-999,NA,NA,Lichen,0,1
northern Qu14bec__56_-70,NA,northern Qu14bec,Canada,3110,-999,NA,NA,NA,Crête_et_al._1992 ,56,-70,NA,NA,Boreal forest,-999,NA,80,-999,NA,NA,Lichen,0,1
Crete_1_Quebec_55_72,Crete_1,Quebec ,Canada,Crete_1,1/1/1998,NA,Michel Crete,NA,Crête_et_al._1992 ,56,-72,"star reindeer lichen, witch’s hair lichen, reindeer lichen","Cladina stellaris, Alectoria ochroleuca, Cornicularia divergens, Bryocaulon divergens, Cladina mitis","ENF, SBV, GT, ST",120,CVAAS,90,10,"This study does not report site-level data, so much of the metadata is assumed and/or representative of the total study area.",NA,NA,0,1
Arctic Coastal Plain of Alaska__71.29_-156.58,NA,Arctic Coastal Plain of Alaska,USA,324,2008,NA,NA,NA,Douglas_and_Blum_ 2019,71.29,-156.58,NA,tundra vegetation,Decidous,-999,NA,319.7,-999,NA,NA,Grass,0,1
Alaska_-156.58_71.29,NA,Utqiaġ vik,USA,NA,7/1/2008,U.S._Army_Cold_Regions_Research_Engineering_Laboratory,Thomas_Douglas,thomas.a.douglas@usace.army.mil,Douglas_and_Blum_ 2019,71.29,-156.58,grass,NA,tundra,-999,DMA,319.7,-999,NA,LS,NA,0,1
Jotunkjeldane_Svalbard_ 79.445303°_ 12.974956°,Site 4,Jotunkjeldane,Svalbard,4,7/1/1988,Institue_of_Chemical_Technology_Prague_Czechoslovakia,NA,NA,Drbal_1992,79.445303,12.974956,algae,Conjugatophyceae - Zygnema sp.,Prostrate shrub tundra,-999,TMA 254,60,na,lat/lon estimated using Google Earth,NA,NA,0,1
Kongressvatnet_Svalbard_ 78.013829°_ 14.035005°,Site 5,Kongressvatnet,Svalbard,5,7/1/1988,Institue_of_Chemical_Technology_Prague_Czechoslovakia,NA,NA,Drbal_1992,78.013829,14.035005,lichen,Cetraria nivalis,Prostrate shrub tundra,-999,TMA 255,113,na,lat/lon estimated using Google Earth,NA,NA,0,1
Petuniabukta_Svalbard_ 78.525794°_ 15.620543°,Site 6,Petuniabukta,Svalbard,6,7/1/1988,Institue_of_Chemical_Technology_Prague_Czechoslovakia,NA,NA,Drbal_1992,78.525794,15.620543,moss,Tamenthypnum nitens,Prostrate shrub tundra,-999,TMA 256,195,na,lat/lon estimated using Google Earth,NA,NA,0,1
Bockfjorden_Svalbard_ 79.346284°_ 12.566827°,Site 7,Bockfjorden,Svalbard,7,7/1/1988,Institue_of_Chemical_Technology_Prague_Czechoslovakia,NA,NA,Drbal_1992,79.346284,12.566827,moss,Rhacomitrium lanuginsoum,Prostrate shrub tundra,-999,TMA 257,167,na,lat/lon estimated using Google Earth,NA,NA,0,1
Bockfjorden_Svalbard_79.331171°_ 13.586644°,Site 8,Bockfjorden,Svalbard,8,7/1/1988,Institue_of_Chemical_Technology_Prague_Czechoslovakia,NA,NA,Drbal_1992,79.331171,13.586644,vascular plant,Cassiope tetragona,Prostrate shrub tundra,-999,TMA 258,143,na,lat/lon estimated using Google Earth,NA,NA,0,1
Old Crow Flats__67.29_-139.66,NA,Old Crow Flats,Canada,2471,2008,NA,NA,NA,Eccles_et_al._2020,67.29,-139.66,NA,spruce (Picea glauca),coniferous,-999,NA,3.1,0.4,NA,NA,Bole Wood ,0,1
"Mt. Gongga, China__29.6_101.88",NA,"Mt. Gongga, China",China,1149,2006,NA,NA,NA,Fu_et_al._2010,29.6,101.88,NA,Grossulariaceae,Evergreen,-999,NA,36.1,11.2,NA,NA,Leaf ,0,1
"Mt. Gongga, China__29.6_101.88",NA,"Mt. Gongga, China",China,1150,2006,NA,NA,NA,Fu_et_al._2010,29.6,101.88,NA, Maple,Evergreen,-999,NA,34.5,34.5,NA,NA,Leaf ,0,1
"Mt. Gongga, China__29.6_101.88",NA,"Mt. Gongga, China",China,1151,2006,NA,NA,NA,Fu_et_al._2010,29.6,101.88,NA, Mountain ash,Evergreen,-999,NA,32.4,6.6,NA,NA,Leaf ,0,1
"Mt. Gongga, China__29.6_101.88",NA,"Mt. Gongga, China",China,1152,2006,NA,NA,NA,Fu_et_al._2010,29.6,101.88,NA, Emei Fir,Evergreen,-999,NA,26.6,5.1,NA,NA,Leaf ,0,1
"Mt. Gongga, China__29.6_101.88",NA,"Mt. Gongga, China",China,1153,2006,NA,NA,NA,Fu_et_al._2010,29.6,101.88,NA, Broad leaf Cuculidae,Evergreen,-999,NA,24.2,9.6,NA,NA,Leaf ,0,1
"Mt. Gongga, China__29.6_101.88",NA,"Mt. Gongga, China",China,1154,2006,NA,NA,NA,Fu_et_al._2010,29.6,101.88,NA,woolly foliage Cuculidae,Evergreen,-999,NA,12.2,2.9,NA,NA,Leaf ,0,1
"The Mackenzie River Delta, NorthwestTerritories, Canada, near the Beaufort Sea__65.01_-126.66",NA,"The Mackenzie River Delta, NorthwestTerritories, Canada, near the Beaufort Sea",Canada,2254,2015,NA,NA,NA,Ghotra_et_al._2020,65.01,-126.66,NA,white spruce,coniferous,-999,NA,2.8,0.4,NA,NA,Bole Wood ,0,1
"Hornavan and Uddjaure, Sweden__66.37_17.82",NA,"Hornavan and Uddjaure, Sweden",Sweden,541,2009,NA,NA,NA,Giesler_et_al._2017 ,66.37,17.82,NA,larger islands,Decidous,-999,NA,80,-999,NA,NA,Litterfall,0,1
"Hornavan and Uddjaure, Sweden__66.37_17.82",NA,"Hornavan and Uddjaure, Sweden",Sweden,542,2009,NA,NA,NA,Giesler_et_al._2017 ,66.37,17.82,NA,mdeium islands,Decidous,-999,NA,80,-999,NA,NA,Litterfall,0,1
"Hornavan and Uddjaure, Sweden__66.37_17.82",NA,"Hornavan and Uddjaure, Sweden",Sweden,543,2009,NA,NA,NA,Giesler_et_al._2017 ,66.37,17.82,NA,small islands,Decidous,-999,NA,75,-999,NA,NA,Litterfall,0,1
Linzhi__29.78_94.5,NA,Linzhi,China,864,2008,NA,NA,NA,Gong_et_al._2014,29.78,94.5,NA,Pine and fir,Coniferous,-999,NA,8.4,3.7,NA,NA,Needle,0,1
Nujiang River  __28.83_98.17,NA,Nujiang River  ,China,865,2008,NA,NA,NA,Gong_et_al._2014,28.83,98.17,NA,Pine,Coniferous,-999,NA,12.2,5,NA,NA,Needle,0,1
Yadong __27.47_88.91,NA,Yadong ,China,863,2008,NA,NA,NA,Gong_et_al._2014,27.47,88.91,NA,Pine and fir,Coniferous,-999,NA,5.4,2.9,NA,NA,Needle,0,1
"northern Taiga, Russia);__56.07_85.64",NA,"northern Taiga, Russia);",Russia,1414,-999,NA,NA,NA,HUHN_et_al._1994,56.07,85.64,NA,Scots pine,coniferous,-999,NA,70,2,NA,NA,Bark,0,1
"nature conservation area Central' no lesnoj (near Kalinin, Russia);__54.72_20.44",NA,"nature conservation area Central' no lesnoj (near Kalinin, Russia);",Russia,1415,-999,NA,NA,NA,HUHN_et_al._1994,54.72,20.44,NA,Scots pine,coniferous,-999,NA,170,80,NA,NA,Bark,0,1
Tianshan Mountains_DC1_43.26_87.16,DC1,Tianshan Mountains,China,142,2014,NA,NA,NA,Kang _et_al._2019,43.26,87.16,NA,Schrenk spruce,Coniferous,-999,NA,32,-999,NA,NA,Needle,0,1
Tianshan Mountains_DC1_43.26_87.16,DC1,Tianshan Mountains,China,143,2015,NA,NA,NA,Kang _et_al._2019,43.26,87.16,NA,Schrenk spruce,Coniferous,-999,NA,25.3,-999,NA,NA,Needle,0,1
Tianshan Mountains_DC1_43.26_87.16,DC1,Tianshan Mountains,China,144,2016,NA,NA,NA,Kang _et_al._2019,43.26,87.16,NA,Schrenk spruce,Coniferous,-999,NA,17.3,-999,NA,NA,Needle,0,1
Tianshan Mountains_DC1_43.26_87.16,DC1,Tianshan Mountains,China,145,2017,NA,NA,NA,Kang _et_al._2019,43.26,87.16,NA,Schrenk spruce,Coniferous,-999,NA,8,-999,NA,NA,Needle,0,1
Tianshan Mountains_DC1_43.26_87.16,DC1,Tianshan Mountains,China,174,2014,NA,NA,NA,Kang _et_al._2019,43.26,87.16,NA,Schrenk spruce,Coniferous,-999,NA,2.5,-999,NA,NA,Bole Wood ,0,1
Tianshan Mountains_DC1_43.26_87.16,DC1,Tianshan Mountains,China,175,2015,NA,NA,NA,Kang _et_al._2019,43.26,87.16,NA,Schrenk spruce,Coniferous,-999,NA,2.7,-999,NA,NA,Bole Wood ,0,1
Tianshan Mountains_DC1_43.26_87.16,DC1,Tianshan Mountains,China,176,2016,NA,NA,NA,Kang _et_al._2019,43.26,87.16,NA,Schrenk spruce,Coniferous,-999,NA,3.4,-999,NA,NA,Bole Wood ,0,1
Tianshan Mountains_DC1_43.26_87.16,DC1,Tianshan Mountains,China,177,2017,NA,NA,NA,Kang _et_al._2019,43.26,87.16,NA,Schrenk spruce,Coniferous,-999,NA,7.9,-999,NA,NA,Bole Wood ,0,1
Tianshan Mountains_DC1_43.26_87.16,DC1,Tianshan Mountains,China,197,-999,NA,NA,NA,Kang _et_al._2019,43.26,87.16,NA,Schrenk spruce,Coniferous,-999,NA,19.2,-999,NA,NA,Bark,0,1
Tianshan Mountains_DC2_43.25_87.17,DC2,Tianshan Mountains,China,146,2014,NA,NA,NA,Kang _et_al._2019,43.25,87.17,NA,Schrenk spruce,Coniferous,-999,NA,26.2,-999,NA,NA,Needle,0,1
Tianshan Mountains_DC2_43.25_87.17,DC2,Tianshan Mountains,China,147,2015,NA,NA,NA,Kang _et_al._2019,43.25,87.17,NA,Schrenk spruce,Coniferous,-999,NA,21.2,-999,NA,NA,Needle,0,1
Tianshan Mountains_DC2_43.25_87.17,DC2,Tianshan Mountains,China,148,2016,NA,NA,NA,Kang _et_al._2019,43.25,87.17,NA,Schrenk spruce,Coniferous,-999,NA,14.1,-999,NA,NA,Needle,0,1
Tianshan Mountains_DC2_43.25_87.17,DC2,Tianshan Mountains,China,149,2017,NA,NA,NA,Kang _et_al._2019,43.25,87.17,NA,Schrenk spruce,Coniferous,-999,NA,6.7,-999,NA,NA,Needle,0,1
Tianshan Mountains_DC3_43.25_87.18,DC3,Tianshan Mountains,China,150,2014,NA,NA,NA,Kang _et_al._2019,43.25,87.18,NA,Schrenk spruce,Coniferous,-999,NA,21.7,-999,NA,NA,Needle,0,1
Tianshan Mountains_DC3_43.25_87.18,DC3,Tianshan Mountains,China,151,2015,NA,NA,NA,Kang _et_al._2019,43.25,87.18,NA,Schrenk spruce,Coniferous,-999,NA,17.7,-999,NA,NA,Needle,0,1
Tianshan Mountains_DC3_43.25_87.18,DC3,Tianshan Mountains,China,152,2016,NA,NA,NA,Kang _et_al._2019,43.25,87.18,NA,Schrenk spruce,Coniferous,-999,NA,12.2,-999,NA,NA,Needle,0,1
Tianshan Mountains_DC3_43.25_87.18,DC3,Tianshan Mountains,China,153,2017,NA,NA,NA,Kang _et_al._2019,43.25,87.18,NA,Schrenk spruce,Coniferous,-999,NA,6.1,-999,NA,NA,Needle,0,1
Tianshan Mountains_DC2_43.25_87.17,DC2,Tianshan Mountains,China,178,2014,NA,NA,NA,Kang _et_al._2019,43.25,87.17,NA,Schrenk spruce,Coniferous,-999,NA,1.7,-999,NA,NA,Bole Wood ,0,1
Tianshan Mountains_DC2_43.25_87.17,DC2,Tianshan Mountains,China,179,2015,NA,NA,NA,Kang _et_al._2019,43.25,87.17,NA,Schrenk spruce,Coniferous,-999,NA,2,-999,NA,NA,Bole Wood ,0,1
Tianshan Mountains_DC2_43.25_87.17,DC2,Tianshan Mountains,China,180,2016,NA,NA,NA,Kang _et_al._2019,43.25,87.17,NA,Schrenk spruce,Coniferous,-999,NA,2.6,-999,NA,NA,Bole Wood ,0,1
Tianshan Mountains_DC2_43.25_87.17,DC2,Tianshan Mountains,China,181,2017,NA,NA,NA,Kang _et_al._2019,43.25,87.17,NA,Schrenk spruce,Coniferous,-999,NA,6.8,-999,NA,NA,Bole Wood ,0,1
Tianshan Mountains_DC3_43.25_87.18,DC3,Tianshan Mountains,China,182,2014,NA,NA,NA,Kang _et_al._2019,43.25,87.18,NA,Schrenk spruce,Coniferous,-999,NA,1.7,-999,NA,NA,Bole Wood ,0,1
Tianshan Mountains_DC3_43.25_87.18,DC3,Tianshan Mountains,China,183,2015,NA,NA,NA,Kang _et_al._2019,43.25,87.18,NA,Schrenk spruce,Coniferous,-999,NA,1.7,-999,NA,NA,Bole Wood ,0,1
Tianshan Mountains_DC3_43.25_87.18,DC3,Tianshan Mountains,China,184,2016,NA,NA,NA,Kang _et_al._2019,43.25,87.18,NA,Schrenk spruce,Coniferous,-999,NA,2.4,-999,NA,NA,Bole Wood ,0,1
Tianshan Mountains_DC3_43.25_87.18,DC3,Tianshan Mountains,China,185,2017,NA,NA,NA,Kang _et_al._2019,43.25,87.18,NA,Schrenk spruce,Coniferous,-999,NA,8.1,-999,NA,NA,Bole Wood ,0,1
Tianshan Mountains_DC2_43.25_87.17,DC2,Tianshan Mountains,China,198,-999,NA,NA,NA,Kang _et_al._2019,43.25,87.17,NA,Schrenk spruce,Coniferous,-999,NA,15,-999,NA,NA,Bark,0,1
Tianshan Mountains_DC3_43.25_87.18,DC3,Tianshan Mountains,China,199,-999,NA,NA,NA,Kang _et_al._2019,43.25,87.18,NA,Schrenk spruce,Coniferous,-999,NA,14.2,-999,NA,NA,Bark,0,1
Tianshan Mountains_HXG1_43.23_87.15,HXG1,Tianshan Mountains,China,130,2014,NA,NA,NA,Kang _et_al._2019,43.23,87.15,NA,Schrenk spruce,Coniferous,-999,NA,93.1,-999,NA,NA,Needle,0,1
Tianshan Mountains_HXG1_43.23_87.15,HXG1,Tianshan Mountains,China,131,2015,NA,NA,NA,Kang _et_al._2019,43.23,87.15,NA,Schrenk spruce,Coniferous,-999,NA,80.2,-999,NA,NA,Needle,0,1
Tianshan Mountains_HXG1_43.23_87.15,HXG1,Tianshan Mountains,China,132,2016,NA,NA,NA,Kang _et_al._2019,43.23,87.15,NA,Schrenk spruce,Coniferous,-999,NA,31.2,-999,NA,NA,Needle,0,1
Tianshan Mountains_HXG1_43.23_87.15,HXG1,Tianshan Mountains,China,133,2017,NA,NA,NA,Kang _et_al._2019,43.23,87.15,NA,Schrenk spruce,Coniferous,-999,NA,22.4,-999,NA,NA,Needle,0,1
Tianshan Mountains_HXG2_43.23_87.17,HXG2,Tianshan Mountains,China,134,2014,NA,NA,NA,Kang _et_al._2019,43.23,87.17,NA,Schrenk spruce,Coniferous,-999,NA,26.8,-999,NA,NA,Needle,0,1
Tianshan Mountains_HXG2_43.23_87.17,HXG2,Tianshan Mountains,China,135,2015,NA,NA,NA,Kang _et_al._2019,43.23,87.17,NA,Schrenk spruce,Coniferous,-999,NA,20.7,-999,NA,NA,Needle,0,1
Tianshan Mountains_HXG2_43.23_87.17,HXG2,Tianshan Mountains,China,136,2016,NA,NA,NA,Kang _et_al._2019,43.23,87.17,NA,Schrenk spruce,Coniferous,-999,NA,12.9,-999,NA,NA,Needle,0,1
Tianshan Mountains_HXG2_43.23_87.17,HXG2,Tianshan Mountains,China,137,2017,NA,NA,NA,Kang _et_al._2019,43.23,87.17,NA,Schrenk spruce,Coniferous,-999,NA,6.7,-999,NA,NA,Needle,0,1
Tianshan Mountains_HXG3_43.23_87.17,HXG3,Tianshan Mountains,China,138,2014,NA,NA,NA,Kang _et_al._2019,43.23,87.17,NA,Schrenk spruce,Coniferous,-999,NA,20.2,-999,NA,NA,Needle,0,1
Tianshan Mountains_HXG3_43.23_87.17,HXG3,Tianshan Mountains,China,139,2015,NA,NA,NA,Kang _et_al._2019,43.23,87.17,NA,Schrenk spruce,Coniferous,-999,NA,15.9,-999,NA,NA,Needle,0,1
Tianshan Mountains_HXG3_43.23_87.17,HXG3,Tianshan Mountains,China,140,2016,NA,NA,NA,Kang _et_al._2019,43.23,87.17,NA,Schrenk spruce,Coniferous,-999,NA,10.1,-999,NA,NA,Needle,0,1
Tianshan Mountains_HXG3_43.23_87.17,HXG3,Tianshan Mountains,China,141,2017,NA,NA,NA,Kang _et_al._2019,43.23,87.17,NA,Schrenk spruce,Coniferous,-999,NA,6.6,-999,NA,NA,Needle,0,1
Tianshan Mountains_HXG1_43.23_87.15,HXG1,Tianshan Mountains,China,162,2014,NA,NA,NA,Kang _et_al._2019,43.23,87.15,NA,Schrenk spruce,Coniferous,-999,NA,9.7,-999,NA,NA,Bole Wood ,0,1
Tianshan Mountains_HXG1_43.23_87.15,HXG1,Tianshan Mountains,China,163,2015,NA,NA,NA,Kang _et_al._2019,43.23,87.15,NA,Schrenk spruce,Coniferous,-999,NA,10.1,-999,NA,NA,Bole Wood ,0,1
Tianshan Mountains_HXG1_43.23_87.15,HXG1,Tianshan Mountains,China,164,2016,NA,NA,NA,Kang _et_al._2019,43.23,87.15,NA,Schrenk spruce,Coniferous,-999,NA,12.1,-999,NA,NA,Bole Wood ,0,1
Tianshan Mountains_HXG1_43.23_87.15,HXG1,Tianshan Mountains,China,165,2017,NA,NA,NA,Kang _et_al._2019,43.23,87.15,NA,Schrenk spruce,Coniferous,-999,NA,51.9,-999,NA,NA,Bole Wood ,0,1
Tianshan Mountains_HXG2_43.23_87.17,HXG2,Tianshan Mountains,China,166,2014,NA,NA,NA,Kang _et_al._2019,43.23,87.17,NA,Schrenk spruce,Coniferous,-999,NA,2.1,-999,NA,NA,Bole Wood ,0,1
Tianshan Mountains_HXG2_43.23_87.17,HXG2,Tianshan Mountains,China,167,2015,NA,NA,NA,Kang _et_al._2019,43.23,87.17,NA,Schrenk spruce,Coniferous,-999,NA,2.1,-999,NA,NA,Bole Wood ,0,1
Tianshan Mountains_HXG2_43.23_87.17,HXG2,Tianshan Mountains,China,168,2016,NA,NA,NA,Kang _et_al._2019,43.23,87.17,NA,Schrenk spruce,Coniferous,-999,NA,2.8,-999,NA,NA,Bole Wood ,0,1
Tianshan Mountains_HXG2_43.23_87.17,HXG2,Tianshan Mountains,China,169,2017,NA,NA,NA,Kang _et_al._2019,43.23,87.17,NA,Schrenk spruce,Coniferous,-999,NA,7.8,-999,NA,NA,Bole Wood ,0,1
Tianshan Mountains_HXG3_43.23_87.17,HXG3,Tianshan Mountains,China,170,2014,NA,NA,NA,Kang _et_al._2019,43.23,87.17,NA,Schrenk spruce,Coniferous,-999,NA,2.4,-999,NA,NA,Bole Wood ,0,1
Tianshan Mountains_HXG3_43.23_87.17,HXG3,Tianshan Mountains,China,171,2015,NA,NA,NA,Kang _et_al._2019,43.23,87.17,NA,Schrenk spruce,Coniferous,-999,NA,2.4,-999,NA,NA,Bole Wood ,0,1
Tianshan Mountains_HXG3_43.23_87.17,HXG3,Tianshan Mountains,China,172,2016,NA,NA,NA,Kang _et_al._2019,43.23,87.17,NA,Schrenk spruce,Coniferous,-999,NA,2.9,-999,NA,NA,Bole Wood ,0,1
Tianshan Mountains_HXG3_43.23_87.17,HXG3,Tianshan Mountains,China,173,2017,NA,NA,NA,Kang _et_al._2019,43.23,87.17,NA,Schrenk spruce,Coniferous,-999,NA,5.7,-999,NA,NA,Bole Wood ,0,1
Tianshan Mountains_HXG1_43.23_87.15,HXG1,Tianshan Mountains,China,194,-999,NA,NA,NA,Kang _et_al._2019,43.23,87.15,NA,Schrenk spruce,Coniferous,-999,NA,65.8,-999,NA,NA,Bark,0,1
Tianshan Mountains_HXG2_43.23_87.17,HXG2,Tianshan Mountains,China,195,-999,NA,NA,NA,Kang _et_al._2019,43.23,87.17,NA,Schrenk spruce,Coniferous,-999,NA,15,-999,NA,NA,Bark,0,1
Tianshan Mountains_HXG3_43.23_87.17,HXG3,Tianshan Mountains,China,196,-999,NA,NA,NA,Kang _et_al._2019,43.23,87.17,NA,Schrenk spruce,Coniferous,-999,NA,14,-999,NA,NA,Bark,0,1
Tianshan Mountains_BD1_43.18_87.12,BD1,Tianshan Mountains,China,154,2014,NA,NA,NA,Kang _et_al._2019,43.18,87.12,NA,Schrenk spruce,Coniferous,-999,NA,17.4,-999,NA,NA,Needle,0,1
Tianshan Mountains_BD1_43.18_87.12,BD1,Tianshan Mountains,China,155,2015,NA,NA,NA,Kang _et_al._2019,43.18,87.12,NA,Schrenk spruce,Coniferous,-999,NA,13.8,-999,NA,NA,Needle,0,1
Tianshan Mountains_BD1_43.18_87.12,BD1,Tianshan Mountains,China,156,2016,NA,NA,NA,Kang _et_al._2019,43.18,87.12,NA,Schrenk spruce,Coniferous,-999,NA,9.6,-999,NA,NA,Needle,0,1
Tianshan Mountains_BD1_43.18_87.12,BD1,Tianshan Mountains,China,157,2017,NA,NA,NA,Kang _et_al._2019,43.18,87.12,NA,Schrenk spruce,Coniferous,-999,NA,6.4,-999,NA,NA,Needle,0,1
Tianshan Mountains_BD1_43.18_87.12,BD1,Tianshan Mountains,China,186,2014,NA,NA,NA,Kang _et_al._2019,43.18,87.12,NA,Schrenk spruce,Coniferous,-999,NA,2.3,-999,NA,NA,Bole Wood ,0,1
Tianshan Mountains_BD1_43.18_87.12,BD1,Tianshan Mountains,China,187,2015,NA,NA,NA,Kang _et_al._2019,43.18,87.12,NA,Schrenk spruce,Coniferous,-999,NA,2.4,-999,NA,NA,Bole Wood ,0,1
Tianshan Mountains_BD1_43.18_87.12,BD1,Tianshan Mountains,China,188,2016,NA,NA,NA,Kang _et_al._2019,43.18,87.12,NA,Schrenk spruce,Coniferous,-999,NA,3.8,-999,NA,NA,Bole Wood ,0,1
Tianshan Mountains_BD1_43.18_87.12,BD1,Tianshan Mountains,China,189,2017,NA,NA,NA,Kang _et_al._2019,43.18,87.12,NA,Schrenk spruce,Coniferous,-999,NA,10,-999,NA,NA,Bole Wood ,0,1
Tianshan Mountains_BD1_43.18_87.12,BD1,Tianshan Mountains,China,200,-999,NA,NA,NA,Kang _et_al._2019,43.18,87.12,NA,Schrenk spruce,Coniferous,-999,NA,19.4,-999,NA,NA,Bark,0,1
Tianshan Mountains_BD2_43.12_87.07,BD2,Tianshan Mountains,China,158,2014,NA,NA,NA,Kang _et_al._2019,43.12,87.07,NA,Schrenk spruce,Coniferous,-999,NA,20.4,-999,NA,NA,Needle,0,1
Tianshan Mountains_BD2_43.12_87.07,BD2,Tianshan Mountains,China,159,2015,NA,NA,NA,Kang _et_al._2019,43.12,87.07,NA,Schrenk spruce,Coniferous,-999,NA,16.1,-999,NA,NA,Needle,0,1
Tianshan Mountains_BD2_43.12_87.07,BD2,Tianshan Mountains,China,160,2016,NA,NA,NA,Kang _et_al._2019,43.12,87.07,NA,Schrenk spruce,Coniferous,-999,NA,11.3,-999,NA,NA,Needle,0,1
Tianshan Mountains_BD2_43.12_87.07,BD2,Tianshan Mountains,China,161,2017,NA,NA,NA,Kang _et_al._2019,43.12,87.07,NA,Schrenk spruce,Coniferous,-999,NA,6.6,-999,NA,NA,Needle,0,1
Tianshan Mountains_BD2_43.12_87.07,BD2,Tianshan Mountains,China,190,2014,NA,NA,NA,Kang _et_al._2019,43.12,87.07,NA,Schrenk spruce,Coniferous,-999,NA,1.9,-999,NA,NA,Bole Wood ,0,1
Tianshan Mountains_BD2_43.12_87.07,BD2,Tianshan Mountains,China,191,2015,NA,NA,NA,Kang _et_al._2019,43.12,87.07,NA,Schrenk spruce,Coniferous,-999,NA,1.7,-999,NA,NA,Bole Wood ,0,1
Tianshan Mountains_BD2_43.12_87.07,BD2,Tianshan Mountains,China,192,2016,NA,NA,NA,Kang _et_al._2019,43.12,87.07,NA,Schrenk spruce,Coniferous,-999,NA,2.3,-999,NA,NA,Bole Wood ,0,1
Tianshan Mountains_BD2_43.12_87.07,BD2,Tianshan Mountains,China,193,2017,NA,NA,NA,Kang _et_al._2019,43.12,87.07,NA,Schrenk spruce,Coniferous,-999,NA,6.1,-999,NA,NA,Bole Wood ,0,1
Tianshan Mountains_BD2_43.12_87.07,BD2,Tianshan Mountains,China,201,-999,NA,NA,NA,Kang _et_al._2019,43.12,87.07,NA,Schrenk spruce,Coniferous,-999,NA,14.3,-999,NA,NA,Bark,0,1
Tianshan (TS)__43.22_87.18,NA,Tianshan (TS),China,2440,-999,NA,NA,NA,Kang _et_al._2019,43.22,87.18,NA, Schrenk spruce (Picea schrenkiana),coniferous,-999,NA,3.8,-999,NA,NA,Bole Wood ,0,1
Kuerdening (KLD)__43.13_82.83,NA,Kuerdening (KLD),China,2441,-999,NA,NA,NA,Kang _et_al._2019,43.13,82.83,NA, Schrenk spruce (Picea schrenkiana),coniferous,-999,NA,1.9,-999,NA,NA,Bole Wood ,0,1
P2_Greater Hinggan Mountains_48_120,P2,Greater Hinggan Mountains,China,12,10/1/2014,"State Key Laboratory of Cryospheric Science, Chinese Academy of Sciences","Xiaohong Liu, Shichang Kang","xhliu@snnu.edu.cn, shichang.kang@lzb.ac.cn",Kang_2022,48,120,Mongolian Pine,Pinus sylvestris var. mongolica,Evergreen needleleaf forest,-999,DMA,2.07,0.1,"Woody Tissue; Error = SD; site is only patches of permafrost; Lat,Long estimated from Figure 1",CIO,NA,0,1
P2_Greater Hinggan Mountains_48_120,P2,Greater Hinggan Mountains,China,8,10/1/2014,"State Key Laboratory of Cryospheric Science, Chinese Academy of Sciences","Xiaohong Liu, Shichang Kang","xhliu@snnu.edu.cn, shichang.kang@lzb.ac.cn",Kang_2022,48,120,Mongolian Pine,Pinus sylvestris var. mongolica,Evergreen needleleaf forest,-999,DMA,2.13,0.07,"Woody Tissue; Error = SD; site is only patches of permafrost; Lat,Long estimated from Figure 1",CIO,NA,0,1
P2_Greater Hinggan Mountains_48_120,P2,Greater Hinggan Mountains,China,22,10/1/2014,"State Key Laboratory of Cryospheric Science, Chinese Academy of Sciences","Xiaohong Liu, Shichang Kang","xhliu@snnu.edu.cn, shichang.kang@lzb.ac.cn",Kang_2022,48,120,Mongolian Pine,Pinus sylvestris var. mongolica,Evergreen needleleaf forest,-999,DMA,2.08,0.1,"Woody Tissue; Error = SD; site is only patches of permafrost; Lat,Long estimated from Figure 1",CIO,NA,0,1
P2_Greater Hinggan Mountains_48_120,P2,Greater Hinggan Mountains,China,14,10/1/2014,"State Key Laboratory of Cryospheric Science, Chinese Academy of Sciences","Xiaohong Liu, Shichang Kang","xhliu@snnu.edu.cn, shichang.kang@lzb.ac.cn",Kang_2022,48,120,Mongolian Pine,Pinus sylvestris var. mongolica,Evergreen needleleaf forest,-999,DMA,1.68,0.09,"Woody Tissue; Error = SD; site is only patches of permafrost; Lat,Long estimated from Figure 1",CIO,NA,0,1
P2_Greater Hinggan Mountains_48_120,P2,Greater Hinggan Mountains,China,27,10/1/2014,"State Key Laboratory of Cryospheric Science, Chinese Academy of Sciences","Xiaohong Liu, Shichang Kang","xhliu@snnu.edu.cn, shichang.kang@lzb.ac.cn",Kang_2022,48,120,Mongolian Pine,Pinus sylvestris var. mongolica,Evergreen needleleaf forest,-999,DMA,2.07,0.09,"Woody Tissue; Error = SD; site is only patches of permafrost; Lat,Long estimated from Figure 1",CIO,NA,0,1
P1_Greater Hinggan Mountains_52_123,P1,Greater Hinggan Mountains,China,18,10/1/2014,"State Key Laboratory of Cryospheric Science, Chinese Academy of Sciences","Xiaohong Liu, Shichang Kang","xhliu@snnu.edu.cn, shichang.kang@lzb.ac.cn",Kang_2022,52,123,Mongolian Pine,Pinus sylvestris var. mongolica,Evergreen needleleaf forest,-999,DMA,1.89,0.42,"Woody Tissue; Error = SD; site is discontinuous permafrost; Lat,Long estimated from Figure 1",CIO,NA,0,1
P1_Greater Hinggan Mountains_52_123,P1,Greater Hinggan Mountains,China,12,10/1/2014,"State Key Laboratory of Cryospheric Science, Chinese Academy of Sciences","Xiaohong Liu, Shichang Kang","xhliu@snnu.edu.cn, shichang.kang@lzb.ac.cn",Kang_2022,52,123,Mongolian Pine,Pinus sylvestris var. mongolica,Evergreen needleleaf forest,-999,DMA,1.93,0.56,"Woody Tissue; Error = SD; site is discontinuous permafrost; Lat,Long estimated from Figure 1",CIO,NA,0,1
P1_Greater Hinggan Mountains_52_123,P1,Greater Hinggan Mountains,China,20,10/1/2014,"State Key Laboratory of Cryospheric Science, Chinese Academy of Sciences","Xiaohong Liu, Shichang Kang","xhliu@snnu.edu.cn, shichang.kang@lzb.ac.cn",Kang_2022,52,123,Mongolian Pine,Pinus sylvestris var. mongolica,Evergreen needleleaf forest,-999,DMA,2.21,0.7,"Woody Tissue; Error = SD; site is discontinuous permafrost; Lat,Long estimated from Figure 1",CIO,NA,0,1
P1_Greater Hinggan Mountains_52_123,P1,Greater Hinggan Mountains,China,7,10/1/2014,"State Key Laboratory of Cryospheric Science, Chinese Academy of Sciences","Xiaohong Liu, Shichang Kang","xhliu@snnu.edu.cn, shichang.kang@lzb.ac.cn",Kang_2022,52,123,Mongolian Pine,Pinus sylvestris var. mongolica,Evergreen needleleaf forest,-999,DMA,1.51,0.66,"Woody Tissue; Error = SD; site is discontinuous permafrost; Lat,Long estimated from Figure 1",CIO,NA,0,1
P1_Greater Hinggan Mountains_52_123,P1,Greater Hinggan Mountains,China,16,10/1/2014,"State Key Laboratory of Cryospheric Science, Chinese Academy of Sciences","Xiaohong Liu, Shichang Kang","xhliu@snnu.edu.cn, shichang.kang@lzb.ac.cn",Kang_2022,52,123,Mongolian Pine,Pinus sylvestris var. mongolica,Evergreen needleleaf forest,-999,DMA,2.45,0.81,"Woody Tissue; Error = SD; site is discontinuous permafrost; Lat,Long estimated from Figure 1",CIO,NA,0,1
L_Greater Hinggan Mountains_52_123,L,Greater Hinggan Mountains,China,19,10/1/2014,"State Key Laboratory of Cryospheric Science, Chinese Academy of Sciences","Xiaohong Liu, Shichang Kang","xhliu@snnu.edu.cn, shichang.kang@lzb.ac.cn",Kang_2022,52,123,Dahurian Larch,Larix gmelinii,Deciduous needleleaf forest,-999,DMA,1.62,0.99,"Woody Tissue; Error = SD; site is discontinuous permafrost; Lat,Long estimated from Figure 1",CIO,NA,0,1
L_Greater Hinggan Mountains_52_123,L,Greater Hinggan Mountains,China,20,10/1/2014,"State Key Laboratory of Cryospheric Science, Chinese Academy of Sciences","Xiaohong Liu, Shichang Kang","xhliu@snnu.edu.cn, shichang.kang@lzb.ac.cn",Kang_2022,52,123,Dahurian Larch,Larix gmelinii,Deciduous needleleaf forest,-999,DMA,1.78,0.86,"Woody Tissue; Error = SD; site is discontinuous permafrost; Lat,Long estimated from Figure 1",CIO,NA,0,1
L_Greater Hinggan Mountains_52_123,L,Greater Hinggan Mountains,China,12,10/1/2014,"State Key Laboratory of Cryospheric Science, Chinese Academy of Sciences","Xiaohong Liu, Shichang Kang","xhliu@snnu.edu.cn, shichang.kang@lzb.ac.cn",Kang_2022,52,123,Dahurian Larch,Larix gmelinii,Deciduous needleleaf forest,-999,DMA,1.69,0.92,"Woody Tissue; Error = SD; site is discontinuous permafrost; Lat,Long estimated from Figure 1",CIO,NA,0,1
L_Greater Hinggan Mountains_52_123,L,Greater Hinggan Mountains,China,6,10/1/2014,"State Key Laboratory of Cryospheric Science, Chinese Academy of Sciences","Xiaohong Liu, Shichang Kang","xhliu@snnu.edu.cn, shichang.kang@lzb.ac.cn",Kang_2022,52,123,Dahurian Larch,Larix gmelinii,Deciduous needleleaf forest,-999,DMA,1.44,0.73,"Woody Tissue; Error = SD; site is discontinuous permafrost; Lat,Long estimated from Figure 1",CIO,NA,0,1
"Krossfjorden and Kongsfjorden in Spitsbergen, Svalbard__79_11.5",NA,"Krossfjorden and Kongsfjorden in Spitsbergen, Svalbard",Norway,3081,-999,NA,NA,NA,Kristiansen_et_al._2019,79,11.5,NA,NA,Tundra,-999,NA,15.6,-999,NA,NA,Moss ,0,1
Norway_Sub5_79.0_11.5,Storholmen,Sbitsbergen,Norway,Sub5,6/1/2016,Department_of_biosciences_university_of_Oslo,Katrine_Borga,katrine.borga@ibv.uio.no,Kristiansen_et_al._2019,78.4,13.26,moss,NA,mosses,-999,ICP-MS,11.5,-999,NA,LS,NA,0,1
Agency's Arctic Contaminant Research Program in the U. S. arctic__69.77_-158,NA,Agency's Arctic Contaminant Research Program in the U. S. arctic,USA,1482,1993,NA,NA,NA,Landers_et_al._1995,69.77,-158,NA,Cetraria cucullata ,NA,-999,NA,43,-999,NA,NA,Lichen,0,1
Agency's Arctic Contaminant Research Program in the U. S. arctic__69.77_-158,NA,Agency's Arctic Contaminant Research Program in the U. S. arctic,USA,1483,1993,NA,NA,NA,Landers_et_al._1995,69.77,-158,NA,Masonhalea richardsonii,NA,-999,NA,56,-999,NA,NA,Lichen,0,1
Agency's Arctic Contaminant Research Program in the U. S. arctic__69.77_-158,NA,Agency's Arctic Contaminant Research Program in the U. S. arctic,USA,1484,1993,NA,NA,NA,Landers_et_al._1995,69.77,-158,NA,Hylocomium splendens,NA,-999,NA,55,-999,NA,NA,Moss ,0,1
Agency's Arctic Contaminant Research Program in the U. S. arctic__69.77_-158,NA,Agency's Arctic Contaminant Research Program in the U. S. arctic,USA,1485,1993,NA,NA,NA,Landers_et_al._1995,69.77,-158,NA,Racomitrium lanuginosum,NA,-999,NA,112,-999,NA,NA,Moss ,0,1
north_slope_Alaska_69_-153,north_slope,Alaska,USA,na,7/1/1991,NA,NA,NA,Landers_et_al._1995,69,-153,curled shield lichen,Cetraria cucallata,NA,-999,Cold Vapor Atomic Absorption,43,-999,only median Hg conc. was reported; lat/lon is centroid of northern Alaska; dates actually range 1990-1993,NA,NA,0,1
north_slope_Alaska_69_-153,north_slope,Alaska,USA,na,7/1/1991,NA,NA,NA,Landers_et_al._1995,69,-153,arctic tumbleweed lichen,Masonhalea richardsonnii ,NA,-999,Cold Vapor Atomic Absorption,56,-999,only median Hg conc. was reported; lat/lon is centroid of northern Alaska; dates actually range 1990-1993,NA,NA,0,1
north_slope_Alaska_69_-153,north_slope,Alaska,USA,na,7/1/1991,NA,NA,NA,Landers_et_al._1995,69,-153,feather moss,Hylocomium splendens ,NA,-999,Cold Vapor Atomic Absorption,55,-999,only median Hg conc. was reported; lat/lon is centroid of northern Alaska; dates actually range 1990-1993,NA,NA,0,1
north_slope_Alaska_69_-153,north_slope,Alaska,USA,na,7/1/1991,NA,NA,NA,Landers_et_al._1995,69,-153,wolly moss,Racomitrium lanuginosum,NA,-999,Cold Vapor Atomic Absorption,112,-999,only median Hg conc. was reported; lat/lon is centroid of northern Alaska; dates actually range 1990-1993,NA,NA,0,1
north_slope_Alaska_69_-153,north_slope,Alaska,USA,na,7/1/1991,NA,NA,NA,Landers_et_al._1995,69,-153,lichen,Umbilicaria hyperborea,NA,-999,Cold Vapor Atomic Absorption,146,-999,minimum Hg conc. was reported; lat/lon is centroid of northern Alaska; dates actually range 1990-1993,NA,NA,0,1
north_slope_Alaska_69_-153,north_slope,Alaska,USA,na,7/1/1991,NA,NA,NA,Landers_et_al._1995,69,-153,lichen,Umbilicaria hyperborea,NA,-999,Cold Vapor Atomic Absorption,156,-999,maximum Hg conc. was reported; lat/lon is centroid of northern Alaska; dates actually range 1990-1993,NA,NA,0,1
Langtjern in the county of Buskerud in southeast Norway__60.14_10.39,NA,Langtjern in the county of Buskerud in southeast Norway,Norway,1210,2005,NA,NA,NA,Larssen_et_al._2008,60.14,10.39,NA,Spruce,coniferous,-999,NA,50,8,NA,NA,Needle,0,1
Langtjern in the county of Buskerud in southeast Norway__60.14_10.39,NA,Langtjern in the county of Buskerud in southeast Norway,Norway,1211,2005,NA,NA,NA,Larssen_et_al._2008,60.14,10.39,NA,Spruce,coniferous,-999,NA,15,3,NA,NA,Needle,0,1
Langtjern in the county of Buskerud in southeast Norway__60.14_10.39,NA,Langtjern in the county of Buskerud in southeast Norway,Norway,1212,2005,NA,NA,NA,Larssen_et_al._2008,60.14,10.39,NA,Spruce,coniferous,-999,NA,231,75,NA,NA,Bark,0,1
Langtjern in the county of Buskerud in southeast Norway__60.14_10.39,NA,Langtjern in the county of Buskerud in southeast Norway,Norway,1213,2005,NA,NA,NA,Larssen_et_al._2008,60.14,10.39,NA,Spruce,coniferous,-999,NA,57,21,NA,NA,Branch ,0,1
Langtjern in the county of Buskerud in southeast Norway__60.14_10.39,NA,Langtjern in the county of Buskerud in southeast Norway,Norway,1215,2005,NA,NA,NA,Larssen_et_al._2008,60.14,10.39,NA,Spruce,coniferous,-999,NA,231,75,NA,NA,Bark,0,1
Langtjern in the county of Buskerud in southeast Norway__60.14_10.39,NA,Langtjern in the county of Buskerud in southeast Norway,Norway,1216,2005,NA,NA,NA,Larssen_et_al._2008,60.14,10.39,NA,Spruce,coniferous,-999,NA,399,45,NA,NA,Lichen,0,1
Langtjern in the county of Buskerud in southeast Norway__60.14_10.39,NA,Langtjern in the county of Buskerud in southeast Norway,Norway,1217,2005,NA,NA,NA,Larssen_et_al._2008,60.14,10.39,NA,puine,coniferous,-999,NA,31,6,NA,NA,Needle,0,1
Langtjern in the county of Buskerud in southeast Norway__60.14_10.39,NA,Langtjern in the county of Buskerud in southeast Norway,Norway,1218,2005,NA,NA,NA,Larssen_et_al._2008,60.14,10.39,NA,puine,coniferous,-999,NA,16,8,NA,NA,Needle,0,1
Langtjern in the county of Buskerud in southeast Norway__60.14_10.39,NA,Langtjern in the county of Buskerud in southeast Norway,Norway,1219,2005,NA,NA,NA,Larssen_et_al._2008,60.14,10.39,NA,puine,coniferous,-999,NA,88,19,NA,NA,Bark,0,1
Langtjern in the county of Buskerud in southeast Norway__60.14_10.39,NA,Langtjern in the county of Buskerud in southeast Norway,Norway,1220,2005,NA,NA,NA,Larssen_et_al._2008,60.14,10.39,NA,puine,coniferous,-999,NA,25,12,NA,NA,Branch ,0,1
Langtjern in the county of Buskerud in southeast Norway__60.14_10.39,NA,Langtjern in the county of Buskerud in southeast Norway,Norway,1221,2005,NA,NA,NA,Larssen_et_al._2008,60.14,10.39,NA,puine,coniferous,-999,NA,13,11,NA,NA,Stem,0,1
Langtjern in the county of Buskerud in southeast Norway__60.14_10.39,NA,Langtjern in the county of Buskerud in southeast Norway,Norway,1222,2005,NA,NA,NA,Larssen_et_al._2008,60.14,10.39,NA,puine,coniferous,-999,NA,88,19,NA,NA,Bark,0,1
Langtjern in the county of Buskerud in southeast Norway__60.14_10.39,NA,Langtjern in the county of Buskerud in southeast Norway,Norway,1223,2005,NA,NA,NA,Larssen_et_al._2008,60.14,10.39,NA,Spruce,coniferous,-999,NA,249,18,NA,NA,Lichen,0,1
Langtjern in the county of Buskerud in southeast Norway__60.14_10.39,NA,Langtjern in the county of Buskerud in southeast Norway,Norway,1224,2005,NA,NA,NA,Larssen_et_al._2008,60.14,10.39,NA,Birch,Decidous,-999,NA,16,5,NA,NA,Needle,0,1
Langtjern in the county of Buskerud in southeast Norway__60.14_10.39,NA,Langtjern in the county of Buskerud in southeast Norway,Norway,1225,2005,NA,NA,NA,Larssen_et_al._2008,60.14,10.39,NA,Birch,Decidous,-999,NA,17,2,NA,NA,Branch ,0,1
" Shergyla Mountain, Tibetan Plateau, China__29.77_94.75",NA," Shergyla Mountain, Tibetan Plateau, China",China,300,2011,NA,NA,NA,Liu_et_al._2019,29.77,94.75,NA,"Pinus densata, Abies georgei var smithii",Coniferous,-999,NA,9.5,3.28,NA,NA,Needle,0,1
" Shergyla Mountain, Tibetan Plateau, China__29.77_94.75",NA," Shergyla Mountain, Tibetan Plateau, China",China,301,2012,NA,NA,NA,Liu_et_al._2019,29.77,94.75,NA,Bryopsida,Coniferous,-999,NA,39.4,12.62,NA,NA,Moss ,0,1
"along the route Novokuznetsk-Mezhdurechensk, Russia__53.84_87.13",NA,"along the route Novokuznetsk-Mezhdurechensk, Russia",Russia,1439,2015,NA,NA,NA,Lyapina_et_al._2016,53.84,87.13,NA,poplar,Decidous,-999,NA,26.4,2,NA,NA,Leaf ,0,1
"Novokuznetsk agglomeration, Russia__53.75_87.12",NA,"Novokuznetsk agglomeration, Russia",Russia,1438,2015,NA,NA,NA,Lyapina_et_al._2016,53.75,87.12,NA,poplar,Decidous,-999,NA,23.6,1.5,NA,NA,Leaf ,0,1
Alaska_Denali_63.883056_-149.225556,Denali,Alaska,USA,8ML,8/17/2015,University_of_Nevada_Reno,Christine_Olson,christine.olson@colorado.edu,Olson_2019,63.883056,-149.225556,Bulk Vegetation,NA,Evergreen needleleaf forest,-999,Nippon MA-2000,39.45,-999,NA,CO,NA,0,1
Alaska_Denali_63.883056_-149.225556,Denali,Alaska,USA,8ML,8/17/2015,University_of_Nevada_Reno,Christine_Olson,christine.olson@colorado.edu,Olson_2019,63.883056,-149.225556,Bulk Vegetation,NA,Evergreen needleleaf forest,-999,Nippon MA-2000,40.02,-999,NA,CO,NA,0,1
Alaska_Denali_63.883056_-149.225556,Denali,Alaska,USA,8ML,8/17/2015,University_of_Nevada_Reno,Christine_Olson,christine.olson@colorado.edu,Olson_2019,63.883056,-149.225556,Dwarf Birch Leaves,Betula Nana Leaves,Evergreen needleleaf forest,-999,Nippon MA-2000,5.5,-999,NA,CO,NA,0,1
Alaska_Denali_63.883056_-149.225556,Denali,Alaska,USA,8ML,8/17/2015,University_of_Nevada_Reno,Christine_Olson,christine.olson@colorado.edu,Olson_2019,63.883056,-149.225556,Dwarf Birch Leaves,Betula Nana Leaves,Evergreen needleleaf forest,-999,Nippon MA-2000,5.32,-999,NA,CO,NA,0,1
Alaska_Denali_63.883056_-149.225556,Denali,Alaska,USA,8ML,8/17/2015,University_of_Nevada_Reno,Christine_Olson,christine.olson@colorado.edu,Olson_2019,63.883056,-149.225556,Dwarf Birch Leaves,Betula Nana Leaves,Evergreen needleleaf forest,-999,Nippon MA-2000,5.5,-999,NA,CO,NA,0,1
Alaska_Denali_63.883056_-149.225556,Denali,Alaska,USA,8ML,8/17/2015,University_of_Nevada_Reno,Christine_Olson,christine.olson@colorado.edu,Olson_2019,63.883056,-149.225556,Dwarf Birch Leaves,Betula Nana Leaves,Evergreen needleleaf forest,-999,Nippon MA-2000,5.26,-999,NA,CO,NA,0,1
Alaska_Denali_63.883056_-149.225556,Denali,Alaska,USA,8ML,8/17/2015,University_of_Nevada_Reno,Christine_Olson,christine.olson@colorado.edu,Olson_2019,63.883056,-149.225556,Peat Moss,Sphagnum,Evergreen needleleaf forest,-999,Nippon MA-2000,33.34,-999,NA,CO,NA,0,1
Alaska_Denali_63.883056_-149.225556,Denali,Alaska,USA,8ML,8/17/2015,University_of_Nevada_Reno,Christine_Olson,christine.olson@colorado.edu,Olson_2019,63.883056,-149.225556,Peat Moss,Sphagnum,Evergreen needleleaf forest,-999,Nippon MA-2000,36.62,-999,NA,CO,NA,0,1
Alaska_Denali_63.883056_-149.225556,Denali,Alaska,USA,8ML,8/17/2015,University_of_Nevada_Reno,Christine_Olson,christine.olson@colorado.edu,Olson_2019,63.883056,-149.225556,Peat Moss,Sphagnum,Evergreen needleleaf forest,-999,Nippon MA-2000,37.54,-999,NA,CO,NA,0,1
Alaska_Denali_63.883056_-149.225556,Denali,Alaska,USA,8ML,8/17/2015,University_of_Nevada_Reno,Christine_Olson,christine.olson@colorado.edu,Olson_2019,63.883056,-149.225556,Peat Moss,Sphagnum,Evergreen needleleaf forest,-999,Nippon MA-2000,43.43,-999,NA,CO,NA,0,1
Alaska_Denali_63.883056_-149.225556,Denali,Alaska,USA,8ML,8/17/2015,University_of_Nevada_Reno,Christine_Olson,christine.olson@colorado.edu,Olson_2019,63.883056,-149.225556,Tussock Grass,Carex aquatic,Evergreen needleleaf forest,-999,Nippon MA-2000,2.83,-999,NA,CO,NA,0,1
Alaska_Denali_63.883056_-149.225556,Denali,Alaska,USA,8ML,8/17/2015,University_of_Nevada_Reno,Christine_Olson,christine.olson@colorado.edu,Olson_2019,63.883056,-149.225556,Tussock Grass,Carex aquatic,Evergreen needleleaf forest,-999,Nippon MA-2000,2.23,-999,NA,CO,NA,0,1
Alaska_Denali_63.883056_-149.225556,Denali,Alaska,USA,8ML,8/17/2015,University_of_Nevada_Reno,Christine_Olson,christine.olson@colorado.edu,Olson_2019,63.883056,-149.225556,Tussock Grass,Carex aquatic,Evergreen needleleaf forest,-999,Nippon MA-2000,1.93,-999,NA,CO,NA,0,1
Alaska_Denali_63.883056_-149.225556,Denali,Alaska,USA,8ML,8/17/2015,University_of_Nevada_Reno,Christine_Olson,christine.olson@colorado.edu,Olson_2019,63.883056,-149.225556,Tussock Grass,Carex aquatic,Evergreen needleleaf forest,-999,Nippon MA-2000,0.7,-999,NA,CO,NA,1,1
Alaska_Denali_63.883056_-149.225556,Denali,Alaska,USA,8ML,8/17/2015,University_of_Nevada_Reno,Christine_Olson,christine.olson@colorado.edu,Olson_2019,63.883056,-149.225556,White Lichen,Cetraria islandica ,Evergreen needleleaf forest,-999,Nippon MA-2000,27.93,-999,NA,CO,NA,0,1
Alaska_Denali_63.883056_-149.225556,Denali,Alaska,USA,8ML,8/17/2015,University_of_Nevada_Reno,Christine_Olson,christine.olson@colorado.edu,Olson_2019,63.883056,-149.225556,White Lichen,Cetraria islandica ,Evergreen needleleaf forest,-999,Nippon MA-2000,23.44,-999,NA,CO,NA,0,1
Alaska_Denali_63.883056_-149.225556,Denali,Alaska,USA,8ML,8/17/2015,University_of_Nevada_Reno,Christine_Olson,christine.olson@colorado.edu,Olson_2019,63.883056,-149.225556,White Lichen,Cetraria islandica ,Evergreen needleleaf forest,-999,Nippon MA-2000,22.76,-999,NA,CO,NA,0,1
Alaska_Denali_63.883056_-149.225556,Denali,Alaska,USA,8ML,8/17/2015,University_of_Nevada_Reno,Christine_Olson,christine.olson@colorado.edu,Olson_2019,63.883056,-149.225556,White Lichen,Cetraria islandica ,Evergreen needleleaf forest,-999,Nippon MA-2000,26.22,-999,NA,CO,NA,0,1
Alaska_Denali_68.614031_-149.309481,Denali,Alaska,USA,1,8/3/2015,University_of_Nevada_Reno,Christine_Olson,christine.olson@colorado.edu,Olson_2019,68.614031,-149.309481,Bulk Vegetation,NA,Graminoid tundra,-999,Nippon MA-2000,40.3,-999,NA,CO,NA,0,1
Alaska_DHT_68.614031_-149.309481,DHT,Alaska,USA,1,8/3/2015,University_of_Nevada_Reno,Christine_Olson,christine.olson@colorado.edu,Olson_2019,68.614031,-149.309481,Bulk Vegetation,NA,Graminoid tundra,-999,Nippon MA-2000,78.84,-999,NA,CO,NA,0,1
Alaska_DHT_68.756917_-148.892639,DHT,Alaska,USA,2,8/13/2015,University_of_Nevada_Reno,Christine_Olson,christine.olson@colorado.edu,Olson_2019,68.756917,-148.892639,Bulk Vegetation,NA,Graminoid tundra,-999,Nippon MA-2000,40.3,-999,NA,CO,NA,0,1
Alaska_DHT_68.756917_-148.892639,DHT,Alaska,USA,2,8/13/2015,University_of_Nevada_Reno,Christine_Olson,christine.olson@colorado.edu,Olson_2019,68.756917,-148.892639,Bulk Vegetation,NA,Graminoid tundra,-999,Nippon MA-2000,21.31,-999,NA,CO,NA,0,1
Alaska_DHT_68.756917_-148.892639,DHT,Alaska,USA,2,8/13/2015,University_of_Nevada_Reno,Christine_Olson,christine.olson@colorado.edu,Olson_2019,68.756917,-148.892639,Tussock Grass,Carex aquatic ,Graminoid tundra,-999,Nippon MA-2000,7.37,-999,NA,CO,NA,0,1
Alaska_DHT_68.756917_-148.892639,DHT,Alaska,USA,2,8/13/2015,University_of_Nevada_Reno,Christine_Olson,christine.olson@colorado.edu,Olson_2019,68.756917,-148.892639,Tussock Grass,Carex aquatic ,Graminoid tundra,-999,Nippon MA-2000,8.78,-999,NA,CO,NA,0,1
Alaska_DHT_69.074167_-148.759167,DHT,Alaska,USA,3,8/8/2015,University_of_Nevada_Reno,Christine_Olson,christine.olson@colorado.edu,Olson_2019,69.074167,-148.759167,Bulk Vegetation,NA,Graminoid tundra,-999,Nippon MA-2000,20.13,-999,NA,CO,NA,0,1
Alaska_DHT_69.074167_-148.759167,DHT,Alaska,USA,3,8/8/2015,University_of_Nevada_Reno,Christine_Olson,christine.olson@colorado.edu,Olson_2019,69.074167,-148.759167,Bulk Vegetation,NA,Graminoid tundra,-999,Nippon MA-2000,20.32,-999,NA,CO,NA,0,1
Alaska_DHT_69.074167_-148.759167,DHT,Alaska,USA,3,8/8/2015,University_of_Nevada_Reno,Christine_Olson,christine.olson@colorado.edu,Olson_2019,69.074167,-148.759167,Bulk Vegetation,NA,Graminoid tundra,-999,Nippon MA-2000,16.81,-999,NA,CO,NA,0,1
Alaska_DHT_69.074167_-148.759167,DHT,Alaska,USA,3,8/8/2015,University_of_Nevada_Reno,Christine_Olson,christine.olson@colorado.edu,Olson_2019,69.074167,-148.759167,Peat Moss,Sphagnum,Graminoid tundra,-999,Nippon MA-2000,30.5,-999,NA,CO,NA,0,1
Alaska_DHT_69.074167_-148.759167,DHT,Alaska,USA,3,8/8/2015,University_of_Nevada_Reno,Christine_Olson,christine.olson@colorado.edu,Olson_2019,69.074167,-148.759167,Peat Moss,Sphagnum,Graminoid tundra,-999,Nippon MA-2000,39.22,-999,NA,CO,NA,0,1
Alaska_DHT_69.074167_-148.759167,DHT,Alaska,USA,3,8/8/2015,University_of_Nevada_Reno,Christine_Olson,christine.olson@colorado.edu,Olson_2019,69.074167,-148.759167,Peat Moss,Sphagnum,Graminoid tundra,-999,Nippon MA-2000,31.34,-999,NA,CO,NA,0,1
Alaska_DHT_69.074167_-148.759167,DHT,Alaska,USA,3,8/8/2015,University_of_Nevada_Reno,Christine_Olson,christine.olson@colorado.edu,Olson_2019,69.074167,-148.759167,Tussock Grass,Carex aquatic ,Graminoid tundra,-999,Nippon MA-2000,7.34,-999,NA,CO,NA,0,1
Alaska_DHT_69.074167_-148.759167,DHT,Alaska,USA,3,8/8/2015,University_of_Nevada_Reno,Christine_Olson,christine.olson@colorado.edu,Olson_2019,69.074167,-148.759167,Tussock Grass,Carex aquatic ,Graminoid tundra,-999,Nippon MA-2000,7.01,-999,NA,CO,NA,0,1
Alaska_DHT_69.074167_-148.759167,DHT,Alaska,USA,3,8/8/2015,University_of_Nevada_Reno,Christine_Olson,christine.olson@colorado.edu,Olson_2019,69.074167,-148.759167,Tussock Grass,Carex aquatic ,Graminoid tundra,-999,Nippon MA-2000,8.39,-999,NA,CO,NA,0,1
Alaska_DHT_69.146361_-148.853889,DHT,Alaska,USA,4,8/9/2015,University_of_Nevada_Reno,Christine_Olson,christine.olson@colorado.edu,Olson_2019,69.146361,-148.853889,Bulk Vegetation,NA,Graminoid tundra,-999,Nippon MA-2000,66.19,-999,NA,CO,NA,0,1
Alaska_DHT_69.146361_-148.853889,DHT,Alaska,USA,4,8/9/2015,University_of_Nevada_Reno,Christine_Olson,christine.olson@colorado.edu,Olson_2019,69.146361,-148.853889,Bulk Vegetation,NA,Graminoid tundra,-999,Nippon MA-2000,33.09,-999,NA,CO,NA,0,1
Alaska_DHT_69.146361_-148.853889,DHT,Alaska,USA,4,8/9/2015,University_of_Nevada_Reno,Christine_Olson,christine.olson@colorado.edu,Olson_2019,69.146361,-148.853889,Bulk Vegetation,NA,Graminoid tundra,-999,Nippon MA-2000,13.89,-999,NA,CO,NA,0,1
Alaska_DHT_69.447972_-148.611725,DHT,Alaska,USA,5,8/4/2015,University_of_Nevada_Reno,Christine_Olson,christine.olson@colorado.edu,Olson_2019,69.447972,-148.611725,Bulk Vegetation,NA,Graminoid tundra,-999,Nippon MA-2000,58.72,-999,NA,CO,NA,0,1
Alaska_DHT_69.447972_-148.611725,DHT,Alaska,USA,5,8/2/2015,University_of_Nevada_Reno,Christine_Olson,christine.olson@colorado.edu,Olson_2019,69.447972,-148.611725,Bulk Vegetation,NA,Graminoid tundra,-999,Nippon MA-2000,55.25,-999,NA,CO,NA,0,1
Alaska_DHT_69.447972_-148.611725,DHT,Alaska,USA,5,8/2/2015,University_of_Nevada_Reno,Christine_Olson,christine.olson@colorado.edu,Olson_2019,69.447972,-148.611725,Tussock Grass,Carex aquatic ,Graminoid tundra,-999,Nippon MA-2000,14.4,-999,NA,CO,NA,0,1
Alaska_DHT_69.447972_-148.611725,DHT,Alaska,USA,5,8/2/2015,University_of_Nevada_Reno,Christine_Olson,christine.olson@colorado.edu,Olson_2019,69.447972,-148.611725,Tussock Grass,Carex aquatic ,Graminoid tundra,-999,Nippon MA-2000,17.17,-999,NA,CO,NA,0,1
Alaska_DHT_69.652111_-148.708056,DHT,Alaska,USA,6,8/8/2015,University_of_Nevada_Reno,Christine_Olson,christine.olson@colorado.edu,Olson_2019,69.652111,-148.708056,Bulk Vegetation,NA,Graminoid tundra,-999,Nippon MA-2000,17.86,-999,NA,CO,NA,0,1
Alaska_DHT_69.652111_-148.708056,DHT,Alaska,USA,6,8/8/2015,University_of_Nevada_Reno,Christine_Olson,christine.olson@colorado.edu,Olson_2019,69.652111,-148.708056,Bulk Vegetation,NA,Graminoid tundra,-999,Nippon MA-2000,15.53,-999,NA,CO,NA,0,1
Alaska_DHT_69.652111_-148.708056,DHT,Alaska,USA,6,8/8/2015,University_of_Nevada_Reno,Christine_Olson,christine.olson@colorado.edu,Olson_2019,69.652111,-148.708056,Bulk Vegetation,NA,Graminoid tundra,-999,Nippon MA-2000,13.61,-999,NA,CO,NA,0,1
Alaska_DHT_69.652111_-148.708056,DHT,Alaska,USA,6,8/8/2015,University_of_Nevada_Reno,Christine_Olson,christine.olson@colorado.edu,Olson_2019,69.652111,-148.708056,Peat Moss,Sphagnum,Graminoid tundra,-999,Nippon MA-2000,37.14,-999,NA,CO,NA,0,1
Alaska_DHT_69.652111_-148.708056,DHT,Alaska,USA,6,8/8/2015,University_of_Nevada_Reno,Christine_Olson,christine.olson@colorado.edu,Olson_2019,69.652111,-148.708056,Peat Moss,Sphagnum,Graminoid tundra,-999,Nippon MA-2000,35.55,-999,NA,CO,NA,0,1
Alaska_DHT_69.652111_-148.708056,DHT,Alaska,USA,6,8/8/2015,University_of_Nevada_Reno,Christine_Olson,christine.olson@colorado.edu,Olson_2019,69.652111,-148.708056,Peat Moss,Sphagnum,Graminoid tundra,-999,Nippon MA-2000,46.09,-999,NA,CO,NA,0,1
Alaska_DHT_69.652111_-148.708056,DHT,Alaska,USA,6,8/8/2015,University_of_Nevada_Reno,Christine_Olson,christine.olson@colorado.edu,Olson_2019,69.652111,-148.708056,Tussock Grass,Carex aquatic ,Graminoid tundra,-999,Nippon MA-2000,6.92,-999,NA,CO,NA,0,1
Alaska_DHT_69.652111_-148.708056,DHT,Alaska,USA,6,8/8/2015,University_of_Nevada_Reno,Christine_Olson,christine.olson@colorado.edu,Olson_2019,69.652111,-148.708056,Tussock Grass,Carex aquatic ,Graminoid tundra,-999,Nippon MA-2000,7.77,-999,NA,CO,NA,0,1
Alaska_DHT_69.652111_-148.708056,DHT,Alaska,USA,6,8/8/2015,University_of_Nevada_Reno,Christine_Olson,christine.olson@colorado.edu,Olson_2019,69.652111,-148.708056,Tussock Grass,Carex aquatic ,Graminoid tundra,-999,Nippon MA-2000,7.63,-999,NA,CO,NA,0,1
Alaska_DHT_69.984083_-148.691944,DHT,Alaska,USA,7,8/9/2015,University_of_Nevada_Reno,Christine_Olson,christine.olson@colorado.edu,Olson_2019,69.984083,-148.691944,Bulk Vegetation,NA,Wetland tundra,-999,Nippon MA-2000,9.3,-999,NA,CO,NA,0,1
Alaska_DHT_69.984083_-148.691944,DHT,Alaska,USA,7,8/9/2015,University_of_Nevada_Reno,Christine_Olson,christine.olson@colorado.edu,Olson_2019,69.984083,-148.691944,Bulk Vegetation,NA,Wetland tundra,-999,Nippon MA-2000,12.74,-999,NA,CO,NA,0,1
Alaska_DHT_69.984083_-148.691944,DHT,Alaska,USA,7,8/9/2015,University_of_Nevada_Reno,Christine_Olson,christine.olson@colorado.edu,Olson_2019,69.984083,-148.691944,Bulk Vegetation,NA,Wetland tundra,-999,Nippon MA-2000,8.11,-999,NA,CO,NA,0,1
Alaska_DHT_69.984083_-148.691944,DHT,Alaska,USA,7,8/9/2015,University_of_Nevada_Reno,Christine_Olson,christine.olson@colorado.edu,Olson_2019,69.984083,-148.691944,Tussock Grass,Carex aquatic ,Wetland tundra,-999,Nippon MA-2000,15.35,-999,NA,CO,NA,0,1
Alaska_DHT_69.984083_-148.691944,DHT,Alaska,USA,7,8/9/2015,University_of_Nevada_Reno,Christine_Olson,christine.olson@colorado.edu,Olson_2019,69.984083,-148.691944,Tussock Grass,Carex aquatic ,Wetland tundra,-999,Nippon MA-2000,11.13,-999,NA,CO,NA,0,1
Alaska_DHT_69.984083_-148.691944,DHT,Alaska,USA,7,8/9/2015,University_of_Nevada_Reno,Christine_Olson,christine.olson@colorado.edu,Olson_2019,69.984083,-148.691944,Tussock Grass,Carex aquatic ,Wetland tundra,-999,Nippon MA-2000,12.25,-999,NA,CO,NA,0,1
Alaska_DHT_68.633333_-149.6,DHT,Alaska,USA,Obrist_hut,6/15/2018,University_of_Nevada_Reno,Christine_Olson,christine.olson@colorado.edu,Olson_2019,68.633333,-149.6,Brown Lichen,Masonhalea richardsonnii ,Graminoid tundra,-999,Nippon MA-2000,33.47,-999,NA,CO,NA,0,1
Alaska_Toolik_68.633333_-149.6,Toolik,Alaska,USA,Obrist_hut,8/15/2018,University_of_Nevada_Reno,Christine_Olson,christine.olson@colorado.edu,Olson_2019,68.633333,-149.6,Brown Lichen,Masonhalea richardsonnii ,Graminoid tundra,0.000029,Nippon MA-2000,43.28,-999,AGB is mercury mass contained in aboveground tundra vegetation,CO,NA,0,1
Alaska_Toolik_68.633333_-149.6,Toolik,Alaska,USA,Obrist_hut,8/15/2018,University_of_Nevada_Reno,Christine_Olson,christine.olson@colorado.edu,Olson_2019,68.633333,-149.6,Brown Lichen,Masonhalea richardsonnii ,Graminoid tundra,0.000029,Nippon MA-2000,42.43,-999,NA,CO,NA,0,1
Alaska_Toolik_68.633333_-149.6,Toolik,Alaska,USA,Obrist_hut,8/15/2018,University_of_Nevada_Reno,Christine_Olson,christine.olson@colorado.edu,Olson_2019,68.633333,-149.6,Brown Lichen,Masonhalea richardsonnii ,Graminoid tundra,0.000029,Nippon MA-2000,41.29,-999,NA,CO,NA,0,1
Alaska_Toolik_68.633333_-149.6,Toolik,Alaska,USA,Obrist_hut,8/15/2018,University_of_Nevada_Reno,Christine_Olson,christine.olson@colorado.edu,Olson_2019,68.633333,-149.6,Brown Lichen,Masonhalea richardsonnii ,Graminoid tundra,0.000029,Nippon MA-2000,45.09,-999,NA,CO,NA,0,1
Alaska_Toolik_68.633333_-149.6,Toolik,Alaska,USA,Obrist_hut,8/14/2018,University_of_Nevada_Reno,Christine_Olson,christine.olson@colorado.edu,Olson_2019,68.633333,-149.6,Bulk Vegetation,NA,Graminoid tundra,0.000029,Nippon MA-2000,137.64,-999,NA,CO,NA,0,1
Alaska_Toolik_68.633333_-149.6,Toolik,Alaska,USA,Obrist_hut,8/14/2018,University_of_Nevada_Reno,Christine_Olson,christine.olson@colorado.edu,Olson_2019,68.633333,-149.6,Bulk Vegetation,NA,Graminoid tundra,0.000029,Nippon MA-2000,133.21,-999,NA,CO,NA,0,1
Alaska_Toolik_68.633333_-149.6,Toolik,Alaska,USA,Obrist_hut,8/14/2018,University_of_Nevada_Reno,Christine_Olson,christine.olson@colorado.edu,Olson_2019,68.633333,-149.6,Bulk Vegetation,NA,Graminoid tundra,0.000029,Nippon MA-2000,116.52,-999,NA,CO,NA,0,1
Alaska_Toolik_68.633333_-149.6,Toolik,Alaska,USA,Obrist_hut,8/14/2018,University_of_Nevada_Reno,Christine_Olson,christine.olson@colorado.edu,Olson_2019,68.633333,-149.6,Bulk Vegetation,NA,Graminoid tundra,0.000029,Nippon MA-2000,61.58,-999,NA,CO,NA,0,1
Alaska_Toolik_68.633333_-149.6,Toolik,Alaska,USA,Obrist_hut,8/15/2018,University_of_Nevada_Reno,Christine_Olson,christine.olson@colorado.edu,Olson_2019,68.633333,-149.6,Bulk Vegetation,NA,Graminoid tundra,0.000029,Nippon MA-2000,94.14,-999,NA,CO,NA,0,1
Alaska_Toolik_68.633333_-149.6,Toolik,Alaska,USA,Obrist_hut,8/15/2018,University_of_Nevada_Reno,Christine_Olson,christine.olson@colorado.edu,Olson_2019,68.633333,-149.6,Bulk Vegetation,NA,Graminoid tundra,0.000029,Nippon MA-2000,29.05,-999,NA,CO,NA,0,1
Alaska_Toolik_68.633333_-149.6,Toolik,Alaska,USA,Obrist_hut,8/15/2018,University_of_Nevada_Reno,Christine_Olson,christine.olson@colorado.edu,Olson_2019,68.633333,-149.6,Bulk Vegetation,NA,Graminoid tundra,0.000029,Nippon MA-2000,45.87,-999,NA,CO,NA,0,1
Alaska_Toolik_68.633333_-149.6,Toolik,Alaska,USA,Obrist_hut,8/15/2018,University_of_Nevada_Reno,Christine_Olson,christine.olson@colorado.edu,Olson_2019,68.633333,-149.6,Bulk Vegetation,NA,Graminoid tundra,0.000029,Nippon MA-2000,40.65,-999,NA,CO,NA,0,1
Alaska_Toolik_68.633333_-149.6,Toolik,Alaska,USA,Obrist_hut,6/15/2018,University_of_Nevada_Reno,Christine_Olson,christine.olson@colorado.edu,Olson_2019,68.633333,-149.6,Dwarf Birch Leaves,Betula Nana Leaves,Graminoid tundra,0.000029,Nippon MA-2000,2.16,-999,NA,CO,NA,0,1
Alaska_Toolik_68.633333_-149.6,Toolik,Alaska,USA,Obrist_hut,8/15/2018,University_of_Nevada_Reno,Christine_Olson,christine.olson@colorado.edu,Olson_2019,68.633333,-149.6,Dwarf Birch Leaves,Betula Nana Leaves,Graminoid tundra,0.000029,Nippon MA-2000,13.45,-999,NA,CO,NA,0,1
Alaska_Toolik_68.633333_-149.6,Toolik,Alaska,USA,Obrist_hut,8/15/2018,University_of_Nevada_Reno,Christine_Olson,christine.olson@colorado.edu,Olson_2019,68.633333,-149.6,Dwarf Birch Leaves,Betula Nana Leaves,Graminoid tundra,0.000029,Nippon MA-2000,11.28,-999,NA,CO,NA,0,1
Alaska_Toolik_68.633333_-149.6,Toolik,Alaska,USA,Obrist_hut,8/15/2018,University_of_Nevada_Reno,Christine_Olson,christine.olson@colorado.edu,Olson_2019,68.633333,-149.6,Dwarf Birch Leaves,Betula Nana Leaves,Graminoid tundra,0.000029,Nippon MA-2000,12.87,-999,NA,CO,NA,0,1
Alaska_Toolik_68.633333_-149.6,Toolik,Alaska,USA,Obrist_hut,8/15/2018,University_of_Nevada_Reno,Christine_Olson,christine.olson@colorado.edu,Olson_2019,68.633333,-149.6,Dwarf Birch Leaves,Betula Nana Leaves,Graminoid tundra,0.000029,Nippon MA-2000,12.91,-999,NA,CO,NA,0,1
Alaska_Toolik_68.633333_-149.6,Toolik,Alaska,USA,Obrist_hut,6/15/2018,University_of_Nevada_Reno,Christine_Olson,christine.olson@colorado.edu,Olson_2019,68.633333,-149.6,Feather Moss,Hylocomium splendens ,Graminoid tundra,0.000029,Nippon MA-2000,38.19,-999,NA,CO,NA,0,1
Alaska_Toolik_68.633333_-149.6,Toolik,Alaska,USA,Obrist_hut,8/15/2018,University_of_Nevada_Reno,Christine_Olson,christine.olson@colorado.edu,Olson_2019,68.633333,-149.6,Feather Moss,Hylocomium splendens ,Graminoid tundra,0.000029,Nippon MA-2000,72.64,-999,NA,CO,NA,0,1
Alaska_Toolik_68.633333_-149.6,Toolik,Alaska,USA,Obrist_hut,8/15/2018,University_of_Nevada_Reno,Christine_Olson,christine.olson@colorado.edu,Olson_2019,68.633333,-149.6,Feather Moss,Hylocomium splendens ,Graminoid tundra,0.000029,Nippon MA-2000,70.71,-999,NA,CO,NA,0,1
Alaska_Toolik_68.633333_-149.6,Toolik,Alaska,USA,Obrist_hut,8/15/2018,University_of_Nevada_Reno,Christine_Olson,christine.olson@colorado.edu,Olson_2019,68.633333,-149.6,Feather Moss,Hylocomium splendens ,Graminoid tundra,0.000029,Nippon MA-2000,52.9,-999,NA,CO,NA,0,1
Alaska_Toolik_68.633333_-149.6,Toolik,Alaska,USA,Obrist_hut,8/15/2018,University_of_Nevada_Reno,Christine_Olson,christine.olson@colorado.edu,Olson_2019,68.633333,-149.6,Feather Moss,Hylocomium splendens ,Graminoid tundra,0.000029,Nippon MA-2000,56.94,-999,NA,CO,NA,0,1
Alaska_Toolik_68.633333_-149.6,Toolik,Alaska,USA,Obrist_hut,8/15/2018,University_of_Nevada_Reno,Christine_Olson,christine.olson@colorado.edu,Olson_2019,68.633333,-149.6,Peat Moss,Sphagnum,Graminoid tundra,0.000029,Nippon MA-2000,18.87,-999,NA,CO,NA,0,1
Alaska_Toolik_68.633333_-149.6,Toolik,Alaska,USA,Obrist_hut,8/15/2018,University_of_Nevada_Reno,Christine_Olson,christine.olson@colorado.edu,Olson_2019,68.633333,-149.6,Peat Moss,Sphagnum,Graminoid tundra,0.000029,Nippon MA-2000,18.63,-999,NA,CO,NA,0,1
Alaska_Toolik_68.633333_-149.6,Toolik,Alaska,USA,Obrist_hut,8/15/2018,University_of_Nevada_Reno,Christine_Olson,christine.olson@colorado.edu,Olson_2019,68.633333,-149.6,Tussock Grass,Carex aquatic,Graminoid tundra,0.000029,Nippon MA-2000,12.28,-999,NA,CO,NA,0,1
Alaska_Toolik_68.633333_-149.6,Toolik,Alaska,USA,Obrist_hut,8/15/2018,University_of_Nevada_Reno,Christine_Olson,christine.olson@colorado.edu,Olson_2019,68.633333,-149.6,Tussock Grass,Carex aquatic,Graminoid tundra,0.000029,Nippon MA-2000,12.09,-999,NA,CO,NA,0,1
Alaska_Toolik_68.633333_-149.6,Toolik,Alaska,USA,Obrist_hut,8/15/2018,University_of_Nevada_Reno,Christine_Olson,christine.olson@colorado.edu,Olson_2019,68.633333,-149.6,Tussock Grass,Carex aquatic,Graminoid tundra,0.000029,Nippon MA-2000,14.58,-999,NA,CO,NA,0,1
Alaska_Toolik_68.633333_-149.6,Toolik,Alaska,USA,Obrist_hut,8/15/2018,University_of_Nevada_Reno,Christine_Olson,christine.olson@colorado.edu,Olson_2019,68.633333,-149.6,Tussock Grass,Carex aquatic,Graminoid tundra,0.000029,Nippon MA-2000,10.63,-999,NA,CO,NA,0,1
Alaska_Toolik_68.633333_-149.6,Toolik,Alaska,USA,Obrist_hut,6/15/2018,University_of_Nevada_Reno,Christine_Olson,christine.olson@colorado.edu,Olson_2019,68.633333,-149.6,White Lichen,Cetraria islandica ,Graminoid tundra,0.000029,Nippon MA-2000,30.25,-999,NA,CO,NA,0,1
Alaska_Toolik_68.633333_-149.6,Toolik,Alaska,USA,Obrist_hut,8/15/2018,University_of_Nevada_Reno,Christine_Olson,christine.olson@colorado.edu,Olson_2019,68.633333,-149.6,White Lichen,Cetraria islandica ,Graminoid tundra,0.000029,Nippon MA-2000,51.2,-999,NA,CO,NA,0,1
Alaska_Toolik_68.633333_-149.6,Toolik,Alaska,USA,Obrist_hut,8/15/2018,University_of_Nevada_Reno,Christine_Olson,christine.olson@colorado.edu,Olson_2019,68.633333,-149.6,White Lichen,Cetraria islandica ,Graminoid tundra,0.000029,Nippon MA-2000,33.37,-999,NA,CO,NA,0,1
Alaska_Toolik_68.633333_-149.6,Toolik,Alaska,USA,Obrist_hut,8/15/2018,University_of_Nevada_Reno,Christine_Olson,christine.olson@colorado.edu,Olson_2019,68.633333,-149.6,White Lichen,Cetraria islandica ,Graminoid tundra,0.000029,Nippon MA-2000,33.04,-999,NA,CO,NA,0,1
Alaska_Toolik_68.633333_-149.6,Toolik,Alaska,USA,Obrist_hut,8/15/2018,University_of_Nevada_Reno,Christine_Olson,christine.olson@colorado.edu,Olson_2019,68.633333,-149.6,White Lichen,Cetraria islandica ,Graminoid tundra,0.000029,Nippon MA-2000,38.68,-999,NA,CO,NA,0,1
"Southern slope of the Central Himalayas, Nepal__28.21_85.58",NA,"Southern slope of the Central Himalayas, Nepal",Nepal,587,2012,NA,NA,NA,Pokhrel_et_al._2016,28.21,85.58,NA,Abies spectabilis,Coniferous,-999,NA,19.4,-999,NA,NA,Leaf ,0,1
"Southern slope of the Central Himalayas, Nepal__28.18_85.42",NA,"Southern slope of the Central Himalayas, Nepal",Nepal,586,2012,NA,NA,NA,Pokhrel_et_al._2016,28.18,85.42,NA,Castanopsis indica,Decidous,-999,NA,14.3,-999,NA,NA,Leaf ,0,1
"Southern slope of the Central Himalayas, Nepal__28.16_85.34",NA,"Southern slope of the Central Himalayas, Nepal",Nepal,584,2012,NA,NA,NA,Pokhrel_et_al._2016,28.16,85.34,NA,Pinus roxbrughii,Coniferous,-999,NA,5.6,0.7,NA,NA,Needle,0,1
"Southern slope of the Central Himalayas, Nepal__27.68_85.29",NA,"Southern slope of the Central Himalayas, Nepal",Nepal,583,2012,NA,NA,NA,Pokhrel_et_al._2016,27.68,85.29,NA,Pinus roxbrughii,Coniferous,-999,NA,15.8,2.2,NA,NA,Needle,0,1
"Southern slope of the Central Himalayas, Nepal__27.6_85.09",NA,"Southern slope of the Central Himalayas, Nepal",Nepal,585,2012,NA,NA,NA,Pokhrel_et_al._2016,27.6,85.09,NA,Pinus wallichiana,Coniferous,-999,NA,11.3,1.9,NA,NA,Needle,0,1
"Southern slope of the Central Himalayas, Nepal__27.16_84.98",NA,"Southern slope of the Central Himalayas, Nepal",Nepal,582,2012,NA,NA,NA,Pokhrel_et_al._2016,27.16,84.98,NA,Pinus roxbrughii,Coniferous,-999,NA,10.1,1.8,NA,NA,Needle,0,1
Greenland/Denmark_Riget_1_77.3904786_-69.3534704,Avanersuaq,Greenland,Greenland/Denmark,Riget_1,1999,"National Environmental Research Institute, Department of Arctic Environment (NERI DAE)",Frank Riget,ffr@ecos.au.dk,Riget_2000,77.3904786,-69.3534704,NA,Flavocetraria nivalis,Prostrate shrub tundra,-999,Perking Elmer FIMS (CVAAS),64,0.704,"Exact lat,long data were not available and were estimated based on location name. Averages were presented as geometric means. Variability was presented as R.S.E. and was converted to SE.",NA,NA,0,1
Greenland/Denmark_Riget_2_77.3904786_-69.3534704,Avanersuaq,Greenland,Greenland/Denmark,Riget_2,1999,"National Environmental Research Institute, Department of Arctic Environment (NERI DAE)",Frank Riget,ffr@ecos.au.dk,Riget_2000,77.3904786,-69.3534704,Racomitrium moss,Racomitrium lanuginosum,Prostrate shrub tundra,-999,Perking Elmer FIMS (CVAAS),108,1.1448,"Exact lat,long data were not available and were estimated based on location name. Averages were presented as geometric means. Variability was presented as R.S.E. and was converted to SE.",NA,NA,0,1
Greenland/Denmark_Riget_3_64.1791009_-51.7480091,Nuuk,Greenland,Greenland/Denmark,Riget_3,1999,"National Environmental Research Institute, Department of Arctic Environment (NERI DAE)",Frank Riget,ffr@ecos.au.dk,Riget_2000,64.1791009,-51.7480091,NA,Flavocetraria nivalis,Prostrate shrub tundra,-999,Perking Elmer FIMS (CVAAS),39,0.4329,"Exact lat,long data were not available and were estimated based on location name. Averages were presented as geometric means. Variability was presented as R.S.E. and was converted to SE.",NA,NA,0,1
Greenland/Denmark_Riget_4_64.1791009_-51.7480091,Nuuk,Greenland,Greenland/Denmark,Riget_4,1999,"National Environmental Research Institute, Department of Arctic Environment (NERI DAE)",Frank Riget,ffr@ecos.au.dk,Riget_2000,64.1791009,-51.7480091,Racomitrium moss,Racomitrium lanuginosum,Prostrate shrub tundra,-999,Perking Elmer FIMS (CVAAS),99,1.0791,"Exact lat,long data were not available and were estimated based on location name. Averages were presented as geometric means. Variability was presented as R.S.E. and was converted to SE.",NA,NA,0,1
Greenland/Denmark_Riget_5_60.6755406_-46.9042986,Qaqortoq,Greenland,Greenland/Denmark,Riget_5,1999,"National Environmental Research Institute, Department of Arctic Environment (NERI DAE)",Frank Riget,ffr@ecos.au.dk,Riget_2000,60.6755406,-46.9042986,NA,Flavocetraria nivalis,Prostrate shrub tundra,-999,Perking Elmer FIMS (CVAAS),37,0.3959,"Exact lat,long data were not available and were estimated based on location name. Averages were presented as geometric means. Variability was presented as R.S.E. and was converted to SE.",NA,NA,0,1
Greenland/Denmark_Riget_6_60.6755406_-46.9042986,Qaqortoq,Greenland,Greenland/Denmark,Riget_6,1999,"National Environmental Research Institute, Department of Arctic Environment (NERI DAE)",Frank Riget,ffr@ecos.au.dk,Riget_2000,60.6755406,-46.9042986,Racomitrium moss,Racomitrium lanuginosum,Prostrate shrub tundra,-999,Perking Elmer FIMS (CVAAS),100,1.2,"Exact lat,long data were not available and were estimated based on location name. Averages were presented as geometric means. Variability was presented as R.S.E. and was converted to SE.",NA,NA,0,1
Greenland/Denmark_Riget_7_61.7626716_-34.8300453,Tasiilaq,Greenland,Greenland/Denmark,Riget_7,1999,"National Environmental Research Institute, Department of Arctic Environment (NERI DAE)",Frank Riget,ffr@ecos.au.dk,Riget_2000,65.6303,-37.6364,NA,Flavocetraria nivalis,Prostrate shrub tundra,-999,Perking Elmer FIMS (CVAAS),38,0.399,"Exact lat,long data were not available and were estimated based on location name. Averages were presented as geometric means. Variability was presented as R.S.E. and was converted to SE.",NA,NA,0,1
Greenland/Denmark_Riget_8_61.7626716_-34.8300453,Tasiilaq,Greenland,Greenland/Denmark,Riget_8,1999,"National Environmental Research Institute, Department of Arctic Environment (NERI DAE)",Frank Riget,ffr@ecos.au.dk,Riget_2000,65.6303,-37.6364,Racomitrium moss,Racomitrium lanuginosum,Prostrate shrub tundra,-999,Perking Elmer FIMS (CVAAS),107,1.2626,"Exact lat,long data were not available and were estimated based on location name. Averages were presented as geometric means. Variability was presented as R.S.E. and was converted to SE.",NA,NA,0,1
Gulf of Bothnia in northern Sweden__63.78_20.33,NA,Gulf of Bothnia in northern Sweden,Sweden,1466,2008,NA,NA,NA,Rydberg_et_al._2010,63.78,20.33,NA,"Sphagnum subsecundum, S. centrale",wetland,-999,NA,25,7,NA,NA,Moss ,0,1
Gulf of Bothnia in northern Sweden__63.78_20.33,NA,Gulf of Bothnia in northern Sweden,Sweden,1467,2008,NA,NA,NA,Rydberg_et_al._2010,63.78,20.33,NA,"E. vaginatum, C. vulgaris, L. palustre and pine needles",wetland,-999,NA,9.4,-999,NA,NA,Leaf ,0,1
"Bathurs islands, Nunavut, Canada__75.93_-97.9",NA,"Bathurs islands, Nunavut, Canada",Canada,1440,-999,NA,NA,NA,St._Pierre_et_al._2015,75.93,-97.9,NA,"Thamnolia vermicularis, Flavocetraria cucullata and Vulpiceda tilesii",NA,-999,NA,70.8,41.2,NA,NA,Lichen,0,1
"Devon islands, Nunavut, Canada__75.13_-91.93",NA,"Devon islands, Nunavut, Canada",Canada,1441,-999,NA,NA,NA,St._Pierre_et_al._2015,75.13,-91.93,NA,Thamnolia vermicularis,NA,-999,NA,80.6,48.2,NA,NA,Lichen,0,1
Bathurst_vermicularis_75.93_-97.9,T. vermicularis,Bathurst,Canada,vermicularis,7/1/2007,Department_of_biological_Sciences_University_of_alberta,Kyra_StPierre,kyra2@ualberta.ca,St._Pierre_et_al._2015,75.93,-97.9,lichen,T. vermicularis,lichen,-999,ICP-MS,123,-999,data from SI table S5,LS,NA,0,1
Devon_vermicularis_75.93_-97.9,T. vermicularis,Devon,Canada,vermicularis,7/1/2007,Department_of_biological_Sciences_University_of_alberta,Kyra_StPierre,kyra2@ualberta.ca,St._Pierre_et_al._2015,75.13,-91.93,lichen,T. vermicularis,lichen,-999,ICP-MS,139,127,NA,LS,NA,0,1
Bathurst_cucullata_75.93_-97.9,F. Cucullata,Bathurst,Canada,cucullata,7/1/2007,Department_of_biological_Sciences_University_of_alberta,Kyra_StPierre,kyra2@ualberta.ca,St._Pierre_et_al._2015,75.93,-97.9,lichen,F. cucullata,lichen,-999,ICP-MS,53.9,7.72,data from SI table S5,LS,NA,0,1
Devon_cucullata_75.93_-97.9,F. Cucullata,Devon,Canada,cucullata,7/1/2007,Department_of_biological_Sciences_University_of_alberta,Kyra_StPierre,kyra2@ualberta.ca,St._Pierre_et_al._2015,75.13,-91.93,lichen,F. cucullata,lichen,-999,ICP-MS,52.8,12.5,NA,LS,NA,0,1
Bathurst_tilsesii_75.93_-97.9,V. tilesii,Bathurst,Canada,tilsii,7/1/2007,Department_of_biological_Sciences_University_of_alberta,Kyra_StPierre,kyra2@ualberta.ca,St._Pierre_et_al._2015,75.93,-97.9,lichen,V. tilesii,lichen,-999,ICP-MS,39.2,4.43,data from SI table S5,LS,NA,0,1
Bathurst_cfandrejevii_75.93_-97.9,C. cf. andrejevii,Bathurst,Canada,C. cf. andrejevii,7/1/2007,Department_of_biological_Sciences_University_of_alberta,Kyra_StPierre,kyra2@ualberta.ca,St._Pierre_et_al._2015,75.93,-97.9,lichen,C. cf. andrejevii,lichen,-999,ICP-MS,90.1,19,data from SI table S5,LS,NA,0,1
Bathurst_andrejevii_75.93_-97.9,C.  andrejevii,Bathurst,Canada,C. andrejevii,7/1/2007,Department_of_biological_Sciences_University_of_alberta,Kyra_StPierre,kyra2@ualberta.ca,St._Pierre_et_al._2015,75.93,-97.9,lichen,C. andrejevii,lichen,-999,ICP-MS,186,-999,data from SI table S5,LS,NA,0,1
Devon_andrejevii_75.93_-97.9,C.  andrejevii,Devon,Canada,C. andrejevii,7/1/2007,Department_of_biological_Sciences_University_of_alberta,Kyra_StPierre,kyra2@ualberta.ca,St._Pierre_et_al._2015,75.13,-91.93,lichen,C. andrejevii,lichen,-999,ICP-MS,79.5,127,NA,LS,NA,0,1
Devon_rufescens_75.93_-97.9,P. rufescens,Devon,Canada,P. rufescens,7/1/2007,Department_of_biological_Sciences_University_of_alberta,Kyra_StPierre,kyra2@ualberta.ca,St._Pierre_et_al._2015,75.13,-91.93,lichen,P. rufescens,lichen,-999,ICP-MS,66.3,-999,NA,LS,NA,0,1
Devon_islandica_75.93_-97.9,C. islandica,Devon,Canada,C. islandica,7/1/2007,Department_of_biological_Sciences_University_of_alberta,Kyra_StPierre,kyra2@ualberta.ca,St._Pierre_et_al._2015,75.13,-91.93,lichen,C. islandica,lichen,-999,ICP-MS,91,4.26,NA,LS,NA,0,1
"Schirmacher Hills, Antarctica__-70.72_11.8",NA,"Schirmacher Hills, Antarctica",Antarctica,1437,-999,NA,NA,NA,Subhavana_et_al._2018,-70.72,11.8,NA,NA,moss,-999,NA,66,37,NA,NA,Moss ,0,1
Mt. Jinyun__29.79_106.34,NA,Mt. Jinyun,China,111,2014,NA,NA,NA,Sun_et_al._2019,29.79,106.34,NA,Pinus massoniana; Pinus henryi Mast; Cupressus funebris; Quercus variabilis Blume and Castanea seguinii Dode,Coniferous,-999,NA,53.4,2.8,NA,NA,Litterfall,0,1
" Mount Hengduan, Tibet Plateau, China__27.5_99",NA," Mount Hengduan, Tibet Plateau, China",China,755,-999,NA,NA,NA,Tang_et_al._2015,27.5,99,NA,NA,Coniferous,-999,NA,45,-999,NA,NA,Litterfall,0,1
" Mount Hengduan, Tibet Plateau, China__27.5_99",NA," Mount Hengduan, Tibet Plateau, China",China,756,-999,NA,NA,NA,Tang_et_al._2015,27.5,99,NA,NA,Coniferous,-999,NA,9,-999,NA,NA,Leaf ,0,1
" Mount Hengduan, Tibet Plateau, China__27.5_99",NA," Mount Hengduan, Tibet Plateau, China",China,757,-999,NA,NA,NA,Tang_et_al._2015,27.5,99,NA,NA,Coniferous,-999,NA,5,-999,NA,NA,Twigs,0,1
" Mount Hengduan, Tibet Plateau, China__27.5_99",NA," Mount Hengduan, Tibet Plateau, China",China,758,-999,NA,NA,NA,Tang_et_al._2015,27.5,99,NA,NA,Coniferous,-999,NA,15,-999,NA,NA,Root,0,1
"south-facing slope of Mt. Nyainqêntanglha, Tibetan Plateau__30.19_89.99",NA,"south-facing slope of Mt. Nyainqêntanglha, Tibetan Plateau",China,1546,2015,NA,NA,NA,Tang_et_al._2015,30.19,89.99,NA,Androsace tapete,grass,-999,NA,21.1,-999,NA,NA,Grass,0,1
"The Hailuogou Glacier, located in the Southeast TP, is one of the major glacier systems on the east slope of Mt. Gongga__29.561912_101.991797",NA,"The Hailuogou Glacier, located in the Southeast TP, is one of the major glacier systems on the east slope of Mt. Gongga",China,3111,2019,NA,NA,NA,Wang_et_al._2020,29.561912,101.991797,NA,NA,deciduous,-999,NA,127,57,NA,NA,Moss ,0,1
"The Hailuogou Glacier, located in the Southeast TP, is one of the major glacier systems on the east slope of Mt. Gongga__29.56_101.99",NA,"The Hailuogou Glacier, located in the Southeast TP, is one of the major glacier systems on the east slope of Mt. Gongga",China,1689,2019,NA,NA,NA,Wang_et_al._2020,29.56,101.99,NA,Salix magnifica Hemsl.,Decidous,-999,NA,15,-999,NA,NA,Leaf ,0,1
"The Hailuogou Glacier, located in the Southeast TP, is one of the major glacier systems on the east slope of Mt. Gongga__29.56_101.99",NA,"The Hailuogou Glacier, located in the Southeast TP, is one of the major glacier systems on the east slope of Mt. Gongga",China,1690,2019,NA,NA,NA,Wang_et_al._2020,29.56,101.99,NA,Salix magnifica Hemsl.,Decidous,-999,NA,6,-999,NA,NA,Branch ,0,1
"The Hailuogou Glacier, located in the Southeast TP, is one of the major glacier systems on the east slope of Mt. Gongga__29.56_101.99",NA,"The Hailuogou Glacier, located in the Southeast TP, is one of the major glacier systems on the east slope of Mt. Gongga",China,1691,2019,NA,NA,NA,Wang_et_al._2020,29.56,101.99,NA,Salix magnifica Hemsl.,Decidous,-999,NA,5,-999,NA,NA,Bole Wood ,0,1
"The Hailuogou Glacier, located in the Southeast TP, is one of the major glacier systems on the east slope of Mt. Gongga__29.56_101.99",NA,"The Hailuogou Glacier, located in the Southeast TP, is one of the major glacier systems on the east slope of Mt. Gongga",China,1692,2019,NA,NA,NA,Wang_et_al._2020,29.56,101.99,NA,Salix magnifica Hemsl.,Decidous,-999,NA,6,-999,NA,NA,Large root  ,0,1
"The Hailuogou Glacier, located in the Southeast TP, is one of the major glacier systems on the east slope of Mt. Gongga__29.56_101.99",NA,"The Hailuogou Glacier, located in the Southeast TP, is one of the major glacier systems on the east slope of Mt. Gongga",China,1693,2019,NA,NA,NA,Wang_et_al._2020,29.56,101.99,NA,Salix magnifica Hemsl.,Decidous,-999,NA,5,-999,NA,NA,Medium root,0,1
"The Hailuogou Glacier, located in the Southeast TP, is one of the major glacier systems on the east slope of Mt. Gongga__29.56_101.99",NA,"The Hailuogou Glacier, located in the Southeast TP, is one of the major glacier systems on the east slope of Mt. Gongga",China,1694,2019,NA,NA,NA,Wang_et_al._2020,29.56,101.99,NA,Salix magnifica Hemsl.,Decidous,-999,NA,6,-999,NA,NA,Small root ,0,1
"The Hailuogou Glacier, located in the Southeast TP, is one of the major glacier systems on the east slope of Mt. Gongga__29.56_101.99",NA,"The Hailuogou Glacier, located in the Southeast TP, is one of the major glacier systems on the east slope of Mt. Gongga",China,1695,2019,NA,NA,NA,Wang_et_al._2020,29.56,101.99,NA,Salix magnifica Hemsl.,Decidous,-999,NA,15,-999,NA,NA,Bark,0,1
"The Hailuogou Glacier, located in the Southeast TP, is one of the major glacier systems on the east slope of Mt. Gongga__29.56_101.99",NA,"The Hailuogou Glacier, located in the Southeast TP, is one of the major glacier systems on the east slope of Mt. Gongga",China,1696,2019,NA,NA,NA,Wang_et_al._2020,29.56,101.99,NA,Populus purdomii Rehd,Decidous,-999,NA,19,-999,NA,NA,Leaf ,0,1
"The Hailuogou Glacier, located in the Southeast TP, is one of the major glacier systems on the east slope of Mt. Gongga__29.56_101.99",NA,"The Hailuogou Glacier, located in the Southeast TP, is one of the major glacier systems on the east slope of Mt. Gongga",China,1697,2019,NA,NA,NA,Wang_et_al._2020,29.56,101.99,NA,Populus purdomii Rehd,Decidous,-999,NA,3,-999,NA,NA,Branch ,0,1
"The Hailuogou Glacier, located in the Southeast TP, is one of the major glacier systems on the east slope of Mt. Gongga__29.56_101.99",NA,"The Hailuogou Glacier, located in the Southeast TP, is one of the major glacier systems on the east slope of Mt. Gongga",China,1698,2019,NA,NA,NA,Wang_et_al._2020,29.56,101.99,NA,Populus purdomii Rehd,Decidous,-999,NA,2,-999,NA,NA,Bole Wood ,0,1
"The Hailuogou Glacier, located in the Southeast TP, is one of the major glacier systems on the east slope of Mt. Gongga__29.56_101.99",NA,"The Hailuogou Glacier, located in the Southeast TP, is one of the major glacier systems on the east slope of Mt. Gongga",China,1699,2019,NA,NA,NA,Wang_et_al._2020,29.56,101.99,NA,Populus purdomii Rehd,Decidous,-999,NA,3,-999,NA,NA,Large root  ,0,1
"The Hailuogou Glacier, located in the Southeast TP, is one of the major glacier systems on the east slope of Mt. Gongga__29.56_101.99",NA,"The Hailuogou Glacier, located in the Southeast TP, is one of the major glacier systems on the east slope of Mt. Gongga",China,1700,2019,NA,NA,NA,Wang_et_al._2020,29.56,101.99,NA,Populus purdomii Rehd,Decidous,-999,NA,7,-999,NA,NA,Medium root,0,1
"The Hailuogou Glacier, located in the Southeast TP, is one of the major glacier systems on the east slope of Mt. Gongga__29.56_101.99",NA,"The Hailuogou Glacier, located in the Southeast TP, is one of the major glacier systems on the east slope of Mt. Gongga",China,1701,2019,NA,NA,NA,Wang_et_al._2020,29.56,101.99,NA,Populus purdomii Rehd,Decidous,-999,NA,12,-999,NA,NA,Small root ,0,1
"The Hailuogou Glacier, located in the Southeast TP, is one of the major glacier systems on the east slope of Mt. Gongga__29.56_101.99",NA,"The Hailuogou Glacier, located in the Southeast TP, is one of the major glacier systems on the east slope of Mt. Gongga",China,1702,2019,NA,NA,NA,Wang_et_al._2020,29.56,101.99,NA,Populus purdomii Rehd,Decidous,-999,NA,18,-999,NA,NA,Bark,0,1
"The Hailuogou Glacier, located in the Southeast TP, is one of the major glacier systems on the east slope of Mt. Gongga__29.56_101.99",NA,"The Hailuogou Glacier, located in the Southeast TP, is one of the major glacier systems on the east slope of Mt. Gongga",China,1703,2019,NA,NA,NA,Wang_et_al._2020,29.56,101.99,NA,Hippophae rhamnoides Linn.,shrub,-999,NA,20,-999,NA,NA,Leaf ,0,1
"The Hailuogou Glacier, located in the Southeast TP, is one of the major glacier systems on the east slope of Mt. Gongga__29.56_101.99",NA,"The Hailuogou Glacier, located in the Southeast TP, is one of the major glacier systems on the east slope of Mt. Gongga",China,1704,2019,NA,NA,NA,Wang_et_al._2020,29.56,101.99,NA,Hippophae rhamnoides Linn.,shrub,-999,NA,5,-999,NA,NA,Branch ,0,1
"The Hailuogou Glacier, located in the Southeast TP, is one of the major glacier systems on the east slope of Mt. Gongga__29.56_101.99",NA,"The Hailuogou Glacier, located in the Southeast TP, is one of the major glacier systems on the east slope of Mt. Gongga",China,1705,2019,NA,NA,NA,Wang_et_al._2020,29.56,101.99,NA,Hippophae rhamnoides Linn.,shrub,-999,NA,2,-999,NA,NA,Bole Wood ,0,1
"The Hailuogou Glacier, located in the Southeast TP, is one of the major glacier systems on the east slope of Mt. Gongga__29.56_101.99",NA,"The Hailuogou Glacier, located in the Southeast TP, is one of the major glacier systems on the east slope of Mt. Gongga",China,1706,2019,NA,NA,NA,Wang_et_al._2020,29.56,101.99,NA,Hippophae rhamnoides Linn.,shrub,-999,NA,8,-999,NA,NA,Large root  ,0,1
"The Hailuogou Glacier, located in the Southeast TP, is one of the major glacier systems on the east slope of Mt. Gongga__29.56_101.99",NA,"The Hailuogou Glacier, located in the Southeast TP, is one of the major glacier systems on the east slope of Mt. Gongga",China,1707,2019,NA,NA,NA,Wang_et_al._2020,29.56,101.99,NA,Hippophae rhamnoides Linn.,shrub,-999,NA,5,-999,NA,NA,Medium root,0,1
"The Hailuogou Glacier, located in the Southeast TP, is one of the major glacier systems on the east slope of Mt. Gongga__29.56_101.99",NA,"The Hailuogou Glacier, located in the Southeast TP, is one of the major glacier systems on the east slope of Mt. Gongga",China,1708,2019,NA,NA,NA,Wang_et_al._2020,29.56,101.99,NA,Hippophae rhamnoides Linn.,shrub,-999,NA,7,-999,NA,NA,Small root ,0,1
"The Hailuogou Glacier, located in the Southeast TP, is one of the major glacier systems on the east slope of Mt. Gongga__29.56_101.99",NA,"The Hailuogou Glacier, located in the Southeast TP, is one of the major glacier systems on the east slope of Mt. Gongga",China,1709,2019,NA,NA,NA,Wang_et_al._2020,29.56,101.99,NA,Hippophae rhamnoides Linn.,shrub,-999,NA,7,-999,NA,NA,Bark,0,1
"The Hailuogou Glacier, located in the Southeast TP, is one of the major glacier systems on the east slope of Mt. Gongga__29.56_101.99",NA,"The Hailuogou Glacier, located in the Southeast TP, is one of the major glacier systems on the east slope of Mt. Gongga",China,1710,2019,NA,NA,NA,Wang_et_al._2020,29.56,101.99,NA,Abies fabri (Mast.) Craib.,coniferous,-999,NA,36,-999,NA,NA,Leaf ,0,1
"The Hailuogou Glacier, located in the Southeast TP, is one of the major glacier systems on the east slope of Mt. Gongga__29.56_101.99",NA,"The Hailuogou Glacier, located in the Southeast TP, is one of the major glacier systems on the east slope of Mt. Gongga",China,1711,2019,NA,NA,NA,Wang_et_al._2020,29.56,101.99,NA,Abies fabri (Mast.) Craib.,coniferous,-999,NA,6,-999,NA,NA,Branch ,0,1
"The Hailuogou Glacier, located in the Southeast TP, is one of the major glacier systems on the east slope of Mt. Gongga__29.56_101.99",NA,"The Hailuogou Glacier, located in the Southeast TP, is one of the major glacier systems on the east slope of Mt. Gongga",China,1712,2019,NA,NA,NA,Wang_et_al._2020,29.56,101.99,NA,Abies fabri (Mast.) Craib.,coniferous,-999,NA,2,-999,NA,NA,Bole Wood ,0,1
"The Hailuogou Glacier, located in the Southeast TP, is one of the major glacier systems on the east slope of Mt. Gongga__29.56_101.99",NA,"The Hailuogou Glacier, located in the Southeast TP, is one of the major glacier systems on the east slope of Mt. Gongga",China,1713,2019,NA,NA,NA,Wang_et_al._2020,29.56,101.99,NA,Abies fabri (Mast.) Craib.,coniferous,-999,NA,5,-999,NA,NA,Large root  ,0,1
"The Hailuogou Glacier, located in the Southeast TP, is one of the major glacier systems on the east slope of Mt. Gongga__29.56_101.99",NA,"The Hailuogou Glacier, located in the Southeast TP, is one of the major glacier systems on the east slope of Mt. Gongga",China,1714,2019,NA,NA,NA,Wang_et_al._2020,29.56,101.99,NA,Abies fabri (Mast.) Craib.,coniferous,-999,NA,6,-999,NA,NA,Medium root,0,1
"The Hailuogou Glacier, located in the Southeast TP, is one of the major glacier systems on the east slope of Mt. Gongga__29.56_101.99",NA,"The Hailuogou Glacier, located in the Southeast TP, is one of the major glacier systems on the east slope of Mt. Gongga",China,1715,2019,NA,NA,NA,Wang_et_al._2020,29.56,101.99,NA,Abies fabri (Mast.) Craib.,coniferous,-999,NA,9,-999,NA,NA,Small root ,0,1
"The Hailuogou Glacier, located in the Southeast TP, is one of the major glacier systems on the east slope of Mt. Gongga__29.56_101.99",NA,"The Hailuogou Glacier, located in the Southeast TP, is one of the major glacier systems on the east slope of Mt. Gongga",China,1716,2019,NA,NA,NA,Wang_et_al._2020,29.56,101.99,NA,Abies fabri (Mast.) Craib.,coniferous,-999,NA,13,-999,NA,NA,Bark,0,1
"The Hailuogou Glacier, located in the Southeast TP, is one of the major glacier systems on the east slope of Mt. Gongga__29.56_101.99",NA,"The Hailuogou Glacier, located in the Southeast TP, is one of the major glacier systems on the east slope of Mt. Gongga",China,1717,2019,NA,NA,NA,Wang_et_al._2020,29.56,101.99,NA,Picea asperata Mast.,coniferous,-999,NA,62,-999,NA,NA,Leaf ,0,1
"The Hailuogou Glacier, located in the Southeast TP, is one of the major glacier systems on the east slope of Mt. Gongga__29.56_101.99",NA,"The Hailuogou Glacier, located in the Southeast TP, is one of the major glacier systems on the east slope of Mt. Gongga",China,1718,2019,NA,NA,NA,Wang_et_al._2020,29.56,101.99,NA,Picea asperata Mast.,coniferous,-999,NA,6,-999,NA,NA,Branch ,0,1
"The Hailuogou Glacier, located in the Southeast TP, is one of the major glacier systems on the east slope of Mt. Gongga__29.56_101.99",NA,"The Hailuogou Glacier, located in the Southeast TP, is one of the major glacier systems on the east slope of Mt. Gongga",China,1719,2019,NA,NA,NA,Wang_et_al._2020,29.56,101.99,NA,Picea asperata Mast.,coniferous,-999,NA,2,-999,NA,NA,Stem,0,1
"The Hailuogou Glacier, located in the Southeast TP, is one of the major glacier systems on the east slope of Mt. Gongga__29.56_101.99",NA,"The Hailuogou Glacier, located in the Southeast TP, is one of the major glacier systems on the east slope of Mt. Gongga",China,1720,2019,NA,NA,NA,Wang_et_al._2020,29.56,101.99,NA,Picea asperata Mast.,coniferous,-999,NA,4,-999,NA,NA,Large root  ,0,1
"The Hailuogou Glacier, located in the Southeast TP, is one of the major glacier systems on the east slope of Mt. Gongga__29.56_101.99",NA,"The Hailuogou Glacier, located in the Southeast TP, is one of the major glacier systems on the east slope of Mt. Gongga",China,1721,2019,NA,NA,NA,Wang_et_al._2020,29.56,101.99,NA,Picea asperata Mast.,coniferous,-999,NA,6,-999,NA,NA,Medium root,0,1
"The Hailuogou Glacier, located in the Southeast TP, is one of the major glacier systems on the east slope of Mt. Gongga__29.56_101.99",NA,"The Hailuogou Glacier, located in the Southeast TP, is one of the major glacier systems on the east slope of Mt. Gongga",China,1722,2019,NA,NA,NA,Wang_et_al._2020,29.56,101.99,NA,Picea asperata Mast.,coniferous,-999,NA,12,-999,NA,NA,Small root ,0,1
China_Site01_30.32_98.06,Site01,Qinghai-Tibet Plateau,China,Site01,6/1/2020,State_Key_Laboratory_of_Environmental_Geochemistry_Institute_of_Geochemistry_Chinese_Academy_of_Sciences_Guiyang_China,Xinbin_Feng,fengxinbin@vip.skleg.cn,Wang_2022,30.32,98.06,grass,Kobresia myosuroides Fiori;  Leontopodium leontopodioides Beauv  ; Stipa capillata L. ; Kobresia humilis Sergievskay ; Poa pratensis L. ; Stipa capillata L.,alpine meadow and steppe,-999,DMA,15.62,5.61,high altitude (3500-5000),LS,NA,0,1
China_Site02_31.08_96.45,Site02,Qinghai-Tibet Plateau,China,Site02,6/1/2020,State_Key_Laboratory_of_Environmental_Geochemistry_Institute_of_Geochemistry_Chinese_Academy_of_Sciences_Guiyang_China,Xinbin_Feng,fengxinbin@vip.skleg.cn,Wang_2022,31.08,96.45,grass,Kobresia myosuroides Fiori;  Leontopodium leontopodioides Beauv  ; Stipa capillata L. ; Kobresia humilis Sergievskay ; Poa pratensis L. ; Stipa capillata L.,alpine meadow and steppe,-999,DMA,14.23,2.64,high altitude (3500-5000),LS,NA,0,1
China_Site03_31.90_91.71,Site03,Qinghai-Tibet Plateau,China,Site03,6/1/2020,State_Key_Laboratory_of_Environmental_Geochemistry_Institute_of_Geochemistry_Chinese_Academy_of_Sciences_Guiyang_China,Xinbin_Feng,fengxinbin@vip.skleg.cn,Wang_2022,31.9,91.71,grass,Kobresia myosuroides Fiori;  Leontopodium leontopodioides Beauv  ; Stipa capillata L. ; Kobresia humilis Sergievskay ; Poa pratensis L. ; Stipa capillata L.,alpine meadow and steppe,-999,DMA,10.64,4.32,high altitude (3500-5000),LS,NA,0,1
China_Site04_32.34_91.72,Site04,Qinghai-Tibet Plateau,China,Site04,6/1/2020,State_Key_Laboratory_of_Environmental_Geochemistry_Institute_of_Geochemistry_Chinese_Academy_of_Sciences_Guiyang_China,Xinbin_Feng,fengxinbin@vip.skleg.cn,Wang_2022,32.34,91.72,grass,Kobresia myosuroides Fiori;  Leontopodium leontopodioides Beauv  ; Stipa capillata L. ; Kobresia humilis Sergievskay ; Poa pratensis L. ; Stipa capillata L.,alpine meadow and steppe,-999,DMA,10.2,2.42,high altitude (3500-5000),LS,NA,0,1
China_Site05_33.03_91.96,Site05,Qinghai-Tibet Plateau,China,Site05,6/1/2020,State_Key_Laboratory_of_Environmental_Geochemistry_Institute_of_Geochemistry_Chinese_Academy_of_Sciences_Guiyang_China,Xinbin_Feng,fengxinbin@vip.skleg.cn,Wang_2022,33.03,91.96,grass,Kobresia myosuroides Fiori;  Leontopodium leontopodioides Beauv  ; Stipa capillata L. ; Kobresia humilis Sergievskay ; Poa pratensis L. ; Stipa capillata L.,alpine meadow and steppe,-999,DMA,16.61,1.5,high altitude (3500-5000),LS,NA,0,1
China_Site06_33.12_96.69,Site06,Qinghai-Tibet Plateau,China,Site06,6/1/2020,State_Key_Laboratory_of_Environmental_Geochemistry_Institute_of_Geochemistry_Chinese_Academy_of_Sciences_Guiyang_China,Xinbin_Feng,fengxinbin@vip.skleg.cn,Wang_2022,33.12,96.69,grass,Kobresia myosuroides Fiori;  Leontopodium leontopodioides Beauv  ; Stipa capillata L. ; Kobresia humilis Sergievskay ; Poa pratensis L. ; Stipa capillata L.,alpine meadow and steppe,-999,DMA,11.77,2.86,high altitude (3500-5000),LS,NA,0,1
China_Site07_33.69_97.18,Site07,Qinghai-Tibet Plateau,China,Site07,6/1/2020,State_Key_Laboratory_of_Environmental_Geochemistry_Institute_of_Geochemistry_Chinese_Academy_of_Sciences_Guiyang_China,Xinbin_Feng,fengxinbin@vip.skleg.cn,Wang_2022,33.69,97.18,grass,Kobresia myosuroides Fiori;  Leontopodium leontopodioides Beauv  ; Stipa capillata L. ; Kobresia humilis Sergievskay ; Poa pratensis L. ; Stipa capillata L.,alpine meadow and steppe,-999,DMA,16.08,10.25,high altitude (3500-5000),LS,NA,0,1
China_Site08_33.79_95.76,Site08,Qinghai-Tibet Plateau,China,Site08,6/1/2020,State_Key_Laboratory_of_Environmental_Geochemistry_Institute_of_Geochemistry_Chinese_Academy_of_Sciences_Guiyang_China,Xinbin_Feng,fengxinbin@vip.skleg.cn,Wang_2022,33.79,95.76,grass,Kobresia myosuroides Fiori;  Leontopodium leontopodioides Beauv  ; Stipa capillata L. ; Kobresia humilis Sergievskay ; Poa pratensis L. ; Stipa capillata L.,alpine meadow and steppe,-999,DMA,22.7,12.6,high altitude (3500-5000),LS,NA,0,1
China_Site10_33.90_92.36,Site10,Qinghai-Tibet Plateau,China,Site10,6/1/2020,State_Key_Laboratory_of_Environmental_Geochemistry_Institute_of_Geochemistry_Chinese_Academy_of_Sciences_Guiyang_China,Xinbin_Feng,fengxinbin@vip.skleg.cn,Wang_2022,33.9,92.36,grass,Kobresia myosuroides Fiori;  Leontopodium leontopodioides Beauv  ; Stipa capillata L. ; Kobresia humilis Sergievskay ; Poa pratensis L. ; Stipa capillata L.,alpine meadow and steppe,-999,DMA,13.32,1.14,high altitude (3500-5000),LS,NA,0,1
China_Site11_34.11_102.70,Site11,Qinghai-Tibet Plateau,China,Site11,6/1/2020,State_Key_Laboratory_of_Environmental_Geochemistry_Institute_of_Geochemistry_Chinese_Academy_of_Sciences_Guiyang_China,Xinbin_Feng,fengxinbin@vip.skleg.cn,Wang_2022,34.11,102.7,grass,Kobresia myosuroides Fiori;  Leontopodium leontopodioides Beauv  ; Stipa capillata L. ; Kobresia humilis Sergievskay ; Poa pratensis L. ; Stipa capillata L.,alpine meadow and steppe,-999,DMA,13.05,3.12,high altitude (3500-5000),LS,NA,0,1
China_Site12_34.25_97.84,Site12,Qinghai-Tibet Plateau,China,Site12,6/1/2020,State_Key_Laboratory_of_Environmental_Geochemistry_Institute_of_Geochemistry_Chinese_Academy_of_Sciences_Guiyang_China,Xinbin_Feng,fengxinbin@vip.skleg.cn,Wang_2022,34.25,97.84,grass,Kobresia myosuroides Fiori;  Leontopodium leontopodioides Beauv  ; Stipa capillata L. ; Kobresia humilis Sergievskay ; Poa pratensis L. ; Stipa capillata L.,alpine meadow and steppe,-999,DMA,16.96,5.82,high altitude (3500-5000),LS,NA,0,1
China_Site13_34.33_95.71,Site13,Qinghai-Tibet Plateau,China,Site13,6/1/2020,State_Key_Laboratory_of_Environmental_Geochemistry_Institute_of_Geochemistry_Chinese_Academy_of_Sciences_Guiyang_China,Xinbin_Feng,fengxinbin@vip.skleg.cn,Wang_2022,34.33,95.71,grass,Kobresia myosuroides Fiori;  Leontopodium leontopodioides Beauv  ; Stipa capillata L. ; Kobresia humilis Sergievskay ; Poa pratensis L. ; Stipa capillata L.,alpine meadow and steppe,-999,DMA,10.39,4.78,high altitude (3500-5000),LS,NA,0,1
China_Site14_34.73_92.89,Site14,Qinghai-Tibet Plateau,China,Site14,6/1/2020,State_Key_Laboratory_of_Environmental_Geochemistry_Institute_of_Geochemistry_Chinese_Academy_of_Sciences_Guiyang_China,Xinbin_Feng,fengxinbin@vip.skleg.cn,Wang_2022,34.73,92.89,grass,Kobresia myosuroides Fiori;  Leontopodium leontopodioides Beauv  ; Stipa capillata L. ; Kobresia humilis Sergievskay ; Poa pratensis L. ; Stipa capillata L.,alpine meadow and steppe,-999,DMA,24.15,13.07,high altitude (3500-5000),LS,NA,0,1
China_Site15_35.02_97.61,Site15,Qinghai-Tibet Plateau,China,Site15,6/1/2020,State_Key_Laboratory_of_Environmental_Geochemistry_Institute_of_Geochemistry_Chinese_Academy_of_Sciences_Guiyang_China,Xinbin_Feng,fengxinbin@vip.skleg.cn,Wang_2022,35.02,97.61,grass,Kobresia myosuroides Fiori;  Leontopodium leontopodioides Beauv  ; Stipa capillata L. ; Kobresia humilis Sergievskay ; Poa pratensis L. ; Stipa capillata L.,alpine meadow and steppe,-999,DMA,10.69,6.37,high altitude (3500-5000),LS,NA,0,1
China_Site17_35.03_97.83,Site17,Qinghai-Tibet Plateau,China,Site17,6/1/2020,State_Key_Laboratory_of_Environmental_Geochemistry_Institute_of_Geochemistry_Chinese_Academy_of_Sciences_Guiyang_China,Xinbin_Feng,fengxinbin@vip.skleg.cn,Wang_2022,35.03,97.83,grass,Kobresia myosuroides Fiori;  Leontopodium leontopodioides Beauv  ; Stipa capillata L. ; Kobresia humilis Sergievskay ; Poa pratensis L. ; Stipa capillata L.,alpine meadow and steppe,-999,DMA,13.44,6.21,high altitude (3500-5000),LS,NA,0,1
China_Site18_35.11_97.92,Site18,Qinghai-Tibet Plateau,China,Site18,6/1/2020,State_Key_Laboratory_of_Environmental_Geochemistry_Institute_of_Geochemistry_Chinese_Academy_of_Sciences_Guiyang_China,Xinbin_Feng,fengxinbin@vip.skleg.cn,Wang_2022,35.11,97.92,grass,Kobresia myosuroides Fiori;  Leontopodium leontopodioides Beauv  ; Stipa capillata L. ; Kobresia humilis Sergievskay ; Poa pratensis L. ; Stipa capillata L.,alpine meadow and steppe,-999,DMA,23.44,19.99,high altitude (3500-5000),LS,NA,0,1
China_Site19_35.22_101.44,Site19,Qinghai-Tibet Plateau,China,Site19,6/1/2020,State_Key_Laboratory_of_Environmental_Geochemistry_Institute_of_Geochemistry_Chinese_Academy_of_Sciences_Guiyang_China,Xinbin_Feng,fengxinbin@vip.skleg.cn,Wang_2022,35.22,101.44,grass,Kobresia myosuroides Fiori;  Leontopodium leontopodioides Beauv  ; Stipa capillata L. ; Kobresia humilis Sergievskay ; Poa pratensis L. ; Stipa capillata L.,alpine meadow and steppe,-999,DMA,14.11,3.2,high altitude (3500-5000),LS,NA,0,1
China_Site20_35.29_93.25,Site20,Qinghai-Tibet Plateau,China,Site20,6/1/2020,State_Key_Laboratory_of_Environmental_Geochemistry_Institute_of_Geochemistry_Chinese_Academy_of_Sciences_Guiyang_China,Xinbin_Feng,fengxinbin@vip.skleg.cn,Wang_2022,35.29,93.25,grass,Kobresia myosuroides Fiori;  Leontopodium leontopodioides Beauv  ; Stipa capillata L. ; Kobresia humilis Sergievskay ; Poa pratensis L. ; Stipa capillata L.,alpine meadow and steppe,-999,DMA,14.73,5.71,high altitude (3500-5000),LS,NA,0,1
Pallas__67.97_24.12,NA,Pallas,Europe,2856,2018,NA,NA,NA,Wohlgemuth_et_al._2020,67.97,24.12,NA,pine,coniferous,-999,NA,10.7,-999,NA,NA,Needle,0,1
Pallas__67.97_24.12,NA,Pallas,Europe,2857,2018,NA,NA,NA,Wohlgemuth_et_al._2020,67.97,24.12,NA,pine,coniferous,-999,NA,12,-999,NA,NA,Needle,0,1
Pallas__67.97_24.12,NA,Pallas,Europe,2858,2018,NA,NA,NA,Wohlgemuth_et_al._2020,67.97,24.12,NA,pine,coniferous,-999,NA,12.2,-999,NA,NA,Needle,0,1
Pallas__67.97_24.12,NA,Pallas,Europe,2859,2018,NA,NA,NA,Wohlgemuth_et_al._2020,67.97,24.12,NA,pine,coniferous,-999,NA,29.2,-999,NA,NA,Needle,0,1
Pallas__67.97_24.12,NA,Pallas,Europe,2860,2018,NA,NA,NA,Wohlgemuth_et_al._2020,67.97,24.12,NA,pine,coniferous,-999,NA,15.2,-999,NA,NA,Needle,0,1
Pallas__67.97_24.12,NA,Pallas,Europe,2861,2018,NA,NA,NA,Wohlgemuth_et_al._2020,67.97,24.12,NA,pine,coniferous,-999,NA,31.3,-999,NA,NA,Needle,0,1
Pallas__67.97_24.12,NA,Pallas,Europe,2862,2018,NA,NA,NA,Wohlgemuth_et_al._2020,67.97,24.12,NA,spruce,coniferous,-999,NA,10.8,-999,NA,NA,Needle,0,1
Pallas__67.97_24.12,NA,Pallas,Europe,2863,2018,NA,NA,NA,Wohlgemuth_et_al._2020,67.97,24.12,NA,spruce,coniferous,-999,NA,13.4,-999,NA,NA,Needle,0,1
Pallas__67.97_24.12,NA,Pallas,Europe,2864,2018,NA,NA,NA,Wohlgemuth_et_al._2020,67.97,24.12,NA,spruce,coniferous,-999,NA,14,-999,NA,NA,Needle,0,1
Pallas__67.97_24.12,NA,Pallas,Europe,2865,2018,NA,NA,NA,Wohlgemuth_et_al._2020,67.97,24.12,NA,spruce,coniferous,-999,NA,20,-999,NA,NA,Needle,0,1
Pallas__67.97_24.12,NA,Pallas,Europe,2866,2018,NA,NA,NA,Wohlgemuth_et_al._2020,67.97,24.12,NA,spruce,coniferous,-999,NA,10.1,-999,NA,NA,Needle,0,1
Pallas__67.97_24.12,NA,Pallas,Europe,2867,2018,NA,NA,NA,Wohlgemuth_et_al._2020,67.97,24.12,NA,spruce,coniferous,-999,NA,18.2,-999,NA,NA,Needle,0,1
Pallas__67.97_24.12,NA,Pallas,Europe,2868,2018,NA,NA,NA,Wohlgemuth_et_al._2020,67.97,24.12,NA,spruce,coniferous,-999,NA,11,-999,NA,NA,Needle,0,1
Pallas__67.97_24.12,NA,Pallas,Europe,2869,2018,NA,NA,NA,Wohlgemuth_et_al._2020,67.97,24.12,NA,spruce,coniferous,-999,NA,27.6,-999,NA,NA,Needle,0,1
Pallas__67.97_24.12,NA,Pallas,Europe,2870,2018,NA,NA,NA,Wohlgemuth_et_al._2020,67.97,24.12,NA,spruce,coniferous,-999,NA,14,-999,NA,NA,Needle,0,1
Pallas__67.97_24.12,NA,Pallas,Europe,2871,2018,NA,NA,NA,Wohlgemuth_et_al._2020,67.97,24.12,NA,spruce,coniferous,-999,NA,19,-999,NA,NA,Needle,0,1
Pallas__67.97_24.12,NA,Pallas,Europe,2872,2018,NA,NA,NA,Wohlgemuth_et_al._2020,67.97,24.12,NA,pine,coniferous,-999,NA,2.4,-999,NA,NA,Needle,0,1
Pallas__67.97_24.12,NA,Pallas,Europe,2873,2018,NA,NA,NA,Wohlgemuth_et_al._2020,67.97,24.12,NA,pine,coniferous,-999,NA,5.3,-999,NA,NA,Needle,0,1
Pallas__67.97_24.12,NA,Pallas,Europe,2874,2018,NA,NA,NA,Wohlgemuth_et_al._2020,67.97,24.12,NA,pine,coniferous,-999,NA,12.4,-999,NA,NA,Needle,0,1
Pallas__67.97_24.12,NA,Pallas,Europe,2875,2018,NA,NA,NA,Wohlgemuth_et_al._2020,67.97,24.12,NA,pine,coniferous,-999,NA,2.4,-999,NA,NA,Needle,0,1
Pallas__67.97_24.12,NA,Pallas,Europe,2876,2018,NA,NA,NA,Wohlgemuth_et_al._2020,67.97,24.12,NA,pine,coniferous,-999,NA,7.4,-999,NA,NA,Needle,0,1
Pallas__67.97_24.12,NA,Pallas,Europe,2877,2018,NA,NA,NA,Wohlgemuth_et_al._2020,67.97,24.12,NA,pine,coniferous,-999,NA,3.5,-999,NA,NA,Needle,0,1
Pallas__67.97_24.12,NA,Pallas,Europe,2878,2018,NA,NA,NA,Wohlgemuth_et_al._2020,67.97,24.12,NA,pine,coniferous,-999,NA,11.8,-999,NA,NA,Needle,0,1
Pallas__67.97_24.12,NA,Pallas,Europe,2879,2018,NA,NA,NA,Wohlgemuth_et_al._2020,67.97,24.12,NA,spruce,coniferous,-999,NA,4.2,-999,NA,NA,Needle,0,1
Pallas__67.97_24.12,NA,Pallas,Europe,2880,2018,NA,NA,NA,Wohlgemuth_et_al._2020,67.97,24.12,NA,spruce,coniferous,-999,NA,11.2,-999,NA,NA,Needle,0,1
Pallas__67.97_24.12,NA,Pallas,Europe,2881,2018,NA,NA,NA,Wohlgemuth_et_al._2020,67.97,24.12,NA,spruce,coniferous,-999,NA,5.1,-999,NA,NA,Needle,0,1
Pallas__67.97_24.12,NA,Pallas,Europe,2882,2018,NA,NA,NA,Wohlgemuth_et_al._2020,67.97,24.12,NA,spruce,coniferous,-999,NA,11.3,-999,NA,NA,Needle,0,1
Pallas__67.97_24.12,NA,Pallas,Europe,2883,2018,NA,NA,NA,Wohlgemuth_et_al._2020,67.97,24.12,NA,spruce,coniferous,-999,NA,5,-999,NA,NA,Needle,0,1
Pallas__67.97_24.12,NA,Pallas,Europe,2884,2018,NA,NA,NA,Wohlgemuth_et_al._2020,67.97,24.12,NA,spruce,coniferous,-999,NA,9.7,-999,NA,NA,Needle,0,1
Pallas__67.97_24.12,NA,Pallas,Europe,2885,2018,NA,NA,NA,Wohlgemuth_et_al._2020,67.97,24.12,NA,spruce,coniferous,-999,NA,7.6,-999,NA,NA,Needle,0,1
Pallas__67.97_24.12,NA,Pallas,Europe,2886,2018,NA,NA,NA,Wohlgemuth_et_al._2020,67.97,24.12,NA,spruce,coniferous,-999,NA,12,-999,NA,NA,Needle,0,1
Pallas__67.97_24.12,NA,Pallas,Europe,2887,2018,NA,NA,NA,Wohlgemuth_et_al._2020,67.97,24.12,NA,spruce,coniferous,-999,NA,8.5,-999,NA,NA,Needle,0,1
Pallas__67.97_24.12,NA,Pallas,Europe,2888,2018,NA,NA,NA,Wohlgemuth_et_al._2020,67.97,24.12,NA,birch,Decidous,-999,NA,10.6,-999,NA,NA,Leaf ,0,1
Pallas__67.97_24.12,NA,Pallas,Europe,2889,2018,NA,NA,NA,Wohlgemuth_et_al._2020,67.97,24.12,NA,birch,Decidous,-999,NA,10.6,-999,NA,NA,Leaf ,0,1
Pallas__67.97_24.12,NA,Pallas,Europe,2890,2018,NA,NA,NA,Wohlgemuth_et_al._2020,67.97,24.12,NA,birch,Decidous,-999,NA,9.9,-999,NA,NA,Leaf ,0,1
Pallas__67.97_24.12,NA,Pallas,Europe,2891,2018,NA,NA,NA,Wohlgemuth_et_al._2020,67.97,24.12,NA,pine,coniferous,-999,NA,6,-999,NA,NA,Needle,0,1
Pallas__67.97_24.12,NA,Pallas,Europe,2892,2018,NA,NA,NA,Wohlgemuth_et_al._2020,67.97,24.12,NA,pine,coniferous,-999,NA,9.4,-999,NA,NA,Needle,0,1
Pallas__67.97_24.12,NA,Pallas,Europe,2893,2018,NA,NA,NA,Wohlgemuth_et_al._2020,67.97,24.12,NA,pine,coniferous,-999,NA,14.8,-999,NA,NA,Needle,0,1
Pallas__67.97_24.12,NA,Pallas,Europe,2894,2018,NA,NA,NA,Wohlgemuth_et_al._2020,67.97,24.12,NA,pine,coniferous,-999,NA,7.9,-999,NA,NA,Needle,0,1
Pallas__67.97_24.12,NA,Pallas,Europe,2895,2018,NA,NA,NA,Wohlgemuth_et_al._2020,67.97,24.12,NA,pine,coniferous,-999,NA,13.4,-999,NA,NA,Needle,0,1
Pallas__67.97_24.12,NA,Pallas,Europe,2896,2018,NA,NA,NA,Wohlgemuth_et_al._2020,67.97,24.12,NA,pine,coniferous,-999,NA,26.4,-999,NA,NA,Needle,0,1
Pallas__67.97_24.12,NA,Pallas,Europe,2897,2018,NA,NA,NA,Wohlgemuth_et_al._2020,67.97,24.12,NA,pine,coniferous,-999,NA,8,-999,NA,NA,Needle,0,1
Pallas__67.97_24.12,NA,Pallas,Europe,2898,2018,NA,NA,NA,Wohlgemuth_et_al._2020,67.97,24.12,NA,pine,coniferous,-999,NA,13.5,-999,NA,NA,Needle,0,1
Pallas__67.97_24.12,NA,Pallas,Europe,2899,2018,NA,NA,NA,Wohlgemuth_et_al._2020,67.97,24.12,NA,pine,coniferous,-999,NA,36.3,-999,NA,NA,Needle,0,1
Pallas__67.97_24.12,NA,Pallas,Europe,2900,2018,NA,NA,NA,Wohlgemuth_et_al._2020,67.97,24.12,NA,spruce,coniferous,-999,NA,12.5,-999,NA,NA,Needle,0,1
Pallas__67.97_24.12,NA,Pallas,Europe,2901,2018,NA,NA,NA,Wohlgemuth_et_al._2020,67.97,24.12,NA,spruce,coniferous,-999,NA,16.2,-999,NA,NA,Needle,0,1
Pallas__67.97_24.12,NA,Pallas,Europe,2902,2018,NA,NA,NA,Wohlgemuth_et_al._2020,67.97,24.12,NA,spruce,coniferous,-999,NA,10.6,-999,NA,NA,Needle,0,1
Pallas__67.97_24.12,NA,Pallas,Europe,2903,2018,NA,NA,NA,Wohlgemuth_et_al._2020,67.97,24.12,NA,spruce,coniferous,-999,NA,14.3,-999,NA,NA,Needle,0,1
Pallas__67.97_24.12,NA,Pallas,Europe,2904,2018,NA,NA,NA,Wohlgemuth_et_al._2020,67.97,24.12,NA,spruce,coniferous,-999,NA,11.3,-999,NA,NA,Needle,0,1
Pallas__67.97_24.12,NA,Pallas,Europe,2905,2018,NA,NA,NA,Wohlgemuth_et_al._2020,67.97,24.12,NA,spruce,coniferous,-999,NA,15,-999,NA,NA,Needle,0,1
Pallas__67.97_24.12,NA,Pallas,Europe,2906,2018,NA,NA,NA,Wohlgemuth_et_al._2020,67.97,24.12,NA,spruce,coniferous,-999,NA,10,-999,NA,NA,Needle,0,1
Pallas__67.97_24.12,NA,Pallas,Europe,2907,2018,NA,NA,NA,Wohlgemuth_et_al._2020,67.97,24.12,NA,spruce,coniferous,-999,NA,18.6,-999,NA,NA,Needle,0,1
Pallas__67.97_24.12,NA,Pallas,Europe,2908,2018,NA,NA,NA,Wohlgemuth_et_al._2020,67.97,24.12,NA,spruce,coniferous,-999,NA,7.8,-999,NA,NA,Needle,0,1
Pallas__67.97_24.12,NA,Pallas,Europe,2909,2018,NA,NA,NA,Wohlgemuth_et_al._2020,67.97,24.12,NA,spruce,coniferous,-999,NA,12.3,-999,NA,NA,Needle,0,1
Svartberget__64.24_19.77,NA,Svartberget,Europe,3034,2018,NA,NA,NA,Wohlgemuth_et_al._2020,64.24,19.77,NA,pine,coniferous,-999,NA,2.8,-999,NA,NA,Needle,0,1
Svartberget__64.24_19.77,NA,Svartberget,Europe,3035,2018,NA,NA,NA,Wohlgemuth_et_al._2020,64.24,19.77,NA,pine,coniferous,-999,NA,7.4,-999,NA,NA,Needle,0,1
Svartberget__64.24_19.77,NA,Svartberget,Europe,3036,2018,NA,NA,NA,Wohlgemuth_et_al._2020,64.24,19.77,NA,pine,coniferous,-999,NA,2.3,-999,NA,NA,Needle,0,1
Svartberget__64.24_19.77,NA,Svartberget,Europe,3037,2018,NA,NA,NA,Wohlgemuth_et_al._2020,64.24,19.77,NA,pine,coniferous,-999,NA,7.6,-999,NA,NA,Needle,0,1
Svartberget__64.24_19.77,NA,Svartberget,Europe,3038,2018,NA,NA,NA,Wohlgemuth_et_al._2020,64.24,19.77,NA,pine,coniferous,-999,NA,3.6,-999,NA,NA,Needle,0,1
Svartberget__64.24_19.77,NA,Svartberget,Europe,3039,2018,NA,NA,NA,Wohlgemuth_et_al._2020,64.24,19.77,NA,pine,coniferous,-999,NA,9.6,-999,NA,NA,Needle,0,1
Svartberget__64.24_19.77,NA,Svartberget,Europe,3040,2018,NA,NA,NA,Wohlgemuth_et_al._2020,64.24,19.77,NA,spruce,coniferous,-999,NA,6.8,-999,NA,NA,Needle,0,1
Svartberget__64.24_19.77,NA,Svartberget,Europe,3041,2018,NA,NA,NA,Wohlgemuth_et_al._2020,64.24,19.77,NA,spruce,coniferous,-999,NA,14,-999,NA,NA,Needle,0,1
Svartberget__64.24_19.77,NA,Svartberget,Europe,3042,2018,NA,NA,NA,Wohlgemuth_et_al._2020,64.24,19.77,NA,spruce,coniferous,-999,NA,4.4,-999,NA,NA,Needle,0,1
Svartberget__64.24_19.77,NA,Svartberget,Europe,3043,2018,NA,NA,NA,Wohlgemuth_et_al._2020,64.24,19.77,NA,spruce,coniferous,-999,NA,10.8,-999,NA,NA,Needle,0,1
Svartberget__64.24_19.77,NA,Svartberget,Europe,3044,2018,NA,NA,NA,Wohlgemuth_et_al._2020,64.24,19.77,NA,spruce,coniferous,-999,NA,4.6,-999,NA,NA,Needle,0,1
Svartberget__64.24_19.77,NA,Svartberget,Europe,3045,2018,NA,NA,NA,Wohlgemuth_et_al._2020,64.24,19.77,NA,spruce,coniferous,-999,NA,10.6,-999,NA,NA,Needle,0,1
Svartberget__64.24_19.77,NA,Svartberget,Europe,3046,2018,NA,NA,NA,Wohlgemuth_et_al._2020,64.24,19.77,NA,pine,coniferous,-999,NA,5.5,-999,NA,NA,Needle,0,1
Svartberget__64.24_19.77,NA,Svartberget,Europe,3047,2018,NA,NA,NA,Wohlgemuth_et_al._2020,64.24,19.77,NA,pine,coniferous,-999,NA,8.3,-999,NA,NA,Needle,0,1
Svartberget__64.24_19.77,NA,Svartberget,Europe,3048,2018,NA,NA,NA,Wohlgemuth_et_al._2020,64.24,19.77,NA,pine,coniferous,-999,NA,4.9,-999,NA,NA,Needle,0,1
Svartberget__64.24_19.77,NA,Svartberget,Europe,3049,2018,NA,NA,NA,Wohlgemuth_et_al._2020,64.24,19.77,NA,pine,coniferous,-999,NA,12,-999,NA,NA,Needle,0,1
Svartberget__64.24_19.77,NA,Svartberget,Europe,3050,2018,NA,NA,NA,Wohlgemuth_et_al._2020,64.24,19.77,NA,pine,coniferous,-999,NA,6.8,-999,NA,NA,Needle,0,1
Svartberget__64.24_19.77,NA,Svartberget,Europe,3051,2018,NA,NA,NA,Wohlgemuth_et_al._2020,64.24,19.77,NA,pine,coniferous,-999,NA,11.9,-999,NA,NA,Needle,0,1
Svartberget__64.24_19.77,NA,Svartberget,Europe,3052,2018,NA,NA,NA,Wohlgemuth_et_al._2020,64.24,19.77,NA,spruce,coniferous,-999,NA,9,-999,NA,NA,Needle,0,1
Svartberget__64.24_19.77,NA,Svartberget,Europe,3053,2018,NA,NA,NA,Wohlgemuth_et_al._2020,64.24,19.77,NA,spruce,coniferous,-999,NA,16,-999,NA,NA,Needle,0,1
Svartberget__64.24_19.77,NA,Svartberget,Europe,3054,2018,NA,NA,NA,Wohlgemuth_et_al._2020,64.24,19.77,NA,spruce,coniferous,-999,NA,7.1,-999,NA,NA,Needle,0,1
Svartberget__64.24_19.77,NA,Svartberget,Europe,3055,2018,NA,NA,NA,Wohlgemuth_et_al._2020,64.24,19.77,NA,spruce,coniferous,-999,NA,14,-999,NA,NA,Needle,0,1
Svartberget__64.24_19.77,NA,Svartberget,Europe,3056,2018,NA,NA,NA,Wohlgemuth_et_al._2020,64.24,19.77,NA,spruce,coniferous,-999,NA,6.4,-999,NA,NA,Needle,0,1
Svartberget__64.24_19.77,NA,Svartberget,Europe,3057,2018,NA,NA,NA,Wohlgemuth_et_al._2020,64.24,19.77,NA,spruce,coniferous,-999,NA,12.9,-999,NA,NA,Needle,0,1
Svartberget__64.24_19.77,NA,Svartberget,Europe,3058,2018,NA,NA,NA,Wohlgemuth_et_al._2020,64.24,19.77,NA,pine,coniferous,-999,NA,12.3,-999,NA,NA,Needle,0,1
Svartberget__64.24_19.77,NA,Svartberget,Europe,3059,2018,NA,NA,NA,Wohlgemuth_et_al._2020,64.24,19.77,NA,pine,coniferous,-999,NA,12.9,-999,NA,NA,Needle,0,1
Svartberget__64.24_19.77,NA,Svartberget,Europe,3060,2018,NA,NA,NA,Wohlgemuth_et_al._2020,64.24,19.77,NA,pine,coniferous,-999,NA,8.5,-999,NA,NA,Needle,0,1
Svartberget__64.24_19.77,NA,Svartberget,Europe,3061,2018,NA,NA,NA,Wohlgemuth_et_al._2020,64.24,19.77,NA,pine,coniferous,-999,NA,17.4,-999,NA,NA,Needle,0,1
Svartberget__64.24_19.77,NA,Svartberget,Europe,3062,2018,NA,NA,NA,Wohlgemuth_et_al._2020,64.24,19.77,NA,pine,coniferous,-999,NA,11.9,-999,NA,NA,Needle,0,1
Svartberget__64.24_19.77,NA,Svartberget,Europe,3063,2018,NA,NA,NA,Wohlgemuth_et_al._2020,64.24,19.77,NA,pine,coniferous,-999,NA,20.4,-999,NA,NA,Needle,0,1
Svartberget__64.24_19.77,NA,Svartberget,Europe,3064,2018,NA,NA,NA,Wohlgemuth_et_al._2020,64.24,19.77,NA,spruce,coniferous,-999,NA,13.1,-999,NA,NA,Needle,0,1
Svartberget__64.24_19.77,NA,Svartberget,Europe,3065,2018,NA,NA,NA,Wohlgemuth_et_al._2020,64.24,19.77,NA,spruce,coniferous,-999,NA,19.3,-999,NA,NA,Needle,0,1
Svartberget__64.24_19.77,NA,Svartberget,Europe,3066,2018,NA,NA,NA,Wohlgemuth_et_al._2020,64.24,19.77,NA,spruce,coniferous,-999,NA,11.9,-999,NA,NA,Needle,0,1
Svartberget__64.24_19.77,NA,Svartberget,Europe,3067,2018,NA,NA,NA,Wohlgemuth_et_al._2020,64.24,19.77,NA,spruce,coniferous,-999,NA,17.5,-999,NA,NA,Needle,0,1
Svartberget__64.24_19.77,NA,Svartberget,Europe,3068,2018,NA,NA,NA,Wohlgemuth_et_al._2020,64.24,19.77,NA,spruce,coniferous,-999,NA,10.1,-999,NA,NA,Needle,0,1
Svartberget__64.24_19.77,NA,Svartberget,Europe,3069,2018,NA,NA,NA,Wohlgemuth_et_al._2020,64.24,19.77,NA,spruce,coniferous,-999,NA,17.2,-999,NA,NA,Needle,0,1
Bredkaelen__63.85_15.32,NA,Bredkaelen,Europe,2472,2018,NA,NA,NA,Wohlgemuth_et_al._2020,63.85,15.32,NA,birch,Decidous,-999,NA,3.3,-999,NA,NA,Leaf ,0,1
Bredkaelen__63.85_15.32,NA,Bredkaelen,Europe,2473,2018,NA,NA,NA,Wohlgemuth_et_al._2020,63.85,15.32,NA,birch,Decidous,-999,NA,3.3,-999,NA,NA,Leaf ,0,1
Bredkaelen__63.85_15.32,NA,Bredkaelen,Europe,2474,2018,NA,NA,NA,Wohlgemuth_et_al._2020,63.85,15.32,NA,birch,Decidous,-999,NA,2.3,-999,NA,NA,Leaf ,0,1
Bredkaelen__63.85_15.32,NA,Bredkaelen,Europe,2475,2018,NA,NA,NA,Wohlgemuth_et_al._2020,63.85,15.32,NA,pine,coniferous,-999,NA,4.5,-999,NA,NA,Needle,0,1
Bredkaelen__63.85_15.32,NA,Bredkaelen,Europe,2476,2018,NA,NA,NA,Wohlgemuth_et_al._2020,63.85,15.32,NA,pine,coniferous,-999,NA,4.9,-999,NA,NA,Needle,0,1
Bredkaelen__63.85_15.32,NA,Bredkaelen,Europe,2477,2018,NA,NA,NA,Wohlgemuth_et_al._2020,63.85,15.32,NA,pine,coniferous,-999,NA,16.1,-999,NA,NA,Needle,0,1
Bredkaelen__63.85_15.32,NA,Bredkaelen,Europe,2478,2018,NA,NA,NA,Wohlgemuth_et_al._2020,63.85,15.32,NA,pine,coniferous,-999,NA,3.6,-999,NA,NA,Needle,0,1
Bredkaelen__63.85_15.32,NA,Bredkaelen,Europe,2479,2018,NA,NA,NA,Wohlgemuth_et_al._2020,63.85,15.32,NA,pine,coniferous,-999,NA,10.1,-999,NA,NA,Needle,0,1
Bredkaelen__63.85_15.32,NA,Bredkaelen,Europe,2480,2018,NA,NA,NA,Wohlgemuth_et_al._2020,63.85,15.32,NA,spruce,coniferous,-999,NA,11.4,-999,NA,NA,Needle,0,1
Bredkaelen__63.85_15.32,NA,Bredkaelen,Europe,2481,2018,NA,NA,NA,Wohlgemuth_et_al._2020,63.85,15.32,NA,spruce,coniferous,-999,NA,19,-999,NA,NA,Needle,0,1
Bredkaelen__63.85_15.32,NA,Bredkaelen,Europe,2482,2018,NA,NA,NA,Wohlgemuth_et_al._2020,63.85,15.32,NA,spruce,coniferous,-999,NA,15.7,-999,NA,NA,Needle,0,1
Bredkaelen__63.85_15.32,NA,Bredkaelen,Europe,2483,2018,NA,NA,NA,Wohlgemuth_et_al._2020,63.85,15.32,NA,spruce,coniferous,-999,NA,26.7,-999,NA,NA,Needle,0,1
Bredkaelen__63.85_15.32,NA,Bredkaelen,Europe,2484,2018,NA,NA,NA,Wohlgemuth_et_al._2020,63.85,15.32,NA,spruce,coniferous,-999,NA,10.4,-999,NA,NA,Needle,0,1
Bredkaelen__63.85_15.32,NA,Bredkaelen,Europe,2485,2018,NA,NA,NA,Wohlgemuth_et_al._2020,63.85,15.32,NA,spruce,coniferous,-999,NA,24.3,-999,NA,NA,Needle,0,1
Bredkaelen__63.85_15.32,NA,Bredkaelen,Europe,2486,2018,NA,NA,NA,Wohlgemuth_et_al._2020,63.85,15.32,NA,birch,Decidous,-999,NA,19.7,-999,NA,NA,Leaf ,0,1
Bredkaelen__63.85_15.32,NA,Bredkaelen,Europe,2487,2018,NA,NA,NA,Wohlgemuth_et_al._2020,63.85,15.32,NA,birch,Decidous,-999,NA,20.5,-999,NA,NA,Litterfall,0,1
Bredkaelen__63.85_15.32,NA,Bredkaelen,Europe,2488,2018,NA,NA,NA,Wohlgemuth_et_al._2020,63.85,15.32,NA,birch,Decidous,-999,NA,16.6,-999,NA,NA,Leaf ,0,1
Bredkaelen__63.85_15.32,NA,Bredkaelen,Europe,2489,2018,NA,NA,NA,Wohlgemuth_et_al._2020,63.85,15.32,NA,birch,Decidous,-999,NA,16.2,-999,NA,NA,Litterfall,0,1
Bredkaelen__63.85_15.32,NA,Bredkaelen,Europe,2490,2018,NA,NA,NA,Wohlgemuth_et_al._2020,63.85,15.32,NA,birch,Decidous,-999,NA,13.5,-999,NA,NA,Leaf ,0,1
Bredkaelen__63.85_15.32,NA,Bredkaelen,Europe,2491,2018,NA,NA,NA,Wohlgemuth_et_al._2020,63.85,15.32,NA,birch,Decidous,-999,NA,18.8,-999,NA,NA,Litterfall,0,1
Bredkaelen__63.85_15.32,NA,Bredkaelen,Europe,2492,2018,NA,NA,NA,Wohlgemuth_et_al._2020,63.85,15.32,NA,pine,coniferous,-999,NA,11,-999,NA,NA,Needle,0,1
Bredkaelen__63.85_15.32,NA,Bredkaelen,Europe,2493,2018,NA,NA,NA,Wohlgemuth_et_al._2020,63.85,15.32,NA,pine,coniferous,-999,NA,18.8,-999,NA,NA,Needle,0,1
Bredkaelen__63.85_15.32,NA,Bredkaelen,Europe,2494,2018,NA,NA,NA,Wohlgemuth_et_al._2020,63.85,15.32,NA,pine,coniferous,-999,NA,8.9,-999,NA,NA,Needle,0,1
Bredkaelen__63.85_15.32,NA,Bredkaelen,Europe,2495,2018,NA,NA,NA,Wohlgemuth_et_al._2020,63.85,15.32,NA,pine,coniferous,-999,NA,19,-999,NA,NA,Needle,0,1
Bredkaelen__63.85_15.32,NA,Bredkaelen,Europe,2496,2018,NA,NA,NA,Wohlgemuth_et_al._2020,63.85,15.32,NA,pine,coniferous,-999,NA,9.5,-999,NA,NA,Needle,0,1
Bredkaelen__63.85_15.32,NA,Bredkaelen,Europe,2497,2018,NA,NA,NA,Wohlgemuth_et_al._2020,63.85,15.32,NA,pine,coniferous,-999,NA,15.9,-999,NA,NA,Needle,0,1
Bredkaelen__63.85_15.32,NA,Bredkaelen,Europe,2498,2018,NA,NA,NA,Wohlgemuth_et_al._2020,63.85,15.32,NA,spruce,coniferous,-999,NA,11.9,-999,NA,NA,Needle,0,1
Bredkaelen__63.85_15.32,NA,Bredkaelen,Europe,2499,2018,NA,NA,NA,Wohlgemuth_et_al._2020,63.85,15.32,NA,spruce,coniferous,-999,NA,13.7,-999,NA,NA,Needle,0,1
Bredkaelen__63.85_15.32,NA,Bredkaelen,Europe,2500,2018,NA,NA,NA,Wohlgemuth_et_al._2020,63.85,15.32,NA,spruce,coniferous,-999,NA,22.5,-999,NA,NA,Needle,0,1
Bredkaelen__63.85_15.32,NA,Bredkaelen,Europe,2501,2018,NA,NA,NA,Wohlgemuth_et_al._2020,63.85,15.32,NA,spruce,coniferous,-999,NA,10.7,-999,NA,NA,Needle,0,1
Bredkaelen__63.85_15.32,NA,Bredkaelen,Europe,2502,2018,NA,NA,NA,Wohlgemuth_et_al._2020,63.85,15.32,NA,spruce,coniferous,-999,NA,20.4,-999,NA,NA,Needle,0,1
Bredkaelen__63.85_15.32,NA,Bredkaelen,Europe,2503,2018,NA,NA,NA,Wohlgemuth_et_al._2020,63.85,15.32,NA,spruce,coniferous,-999,NA,32.9,-999,NA,NA,Needle,0,1
Bredkaelen__63.85_15.32,NA,Bredkaelen,Europe,2504,2018,NA,NA,NA,Wohlgemuth_et_al._2020,63.85,15.32,NA,spruce,coniferous,-999,NA,10.8,-999,NA,NA,Needle,0,1
Bredkaelen__63.85_15.32,NA,Bredkaelen,Europe,2505,2018,NA,NA,NA,Wohlgemuth_et_al._2020,63.85,15.32,NA,spruce,coniferous,-999,NA,18.7,-999,NA,NA,Needle,0,1
Bredkaelen__63.85_15.32,NA,Bredkaelen,Europe,2506,2018,NA,NA,NA,Wohlgemuth_et_al._2020,63.85,15.32,NA,spruce,coniferous,-999,NA,30.2,-999,NA,NA,Needle,0,1
Hurdal__60.37_11.08,NA,Hurdal,Europe,2742,2018,NA,NA,NA,Wohlgemuth_et_al._2020,60.37,11.08,NA,pine,coniferous,-999,NA,3.5,-999,NA,NA,Needle,0,1
Hurdal__60.37_11.08,NA,Hurdal,Europe,2743,2018,NA,NA,NA,Wohlgemuth_et_al._2020,60.37,11.08,NA,pine,coniferous,-999,NA,10.5,-999,NA,NA,Needle,0,1
Hurdal__60.37_11.08,NA,Hurdal,Europe,2744,2018,NA,NA,NA,Wohlgemuth_et_al._2020,60.37,11.08,NA,pine,coniferous,-999,NA,2.2,-999,NA,NA,Needle,0,1
Hurdal__60.37_11.08,NA,Hurdal,Europe,2745,2018,NA,NA,NA,Wohlgemuth_et_al._2020,60.37,11.08,NA,pine,coniferous,-999,NA,9.3,-999,NA,NA,Needle,0,1
Hurdal__60.37_11.08,NA,Hurdal,Europe,2746,2018,NA,NA,NA,Wohlgemuth_et_al._2020,60.37,11.08,NA,spruce,coniferous,-999,NA,5.3,-999,NA,NA,Needle,0,1
Hurdal__60.37_11.08,NA,Hurdal,Europe,2747,2018,NA,NA,NA,Wohlgemuth_et_al._2020,60.37,11.08,NA,spruce,coniferous,-999,NA,11.5,-999,NA,NA,Needle,0,1
Hurdal__60.37_11.08,NA,Hurdal,Europe,2748,2018,NA,NA,NA,Wohlgemuth_et_al._2020,60.37,11.08,NA,spruce,coniferous,-999,NA,5.4,-999,NA,NA,Needle,0,1
Hurdal__60.37_11.08,NA,Hurdal,Europe,2749,2018,NA,NA,NA,Wohlgemuth_et_al._2020,60.37,11.08,NA,spruce,coniferous,-999,NA,13.8,-999,NA,NA,Needle,0,1
Hurdal__60.37_11.08,NA,Hurdal,Europe,2750,2018,NA,NA,NA,Wohlgemuth_et_al._2020,60.37,11.08,NA,spruce,coniferous,-999,NA,5.5,-999,NA,NA,Needle,0,1
Hurdal__60.37_11.08,NA,Hurdal,Europe,2751,2018,NA,NA,NA,Wohlgemuth_et_al._2020,60.37,11.08,NA,spruce,coniferous,-999,NA,14.9,-999,NA,NA,Needle,0,1
Hurdal__60.37_11.08,NA,Hurdal,Europe,2752,2018,NA,NA,NA,Wohlgemuth_et_al._2020,60.37,11.08,NA,pine,coniferous,-999,NA,5.7,-999,NA,NA,Needle,0,1
Hurdal__60.37_11.08,NA,Hurdal,Europe,2753,2018,NA,NA,NA,Wohlgemuth_et_al._2020,60.37,11.08,NA,pine,coniferous,-999,NA,13.6,-999,NA,NA,Needle,0,1
Hurdal__60.37_11.08,NA,Hurdal,Europe,2754,2018,NA,NA,NA,Wohlgemuth_et_al._2020,60.37,11.08,NA,pine,coniferous,-999,NA,8.4,-999,NA,NA,Needle,0,1
Hurdal__60.37_11.08,NA,Hurdal,Europe,2755,2018,NA,NA,NA,Wohlgemuth_et_al._2020,60.37,11.08,NA,pine,coniferous,-999,NA,17.5,-999,NA,NA,Needle,0,1
Hurdal__60.37_11.08,NA,Hurdal,Europe,2756,2018,NA,NA,NA,Wohlgemuth_et_al._2020,60.37,11.08,NA,spruce,coniferous,-999,NA,10.1,-999,NA,NA,Needle,0,1
Hurdal__60.37_11.08,NA,Hurdal,Europe,2757,2018,NA,NA,NA,Wohlgemuth_et_al._2020,60.37,11.08,NA,spruce,coniferous,-999,NA,19.1,-999,NA,NA,Needle,0,1
Hurdal__60.37_11.08,NA,Hurdal,Europe,2758,2018,NA,NA,NA,Wohlgemuth_et_al._2020,60.37,11.08,NA,spruce,coniferous,-999,NA,10.4,-999,NA,NA,Needle,0,1
Hurdal__60.37_11.08,NA,Hurdal,Europe,2759,2018,NA,NA,NA,Wohlgemuth_et_al._2020,60.37,11.08,NA,spruce,coniferous,-999,NA,15.9,-999,NA,NA,Needle,0,1
Hurdal__60.37_11.08,NA,Hurdal,Europe,2760,2018,NA,NA,NA,Wohlgemuth_et_al._2020,60.37,11.08,NA,spruce,coniferous,-999,NA,9.1,-999,NA,NA,Needle,0,1
Hurdal__60.37_11.08,NA,Hurdal,Europe,2761,2018,NA,NA,NA,Wohlgemuth_et_al._2020,60.37,11.08,NA,spruce,coniferous,-999,NA,14.1,-999,NA,NA,Needle,0,1
Hurdal__60.37_11.08,NA,Hurdal,Europe,2762,2018,NA,NA,NA,Wohlgemuth_et_al._2020,60.37,11.08,NA,pine,coniferous,-999,NA,9.4,-999,NA,NA,Needle,0,1
Hurdal__60.37_11.08,NA,Hurdal,Europe,2763,2018,NA,NA,NA,Wohlgemuth_et_al._2020,60.37,11.08,NA,pine,coniferous,-999,NA,16.6,-999,NA,NA,Needle,0,1
Hurdal__60.37_11.08,NA,Hurdal,Europe,2764,2018,NA,NA,NA,Wohlgemuth_et_al._2020,60.37,11.08,NA,pine,coniferous,-999,NA,8.8,-999,NA,NA,Needle,0,1
Hurdal__60.37_11.08,NA,Hurdal,Europe,2765,2018,NA,NA,NA,Wohlgemuth_et_al._2020,60.37,11.08,NA,pine,coniferous,-999,NA,16.9,-999,NA,NA,Needle,0,1
Hurdal__60.37_11.08,NA,Hurdal,Europe,2766,2018,NA,NA,NA,Wohlgemuth_et_al._2020,60.37,11.08,NA,spruce,coniferous,-999,NA,11.5,-999,NA,NA,Needle,0,1
Hurdal__60.37_11.08,NA,Hurdal,Europe,2767,2018,NA,NA,NA,Wohlgemuth_et_al._2020,60.37,11.08,NA,spruce,coniferous,-999,NA,18.5,-999,NA,NA,Needle,0,1
Hurdal__60.37_11.08,NA,Hurdal,Europe,2768,2018,NA,NA,NA,Wohlgemuth_et_al._2020,60.37,11.08,NA,spruce,coniferous,-999,NA,16.4,-999,NA,NA,Needle,0,1
Hurdal__60.37_11.08,NA,Hurdal,Europe,2769,2018,NA,NA,NA,Wohlgemuth_et_al._2020,60.37,11.08,NA,spruce,coniferous,-999,NA,25.6,-999,NA,NA,Needle,0,1
Hurdal__60.37_11.08,NA,Hurdal,Europe,2770,2018,NA,NA,NA,Wohlgemuth_et_al._2020,60.37,11.08,NA,spruce,coniferous,-999,NA,16.7,-999,NA,NA,Needle,0,1
Hurdal__60.37_11.08,NA,Hurdal,Europe,2771,2018,NA,NA,NA,Wohlgemuth_et_al._2020,60.37,11.08,NA,spruce,coniferous,-999,NA,26.7,-999,NA,NA,Needle,0,1
"Longyearbyen, Spitsbergen, Norway__78.22_15.63",NA,"Longyearbyen, Spitsbergen, Norway",Norway,1519,2016,NA,NA,NA,Wojtun_et_al._2019,78.22,15.63,NA,Sanionia uncinata,grass,-999,NA,40,10,NA,NA,Grass,0,1
"Longyearbyen, Spitsbergen, Norway__78.22_15.63",NA,"Longyearbyen, Spitsbergen, Norway",Norway,1520,2016,NA,NA,NA,Wojtun_et_al._2019,78.22,15.63,NA,Salix polaris,shrub,-999,NA,8,3,NA,NA,Leaf ,0,1
"Longyearbyen, Spitsbergen, Norway__78.22_15.63",NA,"Longyearbyen, Spitsbergen, Norway",Norway,1521,2016,NA,NA,NA,Wojtun_et_al._2019,78.22,15.63,NA,Salix polaris,shrub,-999,NA,24,11,NA,NA,Stem,0,1
"Longyearbyen, Spitsbergen, Norway__78.22_15.63",NA,"Longyearbyen, Spitsbergen, Norway",Norway,3082,2016,NA,NA,NA,Wojtun_et_al._2019,78.22,15.63,NA,Sanionia uncinata,Tundra,-999,NA,40,10,NA,NA,Moss ,0,1
"Longyearbyen, Spitsbergen, Norway__78.22_15.63",NA,"Longyearbyen, Spitsbergen, Norway",Norway,3083,2016,NA,NA,NA,Wojtun_et_al._2019,78.22,15.63,NA,Salix polaris,Tundra,-999,NA,11,2,NA,NA,Moss ,0,1
Norway_14_77_11.5,14,Sbitsbergen,Norway,14,7/1/2011,Department_of_Ecology_Biogeochemistry_and_Environmental_Protection_Institute_of_Botany_Wroclaw_University_Poland,Aleksandra_Samecka_Cymerman,sameckaa@biol.uni.wroc.pl,Wotjun_2013,77,15.55,alpine mouse-ear,Cerastium alpinum,Tundra,-999,AMA,20,-999,NA,LS,NA,0,1
Norway_15_77_11.5,15,Sbitsbergen,Norway,15,7/1/2011,Department_of_Ecology_Biogeochemistry_and_Environmental_Protection_Institute_of_Botany_Wroclaw_University_Poland,Aleksandra_Samecka_Cymerman,sameckaa@biol.uni.wroc.pl,Wotjun_2013,77,15.55,Danish scurvygrass,Cochlearia groenlandica,Tundra,-999,AMA,10,-999,NA,LS,NA,0,1
Norway_16_77_11.5,16,Sbitsbergen,Norway,16,7/1/2011,Department_of_Ecology_Biogeochemistry_and_Environmental_Protection_Institute_of_Botany_Wroclaw_University_Poland,Aleksandra_Samecka_Cymerman,sameckaa@biol.uni.wroc.pl,Wotjun_2013,77,15.55,alpine meadow-grass,Poa alpina,Tundra,-999,AMA,10,-999,NA,LS,NA,0,1
Norway_17_77_11.5,17,Sbitsbergen,Norway,17,7/1/2011,Department_of_Ecology_Biogeochemistry_and_Environmental_Protection_Institute_of_Botany_Wroclaw_University_Poland,Aleksandra_Samecka_Cymerman,sameckaa@biol.uni.wroc.pl,Wotjun_2013,77,15.55,polar willow,Salix polaris,Tundra,-999,AMA,20,-999,NA,LS,NA,0,1
Norway_18_77_11.5,18,Sbitsbergen,Norway,18,7/1/2011,Department_of_Ecology_Biogeochemistry_and_Environmental_Protection_Institute_of_Botany_Wroclaw_University_Poland,Aleksandra_Samecka_Cymerman,sameckaa@biol.uni.wroc.pl,Wotjun_2013,77,15.55,purple saxifrage,Saxifraga oppositifolia,Tundra,-999,AMA,20,-999,NA,LS,NA,0,1
Norway_6_77_11.5,6,Sbitsbergen,Norway,6,7/1/2011,Department_of_Ecology_Biogeochemistry_and_Environmental_Protection_Institute_of_Botany_Wroclaw_University_Poland,Aleksandra_Samecka_Cymerman,sameckaa@biol.uni.wroc.pl,Wotjun_2013,77,15.55,bog groove-moss,Aulacomnium palustre,Tundra,-999,AMA,30,-999,NA,LS,NA,0,1
Norway_7_77_11.5,7,Sbitsbergen,Norway,7,7/1/2011,Department_of_Ecology_Biogeochemistry_and_Environmental_Protection_Institute_of_Botany_Wroclaw_University_Poland,Aleksandra_Samecka_Cymerman,sameckaa@biol.uni.wroc.pl,Wotjun_2013,77,15.55,marsh bryum,Bryum pseudotriquetrum,Tundra,-999,AMA,20,-999,NA,LS,NA,0,1
Norway_8_77_11.5,8,Sbitsbergen,Norway,8,7/1/2011,Department_of_Ecology_Biogeochemistry_and_Environmental_Protection_Institute_of_Botany_Wroclaw_University_Poland,Aleksandra_Samecka_Cymerman,sameckaa@biol.uni.wroc.pl,Wotjun_2013,77,15.55,Marsh Thyme-moss,Plagiomnium ellipticum,Tundra,-999,AMA,20,-999,NA,LS,NA,0,1
Norway_9_77_11.5,9,Sbitsbergen,Norway,9,7/1/2011,Department_of_Ecology_Biogeochemistry_and_Environmental_Protection_Institute_of_Botany_Wroclaw_University_Poland,Aleksandra_Samecka_Cymerman,sameckaa@biol.uni.wroc.pl,Wotjun_2013,77,15.55,woolly moss,Racomitrium lanuginosum,Tundra,-999,AMA,40,-999,NA,LS,NA,0,1
Norway_10_77_11.5,10,Sbitsbergen,Norway,10,7/1/2011,Department_of_Ecology_Biogeochemistry_and_Environmental_Protection_Institute_of_Botany_Wroclaw_University_Poland,Aleksandra_Samecka_Cymerman,sameckaa@biol.uni.wroc.pl,Wotjun_2013,77,15.55,Sickle-leaved Hook-moss,Sanionia uncinata,Tundra,-999,AMA,50,-999,NA,LS,NA,0,1
Norway_11_77_11.5,11,Sbitsbergen,Norway,11,7/1/2011,Department_of_Ecology_Biogeochemistry_and_Environmental_Protection_Institute_of_Botany_Wroclaw_University_Poland,Aleksandra_Samecka_Cymerman,sameckaa@biol.uni.wroc.pl,Wotjun_2013,77,15.55,straw spear-moss,Straminergon stramineum,Tundra,-999,AMA,40,-999,NA,LS,NA,0,1
Norway_12_77_11.5,12,Sbitsbergen,Norway,12,7/1/2011,Department_of_Ecology_Biogeochemistry_and_Environmental_Protection_Institute_of_Botany_Wroclaw_University_Poland,Aleksandra_Samecka_Cymerman,sameckaa@biol.uni.wroc.pl,Wotjun_2013,77,15.55,Slender Cruet-moss,Tetraplodon mnioides,Tundra,-999,AMA,20,-999,NA,LS,NA,0,1
Norway_13_77_11.5,13,Sbitsbergen,Norway,13,7/1/2011,Department_of_Ecology_Biogeochemistry_and_Environmental_Protection_Institute_of_Botany_Wroclaw_University_Poland,Aleksandra_Samecka_Cymerman,sameckaa@biol.uni.wroc.pl,Wotjun_2013,77,15.55,twiggy spear-moss,Warnstorfia sarmentosa,Tundra,-999,AMA,40,-999,NA,LS,NA,0,1
Norway_3_77_11.5,3,Sbitsbergen,Norway,3,7/1/2011,Department_of_Ecology_Biogeochemistry_and_Environmental_Protection_Institute_of_Botany_Wroclaw_University_Poland,Aleksandra_Samecka_Cymerman,sameckaa@biol.uni.wroc.pl,Wotjun_2013,77,15.55,Crinkled snow lichen,Flavocetraria nivalis,Tundra,-999,AMA,40,-999,NA,LS,NA,0,1
Norway_4_77_11.5,4,Sbitsbergen,Norway,4,7/1/2011,Department_of_Ecology_Biogeochemistry_and_Environmental_Protection_Institute_of_Botany_Wroclaw_University_Poland,Aleksandra_Samecka_Cymerman,sameckaa@biol.uni.wroc.pl,Wotjun_2013,77,15.55,Snow-bed Iceland lichen,Cetrariella delisei,Tundra,-999,AMA,80,-999,NA,LS,NA,0,1
Norway_5_77_11.5,5,Sbitsbergen,Norway,5,7/1/2011,Department_of_Ecology_Biogeochemistry_and_Environmental_Protection_Institute_of_Botany_Wroclaw_University_Poland,Aleksandra_Samecka_Cymerman,sameckaa@biol.uni.wroc.pl,Wotjun_2013,77,15.55,reindeer cup lichen,Cladonia rangiferina,Tundra,-999,NA,-999,-999,NA,NA,NA,0,1
Norway_SanioniaUncinata_78.22_15.63,SanioniaUnicinata,Sbitsbergen,Norway,SanioniaUnicinata,6/16/2016,Department_of_Ecology_Biogeochemistry_and_Environmental_Protection_institute_of_Botany_Wroclaw_Poland,Aleksandra_Samecka_Cymerman,aleksandra.samecka-cymerman@uwr.edu.pl,Wotjun2019,78.22,15.63,moss,Sanionia uncinata,tundra,-999,AMA,40,10,leaf,LS,NA,0,1
Norway_SalixPolarisLeaf_78.22_15.63,SalixPolarisLeaf,Sbitsbergen,Norway,SalixPolarisLeaf,6/16/2016,Department_of_Ecology_Biogeochemistry_and_Environmental_Protection_institute_of_Botany_Wroclaw_Poland,Aleksandra_Samecka_Cymerman,aleksandra.samecka-cymerman@uwr.edu.pl,Wotjun2019,78.22,15.63,shrub,Salix polaris,tundra,-999,AMA,8,3,leaf,LS,NA,0,1
Norway_SalixPolarisStem_78.22_15.63,SalixPolarisStem,Sbitsbergen,Norway,SalixPolarisStem,6/16/2016,Department_of_Ecology_Biogeochemistry_and_Environmental_Protection_institute_of_Botany_Wroclaw_Poland,Aleksandra_Samecka_Cymerman,aleksandra.samecka-cymerman@uwr.edu.pl,Wotjun2019,78.22,15.63,shrub,Salix polaris,tundra,-999,AMA,24,11,stem,LS,NA,0,1
Arxan1_Greater Khingan Mountains Wetlands_47.3392_120.184,Arxan1,Greater Khingan Mountains Wetlands,China,AES1,1/1/2017,"Key Laboratory of Regional Environment and Eco-Remediation, Ministry of Education, Shenyang University, Shenyang, 110044, China",Dongmei Zheng,zhengdm126@126.com,Xin_2021,47.3392,120.184,Herb,NA,Deciduous needleleaf forest,5.00E-05,"atomic fluorescence spectrophotometer (AFS-8510, Haiguang Instrument, China)",110,-999,"veg species is reported as ""wetland type"" or most common plant type; AGB is mercury stored in plants",NA,NA,0,1
Arxan2_Greater Khingan Mountains Wetlands_47.4443_120.579,Arxan2,Greater Khingan Mountains Wetlands,China,AES2,1/1/2017,"Key Laboratory of Regional Environment and Eco-Remediation, Ministry of Education, Shenyang University, Shenyang, 110044, China",Dongmei Zheng,zhengdm126@126.com,Xin_2021,47.4443,120.579,Herb,NA,Deciduous needleleaf forest,5.00E-05,"atomic fluorescence spectrophotometer (AFS-8510, Haiguang Instrument, China)",170,-999,"veg species is reported as ""wetland type"" or most common plant type; AGB is mercury stored in plants",NA,NA,0,1
Da yangshu_Greater Khingan Mountains Wetlands_50.2275_125.1127,Da yangshu,Greater Khingan Mountains Wetlands,China,DYS,1/1/2017,"Key Laboratory of Regional Environment and Eco-Remediation, Ministry of Education, Shenyang University, Shenyang, 110044, China",Dongmei Zheng,zhengdm126@126.com,Xin_2021,50.2275,125.1127,Herb,NA,Deciduous needleleaf forest,5.00E-05,"atomic fluorescence spectrophotometer (AFS-8510, Haiguang Instrument, China)",50,-999,"veg species is reported as ""wetland type"" or most common plant type; AGB is mercury stored in plants",NA,NA,0,1
Genhe1_Greater Khingan Mountains Wetlands_50.5284_121.0153,Genhe1,Greater Khingan Mountains Wetlands,China,GEH1,1/1/2017,"Key Laboratory of Regional Environment and Eco-Remediation, Ministry of Education, Shenyang University, Shenyang, 110044, China",Dongmei Zheng,zhengdm126@126.com,Xin_2021,50.5284,121.0153,Herb,NA,Deciduous needleleaf forest,5.00E-05,"atomic fluorescence spectrophotometer (AFS-8510, Haiguang Instrument, China)",150,-999,"veg species is reported as ""wetland type"" or most common plant type; AGB is mercury stored in plants",NA,NA,0,1
Ganhe_Greater Khingan Mountains Wetlands_50.6772_123.0965,Ganhe,Greater Khingan Mountains Wetlands,China,GH,1/1/2017,"Key Laboratory of Regional Environment and Eco-Remediation, Ministry of Education, Shenyang University, Shenyang, 110044, China",Dongmei Zheng,zhengdm126@126.com,Xin_2021,50.6772,123.0965,Herb,NA,Deciduous needleleaf forest,5.00E-05,"atomic fluorescence spectrophotometer (AFS-8510, Haiguang Instrument, China)",50,-999,"veg species is reported as ""wetland type"" or most common plant type; AGB is mercury stored in plants",NA,NA,0,1
Chuoyuan_Greater Khingan Mountains Wetlands_48.5502_121.4732,Chuoyuan,Greater Khingan Mountains Wetlands,China,ZY,1/1/2017,"Key Laboratory of Regional Environment and Eco-Remediation, Ministry of Education, Shenyang University, Shenyang, 110044, China",Dongmei Zheng,zhengdm126@126.com,Xin_2021,48.5502,121.4732,Shrub,NA,Deciduous needleleaf forest,1.30E-04,"atomic fluorescence spectrophotometer (AFS-8510, Haiguang Instrument, China)",300,-999,"veg species is reported as ""wetland type"" or most common plant type; AGB is mercury stored in plants",NA,NA,0,1
Kudur_Greater Khingan Mountains Wetlands_49.959_121.1959,Kudur,Greater Khingan Mountains Wetlands,China,KDE,1/1/2017,"Key Laboratory of Regional Environment and Eco-Remediation, Ministry of Education, Shenyang University, Shenyang, 110044, China",Dongmei Zheng,zhengdm126@126.com,Xin_2021,49.959,121.1959,Shrub,NA,Deciduous needleleaf forest,1.30E-04,"atomic fluorescence spectrophotometer (AFS-8510, Haiguang Instrument, China)",120,-999,"veg species is reported as ""wetland type"" or most common plant type; AGB is mercury stored in plants",NA,NA,0,1
Ituri River_Greater Khingan Mountains Wetlands_50.7013_122.0328,Ituri River,Greater Khingan Mountains Wetlands,China,YTLH,1/1/2017,"Key Laboratory of Regional Environment and Eco-Remediation, Ministry of Education, Shenyang University, Shenyang, 110044, China",Dongmei Zheng,zhengdm126@126.com,Xin_2021,50.7013,122.0328,Shrub,NA,Deciduous needleleaf forest,1.30E-04,"atomic fluorescence spectrophotometer (AFS-8510, Haiguang Instrument, China)",120,-999,"veg species is reported as ""wetland type"" or most common plant type; AGB is mercury stored in plants",NA,NA,0,1
Delpur_Greater Khingan Mountains Wetlands_50.8191_120.6567,Delpur,Greater Khingan Mountains Wetlands,China,DEBE,1/1/2017,"Key Laboratory of Regional Environment and Eco-Remediation, Ministry of Education, Shenyang University, Shenyang, 110044, China",Dongmei Zheng,zhengdm126@126.com,Xin_2021,50.8191,120.6567,Shrub,NA,Deciduous needleleaf forest,1.30E-04,"atomic fluorescence spectrophotometer (AFS-8510, Haiguang Instrument, China)",100,-999,"veg species is reported as ""wetland type"" or most common plant type; AGB is mercury stored in plants",NA,NA,0,1
Jinhe1_Greater Khingan Mountains Wetlands_51.2905_121.4093,Jinhe1,Greater Khingan Mountains Wetlands,China,JH1,1/1/2017,"Key Laboratory of Regional Environment and Eco-Remediation, Ministry of Education, Shenyang University, Shenyang, 110044, China",Dongmei Zheng,zhengdm126@126.com,Xin_2021,51.2905,121.4093,Shrub,NA,Deciduous needleleaf forest,1.30E-04,"atomic fluorescence spectrophotometer (AFS-8510, Haiguang Instrument, China)",120,-999,"veg species is reported as ""wetland type"" or most common plant type; AGB is mercury stored in plants",NA,NA,0,1
Tulihe_Greater Khingan Mountains Wetlands_50.4084_122.1463,Tulihe,Greater Khingan Mountains Wetlands,China,TLH,1/1/2017,"Key Laboratory of Regional Environment and Eco-Remediation, Ministry of Education, Shenyang University, Shenyang, 110044, China",Dongmei Zheng,zhengdm126@126.com,Xin_2021,50.4084,122.1463,Forest,NA,Deciduous needleleaf forest,3.80E-04,"atomic fluorescence spectrophotometer (AFS-8510, Haiguang Instrument, China)",400,-999,"veg species is reported as ""wetland type"" or most common plant type; AGB is mercury stored in plants",NA,NA,0,1
Ke Yi River_Greater Khingan Mountains Wetlands_50.6149_122.9424,Ke Yi River,Greater Khingan Mountains Wetlands,China,KYH,1/1/2017,"Key Laboratory of Regional Environment and Eco-Remediation, Ministry of Education, Shenyang University, Shenyang, 110044, China",Dongmei Zheng,zhengdm126@126.com,Xin_2021,50.6149,122.9424,Forest,NA,Deciduous needleleaf forest,3.80E-04,"atomic fluorescence spectrophotometer (AFS-8510, Haiguang Instrument, China)",170,-999,"veg species is reported as ""wetland type"" or most common plant type; AGB is mercury stored in plants",NA,NA,0,1
Qiqian_Greater Khingan Mountains Wetlands_52.3022_121.2815,Qiqian,Greater Khingan Mountains Wetlands,China,QQ,1/1/2017,"Key Laboratory of Regional Environment and Eco-Remediation, Ministry of Education, Shenyang University, Shenyang, 110044, China",Dongmei Zheng,zhengdm126@126.com,Xin_2021,52.3022,121.2815,Forest,NA,Deciduous needleleaf forest,3.80E-04,"atomic fluorescence spectrophotometer (AFS-8510, Haiguang Instrument, China)",310,-999,"veg species is reported as ""wetland type"" or most common plant type; AGB is mercury stored in plants",NA,NA,0,1
Jinhe2_Greater Khingan Mountains Wetlands_51.5345_122.1708,Jinhe2,Greater Khingan Mountains Wetlands,China,JH2,1/1/2017,"Key Laboratory of Regional Environment and Eco-Remediation, Ministry of Education, Shenyang University, Shenyang, 110044, China",Dongmei Zheng,zhengdm126@126.com,Xin_2021,51.5345,122.1708,Moss,NA,Deciduous needleleaf forest,2.50E-04,"atomic fluorescence spectrophotometer (AFS-8510, Haiguang Instrument, China)",240,-999,"veg species is reported as ""wetland type"" or most common plant type; AGB is mercury stored in plants",NA,NA,0,1
Alongshan_Greater Khingan Mountains Wetlands_51.8646_121.856,Alongshan,Greater Khingan Mountains Wetlands,China,ALS,1/1/2017,"Key Laboratory of Regional Environment and Eco-Remediation, Ministry of Education, Shenyang University, Shenyang, 110044, China",Dongmei Zheng,zhengdm126@126.com,Xin_2021,51.8646,121.856,Moss,NA,Deciduous needleleaf forest,2.50E-04,"atomic fluorescence spectrophotometer (AFS-8510, Haiguang Instrument, China)",290,-999,"veg species is reported as ""wetland type"" or most common plant type; AGB is mercury stored in plants",NA,NA,0,1
Detcheverry Lake_Station_23_53.43333333_-77.55,Station_23,Detcheverry Lake,Canada,1,1990,NA,NA,NA,Zhang_et_al_1995,53.43333333,-77.55,Black Spruce,Piea mariana,NA,-999,NA,13.19,-999,Age-dating of tree ring reported; collected 1995; Digitized from Fig 4,NA,Tree Ring,0,1
Detcheverry Lake_Station_23_53.43333333_-77.55,Station_23,Detcheverry Lake,Canada,2,1985,NA,NA,NA,Zhang_et_al_1995,53.43333333,-77.55,Black Spruce,Piea mariana,NA,-999,NA,14.39,-999,Age-dating of tree ring reported; collected 1995; Digitized from Fig 4,NA,Tree Ring,0,1
Detcheverry Lake_Station_23_53.43333333_-77.55,Station_23,Detcheverry Lake,Canada,3,1980,NA,NA,NA,Zhang_et_al_1995,53.43333333,-77.55,Black Spruce,Piea mariana,NA,-999,NA,11.97,-999,Age-dating of tree ring reported; collected 1995; Digitized from Fig 4,NA,Tree Ring,0,1
Detcheverry Lake_Station_23_53.43333333_-77.55,Station_23,Detcheverry Lake,Canada,4,1975,NA,NA,NA,Zhang_et_al_1995,53.43333333,-77.55,Black Spruce,Piea mariana,NA,-999,NA,14.81,-999,Age-dating of tree ring reported; collected 1995; Digitized from Fig 4,NA,Tree Ring,0,1
Detcheverry Lake_Station_23_53.43333333_-77.55,Station_23,Detcheverry Lake,Canada,5,1970,NA,NA,NA,Zhang_et_al_1995,53.43333333,-77.55,Black Spruce,Piea mariana,NA,-999,NA,13.53,-999,Age-dating of tree ring reported; collected 1995; Digitized from Fig 4,NA,Tree Ring,0,1
Detcheverry Lake_Station_23_53.43333333_-77.55,Station_23,Detcheverry Lake,Canada,6,1965,NA,NA,NA,Zhang_et_al_1995,53.43333333,-77.55,Black Spruce,Piea mariana,NA,-999,NA,13.55,-999,Age-dating of tree ring reported; collected 1995; Digitized from Fig 4,NA,Tree Ring,0,1
Detcheverry Lake_Station_23_53.43333333_-77.55,Station_23,Detcheverry Lake,Canada,7,1960,NA,NA,NA,Zhang_et_al_1995,53.43333333,-77.55,Black Spruce,Piea mariana,NA,-999,NA,17.34,-999,Age-dating of tree ring reported; collected 1995; Digitized from Fig 4,NA,Tree Ring,0,1
Detcheverry Lake_Station_23_53.43333333_-77.55,Station_23,Detcheverry Lake,Canada,8,1955,NA,NA,NA,Zhang_et_al_1995,53.43333333,-77.55,Black Spruce,Piea mariana,NA,-999,NA,17.41,-999,Age-dating of tree ring reported; collected 1995; Digitized from Fig 4,NA,Tree Ring,0,1
Detcheverry Lake_Station_23_53.43333333_-77.55,Station_23,Detcheverry Lake,Canada,9,1950,NA,NA,NA,Zhang_et_al_1995,53.43333333,-77.55,Black Spruce,Piea mariana,NA,-999,NA,19.92,-999,Age-dating of tree ring reported; collected 1995; Digitized from Fig 4,NA,Tree Ring,0,1
Detcheverry Lake_Station_23_53.43333333_-77.55,Station_23,Detcheverry Lake,Canada,10,1945,NA,NA,NA,Zhang_et_al_1995,53.43333333,-77.55,Black Spruce,Piea mariana,NA,-999,NA,26.22,-999,Age-dating of tree ring reported; collected 1995; Digitized from Fig 4,NA,Tree Ring,0,1
Detcheverry Lake_Station_23_53.43333333_-77.55,Station_23,Detcheverry Lake,Canada,11,1940,NA,NA,NA,Zhang_et_al_1995,53.43333333,-77.55,Black Spruce,Piea mariana,NA,-999,NA,23.74,-999,Age-dating of tree ring reported; collected 1995; Digitized from Fig 4,NA,Tree Ring,0,1
Laporte Lake_Station_6_47.2_-76.73333333,Station_6,Laporte Lake,Canada,12,1880,NA,NA,NA,Zhang_et_al_1995,47.2,-76.73333333,Black Spruce,Piea mariana,NA,-999,NA,26.85,-999,Age-dating of tree ring reported; collected 1995; Digitized from Fig 4,NA,Tree Ring,0,1
Laporte Lake_Station_6_47.2_-76.73333333,Station_6,Laporte Lake,Canada,13,1885,NA,NA,NA,Zhang_et_al_1995,47.2,-76.73333333,Black Spruce,Piea mariana,NA,-999,NA,20.66,-999,Age-dating of tree ring reported; collected 1995; Digitized from Fig 4,NA,Tree Ring,0,1
Laporte Lake_Station_6_47.2_-76.73333333,Station_6,Laporte Lake,Canada,14,1890,NA,NA,NA,Zhang_et_al_1995,47.2,-76.73333333,Black Spruce,Piea mariana,NA,-999,NA,23.62,-999,Age-dating of tree ring reported; collected 1995; Digitized from Fig 4,NA,Tree Ring,0,1
Laporte Lake_Station_6_47.2_-76.73333333,Station_6,Laporte Lake,Canada,15,1895,NA,NA,NA,Zhang_et_al_1995,47.2,-76.73333333,Black Spruce,Piea mariana,NA,-999,NA,19.76,-999,Age-dating of tree ring reported; collected 1995; Digitized from Fig 4,NA,Tree Ring,0,1
Laporte Lake_Station_6_47.2_-76.73333333,Station_6,Laporte Lake,Canada,16,1900,NA,NA,NA,Zhang_et_al_1995,47.2,-76.73333333,Black Spruce,Piea mariana,NA,-999,NA,18.78,-999,Age-dating of tree ring reported; collected 1995; Digitized from Fig 4,NA,Tree Ring,0,1
Laporte Lake_Station_6_47.2_-76.73333333,Station_6,Laporte Lake,Canada,17,1905,NA,NA,NA,Zhang_et_al_1995,47.2,-76.73333333,Black Spruce,Piea mariana,NA,-999,NA,21.82,-999,Age-dating of tree ring reported; collected 1995; Digitized from Fig 4,NA,Tree Ring,0,1
Laporte Lake_Station_6_47.2_-76.73333333,Station_6,Laporte Lake,Canada,18,1910,NA,NA,NA,Zhang_et_al_1995,47.2,-76.73333333,Black Spruce,Piea mariana,NA,-999,NA,29.86,-999,Age-dating of tree ring reported; collected 1995; Digitized from Fig 4,NA,Tree Ring,0,1
Laporte Lake_Station_6_47.2_-76.73333333,Station_6,Laporte Lake,Canada,19,1915,NA,NA,NA,Zhang_et_al_1995,47.2,-76.73333333,Black Spruce,Piea mariana,NA,-999,NA,31.11,-999,Age-dating of tree ring reported; collected 1995; Digitized from Fig 4,NA,Tree Ring,0,1
Laporte Lake_Station_6_47.2_-76.73333333,Station_6,Laporte Lake,Canada,20,1920,NA,NA,NA,Zhang_et_al_1995,47.2,-76.73333333,Black Spruce,Piea mariana,NA,-999,NA,37.72,-999,Age-dating of tree ring reported; collected 1995; Digitized from Fig 4,NA,Tree Ring,0,1
Laporte Lake_Station_6_47.2_-76.73333333,Station_6,Laporte Lake,Canada,21,1925,NA,NA,NA,Zhang_et_al_1995,47.2,-76.73333333,Black Spruce,Piea mariana,NA,-999,NA,37.98,-999,Age-dating of tree ring reported; collected 1995; Digitized from Fig 4,NA,Tree Ring,0,1
Laporte Lake_Station_6_47.2_-76.73333333,Station_6,Laporte Lake,Canada,22,1930,NA,NA,NA,Zhang_et_al_1995,47.2,-76.73333333,Black Spruce,Piea mariana,NA,-999,NA,27.48,-999,Age-dating of tree ring reported; collected 1995; Digitized from Fig 4,NA,Tree Ring,0,1
Laporte Lake_Station_6_47.2_-76.73333333,Station_6,Laporte Lake,Canada,23,1935,NA,NA,NA,Zhang_et_al_1995,47.2,-76.73333333,Black Spruce,Piea mariana,NA,-999,NA,20.66,-999,Age-dating of tree ring reported; collected 1995; Digitized from Fig 4,NA,Tree Ring,0,1
Laporte Lake_Station_6_47.2_-76.73333333,Station_6,Laporte Lake,Canada,24,1940,NA,NA,NA,Zhang_et_al_1995,47.2,-76.73333333,Black Spruce,Piea mariana,NA,-999,NA,20.74,-999,Age-dating of tree ring reported; collected 1995; Digitized from Fig 4,NA,Tree Ring,0,1
Laporte Lake_Station_6_47.2_-76.73333333,Station_6,Laporte Lake,Canada,25,1945,NA,NA,NA,Zhang_et_al_1995,47.2,-76.73333333,Black Spruce,Piea mariana,NA,-999,NA,22.47,-999,Age-dating of tree ring reported; collected 1995; Digitized from Fig 4,NA,Tree Ring,0,1
Laporte Lake_Station_6_47.2_-76.73333333,Station_6,Laporte Lake,Canada,26,1950,NA,NA,NA,Zhang_et_al_1995,47.2,-76.73333333,Black Spruce,Piea mariana,NA,-999,NA,22.66,-999,Age-dating of tree ring reported; collected 1995; Digitized from Fig 4,NA,Tree Ring,0,1
Laporte Lake_Station_6_47.2_-76.73333333,Station_6,Laporte Lake,Canada,27,1955,NA,NA,NA,Zhang_et_al_1995,47.2,-76.73333333,Black Spruce,Piea mariana,NA,-999,NA,18.83,-999,Age-dating of tree ring reported; collected 1995; Digitized from Fig 4,NA,Tree Ring,0,1
Laporte Lake_Station_6_47.2_-76.73333333,Station_6,Laporte Lake,Canada,28,1960,NA,NA,NA,Zhang_et_al_1995,47.2,-76.73333333,Black Spruce,Piea mariana,NA,-999,NA,17.45,-999,Age-dating of tree ring reported; collected 1995; Digitized from Fig 4,NA,Tree Ring,0,1
Laporte Lake_Station_6_47.2_-76.73333333,Station_6,Laporte Lake,Canada,29,1965,NA,NA,NA,Zhang_et_al_1995,47.2,-76.73333333,Black Spruce,Piea mariana,NA,-999,NA,19.69,-999,Age-dating of tree ring reported; collected 1995; Digitized from Fig 4,NA,Tree Ring,0,1
Laporte Lake_Station_6_47.2_-76.73333333,Station_6,Laporte Lake,Canada,30,1970,NA,NA,NA,Zhang_et_al_1995,47.2,-76.73333333,Black Spruce,Piea mariana,NA,-999,NA,18.27,-999,Age-dating of tree ring reported; collected 1995; Digitized from Fig 4,NA,Tree Ring,0,1
Laporte Lake_Station_6_47.2_-76.73333333,Station_6,Laporte Lake,Canada,31,1975,NA,NA,NA,Zhang_et_al_1995,47.2,-76.73333333,Black Spruce,Piea mariana,NA,-999,NA,21.24,-999,Age-dating of tree ring reported; collected 1995; Digitized from Fig 4,NA,Tree Ring,0,1
Laporte Lake_Station_6_47.2_-76.73333333,Station_6,Laporte Lake,Canada,32,1980,NA,NA,NA,Zhang_et_al_1995,47.2,-76.73333333,Black Spruce,Piea mariana,NA,-999,NA,21.1,-999,Age-dating of tree ring reported; collected 1995; Digitized from Fig 4,NA,Tree Ring,0,1
Laporte Lake_Station_6_47.2_-76.73333333,Station_6,Laporte Lake,Canada,33,1985,NA,NA,NA,Zhang_et_al_1995,47.2,-76.73333333,Black Spruce,Piea mariana,NA,-999,NA,19.35,-999,Age-dating of tree ring reported; collected 1995; Digitized from Fig 4,NA,Tree Ring,0,1
Laporte Lake_Station_6_47.2_-76.73333333,Station_6,Laporte Lake,Canada,34,1990,NA,NA,NA,Zhang_et_al_1995,47.2,-76.73333333,Black Spruce,Piea mariana,NA,-999,NA,19.29,-999,Age-dating of tree ring reported; collected 1995; Digitized from Fig 4,NA,Tree Ring,0,1
Alaska_U1_61.25816_-163.24728,U1,Alaska,USA,YKD-U1,2017,Harvard_University,Scott_Zolkos,szolkos@woodwellclimate.org,Zolkos_2024,61.25816,-163.24728,NA,NA,deciduous shrub,50.92,Nippon MA-3000,6.87,-999,NA,SZ,NA,0,1
Alaska_U1_61.25816_-163.24728,U1,Alaska,USA,YKD-U1,2017,Harvard_University,Scott_Zolkos,szolkos@woodwellclimate.org,Zolkos_2024,61.25816,-163.24728,NA,NA,evergreen shrub,176.69,Nippon MA-3000,17.46,-999,NA,SZ,NA,0,1
Alaska_U1_61.25816_-163.24728,U1,Alaska,USA,YKD-U1,2017,Harvard_University,Scott_Zolkos,szolkos@woodwellclimate.org,Zolkos_2024,61.25816,-163.24728,NA,NA,lichen,964.86,Nippon MA-3000,53.91,-999,NA,SZ,NA,0,1
Alaska_U1_61.25816_-163.24728,U1,Alaska,USA,YKD-U1,2017,Harvard_University,Scott_Zolkos,szolkos@woodwellclimate.org,Zolkos_2024,61.25816,-163.24728,NA,NA,moss,107.54,Nippon MA-3000,147.81,-999,NA,SZ,NA,0,1
Alaska_U2_61.32074_-163.2437,U2,Alaska,USA,YKD-U2,2017,Harvard_University,Scott_Zolkos,szolkos@woodwellclimate.org,Zolkos_2024,61.32074,-163.2437,NA,NA,deciduous shrub,45.83,Nippon MA-3000,10.9,-999,NA,SZ,NA,0,1
Alaska_U2_61.32074_-163.2437,U2,Alaska,USA,YKD-U2,2017,Harvard_University,Scott_Zolkos,szolkos@woodwellclimate.org,Zolkos_2024,61.32074,-163.2437,NA,NA,evergreen shrub,131.24,Nippon MA-3000,16.18,-999,NA,SZ,NA,0,1
Alaska_U2_61.32074_-163.2437,U2,Alaska,USA,YKD-U2,2017,Harvard_University,Scott_Zolkos,szolkos@woodwellclimate.org,Zolkos_2024,61.32074,-163.2437,NA,NA,lichen,1542.49,Nippon MA-3000,52,-999,NA,SZ,NA,0,1
Alaska_U2_61.32074_-163.2437,U2,Alaska,USA,YKD-U2,2017,Harvard_University,Scott_Zolkos,szolkos@woodwellclimate.org,Zolkos_2024,61.32074,-163.2437,NA,NA,moss,87.65,Nippon MA-3000,179.4,-999,NA,SZ,NA,0,1
Alaska_U3_61.27041_-163.2373,U3,Alaska,USA,YKD-U3,2017,Harvard_University,Scott_Zolkos,szolkos@woodwellclimate.org,Zolkos_2024,61.27041,-163.2373,NA,NA,deciduous shrub,15.2,Nippon MA-3000,10.73,-999,NA,SZ,NA,0,1
Alaska_U3_61.27041_-163.2373,U3,Alaska,USA,YKD-U3,2017,Harvard_University,Scott_Zolkos,szolkos@woodwellclimate.org,Zolkos_2024,61.27041,-163.2373,NA,NA,evergreen shrub,52.4,Nippon MA-3000,17.86,-999,NA,SZ,NA,0,1
Alaska_U3_61.27041_-163.2373,U3,Alaska,USA,YKD-U3,2017,Harvard_University,Scott_Zolkos,szolkos@woodwellclimate.org,Zolkos_2024,61.27041,-163.2373,NA,NA,lichen,710,Nippon MA-3000,33.85,-999,NA,SZ,NA,0,1
Alaska_U3_61.27041_-163.2373,U3,Alaska,USA,YKD-U3,2017,Harvard_University,Scott_Zolkos,szolkos@woodwellclimate.org,Zolkos_2024,61.27041,-163.2373,NA,NA,moss,110,Nippon MA-3000,155.39,-999,NA,SZ,NA,0,1
Alaska_UB1_61.27053_-163.23857,UB1,Alaska,USA,YKD-UB1,2018,Harvard_University,Scott_Zolkos,szolkos@woodwellclimate.org,Zolkos_2024,61.27053,-163.23857,NA,NA,deciduous shrub,50.6,Nippon MA-3000,2.92,-999,NA,SZ,NA,0,1
Alaska_UB1_61.27053_-163.23857,UB1,Alaska,USA,YKD-UB1,2018,Harvard_University,Scott_Zolkos,szolkos@woodwellclimate.org,Zolkos_2024,61.27053,-163.23857,NA,NA,evergreen shrub,529.24,Nippon MA-3000,12.96,-999,NA,SZ,NA,0,1
Alaska_UB1_61.27053_-163.23857,UB1,Alaska,USA,YKD-UB1,2018,Harvard_University,Scott_Zolkos,szolkos@woodwellclimate.org,Zolkos_2024,61.27053,-163.23857,NA,NA,forb,50.43,Nippon MA-3000,11.24,-999,NA,SZ,NA,0,1
Alaska_UB1_61.27053_-163.23857,UB1,Alaska,USA,YKD-UB1,2018,Harvard_University,Scott_Zolkos,szolkos@woodwellclimate.org,Zolkos_2024,61.27053,-163.23857,NA,NA,graminoid,26.41,Nippon MA-3000,4.02,-999,NA,SZ,NA,0,1
Alaska_UB1_61.27053_-163.23857,UB1,Alaska,USA,YKD-UB1,2018,Harvard_University,Scott_Zolkos,szolkos@woodwellclimate.org,Zolkos_2024,61.27053,-163.23857,NA,NA,lichen,3027.49,Nippon MA-3000,34.86,-999,NA,SZ,NA,0,1
Alaska_UB1_61.27053_-163.23857,UB1,Alaska,USA,YKD-UB1,2018,Harvard_University,Scott_Zolkos,szolkos@woodwellclimate.org,Zolkos_2024,61.27053,-163.23857,NA,NA,moss,62.57,Nippon MA-3000,71.73,-999,NA,SZ,NA,0,1
Alaska_UB2_61.26289_-163.24985,UB2,Alaska,USA,YKD-UB2,2018,Harvard_University,Scott_Zolkos,szolkos@woodwellclimate.org,Zolkos_2024,61.26289,-163.24985,NA,NA,evergreen shrub,488.29,Nippon MA-3000,10.7,-999,NA,SZ,NA,0,1
Alaska_UB2_61.26289_-163.24985,UB2,Alaska,USA,YKD-UB2,2018,Harvard_University,Scott_Zolkos,szolkos@woodwellclimate.org,Zolkos_2024,61.26289,-163.24985,NA,NA,forb,87.06,Nippon MA-3000,6.94,-999,NA,SZ,NA,0,1
Alaska_UB2_61.26289_-163.24985,UB2,Alaska,USA,YKD-UB2,2018,Harvard_University,Scott_Zolkos,szolkos@woodwellclimate.org,Zolkos_2024,61.26289,-163.24985,NA,NA,graminoid,0.89,Nippon MA-3000,19.62,-999,NA,SZ,NA,0,1
Alaska_UB2_61.26289_-163.24985,UB2,Alaska,USA,YKD-UB2,2018,Harvard_University,Scott_Zolkos,szolkos@woodwellclimate.org,Zolkos_2024,61.26289,-163.24985,NA,NA,moss,350.8,Nippon MA-3000,94.96,-999,NA,SZ,NA,0,1
Alaska_UB3_61.23781_-163.20921,UB3,Alaska,USA,YKD-UB3,2018,Harvard_University,Scott_Zolkos,szolkos@woodwellclimate.org,Zolkos_2024,61.23781,-163.20921,NA,NA,deciduous shrub,187.61,Nippon MA-3000,12.5,-999,NA,SZ,NA,0,1
Alaska_UB3_61.23781_-163.20921,UB3,Alaska,USA,YKD-UB3,2018,Harvard_University,Scott_Zolkos,szolkos@woodwellclimate.org,Zolkos_2024,61.23781,-163.20921,NA,NA,evergreen shrub,209.24,Nippon MA-3000,22.95,-999,NA,SZ,NA,0,1
Alaska_UB3_61.23781_-163.20921,UB3,Alaska,USA,YKD-UB3,2018,Harvard_University,Scott_Zolkos,szolkos@woodwellclimate.org,Zolkos_2024,61.23781,-163.20921,NA,NA,graminoid,119.03,Nippon MA-3000,10.06,-999,NA,SZ,NA,0,1
Alaska_UB3_61.23781_-163.20921,UB3,Alaska,USA,YKD-UB3,2018,Harvard_University,Scott_Zolkos,szolkos@woodwellclimate.org,Zolkos_2024,61.23781,-163.20921,NA,NA,moss,506.52,Nippon MA-3000,58.56,-999,NA,SZ,NA,0,1
Alaska_UB4_61.26097_-163.24286,UB4,Alaska,USA,YKD-UB4,2018,Harvard_University,Scott_Zolkos,szolkos@woodwellclimate.org,Zolkos_2024,61.26097,-163.24286,NA,NA,deciduous shrub,16.26,Nippon MA-3000,7.11,-999,NA,SZ,NA,0,1
Alaska_UB4_61.26097_-163.24286,UB4,Alaska,USA,YKD-UB4,2018,Harvard_University,Scott_Zolkos,szolkos@woodwellclimate.org,Zolkos_2024,61.26097,-163.24286,NA,NA,graminoid,37.16,Nippon MA-3000,14.24,-999,NA,SZ,NA,0,1
Alaska_UB4_61.26097_-163.24286,UB4,Alaska,USA,YKD-UB4,2018,Harvard_University,Scott_Zolkos,szolkos@woodwellclimate.org,Zolkos_2024,61.26097,-163.24286,NA,NA,moss,482.79,Nippon MA-3000,96.28,-999,NA,SZ,NA,0,1
