Site_ID,Location_ID,Country,Sample_ID,Date,Laboratory,Contact_name,Contact_email,Paper_code,"Latitude, WGS 84","Longitude, WGS 84",Soil_type,Veg_type,Sample_location,PW_soil_descrip,Cathcment_size,Wetland_cover,Depth_sample,THg,THg_err,DHg,DHg_err,Filter_Size,MeHg,MeHg_err,TOC,TOC_err,DOC,DOC_err,RHgC,Turbidity,pH,EC,Alk,P,Cl,SO4,TDS,Notes,Collector,Range Flag,Outlier Flag,,
Hudson_Bay_Lowlands,Ontario,Canada,AQT,2010,University_of_Ottawa,Jules_Blais,Jules.Blais@uottawa.ca,Brazeau_et_al_2013,54.353278,-84.574944,NA,Boreal wetland,lake,NA,NA,NA,NA,0.87,0.18,NA,NA,NA,0.025,0.0048,NA,NA,7.6,NA,0.114473684,NA,8.1,NA,97.8,13.8,NA,NA,NA,NA,NA,1,0,Q1,1.5
Hudson_Bay_Lowlands,Ontario,Canada,BLB,NA,University_of_Ottawa,Jules_Blais,Jules.Blais@uottawa.ca,Brazeau_et_al_2013,55,-84,NA,Boreal wetland,lake,NA,NA,NA,NA,2.7,0.18,NA,NA,NA,0.021,0.0042,NA,NA,9,NA,0.3,NA,7.8,NA,71.5,28.8,NA,NA,NA,NA,NA,0,0,Q3,5.9175
Hudson_Bay_Lowlands,Ontario,Canada,CSE,NA,University_of_Ottawa,Jules_Blais,Jules.Blais@uottawa.ca,Brazeau_et_al_2013,54.5,-84,NA,Boreal wetland,lake,NA,NA,NA,NA,0.95,0.061,NA,NA,NA,0.041,0.0024,NA,NA,10.4,NA,0.091346154,NA,8.1,NA,90.3,4.4,NA,NA,NA,NA,NA,1,0,IQR,4.4175
Hudson_Bay_Lowlands,Ontario,Canada,HWL,2009,University_of_Ottawa,Jules_Blais,Jules.Blais@uottawa.ca,Brazeau_et_al_2013,54.527417,-84.617958,NA,Boreal wetland,lake,NA,NA,NA,NA,1.1,0.078,NA,NA,NA,0.056,0.013,NA,NA,6.3,NA,0.174603175,NA,8.1,NA,105.3,6.8,NA,NA,NA,NA,NA,0,0,Lower,-11.7525
Hudson_Bay_Lowlands,Ontario,Canada,JLN,2010,University_of_Ottawa,Jules_Blais,Jules.Blais@uottawa.ca,Brazeau_et_al_2013,55,-84,NA,Boreal wetland,lake,NA,NA,NA,NA,0.93,0.056,NA,NA,NA,0.02,0.017,NA,NA,7.5,NA,0.124,NA,8,NA,90.7,14.8,NA,NA,NA,NA,NA,1,0,Upper,19.17
Hudson_Bay_Lowlands,Ontario,Canada,KSO,2009,University_of_Ottawa,Jules_Blais,Jules.Blais@uottawa.ca,Brazeau_et_al_2013,54.2615,-84.184035,NA,Boreal wetland,lake,NA,NA,NA,NA,1.3,0.15,NA,NA,NA,0.02,0.02,NA,NA,7,NA,0.185714286,NA,7.7,NA,38.9,9.1,NA,NA,NA,NA,NA,0,0,,
Hudson_Bay_Lowlands,Ontario,Canada,NRT,NA,University_of_Ottawa,Jules_Blais,Jules.Blais@uottawa.ca,Brazeau_et_al_2013,54.534444,-84.756,NA,Boreal wetland,lake,NA,NA,NA,NA,1.9,0.45,NA,NA,NA,0.052,0.029,NA,NA,6.8,NA,0.279411765,NA,7.9,NA,80,6.4,NA,NA,NA,NA,NA,0,0,,
Hudson_Bay_Lowlands,Ontario,Canada,OPE,NA,University_of_Ottawa,Jules_Blais,Jules.Blais@uottawa.ca,Brazeau_et_al_2013,53.913852,-84.135091,NA,Boreal wetland,lake,NA,NA,NA,NA,1.7,0.33,NA,NA,NA,0.04,0.0053,NA,NA,8.8,NA,0.193181818,NA,7.8,NA,52.4,16.4,NA,NA,NA,NA,NA,0,0,,
Hudson_Bay_Lowlands,Ontario,Canada,RFT,2009,University_of_Ottawa,Jules_Blais,Jules.Blais@uottawa.ca,Brazeau_et_al_2013,54.455828,-84.780189,NA,Boreal wetland,lake,NA,NA,NA,NA,1.7,0.036,NA,NA,NA,0.056,0.058,NA,NA,10.4,NA,0.163461538,NA,7.9,NA,76.4,7,NA,NA,NA,NA,NA,0,0,,
Hudson_Bay_Lowlands,Ontario,Canada,SAM,NA,University_of_Ottawa,Jules_Blais,Jules.Blais@uottawa.ca,Brazeau_et_al_2013,54.76,-84.6,NA,Boreal wetland,lake,NA,NA,NA,NA,0.66,0.11,NA,NA,NA,0.031,0.0062,NA,NA,6.7,NA,0.098507463,NA,8.2,NA,82.4,8,NA,NA,NA,NA,NA,1,0,,
Hudson_Bay_Lowlands,Ontario,Canada,SPC,NA,University_of_Ottawa,Jules_Blais,Jules.Blais@uottawa.ca,Brazeau_et_al_2013,54.333,-85.019,NA,Boreal wetland,lake,NA,NA,NA,NA,1.4,0.094,NA,NA,NA,0.038,0.0031,NA,NA,7.9,NA,0.17721519,NA,7.9,NA,63.4,10.8,NA,NA,NA,NA,NA,0,0,,
Hudson_Bay_Lowlands,Ontario,Canada,SRT,2010,University_of_Ottawa,Jules_Blais,Jules.Blais@uottawa.ca,Brazeau_et_al_2013,55.111,-84.093,NA,Boreal wetland,lake,NA,NA,NA,NA,1.2,0.027,NA,NA,NA,0.046,0.012,NA,NA,6.3,NA,0.19047619,NA,8,NA,79.3,19.6,NA,NA,NA,NA,NA,0,0,,
Hudson_Bay_Lowlands,Ontario,Canada,WGN,NA,University_of_Ottawa,Jules_Blais,Jules.Blais@uottawa.ca,Brazeau_et_al_2013,54.85,-84.46,NA,Boreal wetland,lake,NA,NA,NA,NA,0.77,0.039,NA,NA,NA,0.03,0.011,NA,NA,9.1,NA,0.084615385,NA,7.9,NA,70.1,15.2,NA,NA,NA,NA,NA,1,0,,
Scotty Creek drainage basin ,NWT,Canada,NA,2013,Biotron_Inst_Exp_Climate_Change_Res,J_Gordon,gordonj215@gmail.com,Gordon_2016,61.436699°,-121.560759°,NA,Wetland tundra,porewater,Bog,NA,NA,25,4.46,NA,NA,NA,NA,NA,NA,NA,NA,32.22,NA,NA,NA,NA,NA,NA,NA,NA,NA,NA,lat/lon was approximated using Google Earth,NA,0,0,,
Scotty Creek drainage basin ,NWT,Canada,NA,2013,Biotron_Inst_Exp_Climate_Change_Res,J_Gordon,gordonj215@gmail.com,Gordon_2016,61.436699°,-121.560759°,NA,Wetland tundra,porewater,Bog,NA,NA,25,4.54,NA,NA,NA,NA,NA,NA,NA,NA,36.35,NA,NA,NA,NA,NA,NA,NA,NA,NA,NA,lat/lon was approximated using Google Earth,NA,0,0,,
Scotty Creek drainage basin ,NWT,Canada,NA,2013,Biotron_Inst_Exp_Climate_Change_Res,J_Gordon,gordonj215@gmail.com,Gordon_2016,61.436699°,-121.560759°,NA,Wetland tundra,porewater,Bog,NA,NA,25,5.65,NA,NA,NA,NA,NA,NA,NA,NA,47.35,NA,NA,NA,NA,NA,NA,NA,NA,NA,NA,lat/lon was approximated using Google Earth,NA,0,0,,
Scotty Creek drainage basin ,NWT,Canada,NA,2013,Biotron_Inst_Exp_Climate_Change_Res,J_Gordon,gordonj215@gmail.com,Gordon_2016,61.436699°,-121.560759°,NA,Wetland tundra,porewater,Poor fen,NA,NA,25,5.95,NA,NA,NA,NA,NA,NA,NA,NA,41.97,NA,NA,NA,NA,NA,NA,NA,NA,NA,NA,lat/lon was approximated using Google Earth,NA,0,0,,
Scotty Creek drainage basin ,NWT,Canada,NA,2013,Biotron_Inst_Exp_Climate_Change_Res,J_Gordon,gordonj215@gmail.com,Gordon_2016,61.436699°,-121.560759°,NA,Wetland tundra,porewater,Poor fen,NA,NA,25,4.82,NA,NA,NA,NA,NA,NA,NA,NA,49.06,NA,NA,NA,NA,NA,NA,NA,NA,NA,NA,lat/lon was approximated using Google Earth,NA,0,0,,
Scotty Creek drainage basin ,NWT,Canada,NA,2013,Biotron_Inst_Exp_Climate_Change_Res,J_Gordon,gordonj215@gmail.com,Gordon_2016,61.436699°,-121.560759°,NA,Wetland tundra,porewater,Poor fen,NA,NA,25,6.75,NA,NA,NA,NA,NA,NA,NA,NA,42.26,NA,NA,NA,NA,NA,NA,NA,NA,NA,NA,lat/lon was approximated using Google Earth,NA,0,0,,
Tuktoyaktuk,lower_Mackenzie_Basin,Canada,M1,2005-08-01,NA,NA,NA,Leitch_2006,69.4573,-133.03622,NA,NA,River,NA,"180,500,000",NA,10,1.94,NA,NA,NA,NA,NA,NA,NA,NA,NA,NA,NA,NA,NA,NA,NA,NA,NA,NA,NA,Original value was <1.94,NA,0,0,,
Kittigazuit Bay,lower_Mackenzie_Basin,Canada,M2,2005-08-01,NA,NA,NA,Leitch_2006,69.37505,-133.70162,NA,NA,River,NA,"180,500,000",NA,10,2.08,NA,NA,NA,NA,NA,NA,NA,NA,NA,NA,NA,NA,NA,NA,NA,NA,NA,NA,NA,NA,NA,0,0,,
Holmes Creek,lower_Mackenzie_Basin,Canada,M3,2005-08-01,NA,NA,NA,Leitch_2006,69.11272,-134.35227,NA,NA,River,NA,"180,500,000",NA,10,2.31,NA,NA,NA,NA,NA,NA,NA,NA,NA,NA,NA,NA,NA,NA,NA,NA,NA,NA,NA,Original value was <2.31,NA,0,0,,
Mackenzie R. at Swimming Point (in Delta),lower_Mackenzie_Basin,Canada,M4,2005-08-01,NA,NA,NA,Leitch_2006,69.0931,-134.38275,NA,NA,River,NA,"180,500,000",NA,10,2.27,NA,NA,NA,NA,NA,NA,NA,NA,NA,NA,NA,NA,NA,NA,NA,NA,NA,NA,NA,NA,NA,0,0,,
Reindeer Channel (in Delta),lower_Mackenzie_Basin,Canada,M5,2005-08-01,NA,NA,NA,Leitch_2006,68.91355,-135.51093,NA,NA,River,NA,"180,500,000",NA,10,2.19,NA,NA,NA,NA,NA,NA,NA,NA,NA,NA,NA,NA,NA,NA,NA,NA,NA,NA,NA,NA,NA,0,0,,
Shallow Bay (in Delta),lower_Mackenzie_Basin,Canada,M6,2005-08-01,NA,NA,NA,Leitch_2006,68.8638,-135.58333,NA,NA,River,NA,"180,500,000",NA,10,1.94,NA,NA,NA,NA,NA,NA,NA,NA,NA,NA,NA,NA,NA,NA,NA,NA,NA,NA,NA,Original value was <1.94,NA,0,0,,
Mackenzie R. at Axel Creek (in Delta),lower_Mackenzie_Basin,Canada,M7,2005-08-01,NA,NA,NA,Leitch_2006,68.69747,-134.46727,NA,NA,River,NA,"180,500,000",NA,10,4.03,NA,NA,NA,NA,NA,NA,NA,NA,NA,NA,NA,NA,NA,NA,NA,NA,NA,NA,NA,NA,NA,0,0,,
Axel Creek (in Delta),lower_Mackenzie_Basin,Canada,M8,2005-08-01,NA,NA,NA,Leitch_2006,68.69145,-134.49622,NA,NA,River,NA,"180,500,000",NA,10,2.48,NA,NA,NA,NA,NA,NA,NA,NA,NA,NA,NA,NA,NA,NA,NA,NA,NA,NA,NA,NA,NA,0,0,,
Mackenzie R. at Horseshoe Bend (in Delta),lower_Mackenzie_Basin,Canada,M10,2005-08-01,NA,NA,NA,Leitch_2006,68.24557,-134.4029,NA,NA,River,NA,"180,500,000",NA,10,6.87,NA,2,NA,NA,NA,NA,NA,NA,NA,NA,NA,NA,NA,NA,NA,NA,NA,NA,NA,NA,NA,0,0,,
Mackenzie R. below Peel R. (in Delta),lower_Mackenzie_Basin,Canada,M11,2005-08-01,NA,NA,NA,Leitch_2006,67.9102,-134.3853,NA,NA,River,NA,"180,500,000",NA,10,9.03,NA,3.59,NA,NA,NA,NA,NA,NA,NA,NA,NA,NA,NA,NA,NA,NA,NA,NA,NA,NA,NA,0,0,,
Peel R.,lower_Mackenzie_Basin,Canada,M12,2005-08-01,NA,NA,NA,Leitch_2006,67.6936,-134.52358,NA,NA,River,NA,"180,500,000",NA,10,6.72,NA,3.14,NA,NA,NA,NA,NA,NA,NA,NA,NA,NA,NA,NA,NA,NA,NA,NA,NA,NA,NA,0,0,,
Mackenzie R. at Point Separation,lower_Mackenzie_Basin,Canada,M13,2005-08-01,NA,NA,NA,Leitch_2006,67.58943,-134.02857,NA,NA,River,NA,"180,500,000",NA,10,11.63,NA,2.78,NA,NA,NA,NA,NA,NA,NA,NA,NA,NA,NA,NA,NA,NA,NA,NA,NA,NA,NA,0,0,,
Mackenzie R. below Arctic Red R.,lower_Mackenzie_Basin,Canada,M14,2005-08-01,NA,NA,NA,Leitch_2006,67.4503,-133.7775,NA,NA,River,NA,"180,500,000",NA,10,9.4,NA,6.16,NA,NA,NA,NA,NA,NA,NA,NA,NA,NA,NA,NA,NA,NA,NA,NA,NA,NA,NA,0,0,,
Arctic Red R.,lower_Mackenzie_Basin,Canada,M15,2005-08-01,NA,NA,NA,Leitch_2006,67.43998,-133.75193,NA,NA,River,NA,"180,500,000",NA,10,8.63,NA,3.17,NA,NA,NA,NA,NA,NA,NA,NA,NA,NA,NA,NA,NA,NA,NA,NA,NA,NA,NA,0,0,,
Mackenzie R. at Benoit Creek,lower_Mackenzie_Basin,Canada,M17,2005-08-01,NA,NA,NA,Leitch_2006,67.31882,-132.30685,NA,NA,River,NA,"180,500,000",NA,10,6.22,NA,3.01±1.04,1.04,NA,NA,NA,NA,NA,NA,NA,NA,NA,NA,NA,NA,NA,NA,NA,NA,NA,NA,0,0,,
Mackenzie R. at Travaillant R.,lower_Mackenzie_Basin,Canada,M19,2005-08-01,NA,NA,NA,Leitch_2006,67.46007,-131.49545,NA,NA,River,NA,"180,500,000",NA,10,4.59,NA,2.02,NA,NA,NA,NA,NA,NA,NA,NA,NA,NA,NA,NA,NA,NA,NA,NA,NA,NA,NA,0,0,,
Downstream Ontaritue R.,lower_Mackenzie_Basin,Canada,M20,2005-08-01,NA,NA,NA,Leitch_2006,na,na,NA,NA,Water,NA,"180,500,000",NA,10,17.69,NA,13.13,NA,NA,NA,NA,NA,NA,NA,NA,NA,NA,NA,NA,NA,NA,NA,NA,NA,NA,NA,0,0,,
Ontaritue R.,lower_Mackenzie_Basin,Canada,M21,2005-08-01,NA,NA,NA,Leitch_2006,66.75987,-130.04013,NA,NA,River,NA,"180,500,000",NA,10,17.69,NA,13.4,NA,NA,NA,NA,NA,NA,NA,NA,NA,NA,NA,NA,NA,NA,NA,NA,NA,NA,NA,0,0,,
Mackenzie R. above Ontaritue R.,lower_Mackenzie_Basin,Canada,M22,2005-08-01,NA,NA,NA,Leitch_2006,66.75498,-129.96352,NA,NA,River,NA,"180,500,000",NA,10,15.13,NA,16.11,NA,NA,NA,NA,NA,NA,NA,NA,NA,NA,NA,NA,NA,NA,NA,NA,NA,NA,NA,0,0,,
Mackenzie R. below Hare Indian R. ,lower_Mackenzie_Basin,Canada,M23 ,2005-08-01,NA,NA,NA,Leitch_2006,66.3209,-128.6414,NA,NA,River,NA,"180,500,000",NA,10,19.32,NA,14.77,NA,NA,NA,NA,NA,NA,NA,NA,NA,NA,NA,NA,NA,NA,NA,NA,NA,NA,NA,0,1,,
Hare Indian R.,lower_Mackenzie_Basin,Canada,M24,2005-08-01,NA,NA,NA,Leitch_2006,66.29347,-128.62707,NA,NA,River,NA,"180,500,000",NA,10,16.76,NA,16.63,NA,NA,NA,NA,NA,NA,NA,NA,NA,NA,NA,NA,NA,NA,NA,NA,NA,NA,NA,0,0,,
Mackenzie R. above Hare Indian R.,lower_Mackenzie_Basin,Canada,M25,2005-08-01,NA,NA,NA,Leitch_2006,66.29033,-128.64322,NA,NA,River,NA,"180,500,000",NA,10,7,NA,3.25,NA,NA,NA,NA,NA,NA,NA,NA,NA,NA,NA,NA,NA,NA,NA,NA,NA,NA,NA,0,0,,
Mackenzie R. below Mountain R. and Stinky Creek,lower_Mackenzie_Basin,Canada,M26,2005-08-01,NA,NA,NA,Leitch_2006,65.7979,-128.83968,NA,NA,River,NA,"180,500,000",NA,10,29.66,NA,26.67,NA,NA,NA,NA,NA,NA,NA,NA,NA,NA,NA,NA,NA,NA,NA,NA,NA,NA,NA,0,1,,
Mountain R.,lower_Mackenzie_Basin,Canada,M28,2005-08-01,NA,NA,NA,Leitch_2006,65.68745,-128.82457,NA,NA,River,NA,"180,500,000",NA,10,9.53,NA,5.59,NA,NA,NA,NA,NA,NA,NA,NA,NA,NA,NA,NA,NA,NA,NA,NA,NA,NA,NA,0,0,,
Mackenzie R. above Mountain R.,lower_Mackenzie_Basin,Canada,M29,2005-08-01,NA,NA,NA,Leitch_2006,65.68027,-128.81905,NA,NA,River,NA,"180,500,000",NA,10,19.64,NA,14.52±2.47,2.47,NA,NA,NA,NA,NA,NA,NA,NA,NA,NA,NA,NA,NA,NA,NA,NA,NA,NA,0,1,,
Mackenzie R. below Norman Wells,lower_Mackenzie_Basin,Canada,M32,2005-08-01,NA,NA,NA,Leitch_2006,65.29828,-127.08828,NA,NA,River,NA,"180,500,000",NA,10,15.39,NA,12.41,NA,NA,NA,NA,NA,NA,NA,NA,NA,NA,NA,NA,NA,NA,NA,NA,NA,NA,NA,0,0,,
Mackenzie R. above Norman Wells,lower_Mackenzie_Basin,Canada,M33,2005-08-01,NA,NA,NA,Leitch_2006,65.24847,-126.7647,NA,NA,River,NA,"180,500,000",NA,10,11.47,NA,7.06,NA,NA,NA,NA,NA,NA,NA,NA,NA,NA,NA,NA,NA,NA,NA,NA,NA,NA,NA,0,0,,
Great Bear R.,lower_Mackenzie_Basin,Canada,M35,2005-08-01,NA,NA,NA,Leitch_2006,64.91078,-125.59397,NA,NA,River,NA,"180,500,000",NA,10,6.11,NA,5.31,NA,NA,NA,NA,NA,NA,NA,NA,NA,NA,NA,NA,NA,NA,NA,NA,NA,NA,NA,0,0,,
Mackenzie R. above Great Bear R.,lower_Mackenzie_Basin,Canada,M36 ,2005-08-01,NA,NA,NA,Leitch_2006,64.89008,-125.54133,NA,NA,River,NA,"180,500,000",NA,10,13.51,NA,10.20±4.60,4.6,NA,NA,NA,NA,NA,NA,NA,NA,NA,NA,NA,NA,NA,NA,NA,NA,NA,NA,0,0,,
Mackenzie R. below Keele R.,lower_Mackenzie_Basin,Canada,M40,2005-08-01,NA,NA,NA,Leitch_2006,64.4654,-124.7986,NA,NA,River,NA,"180,500,000",NA,10,7.52,NA,5.68,NA,NA,NA,NA,NA,NA,NA,NA,NA,NA,NA,NA,NA,NA,NA,NA,NA,NA,NA,0,0,,
Keele R.,lower_Mackenzie_Basin,Canada,M42,2005-08-01,NA,NA,NA,Leitch_2006,64.41252,-124.79763,NA,NA,River,NA,"180,500,000",NA,10,4.82,NA,2.51±2.48,2.48,NA,NA,NA,NA,NA,NA,NA,NA,NA,NA,NA,NA,NA,NA,NA,NA,NA,NA,0,0,,
Mackenzie R. above Keele R.,lower_Mackenzie_Basin,Canada,M43,2005-08-01,NA,NA,NA,Leitch_2006,64.39283,-124.75893,NA,NA,River,NA,"180,500,000",NA,10,13.41,NA,10.91,NA,NA,NA,NA,NA,NA,NA,NA,NA,NA,NA,NA,NA,NA,NA,NA,NA,NA,NA,0,0,,
Mackenzie R. below Redstone R.,lower_Mackenzie_Basin,Canada,M44,2005-08-01,NA,NA,NA,Leitch_2006,64.30543,-124.61263,NA,NA,River,NA,"180,500,000",NA,10,6.57,NA,3.12±2.26,2.26,NA,NA,NA,NA,NA,NA,NA,NA,NA,NA,NA,NA,NA,NA,NA,NA,NA,NA,0,0,,
Redstone R.,lower_Mackenzie_Basin,Canada,M45,2005-08-01,NA,NA,NA,Leitch_2006,64.29003,-124.54532,NA,NA,River,NA,"180,500,000",NA,10,7.15,NA,4.34,NA,NA,NA,NA,NA,NA,NA,NA,NA,NA,NA,NA,NA,NA,NA,NA,NA,NA,NA,0,0,,
Mackenzie R. above Redstone R.,lower_Mackenzie_Basin,Canada,M46,2005-08-01,NA,NA,NA,Leitch_2006,64.28277,-124.5105,NA,NA,River,NA,"180,500,000",NA,10,10.13,NA,9,NA,NA,NA,NA,NA,NA,NA,NA,NA,NA,NA,NA,NA,NA,NA,NA,NA,NA,NA,0,0,,
Mackenzie R. below Dahadini R.,lower_Mackenzie_Basin,Canada,M47,2005-08-01,NA,NA,NA,Leitch_2006,64.01213,-124.38805,NA,NA,River,NA,"180,500,000",NA,10,3.34,NA,1.65,NA,NA,NA,NA,NA,NA,NA,NA,NA,NA,NA,NA,NA,NA,NA,NA,NA,NA,NA,0,0,,
Dahadini R.,lower_Mackenzie_Basin,Canada,M48,2005-08-01,NA,NA,NA,Leitch_2006,63.98537,-124.36952,NA,NA,River,NA,"180,500,000",NA,10,10.5,NA,4.24,NA,NA,NA,NA,NA,NA,NA,NA,NA,NA,NA,NA,NA,NA,NA,NA,NA,NA,NA,0,0,,
Between Dahadini and Blackwater R.,lower_Mackenzie_Basin,Canada,M49,2005-08-01,NA,NA,NA,Leitch_2006,na,na,NA,NA,River,NA,"180,500,000",NA,10,7.99,NA,5.35,NA,NA,NA,NA,NA,NA,NA,NA,NA,NA,NA,NA,NA,NA,NA,NA,NA,NA,NA,0,0,,
Blackwater R.,lower_Mackenzie_Basin,Canada,M50,2005-08-01,NA,NA,NA,Leitch_2006,63.94212,-124.175,NA,NA,River,NA,"180,500,000",NA,10,2.1,NA,1.93,NA,NA,NA,NA,NA,NA,NA,NA,NA,NA,NA,NA,NA,NA,NA,NA,NA,NA,NA,0,0,,
Mackenzie R. above Blackwater R.,lower_Mackenzie_Basin,Canada,M51,2005-08-01,NA,NA,NA,Leitch_2006,63.96825,-124.30198,NA,NA,River,NA,"180,500,000",NA,10,3.97,NA,1.68,NA,NA,NA,NA,NA,NA,NA,NA,NA,NA,NA,NA,NA,NA,NA,NA,NA,NA,NA,0,0,,
Ochre R.,lower_Mackenzie_Basin,Canada,M53,2005-08-01,NA,NA,NA,Leitch_2006,63.46648,-123.70377,NA,NA,River,NA,"180,500,000",NA,10,24.51,NA,24.22,NA,NA,NA,NA,NA,NA,NA,NA,NA,NA,NA,NA,NA,NA,NA,NA,NA,NA,NA,0,1,,
Mackenzie R. below Wrigley R. ,lower_Mackenzie_Basin,Canada,M54 ,2005-08-01,NA,NA,NA,Leitch_2006,63.2733,-123.6115,NA,NA,River,NA,"180,500,000",NA,10,12.43,NA,7.72,NA,NA,NA,NA,NA,NA,NA,NA,NA,NA,NA,NA,NA,NA,NA,NA,NA,NA,NA,0,0,,
Wrigley R.,lower_Mackenzie_Basin,Canada,M55,2005-08-01,NA,NA,NA,Leitch_2006,63.2419,-123.56917,NA,NA,River,NA,"180,500,000",NA,10,9.58,NA,1.31,NA,NA,NA,NA,NA,NA,NA,NA,NA,NA,NA,NA,NA,NA,NA,NA,NA,NA,NA,0,0,,
Mackenzie R. above Wrigley R.,lower_Mackenzie_Basin,Canada,M56,2005-08-01,NA,NA,NA,Leitch_2006,63.23548,-123.54752,NA,NA,River,NA,"180,500,000",NA,10,7.61,NA,1.48,NA,NA,NA,NA,NA,NA,NA,NA,NA,NA,NA,NA,NA,NA,NA,NA,NA,NA,NA,0,0,,
Mackenzie R. below Willowlake R.,lower_Mackenzie_Basin,Canada,M58,2005-08-01,NA,NA,NA,Leitch_2006,62.80897,-123.2111,NA,NA,River,NA,"180,500,000",NA,10,3.24,NA,2.36,NA,NA,NA,NA,NA,NA,NA,NA,NA,NA,NA,NA,NA,NA,NA,NA,NA,NA,NA,0,0,,
Willowlake R.,lower_Mackenzie_Basin,Canada,M59 ,2005-08-01,NA,NA,NA,Leitch_2006,62.69865,-123.1176,NA,NA,River,NA,"180,500,000",NA,10,4.85,NA,3.22,NA,NA,NA,NA,NA,NA,NA,NA,NA,NA,NA,NA,NA,NA,NA,NA,NA,NA,NA,0,0,,
Root R.,lower_Mackenzie_Basin,Canada,M61,2005-08-01,NA,NA,NA,Leitch_2006,62.43633,-123.29575,NA,NA,River,NA,"180,500,000",NA,10,5.5,NA,1.64,NA,NA,NA,NA,NA,NA,NA,NA,NA,NA,NA,NA,NA,NA,NA,NA,NA,NA,NA,0,0,,
Mackenzie R. at Camsell Bend,lower_Mackenzie_Basin,Canada,M63,2005-08-01,NA,NA,NA,Leitch_2006,62.2783,-123.36338,NA,NA,River,NA,"180,500,000",NA,10,7.81,NA,4.57,NA,NA,NA,NA,NA,NA,NA,NA,NA,NA,NA,NA,NA,NA,NA,NA,NA,NA,NA,0,0,,
North Nahanni R.,lower_Mackenzie_Basin,Canada,M64,2005-08-01,NA,NA,NA,Leitch_2006,62.25098,-123.32788,NA,NA,River,NA,"180,500,000",NA,10,11.72,NA,4.94,NA,NA,NA,NA,NA,NA,NA,NA,NA,NA,NA,NA,NA,NA,NA,NA,NA,NA,NA,0,0,,
Mackenzie R. above North Nahanni R.,lower_Mackenzie_Basin,Canada,M65,2005-08-01,NA,NA,NA,Leitch_2006,62.24323,-123.25438,NA,NA,River,NA,"180,500,000",NA,10,2.83,NA,1.63,NA,NA,NA,NA,NA,NA,NA,NA,NA,NA,NA,NA,NA,NA,NA,NA,NA,NA,NA,0,0,,
Mackenzie R. below Liard R.,lower_Mackenzie_Basin,Canada,M66,2005-08-01,NA,NA,NA,Leitch_2006,61.90158,-121.4485,NA,NA,River,NA,"180,500,000",NA,10,3.06,NA,1.23,NA,NA,NA,NA,NA,NA,NA,NA,NA,NA,NA,NA,NA,NA,NA,NA,NA,NA,NA,0,0,,
Liard R.,lower_Mackenzie_Basin,Canada,M67,2005-08-01,NA,NA,NA,Leitch_2006,61.83648,-121.28708,NA,NA,River,NA,"180,500,000",NA,10,10.45,NA,6.14±2.60,2.6,NA,NA,NA,NA,NA,NA,NA,NA,NA,NA,NA,NA,NA,NA,NA,NA,NA,NA,0,0,,
Mackenzie R. above Liard R.,lower_Mackenzie_Basin,Canada,M68 ,2005-08-01,NA,NA,NA,Leitch_2006,61.8522,-121.26458,NA,NA,River,NA,"180,500,000",NA,10,7.09,NA,5.66,NA,NA,NA,NA,NA,NA,NA,NA,NA,NA,NA,NA,NA,NA,NA,NA,NA,NA,NA,0,0,,
Jean Marie R.,lower_Mackenzie_Basin,Canada,M70,2005-08-01,NA,NA,NA,Leitch_2006,61.52698,-120.63322,NA,NA,River,NA,"180,500,000",NA,10,7.25,NA,5.57,NA,NA,NA,NA,NA,NA,NA,NA,NA,NA,NA,NA,NA,NA,NA,NA,NA,NA,NA,0,0,,
Mackenzie R. above Jean Marie R.,lower_Mackenzie_Basin,Canada,M71,2005-08-01,NA,NA,NA,Leitch_2006,61.5236,-120.60983,NA,NA,River,NA,"180,500,000",NA,10,1.69,NA,0.82,NA,NA,NA,NA,NA,NA,NA,NA,NA,NA,NA,NA,NA,NA,NA,NA,NA,NA,NA,0,0,,
Trout R.,lower_Mackenzie_Basin,Canada,M72,2005-08-01,NA,NA,NA,Leitch_2006,61.31282,-119.8549,NA,NA,River,NA,"180,500,000",NA,10,6.83,NA,5.87,NA,NA,NA,NA,NA,NA,NA,NA,NA,NA,NA,NA,NA,NA,NA,NA,NA,NA,NA,0,0,,
Mackenzie R. below Mills Lake,lower_Mackenzie_Basin,Canada,M73,2005-08-01,NA,NA,NA,Leitch_2006,61.36882,-118.39492,NA,NA,River,NA,"180,500,000",NA,10,3.09,NA,2.02±1.34,1.34,NA,NA,NA,NA,NA,NA,NA,NA,NA,NA,NA,NA,NA,NA,NA,NA,NA,NA,0,0,,
Mackenzie R. above Mills Lake,lower_Mackenzie_Basin,Canada,M74,2005-08-01,NA,NA,NA,Leitch_2006,61.46568,-118.05613,NA,NA,River,NA,"180,500,000",NA,10,2.64,NA,1.86,NA,NA,NA,NA,NA,NA,NA,NA,NA,NA,NA,NA,NA,NA,NA,NA,NA,NA,NA,0,0,,
Mackenzie R. at Fort Providence,lower_Mackenzie_Basin,Canada,M76,2005-08-01,NA,NA,NA,Leitch_2006,61.35635,-117.6829,NA,NA,River,NA,"180,500,000",NA,10,5.27,NA,4.4,NA,NA,NA,NA,NA,NA,NA,NA,NA,NA,NA,NA,NA,NA,NA,NA,NA,NA,NA,0,0,,
Mackenzie R. at South Channel,lower_Mackenzie_Basin,Canada,M77,2005-08-01,NA,NA,NA,Leitch_2006,61.05273,-116.68278,NA,NA,River,NA,"180,500,000",NA,10,3.62,NA,2.75,NA,NA,NA,NA,NA,NA,NA,NA,NA,NA,NA,NA,NA,NA,NA,NA,NA,NA,NA,0,0,,
Great Slave Lake (West corner),lower_Mackenzie_Basin,Canada,M78,2005-08-01,NA,NA,NA,Leitch_2006,61.06995,-116.50083,NA,NA,River,NA,"180,500,000",NA,10,3.95,NA,3.08,NA,NA,NA,NA,NA,NA,NA,NA,NA,NA,NA,NA,NA,NA,NA,NA,NA,NA,NA,0,0,,
Hay River,lower_Mackenzie_Basin,Canada,M79,2005-08-01,NA,NA,NA,Leitch_2006,60.8593,-115.7302,NA,NA,River,NA,"180,500,000",NA,10,10.11,NA,5.42,NA,NA,NA,NA,NA,NA,NA,NA,NA,NA,NA,NA,NA,NA,NA,NA,NA,NA,NA,0,0,,
Tuktoyaktuk,lower_Mackenzie_Basin,Canada,M1,2005-08-01,NA,NA,NA,Leitch_2006,69.4573,-133.03622,NA,NA,River,NA,"180,500,000",NA,10,1.94,NA,0.27±0.01,0.01,NA,NA,NA,NA,NA,NA,NA,NA,NA,NA,NA,NA,NA,NA,NA,NA,Original value was <1.94,NA,0,0,,
Kittigazuit Bay,lower_Mackenzie_Basin,Canada,M2,2005-08-01,NA,NA,NA,Leitch_2006,69.37505,-133.70162,NA,NA,River,NA,"180,500,000",NA,10,2.08,NA,0.31±0.05,0.05,NA,NA,NA,NA,NA,NA,NA,NA,NA,NA,NA,NA,NA,NA,NA,NA,NA,NA,0,0,,
Holmes Creek,lower_Mackenzie_Basin,Canada,M3,2005-08-01,NA,NA,NA,Leitch_2006,69.11272,-134.35227,NA,NA,River,NA,"180,500,000",NA,10,2.31,NA,0.49±0.13,0.13,NA,NA,NA,NA,NA,NA,NA,NA,NA,NA,NA,NA,NA,NA,NA,NA,Original value was <2.31,NA,0,0,,
Mackenzie R. at Swimming Point (in Delta),lower_Mackenzie_Basin,Canada,M4,2005-08-01,NA,NA,NA,Leitch_2006,69.0931,-134.38275,NA,NA,River,NA,"180,500,000",NA,10,2.27,NA,0.31±0.07,0.07,NA,NA,NA,NA,NA,NA,NA,NA,NA,NA,NA,NA,NA,NA,NA,NA,NA,NA,0,0,,
Reindeer Channel (in Delta),lower_Mackenzie_Basin,Canada,M5,2005-08-01,NA,NA,NA,Leitch_2006,68.91355,-135.51093,NA,NA,River,NA,"180,500,000",NA,10,2.19,NA,0.30±0.09,0.09,NA,NA,NA,NA,NA,NA,NA,NA,NA,NA,NA,NA,NA,NA,NA,NA,NA,NA,0,0,,
Shallow Bay (in Delta),lower_Mackenzie_Basin,Canada,M6,2005-08-01,NA,NA,NA,Leitch_2006,68.8638,-135.58333,NA,NA,River,NA,"180,500,000",NA,10,1.94,NA,0.27±0.05,0.05,NA,NA,NA,NA,NA,NA,NA,NA,NA,NA,NA,NA,NA,NA,NA,NA,Original value was <1.94,NA,0,0,,
Mackenzie R. at Axel Creek (in Delta),lower_Mackenzie_Basin,Canada,M7,2005-08-01,NA,NA,NA,Leitch_2006,68.69747,-134.46727,NA,NA,River,NA,"180,500,000",NA,10,4.03,NA,0.29±0.02,0.02,NA,NA,NA,NA,NA,NA,NA,NA,NA,NA,NA,NA,NA,NA,NA,NA,NA,NA,0,0,,
Axel Creek (in Delta),lower_Mackenzie_Basin,Canada,M8,2005-08-01,NA,NA,NA,Leitch_2006,68.69145,-134.49622,NA,NA,River,NA,"180,500,000",NA,10,2.48,NA,0.38±0.03,0.03,NA,NA,NA,NA,NA,NA,NA,NA,NA,NA,NA,NA,NA,NA,NA,NA,NA,NA,0,0,,
"Mackenzie R., East Channel (in Delta)",lower_Mackenzie_Basin,Canada,M9,2005-08-01,NA,NA,NA,Leitch_2006,68.35168,-133.72835,NA,NA,River,NA,"180,500,000",NA,10,1.15,NA,0.28±0.05,0.05,NA,NA,NA,NA,NA,NA,NA,NA,NA,NA,NA,NA,NA,NA,NA,NA,Original value was <1.15,NA,0,0,,
Mackenzie R. at Horseshoe Bend (in Delta),lower_Mackenzie_Basin,Canada,M10,2005-08-01,NA,NA,NA,Leitch_2006,68.24557,-134.4029,NA,NA,River,NA,"180,500,000",NA,10,1.89,NA,0.22±0.04,0.04,NA,NA,NA,NA,NA,NA,NA,NA,NA,NA,NA,NA,NA,NA,NA,NA,Original value was <1.89,NA,0,0,,
Peel R.,lower_Mackenzie_Basin,Canada,M12,2005-08-01,NA,NA,NA,Leitch_2006,67.6936,-134.52358,NA,NA,River,NA,"180,500,000",NA,10,2.39,NA,0.28,NA,NA,NA,NA,NA,NA,NA,NA,NA,NA,NA,NA,NA,NA,NA,NA,NA,Original value was <2.39,NA,0,0,,
Arctic Red R.,lower_Mackenzie_Basin,Canada,M15,2005-08-01,NA,NA,NA,Leitch_2006,67.43998,-133.75193,NA,NA,River,NA,"180,500,000",NA,10,6.56,NA,0.21,NA,NA,NA,NA,NA,NA,NA,NA,NA,NA,NA,NA,NA,NA,NA,NA,NA,NA,NA,0,0,,
Mackenzie R. at Benoit Creek,lower_Mackenzie_Basin,Canada,M17,2005-08-01,NA,NA,NA,Leitch_2006,67.31882,-132.30685,NA,NA,River,NA,"180,500,000",NA,10,2.06,NA,0.32±0.02,0.02,NA,NA,NA,NA,NA,NA,NA,NA,NA,NA,NA,NA,NA,NA,NA,NA,NA,NA,0,0,,
Mackenzie R. at Travaillant R.,lower_Mackenzie_Basin,Canada,M19,2005-08-01,NA,NA,NA,Leitch_2006,67.46007,-131.49545,NA,NA,River,NA,"180,500,000",NA,10,2.52,NA,0.34±0.18,0.18,NA,NA,NA,NA,NA,NA,NA,NA,NA,NA,NA,NA,NA,NA,NA,NA,NA,NA,0,0,,
Ontaritue R.,lower_Mackenzie_Basin,Canada,M21,2005-08-01,NA,NA,NA,Leitch_2006,66.75987,-130.04013,NA,NA,River,NA,"180,500,000",NA,10,2.59,NA,0.25,NA,NA,NA,NA,NA,NA,NA,NA,NA,NA,NA,NA,NA,NA,NA,NA,NA,NA,NA,0,0,,
Mackenzie R. above Ontaritue R.,lower_Mackenzie_Basin,Canada,M22,2005-08-01,NA,NA,NA,Leitch_2006,66.75498,-129.96352,NA,NA,River,NA,"180,500,000",NA,10,2.1,NA,0.37±0.10,0.1,NA,NA,NA,NA,NA,NA,NA,NA,NA,NA,NA,NA,NA,NA,NA,NA,NA,NA,0,0,,
Hare Indian R.,lower_Mackenzie_Basin,Canada,M24,2005-08-01,NA,NA,NA,Leitch_2006,66.29347,-128.62707,NA,NA,River,NA,"180,500,000",NA,10,2.03,NA,0.36±0.07,0.07,NA,NA,NA,NA,NA,NA,NA,NA,NA,NA,NA,NA,NA,NA,NA,NA,Original value was <2.03,NA,0,0,,
Mackenzie R. above Hare Indian R.,lower_Mackenzie_Basin,Canada,M25,2005-08-01,NA,NA,NA,Leitch_2006,66.29033,-128.64322,NA,NA,River,NA,"180,500,000",NA,10,3.73,NA,0.40±0.10,0.1,NA,NA,NA,NA,NA,NA,NA,NA,NA,NA,NA,NA,NA,NA,NA,NA,Original value was <3.73,NA,0,0,,
Mackenzie R. below Mountain R. and Stinky Creek,lower_Mackenzie_Basin,Canada,M26,2005-08-01,NA,NA,NA,Leitch_2006,65.7979,-128.83968,NA,NA,River,NA,"180,500,000",NA,10,1.91,NA,0.25±0.08,0.08,NA,NA,NA,NA,NA,NA,NA,NA,NA,NA,NA,NA,NA,NA,NA,NA,Original value was <1.91,NA,0,0,,
Mountain R.,lower_Mackenzie_Basin,Canada,M28,2005-08-01,NA,NA,NA,Leitch_2006,65.68745,-128.82457,NA,NA,River,NA,"180,500,000",NA,10,1.91,NA,0.24±0.02,0.02,NA,NA,NA,NA,NA,NA,NA,NA,NA,NA,NA,NA,NA,NA,NA,NA,Original value was <1.91,NA,0,0,,
Mackenzie R. above Mountain R.,lower_Mackenzie_Basin,Canada,M29,2005-08-01,NA,NA,NA,Leitch_2006,65.68027,-128.81905,NA,NA,River,NA,"180,500,000",NA,10,1.99,NA,0.32±0.00,0,NA,NA,NA,NA,NA,NA,NA,NA,NA,NA,NA,NA,NA,NA,NA,NA,Original value was <1.99,NA,0,0,,
Mackenzie R. below Norman Wells,lower_Mackenzie_Basin,Canada,M32,2005-08-01,NA,NA,NA,Leitch_2006,65.29828,-127.08828,NA,NA,River,NA,"180,500,000",NA,10,5.23,NA,0.40±0.02,0.02,NA,NA,NA,NA,NA,NA,NA,NA,NA,NA,NA,NA,NA,NA,NA,NA,NA,NA,0,0,,
Mackenzie R. above Norman Wells,lower_Mackenzie_Basin,Canada,M33,2005-08-01,NA,NA,NA,Leitch_2006,65.24847,-126.7647,NA,NA,River,NA,"180,500,000",NA,10,4.56,NA,0.44±0.06,0.06,NA,NA,NA,NA,NA,NA,NA,NA,NA,NA,NA,NA,NA,NA,NA,NA,NA,NA,0,0,,
Above Norman Wells at S. tip of 10-mile Island,lower_Mackenzie_Basin,Canada,M34,2005-08-01,NA,NA,NA,Leitch_2006,65.1637,-126.40673,NA,NA,River,NA,"180,500,000",NA,10,4.28,NA,0.35±0.01,0.01,NA,NA,NA,NA,NA,NA,NA,NA,NA,NA,NA,NA,NA,NA,NA,NA,NA,NA,0,0,,
Great Bear R.,lower_Mackenzie_Basin,Canada,M35,2005-08-01,NA,NA,NA,Leitch_2006,64.91078,-125.59397,NA,NA,River,NA,"180,500,000",NA,10,1.8,NA,0.26±0.02,0.02,NA,NA,NA,NA,NA,NA,NA,NA,NA,NA,NA,NA,NA,NA,NA,NA,Original value was <1.80,NA,0,0,,
Mackenzie R. above Great Bear R.,lower_Mackenzie_Basin,Canada,M36 ,2005-08-01,NA,NA,NA,Leitch_2006,64.89008,-125.54133,NA,NA,River,NA,"180,500,000",NA,10,7.31,NA,0.44±0.01,0.01,NA,NA,NA,NA,NA,NA,NA,NA,NA,NA,NA,NA,NA,NA,NA,NA,NA,NA,0,0,,
Mackenzie R. further above Great Bear R. ,lower_Mackenzie_Basin,Canada,M37,2005-08-01,NA,NA,NA,Leitch_2006,64.89168,-125.40865,NA,NA,River,NA,"180,500,000",NA,10,7.8,NA,0.35±0.01,0.01,NA,NA,NA,NA,NA,NA,NA,NA,NA,NA,NA,NA,NA,NA,NA,NA,NA,NA,0,0,,
Mackenzie R. below Big Smith Creek,lower_Mackenzie_Basin,Canada,M38,2005-08-01,NA,NA,NA,Leitch_2006,64.66073,-124.90027,NA,NA,River,NA,"180,500,000",NA,10,0,NA,na,NA,NA,NA,NA,NA,NA,NA,NA,NA,NA,NA,NA,NA,NA,NA,NA,NA,NA,NA,1,0,,
Big Smith Creek,lower_Mackenzie_Basin,Canada,M39,2005-08-01,NA,NA,NA,Leitch_2006,64.57412,-124.90393,NA,NA,River,NA,"180,500,000",NA,10,2.27,NA,0.60±0.02,0.02,NA,NA,NA,NA,NA,NA,NA,NA,NA,NA,NA,NA,NA,NA,NA,NA,Original value was <2.27,NA,0,0,,
Keele R.,lower_Mackenzie_Basin,Canada,M42,2005-08-01,NA,NA,NA,Leitch_2006,64.41252,-124.79763,NA,NA,River,NA,"180,500,000",NA,10,2.83,NA,0.31±0.03,0.03,NA,NA,NA,NA,NA,NA,NA,NA,NA,NA,NA,NA,NA,NA,NA,NA,NA,NA,0,0,,
Mackenzie R. above Keele R.,lower_Mackenzie_Basin,Canada,M43,2005-08-01,NA,NA,NA,Leitch_2006,64.39283,-124.75893,NA,NA,River,NA,"180,500,000",NA,10,7.95,NA,0.42±0.02,0.02,NA,NA,NA,NA,NA,NA,NA,NA,NA,NA,NA,NA,NA,NA,NA,NA,NA,NA,0,0,,
Mackenzie R. below Redstone R.,lower_Mackenzie_Basin,Canada,M44,2005-08-01,NA,NA,NA,Leitch_2006,64.30543,-124.61263,NA,NA,River,NA,"180,500,000",NA,10,8.02,NA,0.43±0.03,0.03,NA,NA,NA,NA,NA,NA,NA,NA,NA,NA,NA,NA,NA,NA,NA,NA,NA,NA,0,0,,
Redstone R.,lower_Mackenzie_Basin,Canada,M45,2005-08-01,NA,NA,NA,Leitch_2006,64.29003,-124.54532,NA,NA,River,NA,"180,500,000",NA,10,9.19,NA,0.43±0.02,0.02,NA,NA,NA,NA,NA,NA,NA,NA,NA,NA,NA,NA,NA,NA,NA,NA,NA,NA,0,0,,
Mackenzie R. above Redstone R.,lower_Mackenzie_Basin,Canada,M46,2005-08-01,NA,NA,NA,Leitch_2006,64.28277,-124.5105,NA,NA,River,NA,"180,500,000",NA,10,3.74,NA,0.45±0.01,0.01,NA,NA,NA,NA,NA,NA,NA,NA,NA,NA,NA,NA,NA,NA,NA,NA,NA,NA,0,0,,
Mackenzie R. below Dahadini R.,lower_Mackenzie_Basin,Canada,M47,2005-08-01,NA,NA,NA,Leitch_2006,64.01213,-124.38805,NA,NA,River,NA,"180,500,000",NA,10,4.57,NA,0.45±0.01,0.01,NA,NA,NA,NA,NA,NA,NA,NA,NA,NA,NA,NA,NA,NA,NA,NA,NA,NA,0,0,,
Dahadini R.,lower_Mackenzie_Basin,Canada,M48,2005-08-01,NA,NA,NA,Leitch_2006,63.98537,-124.36952,NA,NA,River,NA,"180,500,000",NA,10,2.45,NA,0.78±0.02,0.02,NA,NA,NA,NA,NA,NA,NA,NA,NA,NA,NA,NA,NA,NA,NA,NA,Original value was <2.45,NA,0,0,,
Between Dahadini and Blackwater R.,lower_Mackenzie_Basin,Canada,M49,2005-08-01,NA,NA,NA,Leitch_2006,na,na,NA,NA,River,NA,"180,500,000",NA,10,2.1,NA,0.43±0.03,0.03,NA,NA,NA,NA,NA,NA,NA,NA,NA,NA,NA,NA,NA,NA,NA,NA,Original value was <2.10,NA,0,0,,
Blackwater R.,lower_Mackenzie_Basin,Canada,M50,2005-08-01,NA,NA,NA,Leitch_2006,63.94212,-124.175,NA,NA,River,NA,"180,500,000",NA,10,2.43,NA,0.76±0.00,0,NA,NA,NA,NA,NA,NA,NA,NA,NA,NA,NA,NA,NA,NA,NA,NA,Original value was <2.43,NA,0,0,,
Mackenzie R. above Blackwater R.,lower_Mackenzie_Basin,Canada,M51,2005-08-01,NA,NA,NA,Leitch_2006,63.96825,-124.30198,NA,NA,River,NA,"180,500,000",NA,10,2.56,NA,0.37±0.04,0.04,NA,NA,NA,NA,NA,NA,NA,NA,NA,NA,NA,NA,NA,NA,NA,NA,NA,NA,0,0,,
White Sands Creek,lower_Mackenzie_Basin,Canada,M52,2005-08-01,NA,NA,NA,Leitch_2006,63.5331,-123.73978,NA,NA,River,NA,"180,500,000",NA,10,1.98,NA,0.44±0.02,0.02,NA,NA,NA,NA,NA,NA,NA,NA,NA,NA,NA,NA,NA,NA,NA,NA,Original value was <1.98,NA,0,0,,
Ochre R.,lower_Mackenzie_Basin,Canada,M53,2005-08-01,NA,NA,NA,Leitch_2006,63.46648,-123.70377,NA,NA,River,NA,"180,500,000",NA,10,2.05,NA,0.51±0.10,0.1,NA,NA,NA,NA,NA,NA,NA,NA,NA,NA,NA,NA,NA,NA,NA,NA,Original value was <2.05,NA,0,0,,
Wrigley R.,lower_Mackenzie_Basin,Canada,M55,2005-08-01,NA,NA,NA,Leitch_2006,63.2419,-123.56917,NA,NA,River,NA,"180,500,000",NA,10,2.25,NA,0.58±0.01,0.01,NA,NA,NA,NA,NA,NA,NA,NA,NA,NA,NA,NA,NA,NA,NA,NA,Original value was <2.25,NA,0,0,,
Mackenzie R. above Wrigley R.,lower_Mackenzie_Basin,Canada,M56,2005-08-01,NA,NA,NA,Leitch_2006,63.23548,-123.54752,NA,NA,River,NA,"180,500,000",NA,10,8.45,NA,0.63±0.07,0.07,NA,NA,NA,NA,NA,NA,NA,NA,NA,NA,NA,NA,NA,NA,NA,NA,NA,NA,0,0,,
R. Between Two Mountains,lower_Mackenzie_Basin,Canada,M57,2005-08-01,NA,NA,NA,Leitch_2006,62.93593,-123.21637,NA,NA,River,NA,"180,500,000",NA,10,2.22,NA,0.55±.04,0.04,NA,NA,NA,NA,NA,NA,NA,NA,NA,NA,NA,NA,NA,NA,NA,NA,Original value was <2.22,NA,0,0,,
Mackenzie R. below Willowlake R.,lower_Mackenzie_Basin,Canada,M58,2005-08-01,NA,NA,NA,Leitch_2006,62.80897,-123.2111,NA,NA,River,NA,"180,500,000",NA,10,3.4,NA,0.41±0.01,0.01,NA,NA,NA,NA,NA,NA,NA,NA,NA,NA,NA,NA,NA,NA,NA,NA,NA,NA,0,0,,
Willowlake R.,lower_Mackenzie_Basin,Canada,M59 ,2005-08-01,NA,NA,NA,Leitch_2006,62.69865,-123.1176,NA,NA,River,NA,"180,500,000",NA,10,2.25,NA,0.58±0.01,0.01,NA,NA,NA,NA,NA,NA,NA,NA,NA,NA,NA,NA,NA,NA,NA,NA,Original value was <2.25,NA,0,0,,
Root R.,lower_Mackenzie_Basin,Canada,M61,2005-08-01,NA,NA,NA,Leitch_2006,62.43633,-123.29575,NA,NA,River,NA,"180,500,000",NA,10,2,NA,0.33±0.00,0,NA,NA,NA,NA,NA,NA,NA,NA,NA,NA,NA,NA,NA,NA,NA,NA,Original value was <2.00,NA,0,0,,
Mackenzie R. at Camsell Bend,lower_Mackenzie_Basin,Canada,M63,2005-08-01,NA,NA,NA,Leitch_2006,62.2783,-123.36338,NA,NA,River,NA,"180,500,000",NA,10,2.21,NA,0.31±0.03,0.03,NA,NA,NA,NA,NA,NA,NA,NA,NA,NA,NA,NA,NA,NA,NA,NA,Original value was <2.21,NA,0,0,,
North Nahanni R.,lower_Mackenzie_Basin,Canada,M64,2005-08-01,NA,NA,NA,Leitch_2006,62.25098,-123.32788,NA,NA,River,NA,"180,500,000",NA,10,1.95,NA,0.28±0.06,0.06,NA,NA,NA,NA,NA,NA,NA,NA,NA,NA,NA,NA,NA,NA,NA,NA,Original value was <1.95,NA,0,0,,
Mackenzie R. above North Nahanni R.,lower_Mackenzie_Basin,Canada,M65,2005-08-01,NA,NA,NA,Leitch_2006,62.24323,-123.25438,NA,NA,River,NA,"180,500,000",NA,10,1.9,NA,0.23±0.02,0.02,NA,NA,NA,NA,NA,NA,NA,NA,NA,NA,NA,NA,NA,NA,NA,NA,Original value was <1.90,NA,0,0,,
Mackenzie R. below Liard R.,lower_Mackenzie_Basin,Canada,M66,2005-08-01,NA,NA,NA,Leitch_2006,61.90158,-121.4485,NA,NA,River,NA,"180,500,000",NA,10,7.31,NA,0.84±0.00,0,NA,NA,NA,NA,NA,NA,NA,NA,NA,NA,NA,NA,NA,NA,NA,NA,NA,NA,0,0,,
Liard R.,lower_Mackenzie_Basin,Canada,M67,2005-08-01,NA,NA,NA,Leitch_2006,61.83648,-121.28708,NA,NA,River,NA,"180,500,000",NA,10,3.46,NA,0.83±0.03,0.03,NA,NA,NA,NA,NA,NA,NA,NA,NA,NA,NA,NA,NA,NA,NA,NA,NA,NA,0,0,,
Mackenzie R. above Liard R.,lower_Mackenzie_Basin,Canada,M68 ,2005-08-01,NA,NA,NA,Leitch_2006,61.8522,-121.26458,NA,NA,River,NA,"180,500,000",NA,10,1.97,NA,0.30±0.04,0.04,NA,NA,NA,NA,NA,NA,NA,NA,NA,NA,NA,NA,NA,NA,NA,NA,Original value was <1.97,NA,0,0,,
Jean Marie R.,lower_Mackenzie_Basin,Canada,M70,2005-08-01,NA,NA,NA,Leitch_2006,61.52698,-120.63322,NA,NA,River,NA,"180,500,000",NA,10,2.22,NA,0.55±0.03,0.03,NA,NA,NA,NA,NA,NA,NA,NA,NA,NA,NA,NA,NA,NA,NA,NA,Original value was <2.22,NA,0,0,,
Mackenzie R. above Jean Marie R.,lower_Mackenzie_Basin,Canada,M71,2005-08-01,NA,NA,NA,Leitch_2006,61.5236,-120.60983,NA,NA,River,NA,"180,500,000",NA,10,1.95,NA,0.28±.00,0,NA,NA,NA,NA,NA,NA,NA,NA,NA,NA,NA,NA,NA,NA,NA,NA,Original value was <1.95,NA,0,0,,
Trout R.,lower_Mackenzie_Basin,Canada,M72,2005-08-01,NA,NA,NA,Leitch_2006,61.31282,-119.8549,NA,NA,River,NA,"180,500,000",NA,10,2.01,NA,0.34±0.00,0,NA,NA,NA,NA,NA,NA,NA,NA,NA,NA,NA,NA,NA,NA,NA,NA,Original value was <2.01,NA,0,0,,
Mackenzie R. below Mills Lake,lower_Mackenzie_Basin,Canada,M73,2005-08-01,NA,NA,NA,Leitch_2006,61.36882,-118.39492,NA,NA,River,NA,"180,500,000",NA,10,1.93,NA,0.26±0.01,0.01,NA,NA,NA,NA,NA,NA,NA,NA,NA,NA,NA,NA,NA,NA,NA,NA,Original value was <1.93,NA,0,0,,
Mackenzie R. above Mills Lake,lower_Mackenzie_Basin,Canada,M74,2005-08-01,NA,NA,NA,Leitch_2006,61.46568,-118.05613,NA,NA,River,NA,"180,500,000",NA,10,1.94,NA,0.27±0.00,0,NA,NA,NA,NA,NA,NA,NA,NA,NA,NA,NA,NA,NA,NA,NA,NA,Original value was <1.94,NA,0,0,,
Horn R.,lower_Mackenzie_Basin,Canada,M75,2005-08-01,NA,NA,NA,Leitch_2006,61.49185,-118.08057,NA,NA,River,NA,"180,500,000",NA,10,2.09,NA,0.42±0.01,0.01,NA,NA,NA,NA,NA,NA,NA,NA,NA,NA,NA,NA,NA,NA,NA,NA,Original value was <2.09,NA,0,0,,
Mackenzie R. at Fort Providence,lower_Mackenzie_Basin,Canada,M76,2005-08-01,NA,NA,NA,Leitch_2006,61.35635,-117.6829,NA,NA,River,NA,"180,500,000",NA,10,1.93,NA,0.26±0.04,0.04,NA,NA,NA,NA,NA,NA,NA,NA,NA,NA,NA,NA,NA,NA,NA,NA,Original value was <1.93,NA,0,0,,
Mackenzie R. at South Channel,lower_Mackenzie_Basin,Canada,M77,2005-08-01,NA,NA,NA,Leitch_2006,61.05273,-116.68278,NA,NA,River,NA,"180,500,000",NA,10,1.93,NA,0.26±0.03,0.03,NA,NA,NA,NA,NA,NA,NA,NA,NA,NA,NA,NA,NA,NA,NA,NA,Original value was <1.93,NA,0,0,,
"Mackenzie R., East Channel (in Delta)",lower_Mackenzie_Basin,Canada,M9,2005-08-01,NA,NA,NA,Leitch_2006,68.35168,-133.72835,NA,NA,River,NA,"180,500,000",NA,10,5.61,NA,2.78,na,NA,NA,NA,NA,NA,NA,NA,NA,NA,NA,NA,NA,NA,NA,NA,NA,NA,NA,0,0,,
Mackenzie R. at Horseshoe Bend (in Delta),lower_Mackenzie_Basin,Canada,M10,2005-08-01,NA,NA,NA,Leitch_2006,68.24557,-134.4029,NA,NA,River,NA,"180,500,000",NA,10,5.15,NA,1.96±0.91,0.91,NA,NA,NA,NA,NA,NA,NA,NA,NA,NA,NA,NA,NA,NA,NA,NA,NA,NA,0,0,,
Mackenzie R. at Point Separation,lower_Mackenzie_Basin,Canada,M13,2005-08-01,NA,NA,NA,Leitch_2006,67.58943,-134.02857,NA,NA,River,NA,"180,500,000",NA,10,5.94,NA,1.51±080,80,NA,NA,NA,NA,NA,NA,NA,NA,NA,NA,NA,NA,NA,NA,NA,NA,NA,NA,0,0,,
Mackenzie R. above Arctic Red R.,lower_Mackenzie_Basin,Canada,M16,2005-08-01,NA,NA,NA,Leitch_2006,67.45655,-133.73803,NA,NA,River,NA,"180,500,000",NA,10,4.97,NA,1.24±0.73,0.73,NA,NA,NA,NA,NA,NA,NA,NA,NA,NA,NA,NA,NA,NA,NA,NA,NA,NA,0,0,,
Mackenzie R. below Arctic Red R.,lower_Mackenzie_Basin,Canada,M14,2005-08-01,NA,NA,NA,Leitch_2006,67.4503,-133.7775,NA,NA,River,NA,"180,500,000",NA,10,5.33,NA,2.50±0.19,0.19,NA,NA,NA,NA,NA,NA,NA,NA,NA,NA,NA,NA,NA,NA,NA,NA,NA,NA,0,0,,
Arctic Red R.,lower_Mackenzie_Basin,Canada,M15,2005-08-01,NA,NA,NA,Leitch_2006,67.43998,-133.75193,NA,NA,River,NA,"180,500,000",NA,10,5.87,NA,1.24±0.73,0.73,NA,NA,NA,NA,NA,NA,NA,NA,NA,NA,NA,NA,NA,NA,NA,NA,NA,NA,0,0,,
Mackenzie R. at Benoit Creek,lower_Mackenzie_Basin,Canada,M17,2005-08-01,NA,NA,NA,Leitch_2006,67.31882,-132.30685,NA,NA,River,NA,"180,500,000",NA,10,4.58,NA,0,na,NA,NA,NA,NA,NA,NA,NA,NA,NA,NA,NA,NA,NA,NA,NA,NA,NA,NA,0,0,,
Travaillant R.,lower_Mackenzie_Basin,Canada,M18,2005-08-01,NA,NA,NA,Leitch_2006,67.46505,-131.49013,NA,NA,River,NA,"180,500,000",NA,10,1.72,NA,0.82±0.20,0.2,NA,NA,NA,NA,NA,NA,NA,NA,NA,NA,NA,NA,NA,NA,NA,NA,NA,NA,0,0,,
Downstream Ontaritue R.,lower_Mackenzie_Basin,Canada,M20,2005-08-01,NA,NA,NA,Leitch_2006,na,na,NA,NA,River,NA,"180,500,000",NA,10,4.33,NA,1.84±1.61,1.61,NA,NA,NA,NA,NA,NA,NA,NA,NA,NA,NA,NA,NA,NA,NA,NA,NA,NA,0,0,,
Ontaritue R.,lower_Mackenzie_Basin,Canada,M21,2005-08-01,NA,NA,NA,Leitch_2006,66.75987,-130.04013,NA,NA,River,NA,"180,500,000",NA,10,3.8,NA,2.21±0.23,0.23,NA,NA,NA,NA,NA,NA,NA,NA,NA,NA,NA,NA,NA,NA,NA,NA,NA,NA,0,0,,
Mackenzie R. above Ontaritue R.,lower_Mackenzie_Basin,Canada,M22,2005-08-01,NA,NA,NA,Leitch_2006,66.75498,-129.96352,NA,NA,River,NA,"180,500,000",NA,10,4.42,NA,2.44±1.41,1.41,NA,NA,NA,NA,NA,NA,NA,NA,NA,NA,NA,NA,NA,NA,NA,NA,NA,NA,0,0,,
Mackenzie R. below Hare Indian R. ,lower_Mackenzie_Basin,Canada,M23 ,2005-08-01,NA,NA,NA,Leitch_2006,66.3209,-128.6414,NA,NA,River,NA,"180,500,000",NA,10,5.26,NA,1.89±0.35,0.35,NA,NA,NA,NA,NA,NA,NA,NA,NA,NA,NA,NA,NA,NA,NA,NA,NA,NA,0,0,,
Hare Indian R.,lower_Mackenzie_Basin,Canada,M24,2005-08-01,NA,NA,NA,Leitch_2006,66.29347,-128.62707,NA,NA,River,NA,"180,500,000",NA,10,1.38,NA,1.35±0.33,0.33,NA,NA,NA,NA,NA,NA,NA,NA,NA,NA,NA,NA,NA,NA,NA,NA,NA,NA,0,0,,
Mackenzie R. above Hare Indian R.,lower_Mackenzie_Basin,Canada,M25,2005-08-01,NA,NA,NA,Leitch_2006,66.29033,-128.64322,NA,NA,River,NA,"180,500,000",NA,10,5.87,NA,2.84±0.77,0.77,NA,NA,NA,NA,NA,NA,NA,NA,NA,NA,NA,NA,NA,NA,NA,NA,NA,NA,0,0,,
Mackenzie R. below Mountain R. and Stinky Creek,lower_Mackenzie_Basin,Canada,M26,2005-08-01,NA,NA,NA,Leitch_2006,65.7979,-128.83968,NA,NA,River,NA,"180,500,000",NA,10,9.96,NA,1.50±0.54,0.54,NA,NA,NA,NA,NA,NA,NA,NA,NA,NA,NA,NA,NA,NA,NA,NA,NA,NA,0,0,,
Stinky Creek,lower_Mackenzie_Basin,Canada,M27,2005-08-01,NA,NA,NA,Leitch_2006,65.76945,-128.76877,NA,NA,River,NA,"180,500,000",NA,10,1.2,NA,1.12±0.38,0.38,NA,NA,NA,NA,NA,NA,NA,NA,NA,NA,NA,NA,NA,NA,NA,NA,NA,NA,0,0,,
Mountain R.,lower_Mackenzie_Basin,Canada,M28,2005-08-01,NA,NA,NA,Leitch_2006,65.68745,-128.82457,NA,NA,River,NA,"180,500,000",NA,10,9.54,NA,0.38±0.05,0.05,NA,NA,NA,NA,NA,NA,NA,NA,NA,NA,NA,NA,NA,NA,NA,NA,NA,NA,0,0,,
Mackenzie R. above Mountain R.,lower_Mackenzie_Basin,Canada,M29,2005-08-01,NA,NA,NA,Leitch_2006,65.68027,-128.81905,NA,NA,River,NA,"180,500,000",NA,10,13.87,NA,1.7,na,NA,NA,NA,NA,NA,NA,NA,NA,NA,NA,NA,NA,NA,NA,NA,NA,NA,NA,0,0,,
Mackenzie R. below Carcajou R.,lower_Mackenzie_Basin,Canada,M30,2005-08-01,NA,NA,NA,Leitch_2006,65.65832,-128.74123,NA,NA,River,NA,"180,500,000",NA,10,7.84,NA,2.54±1.36,1.36,NA,NA,NA,NA,NA,NA,NA,NA,NA,NA,NA,NA,NA,NA,NA,NA,NA,NA,0,0,,
Mackenzie R. above Carcajou R.,lower_Mackenzie_Basin,Canada,M31,2005-08-01,NA,NA,NA,Leitch_2006,65.64382,-128.70057,NA,NA,River,NA,"180,500,000",NA,10,6.39,NA,2.36±0.45,0.45,NA,NA,NA,NA,NA,NA,NA,NA,NA,NA,NA,NA,NA,NA,NA,NA,NA,NA,0,0,,
Mackenzie R. below Norman Wells,lower_Mackenzie_Basin,Canada,M32,2005-08-01,NA,NA,NA,Leitch_2006,65.29828,-127.08828,NA,NA,River,NA,"180,500,000",NA,10,11.96,NA,1.86±0.65,0.65,NA,NA,NA,NA,NA,NA,NA,NA,NA,NA,NA,NA,NA,NA,NA,NA,NA,NA,0,0,,
Mackenzie R. above Norman Wells,lower_Mackenzie_Basin,Canada,M33,2005-08-01,NA,NA,NA,Leitch_2006,65.24847,-126.7647,NA,NA,River,NA,"180,500,000",NA,10,2.22,NA,1.52±0.00,0,NA,NA,NA,NA,NA,NA,NA,NA,NA,NA,NA,NA,NA,NA,NA,NA,NA,NA,0,0,,
Great Bear R.,lower_Mackenzie_Basin,Canada,M35,2005-08-01,NA,NA,NA,Leitch_2006,64.91078,-125.59397,NA,NA,River,NA,"180,500,000",NA,10,1.31,NA,0.90±0.14,0.14,NA,NA,NA,NA,NA,NA,NA,NA,NA,NA,NA,NA,NA,NA,NA,NA,NA,NA,0,0,,
Mackenzie R. above Great Bear R.,lower_Mackenzie_Basin,Canada,M36 ,2005-08-01,NA,NA,NA,Leitch_2006,64.89008,-125.54133,NA,NA,River,NA,"180,500,000",NA,10,8.06,NA,1.84±0.30,0.3,NA,NA,NA,NA,NA,NA,NA,NA,NA,NA,NA,NA,NA,NA,NA,NA,NA,NA,0,0,,
Mackenzie R. below Big Smith Creek,lower_Mackenzie_Basin,Canada,M38,2005-08-01,NA,NA,NA,Leitch_2006,64.66073,-124.90027,NA,NA,River,NA,"180,500,000",NA,10,3.73,NA,1.46±0.03,0.03,NA,NA,NA,NA,NA,NA,NA,NA,NA,NA,NA,NA,NA,NA,NA,NA,NA,NA,0,0,,
Big Smith Creek,lower_Mackenzie_Basin,Canada,M39,2005-08-01,NA,NA,NA,Leitch_2006,64.57412,-124.90393,NA,NA,River,NA,"180,500,000",NA,10,1.46,NA,1.35±0.24,0.24,NA,NA,NA,NA,NA,NA,NA,NA,NA,NA,NA,NA,NA,NA,NA,NA,NA,NA,0,0,,
Mackenzie R. below Keele R.,lower_Mackenzie_Basin,Canada,M40,2005-08-01,NA,NA,NA,Leitch_2006,64.4654,-124.7986,NA,NA,River,NA,"180,500,000",NA,10,4,NA,0.92±0.06,0.06,NA,NA,NA,NA,NA,NA,NA,NA,NA,NA,NA,NA,NA,NA,NA,NA,NA,NA,0,0,,
Mackenzie R. near Keele R.,lower_Mackenzie_Basin,Canada,M41,2005-08-01,NA,NA,NA,Leitch_2006,64.42078,-124.78742,NA,NA,River,NA,"180,500,000",NA,10,1.71,NA,0.61±0.04,0.04,NA,NA,NA,NA,NA,NA,NA,NA,NA,NA,NA,NA,NA,NA,NA,NA,NA,NA,0,0,,
Mackenzie R. below Redstone R.,lower_Mackenzie_Basin,Canada,M44,2005-08-01,NA,NA,NA,Leitch_2006,64.30543,-124.61263,NA,NA,River,NA,"180,500,000",NA,10,4.47,NA,0.94±0.12,0.12,NA,NA,NA,NA,NA,NA,NA,NA,NA,NA,NA,NA,NA,NA,NA,NA,NA,NA,0,0,,
Redstone R.,lower_Mackenzie_Basin,Canada,M45,2005-08-01,NA,NA,NA,Leitch_2006,64.29003,-124.54532,NA,NA,River,NA,"180,500,000",NA,10,5.58,NA,0.87±0.03,0.03,NA,NA,NA,NA,NA,NA,NA,NA,NA,NA,NA,NA,NA,NA,NA,NA,NA,NA,0,0,,
Mackenzie R. above Redstone R.,lower_Mackenzie_Basin,Canada,M46,2005-08-01,NA,NA,NA,Leitch_2006,64.28277,-124.5105,NA,NA,River,NA,"180,500,000",NA,10,8.31,NA,1.94±0.13,0.13,NA,NA,NA,NA,NA,NA,NA,NA,NA,NA,NA,NA,NA,NA,NA,NA,NA,NA,0,0,,
Mackenzie R. below Dahadini R.,lower_Mackenzie_Basin,Canada,M47,2005-08-01,NA,NA,NA,Leitch_2006,64.01213,-124.38805,NA,NA,River,NA,"180,500,000",NA,10,9.16,NA,2.20±0.01,0.01,NA,NA,NA,NA,NA,NA,NA,NA,NA,NA,NA,NA,NA,NA,NA,NA,NA,NA,0,0,,
Dahadini R.,lower_Mackenzie_Basin,Canada,M48,2005-08-01,NA,NA,NA,Leitch_2006,63.98537,-124.36952,NA,NA,River,NA,"180,500,000",NA,10,4,NA,0,na,NA,NA,NA,NA,NA,NA,NA,NA,NA,NA,NA,NA,NA,NA,NA,NA,NA,NA,0,0,,
Between Dahadini and Blackwater R.,lower_Mackenzie_Basin,Canada,M49,2005-08-01,NA,NA,NA,Leitch_2006,na,na,NA,NA,River,NA,"180,500,000",NA,10,15.56,NA,1.85±0.46,0.46,NA,NA,NA,NA,NA,NA,NA,NA,NA,NA,NA,NA,NA,NA,NA,NA,NA,NA,0,0,,
Blackwater R.,lower_Mackenzie_Basin,Canada,M50,2005-08-01,NA,NA,NA,Leitch_2006,63.94212,-124.175,NA,NA,River,NA,"180,500,000",NA,10,1.86,NA,0,na,NA,NA,NA,NA,NA,NA,NA,NA,NA,NA,NA,NA,NA,NA,NA,NA,NA,NA,0,0,,
Ochre R.,lower_Mackenzie_Basin,Canada,M53,2005-08-01,NA,NA,NA,Leitch_2006,63.46648,-123.70377,NA,NA,River,NA,"180,500,000",NA,10,2.82,NA,1.13±0.01,0.01,NA,NA,NA,NA,NA,NA,NA,NA,NA,NA,NA,NA,NA,NA,NA,NA,NA,NA,0,0,,
Mackenzie R. below Wrigley R. ,lower_Mackenzie_Basin,Canada,M54 ,2005-08-01,NA,NA,NA,Leitch_2006,63.2733,-123.6115,NA,NA,River,NA,"180,500,000",NA,10,29.07,NA,2.59,na,NA,NA,NA,NA,NA,NA,NA,NA,NA,NA,NA,NA,NA,NA,NA,NA,NA,NA,0,1,,
Wrigley R.,lower_Mackenzie_Basin,Canada,M55,2005-08-01,NA,NA,NA,Leitch_2006,63.2419,-123.56917,NA,NA,River,NA,"180,500,000",NA,10,6.62,NA,0,na,NA,NA,NA,NA,NA,NA,NA,NA,NA,NA,NA,NA,NA,NA,NA,NA,NA,NA,0,0,,
Mackenzie R. above Wrigley R.,lower_Mackenzie_Basin,Canada,M56,2005-08-01,NA,NA,NA,Leitch_2006,63.23548,-123.54752,NA,NA,River,NA,"180,500,000",NA,10,31.48,NA,2.84±0.00,0,NA,NA,NA,NA,NA,NA,NA,NA,NA,NA,NA,NA,NA,NA,NA,NA,NA,NA,0,1,,
R. Between Two Mountains,lower_Mackenzie_Basin,Canada,M57,2005-08-01,NA,NA,NA,Leitch_2006,62.93593,-123.21637,NA,NA,River,NA,"180,500,000",NA,10,3.34,NA,2.35±0.19,0.19,NA,NA,NA,NA,NA,NA,NA,NA,NA,NA,NA,NA,NA,NA,NA,NA,NA,NA,0,0,,
Mackenzie R. below Willowlake R.,lower_Mackenzie_Basin,Canada,M58,2005-08-01,NA,NA,NA,Leitch_2006,62.80897,-123.2111,NA,NA,River,NA,"180,500,000",NA,10,0,NA,0.69±0.58,0.58,NA,NA,NA,NA,NA,NA,NA,NA,NA,NA,NA,NA,NA,NA,NA,NA,NA,NA,1,0,,
Willowlake R.,lower_Mackenzie_Basin,Canada,M59 ,2005-08-01,NA,NA,NA,Leitch_2006,62.69865,-123.1176,NA,NA,River,NA,"180,500,000",NA,10,5.04,NA,4.40±0.30,0.3,NA,NA,NA,NA,NA,NA,NA,NA,NA,NA,NA,NA,NA,NA,NA,NA,NA,NA,0,0,,
Mackenzie R. below Root R. ,lower_Mackenzie_Basin,Canada,M60,2005-08-01,NA,NA,NA,Leitch_2006,62.44432,-123.22972,NA,NA,River,NA,"180,500,000",NA,10,6.37,NA,1.39±0.21,0.21,NA,NA,NA,NA,NA,NA,NA,NA,NA,NA,NA,NA,NA,NA,NA,NA,NA,NA,0,0,,
Mackenzie R. below Camsell Bend,lower_Mackenzie_Basin,Canada,M62,2005-08-01,NA,NA,NA,Leitch_2006,62.34957,-123.38295,NA,NA,River,NA,"180,500,000",NA,10,12.33,NA,2.47±0.16,0.16,NA,NA,NA,NA,NA,NA,NA,NA,NA,NA,NA,NA,NA,NA,NA,NA,NA,NA,0,0,,
Mackenzie R. at Camsell Bend,lower_Mackenzie_Basin,Canada,M63,2005-08-01,NA,NA,NA,Leitch_2006,62.2783,-123.36338,NA,NA,River,NA,"180,500,000",NA,10,2.48,NA,0.85±0.21,0.21,NA,NA,NA,NA,NA,NA,NA,NA,NA,NA,NA,NA,NA,NA,NA,NA,NA,NA,0,0,,
North Nahanni R.,lower_Mackenzie_Basin,Canada,M64,2005-08-01,NA,NA,NA,Leitch_2006,62.25098,-123.32788,NA,NA,River,NA,"180,500,000",NA,10,4.15,NA,2.10±0.10,0.1,NA,NA,NA,NA,NA,NA,NA,NA,NA,NA,NA,NA,NA,NA,NA,NA,NA,NA,0,0,,
Mackenzie R. above North Nahanni R.,lower_Mackenzie_Basin,Canada,M65,2005-08-01,NA,NA,NA,Leitch_2006,62.24323,-123.25438,NA,NA,River,NA,"180,500,000",NA,10,14.97,NA,0,na,NA,NA,NA,NA,NA,NA,NA,NA,NA,NA,NA,NA,NA,NA,NA,NA,NA,NA,0,0,,
Mackenzie R. below Liard R.,lower_Mackenzie_Basin,Canada,M66,2005-08-01,NA,NA,NA,Leitch_2006,61.90158,-121.4485,NA,NA,River,NA,"180,500,000",NA,10,10.69,NA,5.59±3.19,3.19,NA,NA,NA,NA,NA,NA,NA,NA,NA,NA,NA,NA,NA,NA,NA,NA,NA,NA,0,0,,
Liard R.,lower_Mackenzie_Basin,Canada,M67,2005-08-01,NA,NA,NA,Leitch_2006,61.83648,-121.28708,NA,NA,River,NA,"180,500,000",NA,10,10.09,NA,2.43±0.97,0.97,NA,NA,NA,NA,NA,NA,NA,NA,NA,NA,NA,NA,NA,NA,NA,NA,NA,NA,0,0,,
Mackenzie R. above Liard R.,lower_Mackenzie_Basin,Canada,M68 ,2005-08-01,NA,NA,NA,Leitch_2006,61.8522,-121.26458,NA,NA,River,NA,"180,500,000",NA,10,1.4,NA,0,na,NA,NA,NA,NA,NA,NA,NA,NA,NA,NA,NA,NA,NA,NA,NA,NA,NA,NA,0,0,,
Rabbitskin R.,lower_Mackenzie_Basin,Canada,M69,2005-08-01,NA,NA,NA,Leitch_2006,61.78208,-120.6931,NA,NA,River,NA,"180,500,000",NA,10,3.67,NA,2.97,na,NA,NA,NA,NA,NA,NA,NA,NA,NA,NA,NA,NA,NA,NA,NA,NA,NA,NA,0,0,,
Jean Marie R.,lower_Mackenzie_Basin,Canada,M70,2005-08-01,NA,NA,NA,Leitch_2006,61.52698,-120.63322,NA,NA,River,NA,"180,500,000",NA,10,1.93,NA,2.42±0.98,0.98,NA,NA,NA,NA,NA,NA,NA,NA,NA,NA,NA,NA,NA,NA,NA,NA,NA,NA,0,0,,
Mackenzie R. above Jean Marie R.,lower_Mackenzie_Basin,Canada,M71,2005-08-01,NA,NA,NA,Leitch_2006,61.5236,-120.60983,NA,NA,River,NA,"180,500,000",NA,10,2.78,NA,1.93±0.06,0.06,NA,NA,NA,NA,NA,NA,NA,NA,NA,NA,NA,NA,NA,NA,NA,NA,NA,NA,0,0,,
Trout R.,lower_Mackenzie_Basin,Canada,M72,2005-08-01,NA,NA,NA,Leitch_2006,61.31282,-119.8549,NA,NA,River,NA,"180,500,000",NA,10,2.18,NA,1.55±0.14,0.14,NA,NA,NA,NA,NA,NA,NA,NA,NA,NA,NA,NA,NA,NA,NA,NA,NA,NA,0,0,,
Mackenzie R. below Mills Lake,lower_Mackenzie_Basin,Canada,M73,2005-08-01,NA,NA,NA,Leitch_2006,61.36882,-118.39492,NA,NA,River,NA,"180,500,000",NA,10,3.52,NA,1.85±1.14,1.14,NA,NA,NA,NA,NA,NA,NA,NA,NA,NA,NA,NA,NA,NA,NA,NA,NA,NA,0,0,,
Horn R.,lower_Mackenzie_Basin,Canada,M75,2005-08-01,NA,NA,NA,Leitch_2006,61.49185,-118.08057,NA,NA,River,NA,"180,500,000",NA,10,3.21,NA,1.53,na,NA,NA,NA,NA,NA,NA,NA,NA,NA,NA,NA,NA,NA,NA,NA,NA,NA,NA,0,0,,
Mackenzie R. at Fort Providence,lower_Mackenzie_Basin,Canada,M76,2005-08-01,NA,NA,NA,Leitch_2006,61.35635,-117.6829,NA,NA,River,NA,"180,500,000",NA,10,3.15,NA,<dl,na,NA,NA,NA,NA,NA,NA,NA,NA,NA,NA,NA,NA,NA,NA,NA,NA,NA,NA,0,0,,
Mackenzie R. at South Channel,lower_Mackenzie_Basin,Canada,M77,2005-08-01,NA,NA,NA,Leitch_2006,61.05273,-116.68278,NA,NA,River,NA,"180,500,000",NA,10,1.68,NA,1.42±0.09,0.09,NA,NA,NA,NA,NA,NA,NA,NA,NA,NA,NA,NA,NA,NA,NA,NA,NA,NA,0,0,,
Great Slave Lake (West corner),lower_Mackenzie_Basin,Canada,M78,2005-08-01,NA,NA,NA,Leitch_2006,61.06995,-116.50083,NA,NA,River,NA,"180,500,000",NA,10,5.09,NA,3.35±0.48,0.48,NA,NA,NA,NA,NA,NA,NA,NA,NA,NA,NA,NA,NA,NA,NA,NA,NA,NA,0,0,,
Hay River,lower_Mackenzie_Basin,Canada,M79,2005-08-01,NA,NA,NA,Leitch_2006,60.8593,-115.7302,NA,NA,River,NA,"180,500,000",NA,10,9.68,NA,3.63±0.45,0.45,NA,NA,NA,NA,NA,NA,NA,NA,NA,NA,NA,NA,NA,NA,NA,NA,NA,NA,0,0,,
Old Crow River Basin,Yukon,Canada,OCRT19_BilwaddyCreek,2019-07-21,University of Alberta,K_Staniszewska,katarzyn@ualberta.ca,Staniszewska_2023,68.1876,-140.9075,NA,NA,Tributary creek,NA,NA,NA,1,1.79,NA,1.42,NA,NA,NA,NA,NA,NA,NA,NA,NA,NA,NA,NA,NA,NA,NA,NA,NA,NA,NA,0,0,,
Old Crow River Basin,Yukon,Canada,OCRT19_Thomas ,2019-07-21,University of Alberta,K_Staniszewska,katarzyn@ualberta.ca,Staniszewska_2023,68.1879,-140.6534,NA,NA,Tributary creek,NA,NA,NA,1,2,NA,1.33,NA,NA,NA,NA,NA,NA,NA,NA,NA,NA,NA,NA,NA,NA,NA,NA,NA,NA,NA,0,0,,
Old Crow River Basin,Yukon,Canada,OCRT19_Surprise,2019-07-22,University of Alberta,K_Staniszewska,katarzyn@ualberta.ca,Staniszewska_2023,68.2268,-140.4157,NA,NA,Tributary creek,NA,NA,NA,1,1.2,NA,1.06,NA,NA,NA,NA,NA,NA,NA,NA,NA,NA,NA,NA,NA,NA,NA,NA,NA,NA,NA,0,0,,
Old Crow River Basin,Yukon,Canada,OCRT19_Timber,2019-07-23,University of Alberta,K_Staniszewska,katarzyn@ualberta.ca,Staniszewska_2023,68.1688,-139.943,NA,NA,Tributary creek,NA,NA,NA,1,1.8,NA,1.23,NA,NA,NA,NA,NA,NA,NA,NA,NA,NA,NA,NA,NA,NA,NA,NA,NA,NA,NA,0,0,,
Old Crow River Basin,Yukon,Canada,OCRT19_BlackFox,2019-07-22,University of Alberta,K_Staniszewska,katarzyn@ualberta.ca,Staniszewska_2023,68.057,-139.5763,NA,NA,Tributary creek,NA,NA,NA,1,0.91,NA,0.89,NA,NA,NA,NA,NA,NA,NA,NA,NA,NA,NA,NA,NA,NA,NA,NA,NA,NA,NA,1,0,,
Old Crow River Basin,Yukon,Canada,OCRT19_Johnson,2019-07-23,University of Alberta,K_Staniszewska,katarzyn@ualberta.ca,Staniszewska_2023,67.8346,-139.7983,NA,NA,Tributary creek,NA,NA,NA,1,4.64,NA,1.27,NA,NA,NA,NA,NA,NA,NA,NA,NA,NA,NA,NA,NA,NA,NA,NA,NA,NA,NA,0,0,,
Old Crow River Basin,Yukon,Canada,OCRT19_Schaeffer,2019-07-22,University of Alberta,K_Staniszewska,katarzyn@ualberta.ca,Staniszewska_2023,67.838,-139.8504,NA,NA,Tributary creek,NA,NA,NA,1,1.12,NA,0.86,NA,NA,NA,NA,NA,NA,NA,NA,NA,NA,NA,NA,NA,NA,NA,NA,NA,NA,NA,0,0,,
Old Crow River Basin,Yukon,Canada,OCRT19_KingEdward,2019-07-24,University of Alberta,K_Staniszewska,katarzyn@ualberta.ca,Staniszewska_2023,67.8169,-139.9428,NA,NA,Tributary creek,NA,NA,NA,1,1.88,NA,1.3,NA,NA,NA,NA,NA,NA,NA,NA,NA,NA,NA,NA,NA,NA,NA,NA,NA,NA,NA,0,0,,
Ob',NA,Russia,NA,2012-06-06,U.S.G.S. Mercury Research Laboratory,Scott_Zolkos,szolkos@woodwellclimate.org,Zolkos_et_al_2020,66.63,66.6,NA,NA,River,NA,300000000,NA,1,7.53,NA,NA,NA,NA,NA,NA,NA,NA,NA,NA,NA,NA,NA,NA,NA,NA,NA,NA,NA,NA,SZ,0,0,,
Ob',NA,Russia,NA,2012-12-08,U.S.G.S. Mercury Research Laboratory,Scott_Zolkos,szolkos@woodwellclimate.org,Zolkos_et_al_2020,66.63,66.6,NA,NA,River,NA,300000000,NA,1,2.82,NA,NA,NA,NA,NA,NA,NA,NA,NA,NA,NA,NA,NA,NA,NA,NA,NA,NA,NA,NA,SZ,0,0,,
Ob',NA,Russia,NA,2013-01-03,U.S.G.S. Mercury Research Laboratory,Scott_Zolkos,szolkos@woodwellclimate.org,Zolkos_et_al_2020,66.63,66.6,NA,NA,River,NA,300000000,NA,1,3.43,NA,NA,NA,NA,NA,NA,NA,NA,NA,NA,NA,NA,NA,NA,NA,NA,NA,NA,NA,NA,SZ,0,0,,
Ob',NA,Russia,NA,2013-03-24,U.S.G.S. Mercury Research Laboratory,Scott_Zolkos,szolkos@woodwellclimate.org,Zolkos_et_al_2020,66.63,66.6,NA,NA,River,NA,300000000,NA,1,2.34,NA,NA,NA,NA,NA,NA,NA,NA,NA,NA,NA,NA,NA,NA,NA,NA,NA,NA,NA,NA,SZ,0,0,,
Ob',NA,Russia,NA,2013-05-26,U.S.G.S. Mercury Research Laboratory,Scott_Zolkos,szolkos@woodwellclimate.org,Zolkos_et_al_2020,66.63,66.6,NA,NA,River,NA,300000000,NA,1,6.92,NA,NA,NA,NA,NA,NA,NA,NA,NA,NA,NA,NA,NA,NA,NA,NA,NA,NA,NA,NA,SZ,0,0,,
Ob',NA,Russia,NA,2013-07-13,U.S.G.S. Mercury Research Laboratory,Scott_Zolkos,szolkos@woodwellclimate.org,Zolkos_et_al_2020,66.63,66.6,NA,NA,River,NA,300000000,NA,1,9.38,NA,NA,NA,NA,NA,NA,NA,NA,NA,NA,NA,NA,NA,NA,NA,NA,NA,NA,NA,NA,SZ,0,0,,
Ob',NA,Russia,NA,2013-08-22,U.S.G.S. Mercury Research Laboratory,Scott_Zolkos,szolkos@woodwellclimate.org,Zolkos_et_al_2020,66.63,66.6,NA,NA,River,NA,300000000,NA,1,7.77,NA,NA,NA,NA,NA,NA,NA,NA,NA,NA,NA,NA,NA,NA,NA,NA,NA,NA,NA,NA,SZ,0,0,,
Ob',NA,Russia,NA,2013-09-25,U.S.G.S. Mercury Research Laboratory,Scott_Zolkos,szolkos@woodwellclimate.org,Zolkos_et_al_2020,66.63,66.6,NA,NA,River,NA,300000000,NA,1,3.54,NA,NA,NA,NA,NA,NA,NA,NA,NA,NA,NA,NA,NA,NA,NA,NA,NA,NA,NA,NA,SZ,0,0,,
Ob',NA,Russia,NA,2013-10-25,U.S.G.S. Mercury Research Laboratory,Scott_Zolkos,szolkos@woodwellclimate.org,Zolkos_et_al_2020,66.63,66.6,NA,NA,River,NA,300000000,NA,1,4.38,NA,NA,NA,NA,NA,NA,NA,NA,NA,NA,NA,NA,NA,NA,NA,NA,NA,NA,NA,NA,SZ,0,0,,
Ob',NA,Russia,NA,2013-11-25,U.S.G.S. Mercury Research Laboratory,Scott_Zolkos,szolkos@woodwellclimate.org,Zolkos_et_al_2020,66.63,66.6,NA,NA,River,NA,300000000,NA,1,2.38,NA,NA,NA,NA,NA,NA,NA,NA,NA,NA,NA,NA,NA,NA,NA,NA,NA,NA,NA,NA,SZ,0,0,,
Ob',NA,Russia,NA,2014-02-22,U.S.G.S. Mercury Research Laboratory,Scott_Zolkos,szolkos@woodwellclimate.org,Zolkos_et_al_2020,66.63,66.6,NA,NA,River,NA,300000000,NA,1,2.52,NA,NA,NA,NA,NA,NA,NA,NA,NA,NA,NA,NA,NA,NA,NA,NA,NA,NA,NA,NA,SZ,0,0,,
Ob',NA,Russia,NA,2014-04-02,U.S.G.S. Mercury Research Laboratory,Scott_Zolkos,szolkos@woodwellclimate.org,Zolkos_et_al_2020,66.63,66.6,NA,NA,River,NA,300000000,NA,1,6.83,NA,NA,NA,NA,NA,NA,NA,NA,NA,NA,NA,NA,NA,NA,NA,NA,NA,NA,NA,NA,SZ,0,0,,
Ob',NA,Russia,NA,2014-06-20,U.S.G.S. Mercury Research Laboratory,Scott_Zolkos,szolkos@woodwellclimate.org,Zolkos_et_al_2020,66.63,66.6,NA,NA,River,NA,300000000,NA,1,9.36,NA,NA,NA,NA,NA,NA,NA,NA,NA,NA,NA,NA,NA,NA,NA,NA,NA,NA,NA,NA,SZ,0,0,,
Ob',NA,Russia,NA,2014-08-02,U.S.G.S. Mercury Research Laboratory,Scott_Zolkos,szolkos@woodwellclimate.org,Zolkos_et_al_2020,66.63,66.6,NA,NA,River,NA,300000000,NA,1,5.47,NA,NA,NA,NA,NA,NA,NA,NA,NA,NA,NA,NA,NA,NA,NA,NA,NA,NA,NA,NA,SZ,0,0,,
Ob',NA,Russia,NA,2014-10-26,U.S.G.S. Mercury Research Laboratory,Scott_Zolkos,szolkos@woodwellclimate.org,Zolkos_et_al_2020,66.63,66.6,NA,NA,River,NA,300000000,NA,1,3.34,NA,NA,NA,NA,NA,NA,NA,NA,NA,NA,NA,NA,NA,NA,NA,NA,NA,NA,NA,NA,SZ,0,0,,
Ob',NA,Russia,NA,2014-12-14,U.S.G.S. Mercury Research Laboratory,Scott_Zolkos,szolkos@woodwellclimate.org,Zolkos_et_al_2020,66.63,66.6,NA,NA,River,NA,300000000,NA,1,2.35,NA,NA,NA,NA,NA,NA,NA,NA,NA,NA,NA,NA,NA,NA,NA,NA,NA,NA,NA,NA,SZ,0,0,,
Ob',NA,Russia,NA,2015-01-31,U.S.G.S. Mercury Research Laboratory,Scott_Zolkos,szolkos@woodwellclimate.org,Zolkos_et_al_2020,66.63,66.6,NA,NA,River,NA,300000000,NA,1,2.39,NA,NA,NA,NA,NA,NA,NA,NA,NA,NA,NA,NA,NA,NA,NA,NA,NA,NA,NA,NA,SZ,0,0,,
Ob',NA,Russia,NA,2015-03-30,U.S.G.S. Mercury Research Laboratory,Scott_Zolkos,szolkos@woodwellclimate.org,Zolkos_et_al_2020,66.63,66.6,NA,NA,River,NA,300000000,NA,1,2.26,NA,NA,NA,NA,NA,NA,NA,NA,NA,NA,NA,NA,NA,NA,NA,NA,NA,NA,NA,NA,SZ,0,0,,
Ob',NA,Russia,NA,2015-05-31,U.S.G.S. Mercury Research Laboratory,Scott_Zolkos,szolkos@woodwellclimate.org,Zolkos_et_al_2020,66.63,66.6,NA,NA,River,NA,300000000,NA,1,6.17,NA,NA,NA,NA,NA,NA,NA,NA,NA,NA,NA,NA,NA,NA,NA,NA,NA,NA,NA,NA,SZ,0,0,,
Ob',NA,Russia,NA,2015-07-26,U.S.G.S. Mercury Research Laboratory,Scott_Zolkos,szolkos@woodwellclimate.org,Zolkos_et_al_2020,66.63,66.6,NA,NA,River,NA,300000000,NA,1,5.43,NA,NA,NA,NA,NA,NA,NA,NA,NA,NA,NA,NA,NA,NA,NA,NA,NA,NA,NA,NA,SZ,0,0,,
Ob',NA,Russia,NA,2015-09-02,U.S.G.S. Mercury Research Laboratory,Scott_Zolkos,szolkos@woodwellclimate.org,Zolkos_et_al_2020,66.63,66.6,NA,NA,River,NA,300000000,NA,1,7.67,NA,NA,NA,NA,NA,NA,NA,NA,NA,NA,NA,NA,NA,NA,NA,NA,NA,NA,NA,NA,SZ,0,0,,
Ob',NA,Russia,NA,2015-11-29,U.S.G.S. Mercury Research Laboratory,Scott_Zolkos,szolkos@woodwellclimate.org,Zolkos_et_al_2020,66.63,66.6,NA,NA,River,NA,300000000,NA,1,4.61,NA,NA,NA,NA,NA,NA,NA,NA,NA,NA,NA,NA,NA,NA,NA,NA,NA,NA,NA,NA,SZ,0,0,,
Ob',NA,Russia,NA,2016-02-14,U.S.G.S. Mercury Research Laboratory,Scott_Zolkos,szolkos@woodwellclimate.org,Zolkos_et_al_2020,66.63,66.6,NA,NA,River,NA,300000000,NA,1,3.68,NA,NA,NA,NA,NA,NA,NA,NA,NA,NA,NA,NA,NA,NA,NA,NA,NA,NA,NA,NA,SZ,0,0,,
Ob',NA,Russia,NA,2016-04-17,U.S.G.S. Mercury Research Laboratory,Scott_Zolkos,szolkos@woodwellclimate.org,Zolkos_et_al_2020,66.63,66.6,NA,NA,River,NA,300000000,NA,1,2.04,NA,NA,NA,NA,NA,NA,NA,NA,NA,NA,NA,NA,NA,NA,NA,NA,NA,NA,NA,NA,SZ,0,0,,
Ob',NA,Russia,NA,2016-06-27,U.S.G.S. Mercury Research Laboratory,Scott_Zolkos,szolkos@woodwellclimate.org,Zolkos_et_al_2020,66.63,66.6,NA,NA,River,NA,300000000,NA,1,11.01,NA,NA,NA,NA,NA,NA,NA,NA,NA,NA,NA,NA,NA,NA,NA,NA,NA,NA,NA,NA,SZ,0,0,,
Ob',NA,Russia,NA,2016-08-27,U.S.G.S. Mercury Research Laboratory,Scott_Zolkos,szolkos@woodwellclimate.org,Zolkos_et_al_2020,66.63,66.6,NA,NA,River,NA,300000000,NA,1,9.94,NA,NA,NA,NA,NA,NA,NA,NA,NA,NA,NA,NA,NA,NA,NA,NA,NA,NA,NA,NA,SZ,0,0,,
Ob',NA,Russia,NA,2016-10-29,U.S.G.S. Mercury Research Laboratory,Scott_Zolkos,szolkos@woodwellclimate.org,Zolkos_et_al_2020,66.63,66.6,NA,NA,River,NA,300000000,NA,1,2.16,NA,NA,NA,NA,NA,NA,NA,NA,NA,NA,NA,NA,NA,NA,NA,NA,NA,NA,NA,NA,SZ,0,0,,
Ob',NA,Russia,NA,2016-12-04,U.S.G.S. Mercury Research Laboratory,Scott_Zolkos,szolkos@woodwellclimate.org,Zolkos_et_al_2020,66.63,66.6,NA,NA,River,NA,300000000,NA,1,4.36,NA,NA,NA,NA,NA,NA,NA,NA,NA,NA,NA,NA,NA,NA,NA,NA,NA,NA,NA,NA,SZ,0,0,,
Ob',NA,Russia,NA,2017-02-12,U.S.G.S. Mercury Research Laboratory,Scott_Zolkos,szolkos@woodwellclimate.org,Zolkos_et_al_2020,66.63,66.6,NA,NA,River,NA,300000000,NA,1,5.15,NA,NA,NA,NA,NA,NA,NA,NA,NA,NA,NA,NA,NA,NA,NA,NA,NA,NA,NA,NA,SZ,0,0,,
Ob',NA,Russia,NA,2017-04-23,U.S.G.S. Mercury Research Laboratory,Scott_Zolkos,szolkos@woodwellclimate.org,Zolkos_et_al_2020,66.63,66.6,NA,NA,River,NA,300000000,NA,1,2.88,NA,NA,NA,NA,NA,NA,NA,NA,NA,NA,NA,NA,NA,NA,NA,NA,NA,NA,NA,NA,SZ,0,0,,
Ob',NA,Russia,NA,2017-06-18,U.S.G.S. Mercury Research Laboratory,Scott_Zolkos,szolkos@woodwellclimate.org,Zolkos_et_al_2020,66.63,66.6,NA,NA,River,NA,300000000,NA,1,3.04,NA,NA,NA,NA,NA,NA,NA,NA,NA,NA,NA,NA,NA,NA,NA,NA,NA,NA,NA,NA,SZ,0,0,,
Ob',NA,Russia,NA,2017-08-20,U.S.G.S. Mercury Research Laboratory,Scott_Zolkos,szolkos@woodwellclimate.org,Zolkos_et_al_2020,66.63,66.6,NA,NA,River,NA,300000000,NA,1,2.29,NA,NA,NA,NA,NA,NA,NA,NA,NA,NA,NA,NA,NA,NA,NA,NA,NA,NA,NA,NA,SZ,0,0,,
Ob',NA,Russia,NA,2017-10-29,U.S.G.S. Mercury Research Laboratory,Scott_Zolkos,szolkos@woodwellclimate.org,Zolkos_et_al_2020,66.63,66.6,NA,NA,River,NA,300000000,NA,1,2.77,NA,NA,NA,NA,NA,NA,NA,NA,NA,NA,NA,NA,NA,NA,NA,NA,NA,NA,NA,NA,SZ,0,0,,
Ob',NA,Russia,NA,2017-12-03,U.S.G.S. Mercury Research Laboratory,Scott_Zolkos,szolkos@woodwellclimate.org,Zolkos_et_al_2020,66.63,66.6,NA,NA,River,NA,300000000,NA,1,4.89,NA,NA,NA,NA,NA,NA,NA,NA,NA,NA,NA,NA,NA,NA,NA,NA,NA,NA,NA,NA,SZ,0,0,,
Yenisey,NA,Russia,NA,2012-06-18,U.S.G.S. Mercury Research Laboratory,Scott_Zolkos,szolkos@woodwellclimate.org,Zolkos_et_al_2020,69.38,86.15,NA,NA,River,NA,240000000,NA,1,4.72,NA,NA,NA,NA,NA,NA,NA,NA,NA,NA,NA,NA,NA,NA,NA,NA,NA,NA,NA,NA,SZ,0,0,,
Yenisey,NA,Russia,NA,2012-08-17,U.S.G.S. Mercury Research Laboratory,Scott_Zolkos,szolkos@woodwellclimate.org,Zolkos_et_al_2020,69.38,86.15,NA,NA,River,NA,240000000,NA,1,4.22,NA,NA,NA,NA,NA,NA,NA,NA,NA,NA,NA,NA,NA,NA,NA,NA,NA,NA,NA,NA,SZ,0,0,,
Yenisey,NA,Russia,NA,2012-10-17,U.S.G.S. Mercury Research Laboratory,Scott_Zolkos,szolkos@woodwellclimate.org,Zolkos_et_al_2020,69.38,86.15,NA,NA,River,NA,240000000,NA,1,3.43,NA,NA,NA,NA,NA,NA,NA,NA,NA,NA,NA,NA,NA,NA,NA,NA,NA,NA,NA,NA,SZ,0,0,,
Yenisey,NA,Russia,NA,2012-12-27,U.S.G.S. Mercury Research Laboratory,Scott_Zolkos,szolkos@woodwellclimate.org,Zolkos_et_al_2020,69.38,86.15,NA,NA,River,NA,240000000,NA,1,2.88,NA,NA,NA,NA,NA,NA,NA,NA,NA,NA,NA,NA,NA,NA,NA,NA,NA,NA,NA,NA,SZ,0,0,,
Yenisey,NA,Russia,NA,2013-01-24,U.S.G.S. Mercury Research Laboratory,Scott_Zolkos,szolkos@woodwellclimate.org,Zolkos_et_al_2020,69.38,86.15,NA,NA,River,NA,240000000,NA,1,2,NA,NA,NA,NA,NA,NA,NA,NA,NA,NA,NA,NA,NA,NA,NA,NA,NA,NA,NA,NA,SZ,0,0,,
Yenisey,NA,Russia,NA,2013-03-22,U.S.G.S. Mercury Research Laboratory,Scott_Zolkos,szolkos@woodwellclimate.org,Zolkos_et_al_2020,69.38,86.15,NA,NA,River,NA,240000000,NA,1,2.42,NA,NA,NA,NA,NA,NA,NA,NA,NA,NA,NA,NA,NA,NA,NA,NA,NA,NA,NA,NA,SZ,0,0,,
Yenisey,NA,Russia,NA,2013-05-13,U.S.G.S. Mercury Research Laboratory,Scott_Zolkos,szolkos@woodwellclimate.org,Zolkos_et_al_2020,69.38,86.15,NA,NA,River,NA,240000000,NA,1,4.8,NA,NA,NA,NA,NA,NA,NA,NA,NA,NA,NA,NA,NA,NA,NA,NA,NA,NA,NA,NA,SZ,0,0,,
Yenisey,NA,Russia,NA,2013-07-17,U.S.G.S. Mercury Research Laboratory,Scott_Zolkos,szolkos@woodwellclimate.org,Zolkos_et_al_2020,69.38,86.15,NA,NA,River,NA,240000000,NA,1,24.11,NA,NA,NA,NA,NA,NA,NA,NA,NA,NA,NA,NA,NA,NA,NA,NA,NA,NA,NA,NA,SZ,0,1,,
Yenisey,NA,Russia,NA,2013-09-21,U.S.G.S. Mercury Research Laboratory,Scott_Zolkos,szolkos@woodwellclimate.org,Zolkos_et_al_2020,69.38,86.15,NA,NA,River,NA,240000000,NA,1,9.57,NA,NA,NA,NA,NA,NA,NA,NA,NA,NA,NA,NA,NA,NA,NA,NA,NA,NA,NA,NA,SZ,0,0,,
Yenisey,NA,Russia,NA,2013-11-28,U.S.G.S. Mercury Research Laboratory,Scott_Zolkos,szolkos@woodwellclimate.org,Zolkos_et_al_2020,69.38,86.15,NA,NA,River,NA,240000000,NA,1,4.07,NA,NA,NA,NA,NA,NA,NA,NA,NA,NA,NA,NA,NA,NA,NA,NA,NA,NA,NA,NA,SZ,0,0,,
Yenisey,NA,Russia,NA,2014-02-23,U.S.G.S. Mercury Research Laboratory,Scott_Zolkos,szolkos@woodwellclimate.org,Zolkos_et_al_2020,69.38,86.15,NA,NA,River,NA,240000000,NA,1,1.82,NA,NA,NA,NA,NA,NA,NA,NA,NA,NA,NA,NA,NA,NA,NA,NA,NA,NA,NA,NA,SZ,0,0,,
Yenisey,NA,Russia,NA,2014-04-24,U.S.G.S. Mercury Research Laboratory,Scott_Zolkos,szolkos@woodwellclimate.org,Zolkos_et_al_2020,69.38,86.15,NA,NA,River,NA,240000000,NA,1,9.69,NA,NA,NA,NA,NA,NA,NA,NA,NA,NA,NA,NA,NA,NA,NA,NA,NA,NA,NA,NA,SZ,0,0,,
Yenisey,NA,Russia,NA,2014-06-25,U.S.G.S. Mercury Research Laboratory,Scott_Zolkos,szolkos@woodwellclimate.org,Zolkos_et_al_2020,69.38,86.15,NA,NA,River,NA,240000000,NA,1,14,NA,NA,NA,NA,NA,NA,NA,NA,NA,NA,NA,NA,NA,NA,NA,NA,NA,NA,NA,NA,SZ,0,0,,
Yenisey,NA,Russia,NA,2014-08-15,U.S.G.S. Mercury Research Laboratory,Scott_Zolkos,szolkos@woodwellclimate.org,Zolkos_et_al_2020,69.38,86.15,NA,NA,River,NA,240000000,NA,1,23.49,NA,NA,NA,NA,NA,NA,NA,NA,NA,NA,NA,NA,NA,NA,NA,NA,NA,NA,NA,NA,SZ,0,1,,
Yenisey,NA,Russia,NA,2014-10-15,U.S.G.S. Mercury Research Laboratory,Scott_Zolkos,szolkos@woodwellclimate.org,Zolkos_et_al_2020,69.38,86.15,NA,NA,River,NA,240000000,NA,1,2.31,NA,NA,NA,NA,NA,NA,NA,NA,NA,NA,NA,NA,NA,NA,NA,NA,NA,NA,NA,NA,SZ,0,0,,
Yenisey,NA,Russia,NA,2014-12-05,U.S.G.S. Mercury Research Laboratory,Scott_Zolkos,szolkos@woodwellclimate.org,Zolkos_et_al_2020,69.38,86.15,NA,NA,River,NA,240000000,NA,1,2.22,NA,NA,NA,NA,NA,NA,NA,NA,NA,NA,NA,NA,NA,NA,NA,NA,NA,NA,NA,NA,SZ,0,0,,
Yenisey,NA,Russia,NA,2015-01-25,U.S.G.S. Mercury Research Laboratory,Scott_Zolkos,szolkos@woodwellclimate.org,Zolkos_et_al_2020,69.38,86.15,NA,NA,River,NA,240000000,NA,1,1.84,NA,NA,NA,NA,NA,NA,NA,NA,NA,NA,NA,NA,NA,NA,NA,NA,NA,NA,NA,NA,SZ,0,0,,
Yenisey,NA,Russia,NA,2015-03-21,U.S.G.S. Mercury Research Laboratory,Scott_Zolkos,szolkos@woodwellclimate.org,Zolkos_et_al_2020,69.38,86.15,NA,NA,River,NA,240000000,NA,1,2.41,NA,NA,NA,NA,NA,NA,NA,NA,NA,NA,NA,NA,NA,NA,NA,NA,NA,NA,NA,NA,SZ,0,0,,
Yenisey,NA,Russia,NA,2015-05-02,U.S.G.S. Mercury Research Laboratory,Scott_Zolkos,szolkos@woodwellclimate.org,Zolkos_et_al_2020,69.38,86.15,NA,NA,River,NA,240000000,NA,1,2.66,NA,NA,NA,NA,NA,NA,NA,NA,NA,NA,NA,NA,NA,NA,NA,NA,NA,NA,NA,NA,SZ,0,0,,
Yenisey,NA,Russia,NA,2015-07-23,U.S.G.S. Mercury Research Laboratory,Scott_Zolkos,szolkos@woodwellclimate.org,Zolkos_et_al_2020,69.38,86.15,NA,NA,River,NA,240000000,NA,1,11.99,NA,NA,NA,NA,NA,NA,NA,NA,NA,NA,NA,NA,NA,NA,NA,NA,NA,NA,NA,NA,SZ,0,0,,
Yenisey,NA,Russia,NA,2015-09-14,U.S.G.S. Mercury Research Laboratory,Scott_Zolkos,szolkos@woodwellclimate.org,Zolkos_et_al_2020,69.38,86.15,NA,NA,River,NA,240000000,NA,1,2.76,NA,NA,NA,NA,NA,NA,NA,NA,NA,NA,NA,NA,NA,NA,NA,NA,NA,NA,NA,NA,SZ,0,0,,
Yenisey,NA,Russia,NA,2015-11-23,U.S.G.S. Mercury Research Laboratory,Scott_Zolkos,szolkos@woodwellclimate.org,Zolkos_et_al_2020,69.38,86.15,NA,NA,River,NA,240000000,NA,1,2.42,NA,NA,NA,NA,NA,NA,NA,NA,NA,NA,NA,NA,NA,NA,NA,NA,NA,NA,NA,NA,SZ,0,0,,
Yenisey,NA,Russia,NA,2016-02-21,U.S.G.S. Mercury Research Laboratory,Scott_Zolkos,szolkos@woodwellclimate.org,Zolkos_et_al_2020,69.38,86.15,NA,NA,River,NA,240000000,NA,1,5.06,NA,NA,NA,NA,NA,NA,NA,NA,NA,NA,NA,NA,NA,NA,NA,NA,NA,NA,NA,NA,SZ,0,0,,
Yenisey,NA,Russia,NA,2016-04-18,U.S.G.S. Mercury Research Laboratory,Scott_Zolkos,szolkos@woodwellclimate.org,Zolkos_et_al_2020,69.38,86.15,NA,NA,River,NA,240000000,NA,1,1.17,NA,NA,NA,NA,NA,NA,NA,NA,NA,NA,NA,NA,NA,NA,NA,NA,NA,NA,NA,NA,SZ,0,0,,
Yenisey,NA,Russia,NA,2016-06-17,U.S.G.S. Mercury Research Laboratory,Scott_Zolkos,szolkos@woodwellclimate.org,Zolkos_et_al_2020,69.38,86.15,NA,NA,River,NA,240000000,NA,1,8.04,NA,NA,NA,NA,NA,NA,NA,NA,NA,NA,NA,NA,NA,NA,NA,NA,NA,NA,NA,NA,SZ,0,0,,
Yenisey,NA,Russia,NA,2016-08-15,U.S.G.S. Mercury Research Laboratory,Scott_Zolkos,szolkos@woodwellclimate.org,Zolkos_et_al_2020,69.38,86.15,NA,NA,River,NA,240000000,NA,1,1.49,NA,NA,NA,NA,NA,NA,NA,NA,NA,NA,NA,NA,NA,NA,NA,NA,NA,NA,NA,NA,SZ,0,0,,
Yenisey,NA,Russia,NA,2016-10-02,U.S.G.S. Mercury Research Laboratory,Scott_Zolkos,szolkos@woodwellclimate.org,Zolkos_et_al_2020,69.38,86.15,NA,NA,River,NA,240000000,NA,1,1.48,NA,NA,NA,NA,NA,NA,NA,NA,NA,NA,NA,NA,NA,NA,NA,NA,NA,NA,NA,NA,SZ,0,0,,
Yenisey,NA,Russia,NA,2016-12-13,U.S.G.S. Mercury Research Laboratory,Scott_Zolkos,szolkos@woodwellclimate.org,Zolkos_et_al_2020,69.38,86.15,NA,NA,River,NA,240000000,NA,1,1.26,NA,NA,NA,NA,NA,NA,NA,NA,NA,NA,NA,NA,NA,NA,NA,NA,NA,NA,NA,NA,SZ,0,0,,
Yenisey,NA,Russia,NA,2017-02-17,U.S.G.S. Mercury Research Laboratory,Scott_Zolkos,szolkos@woodwellclimate.org,Zolkos_et_al_2020,69.38,86.15,NA,NA,River,NA,240000000,NA,1,1.05,NA,NA,NA,NA,NA,NA,NA,NA,NA,NA,NA,NA,NA,NA,NA,NA,NA,NA,NA,NA,SZ,0,0,,
Yenisey,NA,Russia,NA,2017-03-22,U.S.G.S. Mercury Research Laboratory,Scott_Zolkos,szolkos@woodwellclimate.org,Zolkos_et_al_2020,69.38,86.15,NA,NA,River,NA,240000000,NA,1,2.44,NA,NA,NA,NA,NA,NA,NA,NA,NA,NA,NA,NA,NA,NA,NA,NA,NA,NA,NA,NA,SZ,0,0,,
Yenisey,NA,Russia,NA,2017-06-15,U.S.G.S. Mercury Research Laboratory,Scott_Zolkos,szolkos@woodwellclimate.org,Zolkos_et_al_2020,69.38,86.15,NA,NA,River,NA,240000000,NA,1,4.94,NA,NA,NA,NA,NA,NA,NA,NA,NA,NA,NA,NA,NA,NA,NA,NA,NA,NA,NA,NA,SZ,0,0,,
Yenisey,NA,Russia,NA,2017-08-28,U.S.G.S. Mercury Research Laboratory,Scott_Zolkos,szolkos@woodwellclimate.org,Zolkos_et_al_2020,69.38,86.15,NA,NA,River,NA,240000000,NA,1,3.57,NA,NA,NA,NA,NA,NA,NA,NA,NA,NA,NA,NA,NA,NA,NA,NA,NA,NA,NA,NA,SZ,0,0,,
Yenisey,NA,Russia,NA,2017-10-08,U.S.G.S. Mercury Research Laboratory,Scott_Zolkos,szolkos@woodwellclimate.org,Zolkos_et_al_2020,69.38,86.15,NA,NA,River,NA,240000000,NA,1,2.3,NA,NA,NA,NA,NA,NA,NA,NA,NA,NA,NA,NA,NA,NA,NA,NA,NA,NA,NA,NA,SZ,0,0,,
Yenisey,NA,Russia,NA,2017-12-15,U.S.G.S. Mercury Research Laboratory,Scott_Zolkos,szolkos@woodwellclimate.org,Zolkos_et_al_2020,69.38,86.15,NA,NA,River,NA,240000000,NA,1,1.95,NA,NA,NA,NA,NA,NA,NA,NA,NA,NA,NA,NA,NA,NA,NA,NA,NA,NA,NA,NA,SZ,0,0,,
Lena,NA,Russia,NA,2012-06-10,U.S.G.S. Mercury Research Laboratory,Scott_Zolkos,szolkos@woodwellclimate.org,Zolkos_et_al_2020,66.77,127.37,NA,NA,River,NA,240000000,NA,1,10.36,NA,NA,NA,NA,NA,NA,NA,NA,NA,NA,NA,NA,NA,NA,NA,NA,NA,NA,NA,NA,SZ,0,0,,
Lena,NA,Russia,NA,2012-08-24,U.S.G.S. Mercury Research Laboratory,Scott_Zolkos,szolkos@woodwellclimate.org,Zolkos_et_al_2020,66.77,127.37,NA,NA,River,NA,240000000,NA,1,4.73,NA,NA,NA,NA,NA,NA,NA,NA,NA,NA,NA,NA,NA,NA,NA,NA,NA,NA,NA,NA,SZ,0,0,,
Lena,NA,Russia,NA,2012-10-12,U.S.G.S. Mercury Research Laboratory,Scott_Zolkos,szolkos@woodwellclimate.org,Zolkos_et_al_2020,66.77,127.37,NA,NA,River,NA,240000000,NA,1,5.56,NA,NA,NA,NA,NA,NA,NA,NA,NA,NA,NA,NA,NA,NA,NA,NA,NA,NA,NA,NA,SZ,0,0,,
Lena,NA,Russia,NA,2012-12-12,U.S.G.S. Mercury Research Laboratory,Scott_Zolkos,szolkos@woodwellclimate.org,Zolkos_et_al_2020,66.77,127.37,NA,NA,River,NA,240000000,NA,1,2.77,NA,NA,NA,NA,NA,NA,NA,NA,NA,NA,NA,NA,NA,NA,NA,NA,NA,NA,NA,NA,SZ,0,0,,
Lena,NA,Russia,NA,2013-01-10,U.S.G.S. Mercury Research Laboratory,Scott_Zolkos,szolkos@woodwellclimate.org,Zolkos_et_al_2020,66.77,127.37,NA,NA,River,NA,240000000,NA,1,3.03,NA,NA,NA,NA,NA,NA,NA,NA,NA,NA,NA,NA,NA,NA,NA,NA,NA,NA,NA,NA,SZ,0,0,,
Lena,NA,Russia,NA,2013-04-05,U.S.G.S. Mercury Research Laboratory,Scott_Zolkos,szolkos@woodwellclimate.org,Zolkos_et_al_2020,66.77,127.37,NA,NA,River,NA,240000000,NA,1,7.55,NA,NA,NA,NA,NA,NA,NA,NA,NA,NA,NA,NA,NA,NA,NA,NA,NA,NA,NA,NA,SZ,0,0,,
Lena,NA,Russia,NA,2013-06-04,U.S.G.S. Mercury Research Laboratory,Scott_Zolkos,szolkos@woodwellclimate.org,Zolkos_et_al_2020,66.77,127.37,NA,NA,River,NA,240000000,NA,1,13.64,NA,NA,NA,NA,NA,NA,NA,NA,NA,NA,NA,NA,NA,NA,NA,NA,NA,NA,NA,NA,SZ,0,0,,
Lena,NA,Russia,NA,2013-08-03,U.S.G.S. Mercury Research Laboratory,Scott_Zolkos,szolkos@woodwellclimate.org,Zolkos_et_al_2020,66.77,127.37,NA,NA,River,NA,240000000,NA,1,12.56,NA,NA,NA,NA,NA,NA,NA,NA,NA,NA,NA,NA,NA,NA,NA,NA,NA,NA,NA,NA,SZ,0,0,,
Lena,NA,Russia,NA,2013-09-24,U.S.G.S. Mercury Research Laboratory,Scott_Zolkos,szolkos@woodwellclimate.org,Zolkos_et_al_2020,66.77,127.37,NA,NA,River,NA,240000000,NA,1,8.69,NA,NA,NA,NA,NA,NA,NA,NA,NA,NA,NA,NA,NA,NA,NA,NA,NA,NA,NA,NA,SZ,0,0,,
Lena,NA,Russia,NA,2013-11-20,U.S.G.S. Mercury Research Laboratory,Scott_Zolkos,szolkos@woodwellclimate.org,Zolkos_et_al_2020,66.77,127.37,NA,NA,River,NA,240000000,NA,1,3.6,NA,NA,NA,NA,NA,NA,NA,NA,NA,NA,NA,NA,NA,NA,NA,NA,NA,NA,NA,NA,SZ,0,0,,
Lena,NA,Russia,NA,2014-02-19,U.S.G.S. Mercury Research Laboratory,Scott_Zolkos,szolkos@woodwellclimate.org,Zolkos_et_al_2020,66.77,127.37,NA,NA,River,NA,240000000,NA,1,2.57,NA,NA,NA,NA,NA,NA,NA,NA,NA,NA,NA,NA,NA,NA,NA,NA,NA,NA,NA,NA,SZ,0,0,,
Lena,NA,Russia,NA,2014-04-15,U.S.G.S. Mercury Research Laboratory,Scott_Zolkos,szolkos@woodwellclimate.org,Zolkos_et_al_2020,66.77,127.37,NA,NA,River,NA,240000000,NA,1,2.17,NA,NA,NA,NA,NA,NA,NA,NA,NA,NA,NA,NA,NA,NA,NA,NA,NA,NA,NA,NA,SZ,0,0,,
Lena,NA,Russia,NA,2014-06-08,U.S.G.S. Mercury Research Laboratory,Scott_Zolkos,szolkos@woodwellclimate.org,Zolkos_et_al_2020,66.77,127.37,NA,NA,River,NA,240000000,NA,1,13.18,NA,NA,NA,NA,NA,NA,NA,NA,NA,NA,NA,NA,NA,NA,NA,NA,NA,NA,NA,NA,SZ,0,0,,
Lena,NA,Russia,NA,2014-08-31,U.S.G.S. Mercury Research Laboratory,Scott_Zolkos,szolkos@woodwellclimate.org,Zolkos_et_al_2020,66.77,127.37,NA,NA,River,NA,240000000,NA,1,9.25,NA,NA,NA,NA,NA,NA,NA,NA,NA,NA,NA,NA,NA,NA,NA,NA,NA,NA,NA,NA,SZ,0,0,,
Lena,NA,Russia,NA,2014-11-03,U.S.G.S. Mercury Research Laboratory,Scott_Zolkos,szolkos@woodwellclimate.org,Zolkos_et_al_2020,66.77,127.37,NA,NA,River,NA,240000000,NA,1,1.69,NA,NA,NA,NA,NA,NA,NA,NA,NA,NA,NA,NA,NA,NA,NA,NA,NA,NA,NA,NA,SZ,0,0,,
Lena,NA,Russia,NA,2014-12-06,U.S.G.S. Mercury Research Laboratory,Scott_Zolkos,szolkos@woodwellclimate.org,Zolkos_et_al_2020,66.77,127.37,NA,NA,River,NA,240000000,NA,1,2.23,NA,NA,NA,NA,NA,NA,NA,NA,NA,NA,NA,NA,NA,NA,NA,NA,NA,NA,NA,NA,SZ,0,0,,
Lena,NA,Russia,NA,2015-01-10,U.S.G.S. Mercury Research Laboratory,Scott_Zolkos,szolkos@woodwellclimate.org,Zolkos_et_al_2020,66.77,127.37,NA,NA,River,NA,240000000,NA,1,2.38,NA,NA,NA,NA,NA,NA,NA,NA,NA,NA,NA,NA,NA,NA,NA,NA,NA,NA,NA,NA,SZ,0,0,,
Lena,NA,Russia,NA,2015-03-29,U.S.G.S. Mercury Research Laboratory,Scott_Zolkos,szolkos@woodwellclimate.org,Zolkos_et_al_2020,66.77,127.37,NA,NA,River,NA,240000000,NA,1,2.03,NA,NA,NA,NA,NA,NA,NA,NA,NA,NA,NA,NA,NA,NA,NA,NA,NA,NA,NA,NA,SZ,0,0,,
Lena,NA,Russia,NA,2015-05-06,U.S.G.S. Mercury Research Laboratory,Scott_Zolkos,szolkos@woodwellclimate.org,Zolkos_et_al_2020,66.77,127.37,NA,NA,River,NA,240000000,NA,1,2.51,NA,NA,NA,NA,NA,NA,NA,NA,NA,NA,NA,NA,NA,NA,NA,NA,NA,NA,NA,NA,SZ,0,0,,
Lena,NA,Russia,NA,2015-07-13,U.S.G.S. Mercury Research Laboratory,Scott_Zolkos,szolkos@woodwellclimate.org,Zolkos_et_al_2020,66.77,127.37,NA,NA,River,NA,240000000,NA,1,13.02,NA,NA,NA,NA,NA,NA,NA,NA,NA,NA,NA,NA,NA,NA,NA,NA,NA,NA,NA,NA,SZ,0,0,,
Lena,NA,Russia,NA,2015-09-27,U.S.G.S. Mercury Research Laboratory,Scott_Zolkos,szolkos@woodwellclimate.org,Zolkos_et_al_2020,66.77,127.37,NA,NA,River,NA,240000000,NA,1,8.25,NA,NA,NA,NA,NA,NA,NA,NA,NA,NA,NA,NA,NA,NA,NA,NA,NA,NA,NA,NA,SZ,0,0,,
Lena,NA,Russia,NA,2015-12-01,U.S.G.S. Mercury Research Laboratory,Scott_Zolkos,szolkos@woodwellclimate.org,Zolkos_et_al_2020,66.77,127.37,NA,NA,River,NA,240000000,NA,1,7.18,NA,NA,NA,NA,NA,NA,NA,NA,NA,NA,NA,NA,NA,NA,NA,NA,NA,NA,NA,NA,SZ,0,0,,
Lena,NA,Russia,NA,2016-03-04,U.S.G.S. Mercury Research Laboratory,Scott_Zolkos,szolkos@woodwellclimate.org,Zolkos_et_al_2020,66.77,127.37,NA,NA,River,NA,240000000,NA,1,10.35,NA,NA,NA,NA,NA,NA,NA,NA,NA,NA,NA,NA,NA,NA,NA,NA,NA,NA,NA,NA,SZ,0,0,,
Lena,NA,Russia,NA,2016-04-05,U.S.G.S. Mercury Research Laboratory,Scott_Zolkos,szolkos@woodwellclimate.org,Zolkos_et_al_2020,66.77,127.37,NA,NA,River,NA,240000000,NA,1,6.87,NA,NA,NA,NA,NA,NA,NA,NA,NA,NA,NA,NA,NA,NA,NA,NA,NA,NA,NA,NA,SZ,0,0,,
Lena,NA,Russia,NA,2016-07-03,U.S.G.S. Mercury Research Laboratory,Scott_Zolkos,szolkos@woodwellclimate.org,Zolkos_et_al_2020,66.77,127.37,NA,NA,River,NA,240000000,NA,1,3.33,NA,NA,NA,NA,NA,NA,NA,NA,NA,NA,NA,NA,NA,NA,NA,NA,NA,NA,NA,NA,SZ,0,0,,
Lena,NA,Russia,NA,2016-08-06,U.S.G.S. Mercury Research Laboratory,Scott_Zolkos,szolkos@woodwellclimate.org,Zolkos_et_al_2020,66.77,127.37,NA,NA,River,NA,240000000,NA,1,21.12,NA,NA,NA,NA,NA,NA,NA,NA,NA,NA,NA,NA,NA,NA,NA,NA,NA,NA,NA,NA,SZ,0,1,,
Lena,NA,Russia,NA,2016-10-31,U.S.G.S. Mercury Research Laboratory,Scott_Zolkos,szolkos@woodwellclimate.org,Zolkos_et_al_2020,66.77,127.37,NA,NA,River,NA,240000000,NA,1,5.09,NA,NA,NA,NA,NA,NA,NA,NA,NA,NA,NA,NA,NA,NA,NA,NA,NA,NA,NA,NA,SZ,0,0,,
Lena,NA,Russia,NA,2016-12-10,U.S.G.S. Mercury Research Laboratory,Scott_Zolkos,szolkos@woodwellclimate.org,Zolkos_et_al_2020,66.77,127.37,NA,NA,River,NA,240000000,NA,1,2.18,NA,NA,NA,NA,NA,NA,NA,NA,NA,NA,NA,NA,NA,NA,NA,NA,NA,NA,NA,NA,SZ,0,0,,
Lena,NA,Russia,NA,2017-03-03,U.S.G.S. Mercury Research Laboratory,Scott_Zolkos,szolkos@woodwellclimate.org,Zolkos_et_al_2020,66.77,127.37,NA,NA,River,NA,240000000,NA,1,3.88,NA,NA,NA,NA,NA,NA,NA,NA,NA,NA,NA,NA,NA,NA,NA,NA,NA,NA,NA,NA,SZ,0,0,,
Lena,NA,Russia,NA,2017-04-05,U.S.G.S. Mercury Research Laboratory,Scott_Zolkos,szolkos@woodwellclimate.org,Zolkos_et_al_2020,66.77,127.37,NA,NA,River,NA,240000000,NA,1,5.75,NA,NA,NA,NA,NA,NA,NA,NA,NA,NA,NA,NA,NA,NA,NA,NA,NA,NA,NA,NA,SZ,0,0,,
Lena,NA,Russia,NA,2017-07-03,U.S.G.S. Mercury Research Laboratory,Scott_Zolkos,szolkos@woodwellclimate.org,Zolkos_et_al_2020,66.77,127.37,NA,NA,River,NA,240000000,NA,1,14.26,NA,NA,NA,NA,NA,NA,NA,NA,NA,NA,NA,NA,NA,NA,NA,NA,NA,NA,NA,NA,SZ,0,0,,
Lena,NA,Russia,NA,2017-08-06,U.S.G.S. Mercury Research Laboratory,Scott_Zolkos,szolkos@woodwellclimate.org,Zolkos_et_al_2020,66.77,127.37,NA,NA,River,NA,240000000,NA,1,7.65,NA,NA,NA,NA,NA,NA,NA,NA,NA,NA,NA,NA,NA,NA,NA,NA,NA,NA,NA,NA,SZ,0,0,,
Lena,NA,Russia,NA,2017-11-01,U.S.G.S. Mercury Research Laboratory,Scott_Zolkos,szolkos@woodwellclimate.org,Zolkos_et_al_2020,66.77,127.37,NA,NA,River,NA,240000000,NA,1,3.97,NA,NA,NA,NA,NA,NA,NA,NA,NA,NA,NA,NA,NA,NA,NA,NA,NA,NA,NA,NA,SZ,0,0,,
Lena,NA,Russia,NA,2017-12-09,U.S.G.S. Mercury Research Laboratory,Scott_Zolkos,szolkos@woodwellclimate.org,Zolkos_et_al_2020,66.77,127.37,NA,NA,River,NA,240000000,NA,1,6.04,NA,NA,NA,NA,NA,NA,NA,NA,NA,NA,NA,NA,NA,NA,NA,NA,NA,NA,NA,NA,SZ,0,0,,
Kolyma,NA,Russia,NA,2012-06-23,U.S.G.S. Mercury Research Laboratory,Scott_Zolkos,szolkos@woodwellclimate.org,Zolkos_et_al_2020,68.75,161.3,NA,NA,River,NA,53000000,NA,1,4.84,NA,NA,NA,NA,NA,NA,NA,NA,NA,NA,NA,NA,NA,NA,NA,NA,NA,NA,NA,NA,SZ,0,0,,
Kolyma,NA,Russia,NA,2012-08-21,U.S.G.S. Mercury Research Laboratory,Scott_Zolkos,szolkos@woodwellclimate.org,Zolkos_et_al_2020,68.75,161.3,NA,NA,River,NA,53000000,NA,1,3.35,NA,NA,NA,NA,NA,NA,NA,NA,NA,NA,NA,NA,NA,NA,NA,NA,NA,NA,NA,NA,SZ,0,0,,
Kolyma,NA,Russia,NA,2012-10-06,U.S.G.S. Mercury Research Laboratory,Scott_Zolkos,szolkos@woodwellclimate.org,Zolkos_et_al_2020,68.75,161.3,NA,NA,River,NA,53000000,NA,1,2.27,NA,NA,NA,NA,NA,NA,NA,NA,NA,NA,NA,NA,NA,NA,NA,NA,NA,NA,NA,NA,SZ,0,0,,
Kolyma,NA,Russia,NA,2012-12-16,U.S.G.S. Mercury Research Laboratory,Scott_Zolkos,szolkos@woodwellclimate.org,Zolkos_et_al_2020,68.75,161.3,NA,NA,River,NA,53000000,NA,1,1.89,NA,NA,NA,NA,NA,NA,NA,NA,NA,NA,NA,NA,NA,NA,NA,NA,NA,NA,NA,NA,SZ,0,0,,
Kolyma,NA,Russia,NA,2013-03-07,U.S.G.S. Mercury Research Laboratory,Scott_Zolkos,szolkos@woodwellclimate.org,Zolkos_et_al_2020,68.75,161.3,NA,NA,River,NA,53000000,NA,1,2.02,NA,NA,NA,NA,NA,NA,NA,NA,NA,NA,NA,NA,NA,NA,NA,NA,NA,NA,NA,NA,SZ,0,0,,
Kolyma,NA,Russia,NA,2013-05-02,U.S.G.S. Mercury Research Laboratory,Scott_Zolkos,szolkos@woodwellclimate.org,Zolkos_et_al_2020,68.75,161.3,NA,NA,River,NA,53000000,NA,1,2.55,NA,NA,NA,NA,NA,NA,NA,NA,NA,NA,NA,NA,NA,NA,NA,NA,NA,NA,NA,NA,SZ,0,0,,
Kolyma,NA,Russia,NA,2013-07-26,U.S.G.S. Mercury Research Laboratory,Scott_Zolkos,szolkos@woodwellclimate.org,Zolkos_et_al_2020,68.75,161.3,NA,NA,River,NA,53000000,NA,1,11.36,NA,NA,NA,NA,NA,NA,NA,NA,NA,NA,NA,NA,NA,NA,NA,NA,NA,NA,NA,NA,SZ,0,0,,
Kolyma,NA,Russia,NA,2013-09-19,U.S.G.S. Mercury Research Laboratory,Scott_Zolkos,szolkos@woodwellclimate.org,Zolkos_et_al_2020,68.75,161.3,NA,NA,River,NA,53000000,NA,1,7.51,NA,NA,NA,NA,NA,NA,NA,NA,NA,NA,NA,NA,NA,NA,NA,NA,NA,NA,NA,NA,SZ,0,0,,
Kolyma,NA,Russia,NA,2013-11-12,U.S.G.S. Mercury Research Laboratory,Scott_Zolkos,szolkos@woodwellclimate.org,Zolkos_et_al_2020,68.75,161.3,NA,NA,River,NA,53000000,NA,1,5.2,NA,NA,NA,NA,NA,NA,NA,NA,NA,NA,NA,NA,NA,NA,NA,NA,NA,NA,NA,NA,SZ,0,0,,
Kolyma,NA,Russia,NA,2014-02-27,U.S.G.S. Mercury Research Laboratory,Scott_Zolkos,szolkos@woodwellclimate.org,Zolkos_et_al_2020,68.75,161.3,NA,NA,River,NA,53000000,NA,1,4.31,NA,NA,NA,NA,NA,NA,NA,NA,NA,NA,NA,NA,NA,NA,NA,NA,NA,NA,NA,NA,SZ,0,0,,
Kolyma,NA,Russia,NA,2014-04-25,U.S.G.S. Mercury Research Laboratory,Scott_Zolkos,szolkos@woodwellclimate.org,Zolkos_et_al_2020,68.75,161.3,NA,NA,River,NA,53000000,NA,1,5.32,NA,NA,NA,NA,NA,NA,NA,NA,NA,NA,NA,NA,NA,NA,NA,NA,NA,NA,NA,NA,SZ,0,0,,
Kolyma,NA,Russia,NA,2014-06-07,U.S.G.S. Mercury Research Laboratory,Scott_Zolkos,szolkos@woodwellclimate.org,Zolkos_et_al_2020,68.75,161.3,NA,NA,River,NA,53000000,NA,1,24.45,NA,NA,NA,NA,NA,NA,NA,NA,NA,NA,NA,NA,NA,NA,NA,NA,NA,NA,NA,NA,SZ,0,1,,
Kolyma,NA,Russia,NA,2014-08-25,U.S.G.S. Mercury Research Laboratory,Scott_Zolkos,szolkos@woodwellclimate.org,Zolkos_et_al_2020,68.75,161.3,NA,NA,River,NA,53000000,NA,1,5.39,NA,NA,NA,NA,NA,NA,NA,NA,NA,NA,NA,NA,NA,NA,NA,NA,NA,NA,NA,NA,SZ,0,0,,
Kolyma,NA,Russia,NA,2014-10-10,U.S.G.S. Mercury Research Laboratory,Scott_Zolkos,szolkos@woodwellclimate.org,Zolkos_et_al_2020,68.75,161.3,NA,NA,River,NA,53000000,NA,1,2.78,NA,NA,NA,NA,NA,NA,NA,NA,NA,NA,NA,NA,NA,NA,NA,NA,NA,NA,NA,NA,SZ,0,0,,
Kolyma,NA,Russia,NA,2014-12-21,U.S.G.S. Mercury Research Laboratory,Scott_Zolkos,szolkos@woodwellclimate.org,Zolkos_et_al_2020,68.75,161.3,NA,NA,River,NA,53000000,NA,1,1.63,NA,NA,NA,NA,NA,NA,NA,NA,NA,NA,NA,NA,NA,NA,NA,NA,NA,NA,NA,NA,SZ,0,0,,
Kolyma,NA,Russia,NA,2015-01-22,U.S.G.S. Mercury Research Laboratory,Scott_Zolkos,szolkos@woodwellclimate.org,Zolkos_et_al_2020,68.75,161.3,NA,NA,River,NA,53000000,NA,1,1.7,NA,NA,NA,NA,NA,NA,NA,NA,NA,NA,NA,NA,NA,NA,NA,NA,NA,NA,NA,NA,SZ,0,0,,
Kolyma,NA,Russia,NA,2015-03-24,U.S.G.S. Mercury Research Laboratory,Scott_Zolkos,szolkos@woodwellclimate.org,Zolkos_et_al_2020,68.75,161.3,NA,NA,River,NA,53000000,NA,1,2.15,NA,NA,NA,NA,NA,NA,NA,NA,NA,NA,NA,NA,NA,NA,NA,NA,NA,NA,NA,NA,SZ,0,0,,
Kolyma,NA,Russia,NA,2015-05-12,U.S.G.S. Mercury Research Laboratory,Scott_Zolkos,szolkos@woodwellclimate.org,Zolkos_et_al_2020,68.75,161.3,NA,NA,River,NA,53000000,NA,1,2.59,NA,NA,NA,NA,NA,NA,NA,NA,NA,NA,NA,NA,NA,NA,NA,NA,NA,NA,NA,NA,SZ,0,0,,
Kolyma,NA,Russia,NA,2015-07-22,U.S.G.S. Mercury Research Laboratory,Scott_Zolkos,szolkos@woodwellclimate.org,Zolkos_et_al_2020,68.75,161.3,NA,NA,River,NA,53000000,NA,1,4.7,NA,NA,NA,NA,NA,NA,NA,NA,NA,NA,NA,NA,NA,NA,NA,NA,NA,NA,NA,NA,SZ,0,0,,
Kolyma,NA,Russia,NA,2015-09-19,U.S.G.S. Mercury Research Laboratory,Scott_Zolkos,szolkos@woodwellclimate.org,Zolkos_et_al_2020,68.75,161.3,NA,NA,River,NA,53000000,NA,1,3.25,NA,NA,NA,NA,NA,NA,NA,NA,NA,NA,NA,NA,NA,NA,NA,NA,NA,NA,NA,NA,SZ,0,0,,
Kolyma,NA,Russia,NA,2015-11-27,U.S.G.S. Mercury Research Laboratory,Scott_Zolkos,szolkos@woodwellclimate.org,Zolkos_et_al_2020,68.75,161.3,NA,NA,River,NA,53000000,NA,1,1.8,NA,NA,NA,NA,NA,NA,NA,NA,NA,NA,NA,NA,NA,NA,NA,NA,NA,NA,NA,NA,SZ,0,0,,
Kolyma,NA,Russia,NA,2016-02-05,U.S.G.S. Mercury Research Laboratory,Scott_Zolkos,szolkos@woodwellclimate.org,Zolkos_et_al_2020,68.75,161.3,NA,NA,River,NA,53000000,NA,1,1.35,NA,NA,NA,NA,NA,NA,NA,NA,NA,NA,NA,NA,NA,NA,NA,NA,NA,NA,NA,NA,SZ,0,0,,
Kolyma,NA,Russia,NA,2016-04-24,U.S.G.S. Mercury Research Laboratory,Scott_Zolkos,szolkos@woodwellclimate.org,Zolkos_et_al_2020,68.75,161.3,NA,NA,River,NA,53000000,NA,1,2.94,NA,NA,NA,NA,NA,NA,NA,NA,NA,NA,NA,NA,NA,NA,NA,NA,NA,NA,NA,NA,SZ,0,0,,
Kolyma,NA,Russia,NA,2016-06-20,U.S.G.S. Mercury Research Laboratory,Scott_Zolkos,szolkos@woodwellclimate.org,Zolkos_et_al_2020,68.75,161.3,NA,NA,River,NA,53000000,NA,1,3.84,NA,NA,NA,NA,NA,NA,NA,NA,NA,NA,NA,NA,NA,NA,NA,NA,NA,NA,NA,NA,SZ,0,0,,
Kolyma,NA,Russia,NA,2016-08-18,U.S.G.S. Mercury Research Laboratory,Scott_Zolkos,szolkos@woodwellclimate.org,Zolkos_et_al_2020,68.75,161.3,NA,NA,River,NA,53000000,NA,1,2.31,NA,NA,NA,NA,NA,NA,NA,NA,NA,NA,NA,NA,NA,NA,NA,NA,NA,NA,NA,NA,SZ,0,0,,
Kolyma,NA,Russia,NA,2016-10-03,U.S.G.S. Mercury Research Laboratory,Scott_Zolkos,szolkos@woodwellclimate.org,Zolkos_et_al_2020,68.75,161.3,NA,NA,River,NA,53000000,NA,1,3.36,NA,NA,NA,NA,NA,NA,NA,NA,NA,NA,NA,NA,NA,NA,NA,NA,NA,NA,NA,NA,SZ,0,0,,
Kolyma,NA,Russia,NA,2017-05-31,U.S.G.S. Mercury Research Laboratory,Scott_Zolkos,szolkos@woodwellclimate.org,Zolkos_et_al_2020,68.75,161.3,NA,NA,River,NA,53000000,NA,1,13.01,NA,NA,NA,NA,NA,NA,NA,NA,NA,NA,NA,NA,NA,NA,NA,NA,NA,NA,NA,NA,SZ,0,0,,
Kolyma,NA,Russia,NA,2017-08-07,U.S.G.S. Mercury Research Laboratory,Scott_Zolkos,szolkos@woodwellclimate.org,Zolkos_et_al_2020,68.75,161.3,NA,NA,River,NA,53000000,NA,1,9.91,NA,NA,NA,NA,NA,NA,NA,NA,NA,NA,NA,NA,NA,NA,NA,NA,NA,NA,NA,NA,SZ,0,0,,
Kolyma,NA,Russia,NA,2017-10-02,U.S.G.S. Mercury Research Laboratory,Scott_Zolkos,szolkos@woodwellclimate.org,Zolkos_et_al_2020,68.75,161.3,NA,NA,River,NA,53000000,NA,1,4.88,NA,NA,NA,NA,NA,NA,NA,NA,NA,NA,NA,NA,NA,NA,NA,NA,NA,NA,NA,NA,SZ,0,0,,
Kolyma,NA,Russia,NA,2017-12-01,U.S.G.S. Mercury Research Laboratory,Scott_Zolkos,szolkos@woodwellclimate.org,Zolkos_et_al_2020,68.75,161.3,NA,NA,River,NA,53000000,NA,1,2.1,NA,NA,NA,NA,NA,NA,NA,NA,NA,NA,NA,NA,NA,NA,NA,NA,NA,NA,NA,NA,SZ,0,0,,
Yukon,NA,USA,NA,2012-06-12,U.S.G.S. Mercury Research Laboratory,Scott_Zolkos,szolkos@woodwellclimate.org,Zolkos_et_al_2020,61.93,-162.88,NA,NA,River,NA,83000000,NA,1,27.4,NA,NA,NA,NA,NA,NA,NA,NA,NA,NA,NA,NA,NA,NA,NA,NA,NA,NA,NA,NA,SZ,0,1,,
Yukon,NA,USA,NA,2012-09-12,U.S.G.S. Mercury Research Laboratory,Scott_Zolkos,szolkos@woodwellclimate.org,Zolkos_et_al_2020,61.93,-162.88,NA,NA,River,NA,83000000,NA,1,21.17,NA,NA,NA,NA,NA,NA,NA,NA,NA,NA,NA,NA,NA,NA,NA,NA,NA,NA,NA,NA,SZ,0,1,,
Yukon,NA,USA,NA,2013-03-22,U.S.G.S. Mercury Research Laboratory,Scott_Zolkos,szolkos@woodwellclimate.org,Zolkos_et_al_2020,61.93,-162.88,NA,NA,River,NA,83000000,NA,1,4.15,NA,NA,NA,NA,NA,NA,NA,NA,NA,NA,NA,NA,NA,NA,NA,NA,NA,NA,NA,NA,SZ,0,0,,
Yukon,NA,USA,NA,2013-05-15,U.S.G.S. Mercury Research Laboratory,Scott_Zolkos,szolkos@woodwellclimate.org,Zolkos_et_al_2020,61.93,-162.88,NA,NA,River,NA,83000000,NA,1,3.53,NA,NA,NA,NA,NA,NA,NA,NA,NA,NA,NA,NA,NA,NA,NA,NA,NA,NA,NA,NA,SZ,0,0,,
Yukon,NA,USA,NA,2013-09-11,U.S.G.S. Mercury Research Laboratory,Scott_Zolkos,szolkos@woodwellclimate.org,Zolkos_et_al_2020,61.93,-162.88,NA,NA,River,NA,83000000,NA,1,13.39,NA,NA,NA,NA,NA,NA,NA,NA,NA,NA,NA,NA,NA,NA,NA,NA,NA,NA,NA,NA,SZ,0,0,,
Yukon,NA,USA,NA,2013-11-06,U.S.G.S. Mercury Research Laboratory,Scott_Zolkos,szolkos@woodwellclimate.org,Zolkos_et_al_2020,61.93,-162.88,NA,NA,River,NA,83000000,NA,1,2.79,NA,NA,NA,NA,NA,NA,NA,NA,NA,NA,NA,NA,NA,NA,NA,NA,NA,NA,NA,NA,SZ,0,0,,
Yukon,NA,USA,NA,2014-02-13,U.S.G.S. Mercury Research Laboratory,Scott_Zolkos,szolkos@woodwellclimate.org,Zolkos_et_al_2020,61.93,-162.88,NA,NA,River,NA,83000000,NA,1,1.47,NA,NA,NA,NA,NA,NA,NA,NA,NA,NA,NA,NA,NA,NA,NA,NA,NA,NA,NA,NA,SZ,0,0,,
Yukon,NA,USA,NA,2014-04-17,U.S.G.S. Mercury Research Laboratory,Scott_Zolkos,szolkos@woodwellclimate.org,Zolkos_et_al_2020,61.93,-162.88,NA,NA,River,NA,83000000,NA,1,1.64,NA,NA,NA,NA,NA,NA,NA,NA,NA,NA,NA,NA,NA,NA,NA,NA,NA,NA,NA,NA,SZ,0,0,,
Yukon,NA,USA,NA,2014-06-23,U.S.G.S. Mercury Research Laboratory,Scott_Zolkos,szolkos@woodwellclimate.org,Zolkos_et_al_2020,61.93,-162.88,NA,NA,River,NA,83000000,NA,1,12.96,NA,NA,NA,NA,NA,NA,NA,NA,NA,NA,NA,NA,NA,NA,NA,NA,NA,NA,NA,NA,SZ,0,0,,
Yukon,NA,USA,NA,2014-08-29,U.S.G.S. Mercury Research Laboratory,Scott_Zolkos,szolkos@woodwellclimate.org,Zolkos_et_al_2020,61.93,-162.88,NA,NA,River,NA,83000000,NA,1,16.97,NA,NA,NA,NA,NA,NA,NA,NA,NA,NA,NA,NA,NA,NA,NA,NA,NA,NA,NA,NA,SZ,0,0,,
Yukon,NA,USA,NA,2015-02-26,U.S.G.S. Mercury Research Laboratory,Scott_Zolkos,szolkos@woodwellclimate.org,Zolkos_et_al_2020,61.93,-162.88,NA,NA,River,NA,83000000,NA,1,1.72,NA,NA,NA,NA,NA,NA,NA,NA,NA,NA,NA,NA,NA,NA,NA,NA,NA,NA,NA,NA,SZ,0,0,,
Yukon,NA,USA,NA,2015-06-11,U.S.G.S. Mercury Research Laboratory,Scott_Zolkos,szolkos@woodwellclimate.org,Zolkos_et_al_2020,61.93,-162.88,NA,NA,River,NA,83000000,NA,1,16.31,NA,NA,NA,NA,NA,NA,NA,NA,NA,NA,NA,NA,NA,NA,NA,NA,NA,NA,NA,NA,SZ,0,0,,
Yukon,NA,USA,NA,2015-08-18,U.S.G.S. Mercury Research Laboratory,Scott_Zolkos,szolkos@woodwellclimate.org,Zolkos_et_al_2020,61.93,-162.88,NA,NA,River,NA,83000000,NA,1,10.36,NA,NA,NA,NA,NA,NA,NA,NA,NA,NA,NA,NA,NA,NA,NA,NA,NA,NA,NA,NA,SZ,0,0,,
Yukon,NA,USA,NA,2015-10-01,U.S.G.S. Mercury Research Laboratory,Scott_Zolkos,szolkos@woodwellclimate.org,Zolkos_et_al_2020,61.93,-162.88,NA,NA,River,NA,83000000,NA,1,16.04,NA,NA,NA,NA,NA,NA,NA,NA,NA,NA,NA,NA,NA,NA,NA,NA,NA,NA,NA,NA,SZ,0,0,,
Yukon,NA,USA,NA,2016-01-14,U.S.G.S. Mercury Research Laboratory,Scott_Zolkos,szolkos@woodwellclimate.org,Zolkos_et_al_2020,61.93,-162.88,NA,NA,River,NA,83000000,NA,1,7.45,NA,NA,NA,NA,NA,NA,NA,NA,NA,NA,NA,NA,NA,NA,NA,NA,NA,NA,NA,NA,SZ,0,0,,
Yukon,NA,USA,NA,2016-03-03,U.S.G.S. Mercury Research Laboratory,Scott_Zolkos,szolkos@woodwellclimate.org,Zolkos_et_al_2020,61.93,-162.88,NA,NA,River,NA,83000000,NA,1,3.59,NA,NA,NA,NA,NA,NA,NA,NA,NA,NA,NA,NA,NA,NA,NA,NA,NA,NA,NA,NA,SZ,0,0,,
Yukon,NA,USA,NA,2016-04-14,U.S.G.S. Mercury Research Laboratory,Scott_Zolkos,szolkos@woodwellclimate.org,Zolkos_et_al_2020,61.93,-162.88,NA,NA,River,NA,83000000,NA,1,10.9,NA,NA,NA,NA,NA,NA,NA,NA,NA,NA,NA,NA,NA,NA,NA,NA,NA,NA,NA,NA,SZ,0,0,,
Yukon,NA,USA,NA,2016-06-13,U.S.G.S. Mercury Research Laboratory,Scott_Zolkos,szolkos@woodwellclimate.org,Zolkos_et_al_2020,61.93,-162.88,NA,NA,River,NA,83000000,NA,1,14.11,NA,NA,NA,NA,NA,NA,NA,NA,NA,NA,NA,NA,NA,NA,NA,NA,NA,NA,NA,NA,SZ,0,0,,
Yukon,NA,USA,NA,2016-09-01,U.S.G.S. Mercury Research Laboratory,Scott_Zolkos,szolkos@woodwellclimate.org,Zolkos_et_al_2020,61.93,-162.88,NA,NA,River,NA,83000000,NA,1,11.36,NA,NA,NA,NA,NA,NA,NA,NA,NA,NA,NA,NA,NA,NA,NA,NA,NA,NA,NA,NA,SZ,0,0,,
Yukon,NA,USA,NA,2016-10-14,U.S.G.S. Mercury Research Laboratory,Scott_Zolkos,szolkos@woodwellclimate.org,Zolkos_et_al_2020,61.93,-162.88,NA,NA,River,NA,83000000,NA,1,11.58,NA,NA,NA,NA,NA,NA,NA,NA,NA,NA,NA,NA,NA,NA,NA,NA,NA,NA,NA,NA,SZ,0,0,,
Yukon,NA,USA,NA,2016-12-19,U.S.G.S. Mercury Research Laboratory,Scott_Zolkos,szolkos@woodwellclimate.org,Zolkos_et_al_2020,61.93,-162.88,NA,NA,River,NA,83000000,NA,1,2.13,NA,NA,NA,NA,NA,NA,NA,NA,NA,NA,NA,NA,NA,NA,NA,NA,NA,NA,NA,NA,SZ,0,0,,
Yukon,NA,USA,NA,2017-02-22,U.S.G.S. Mercury Research Laboratory,Scott_Zolkos,szolkos@woodwellclimate.org,Zolkos_et_al_2020,61.93,-162.88,NA,NA,River,NA,83000000,NA,1,1.55,NA,NA,NA,NA,NA,NA,NA,NA,NA,NA,NA,NA,NA,NA,NA,NA,NA,NA,NA,NA,SZ,0,0,,
Yukon,NA,USA,NA,2017-04-18,U.S.G.S. Mercury Research Laboratory,Scott_Zolkos,szolkos@woodwellclimate.org,Zolkos_et_al_2020,61.93,-162.88,NA,NA,River,NA,83000000,NA,1,18.22,NA,NA,NA,NA,NA,NA,NA,NA,NA,NA,NA,NA,NA,NA,NA,NA,NA,NA,NA,NA,SZ,0,0,,
Yukon,NA,USA,NA,2017-07-04,U.S.G.S. Mercury Research Laboratory,Scott_Zolkos,szolkos@woodwellclimate.org,Zolkos_et_al_2020,61.93,-162.88,NA,NA,River,NA,83000000,NA,1,11.46,NA,NA,NA,NA,NA,NA,NA,NA,NA,NA,NA,NA,NA,NA,NA,NA,NA,NA,NA,NA,SZ,0,0,,
Yukon,NA,USA,NA,2017-08-24,U.S.G.S. Mercury Research Laboratory,Scott_Zolkos,szolkos@woodwellclimate.org,Zolkos_et_al_2020,61.93,-162.88,NA,NA,River,NA,83000000,NA,1,14.99,NA,NA,NA,NA,NA,NA,NA,NA,NA,NA,NA,NA,NA,NA,NA,NA,NA,NA,NA,NA,SZ,0,0,,
Yukon,NA,USA,NA,2017-10-18,U.S.G.S. Mercury Research Laboratory,Scott_Zolkos,szolkos@woodwellclimate.org,Zolkos_et_al_2020,61.93,-162.88,NA,NA,River,NA,83000000,NA,1,12.08,NA,NA,NA,NA,NA,NA,NA,NA,NA,NA,NA,NA,NA,NA,NA,NA,NA,NA,NA,NA,SZ,0,0,,
Mackenzie,NA,Canada,NA,2012-06-07,U.S.G.S. Mercury Research Laboratory,Scott_Zolkos,szolkos@woodwellclimate.org,Zolkos_et_al_2020,67.45,-133.74,NA,NA,River,NA,170000000,NA,1,20.98,NA,NA,NA,NA,NA,NA,NA,NA,NA,NA,NA,NA,NA,NA,NA,NA,NA,NA,NA,NA,SZ,0,1,,
Mackenzie,NA,Canada,NA,2012-08-09,U.S.G.S. Mercury Research Laboratory,Scott_Zolkos,szolkos@woodwellclimate.org,Zolkos_et_al_2020,67.45,-133.74,NA,NA,River,NA,170000000,NA,1,6.7,NA,NA,NA,NA,NA,NA,NA,NA,NA,NA,NA,NA,NA,NA,NA,NA,NA,NA,NA,NA,SZ,0,0,,
Mackenzie,NA,Canada,NA,2012-10-03,U.S.G.S. Mercury Research Laboratory,Scott_Zolkos,szolkos@woodwellclimate.org,Zolkos_et_al_2020,67.45,-133.74,NA,NA,River,NA,170000000,NA,1,4.14,NA,NA,NA,NA,NA,NA,NA,NA,NA,NA,NA,NA,NA,NA,NA,NA,NA,NA,NA,NA,SZ,0,0,,
Mackenzie,NA,Canada,NA,2012-11-30,U.S.G.S. Mercury Research Laboratory,Scott_Zolkos,szolkos@woodwellclimate.org,Zolkos_et_al_2020,67.45,-133.74,NA,NA,River,NA,170000000,NA,1,1.7,NA,NA,NA,NA,NA,NA,NA,NA,NA,NA,NA,NA,NA,NA,NA,NA,NA,NA,NA,NA,SZ,0,0,,
Mackenzie,NA,Canada,NA,2013-01-26,U.S.G.S. Mercury Research Laboratory,Scott_Zolkos,szolkos@woodwellclimate.org,Zolkos_et_al_2020,67.45,-133.74,NA,NA,River,NA,170000000,NA,1,1.19,NA,NA,NA,NA,NA,NA,NA,NA,NA,NA,NA,NA,NA,NA,NA,NA,NA,NA,NA,NA,SZ,0,0,,
Mackenzie,NA,Canada,NA,2013-03-29,U.S.G.S. Mercury Research Laboratory,Scott_Zolkos,szolkos@woodwellclimate.org,Zolkos_et_al_2020,67.45,-133.74,NA,NA,River,NA,170000000,NA,1,2.55,NA,NA,NA,NA,NA,NA,NA,NA,NA,NA,NA,NA,NA,NA,NA,NA,NA,NA,NA,NA,SZ,0,0,,
Mackenzie,NA,Canada,NA,2013-06-18,U.S.G.S. Mercury Research Laboratory,Scott_Zolkos,szolkos@woodwellclimate.org,Zolkos_et_al_2020,67.45,-133.74,NA,NA,River,NA,170000000,NA,1,17.67,NA,NA,NA,NA,NA,NA,NA,NA,NA,NA,NA,NA,NA,NA,NA,NA,NA,NA,NA,NA,SZ,0,0,,
Mackenzie,NA,Canada,NA,2013-07-18,U.S.G.S. Mercury Research Laboratory,Scott_Zolkos,szolkos@woodwellclimate.org,Zolkos_et_al_2020,67.45,-133.74,NA,NA,River,NA,170000000,NA,1,12.49,NA,NA,NA,NA,NA,NA,NA,NA,NA,NA,NA,NA,NA,NA,NA,NA,NA,NA,NA,NA,SZ,0,0,,
Mackenzie,NA,Canada,NA,2013-09-01,U.S.G.S. Mercury Research Laboratory,Scott_Zolkos,szolkos@woodwellclimate.org,Zolkos_et_al_2020,67.45,-133.74,NA,NA,River,NA,170000000,NA,1,5.52,NA,NA,NA,NA,NA,NA,NA,NA,NA,NA,NA,NA,NA,NA,NA,NA,NA,NA,NA,NA,SZ,0,0,,
Mackenzie,NA,Canada,NA,2013-11-30,U.S.G.S. Mercury Research Laboratory,Scott_Zolkos,szolkos@woodwellclimate.org,Zolkos_et_al_2020,67.45,-133.74,NA,NA,River,NA,170000000,NA,1,1,NA,NA,NA,NA,NA,NA,NA,NA,NA,NA,NA,NA,NA,NA,NA,NA,NA,NA,NA,NA,SZ,0,0,,
Mackenzie,NA,Canada,NA,2014-02-01,U.S.G.S. Mercury Research Laboratory,Scott_Zolkos,szolkos@woodwellclimate.org,Zolkos_et_al_2020,67.45,-133.74,NA,NA,River,NA,170000000,NA,1,2.2,NA,NA,NA,NA,NA,NA,NA,NA,NA,NA,NA,NA,NA,NA,NA,NA,NA,NA,NA,NA,SZ,0,0,,
Mackenzie,NA,Canada,NA,2014-04-16,U.S.G.S. Mercury Research Laboratory,Scott_Zolkos,szolkos@woodwellclimate.org,Zolkos_et_al_2020,67.45,-133.74,NA,NA,River,NA,170000000,NA,1,1.19,NA,NA,NA,NA,NA,NA,NA,NA,NA,NA,NA,NA,NA,NA,NA,NA,NA,NA,NA,NA,SZ,0,0,,
Mackenzie,NA,Canada,NA,2014-06-06,U.S.G.S. Mercury Research Laboratory,Scott_Zolkos,szolkos@woodwellclimate.org,Zolkos_et_al_2020,67.45,-133.74,NA,NA,River,NA,170000000,NA,1,9.63,NA,NA,NA,NA,NA,NA,NA,NA,NA,NA,NA,NA,NA,NA,NA,NA,NA,NA,NA,NA,SZ,0,0,,
Mackenzie,NA,Canada,NA,2014-08-09,U.S.G.S. Mercury Research Laboratory,Scott_Zolkos,szolkos@woodwellclimate.org,Zolkos_et_al_2020,67.45,-133.74,NA,NA,River,NA,170000000,NA,1,5.91,NA,NA,NA,NA,NA,NA,NA,NA,NA,NA,NA,NA,NA,NA,NA,NA,NA,NA,NA,NA,SZ,0,0,,
Mackenzie,NA,Canada,NA,2014-10-13,U.S.G.S. Mercury Research Laboratory,Scott_Zolkos,szolkos@woodwellclimate.org,Zolkos_et_al_2020,67.45,-133.74,NA,NA,River,NA,170000000,NA,1,2.66,NA,NA,NA,NA,NA,NA,NA,NA,NA,NA,NA,NA,NA,NA,NA,NA,NA,NA,NA,NA,SZ,0,0,,
Mackenzie,NA,Canada,NA,2014-12-24,U.S.G.S. Mercury Research Laboratory,Scott_Zolkos,szolkos@woodwellclimate.org,Zolkos_et_al_2020,67.45,-133.74,NA,NA,River,NA,170000000,NA,1,1.06,NA,NA,NA,NA,NA,NA,NA,NA,NA,NA,NA,NA,NA,NA,NA,NA,NA,NA,NA,NA,SZ,0,0,,
Mackenzie,NA,Canada,NA,2015-01-21,U.S.G.S. Mercury Research Laboratory,Scott_Zolkos,szolkos@woodwellclimate.org,Zolkos_et_al_2020,67.45,-133.74,NA,NA,River,NA,170000000,NA,1,2.25,NA,NA,NA,NA,NA,NA,NA,NA,NA,NA,NA,NA,NA,NA,NA,NA,NA,NA,NA,NA,SZ,0,0,,
Mackenzie,NA,Canada,NA,2015-03-26,U.S.G.S. Mercury Research Laboratory,Scott_Zolkos,szolkos@woodwellclimate.org,Zolkos_et_al_2020,67.45,-133.74,NA,NA,River,NA,170000000,NA,1,1.95,NA,NA,NA,NA,NA,NA,NA,NA,NA,NA,NA,NA,NA,NA,NA,NA,NA,NA,NA,NA,SZ,0,0,,
Mackenzie,NA,Canada,NA,2015-04-24,U.S.G.S. Mercury Research Laboratory,Scott_Zolkos,szolkos@woodwellclimate.org,Zolkos_et_al_2020,67.45,-133.74,NA,NA,River,NA,170000000,NA,1,3.16,NA,NA,NA,NA,NA,NA,NA,NA,NA,NA,NA,NA,NA,NA,NA,NA,NA,NA,NA,NA,SZ,0,0,,
Mackenzie,NA,Canada,NA,2015-07-11,U.S.G.S. Mercury Research Laboratory,Scott_Zolkos,szolkos@woodwellclimate.org,Zolkos_et_al_2020,67.45,-133.74,NA,NA,River,NA,170000000,NA,1,8.98,NA,NA,NA,NA,NA,NA,NA,NA,NA,NA,NA,NA,NA,NA,NA,NA,NA,NA,NA,NA,SZ,0,0,,
Mackenzie,NA,Canada,NA,2015-09-13,U.S.G.S. Mercury Research Laboratory,Scott_Zolkos,szolkos@woodwellclimate.org,Zolkos_et_al_2020,67.45,-133.74,NA,NA,River,NA,170000000,NA,1,8.46,NA,NA,NA,NA,NA,NA,NA,NA,NA,NA,NA,NA,NA,NA,NA,NA,NA,NA,NA,NA,SZ,0,0,,
Mackenzie,NA,Canada,NA,2015-11-17,U.S.G.S. Mercury Research Laboratory,Scott_Zolkos,szolkos@woodwellclimate.org,Zolkos_et_al_2020,67.45,-133.74,NA,NA,River,NA,170000000,NA,1,3.84,NA,NA,NA,NA,NA,NA,NA,NA,NA,NA,NA,NA,NA,NA,NA,NA,NA,NA,NA,NA,SZ,0,0,,
Mackenzie,NA,Canada,NA,2016-01-31,U.S.G.S. Mercury Research Laboratory,Scott_Zolkos,szolkos@woodwellclimate.org,Zolkos_et_al_2020,67.45,-133.74,NA,NA,River,NA,170000000,NA,1,0.97,NA,NA,NA,NA,NA,NA,NA,NA,NA,NA,NA,NA,NA,NA,NA,NA,NA,NA,NA,NA,SZ,1,0,,
Mackenzie,NA,Canada,NA,2016-04-23,U.S.G.S. Mercury Research Laboratory,Scott_Zolkos,szolkos@woodwellclimate.org,Zolkos_et_al_2020,67.45,-133.74,NA,NA,River,NA,170000000,NA,1,1.48,NA,NA,NA,NA,NA,NA,NA,NA,NA,NA,NA,NA,NA,NA,NA,NA,NA,NA,NA,NA,SZ,0,0,,
Mackenzie,NA,Canada,NA,2016-06-05,U.S.G.S. Mercury Research Laboratory,Scott_Zolkos,szolkos@woodwellclimate.org,Zolkos_et_al_2020,67.45,-133.74,NA,NA,River,NA,170000000,NA,1,9.61,NA,NA,NA,NA,NA,NA,NA,NA,NA,NA,NA,NA,NA,NA,NA,NA,NA,NA,NA,NA,SZ,0,0,,
Mackenzie,NA,Canada,NA,2016-08-21,U.S.G.S. Mercury Research Laboratory,Scott_Zolkos,szolkos@woodwellclimate.org,Zolkos_et_al_2020,67.45,-133.74,NA,NA,River,NA,170000000,NA,1,7.01,NA,NA,NA,NA,NA,NA,NA,NA,NA,NA,NA,NA,NA,NA,NA,NA,NA,NA,NA,NA,SZ,0,0,,
Mackenzie,NA,Canada,NA,2016-10-02,U.S.G.S. Mercury Research Laboratory,Scott_Zolkos,szolkos@woodwellclimate.org,Zolkos_et_al_2020,67.45,-133.74,NA,NA,River,NA,170000000,NA,1,5.95,NA,NA,NA,NA,NA,NA,NA,NA,NA,NA,NA,NA,NA,NA,NA,NA,NA,NA,NA,NA,SZ,0,0,,
Mackenzie,NA,Canada,NA,2016-12-01,U.S.G.S. Mercury Research Laboratory,Scott_Zolkos,szolkos@woodwellclimate.org,Zolkos_et_al_2020,67.45,-133.74,NA,NA,River,NA,170000000,NA,1,2.66,NA,NA,NA,NA,NA,NA,NA,NA,NA,NA,NA,NA,NA,NA,NA,NA,NA,NA,NA,NA,SZ,0,0,,
Mackenzie,NA,Canada,NA,2017-02-22,U.S.G.S. Mercury Research Laboratory,Scott_Zolkos,szolkos@woodwellclimate.org,Zolkos_et_al_2020,67.45,-133.74,NA,NA,River,NA,170000000,NA,1,1.58,NA,NA,NA,NA,NA,NA,NA,NA,NA,NA,NA,NA,NA,NA,NA,NA,NA,NA,NA,NA,SZ,0,0,,
Mackenzie,NA,Canada,NA,2017-04-25,U.S.G.S. Mercury Research Laboratory,Scott_Zolkos,szolkos@woodwellclimate.org,Zolkos_et_al_2020,67.45,-133.74,NA,NA,River,NA,170000000,NA,1,2.11,NA,NA,NA,NA,NA,NA,NA,NA,NA,NA,NA,NA,NA,NA,NA,NA,NA,NA,NA,NA,SZ,0,0,,
Mackenzie,NA,Canada,NA,2017-06-29,U.S.G.S. Mercury Research Laboratory,Scott_Zolkos,szolkos@woodwellclimate.org,Zolkos_et_al_2020,67.45,-133.74,NA,NA,River,NA,170000000,NA,1,8.88,NA,NA,NA,NA,NA,NA,NA,NA,NA,NA,NA,NA,NA,NA,NA,NA,NA,NA,NA,NA,SZ,0,0,,
Mackenzie,NA,Canada,NA,2017-08-28,U.S.G.S. Mercury Research Laboratory,Scott_Zolkos,szolkos@woodwellclimate.org,Zolkos_et_al_2020,67.45,-133.74,NA,NA,River,NA,170000000,NA,1,6.69,NA,NA,NA,NA,NA,NA,NA,NA,NA,NA,NA,NA,NA,NA,NA,NA,NA,NA,NA,NA,SZ,0,0,,
Mackenzie,NA,Canada,NA,2017-11-28,U.S.G.S. Mercury Research Laboratory,Scott_Zolkos,szolkos@woodwellclimate.org,Zolkos_et_al_2020,67.45,-133.74,NA,NA,River,NA,170000000,NA,1,3.27,NA,NA,NA,NA,NA,NA,NA,NA,NA,NA,NA,NA,NA,NA,NA,NA,NA,NA,NA,NA,SZ,0,0,,
Alaska,Denali,USA,8 mile lake upper inlet,2015-08-15,Desert Research Institute,Christine_Olson,christine.olson@colorado.edu,Olson_et_al_unpublished,63.88876,-149.25181,NA,NA,Lake,NA,NA,NA,NA,2.16,NA,NA,NA,NA,NA,NA,NA,NA,34.44,NA,NA,NA,NA,NA,NA,NA,NA,NA,NA,NA,CO,0,0,,
Alaska,DHT,USA,Perm site 3 189-213cm,2015-08-07,Desert Research Institute,Christine_Olson,christine.olson@colorado.edu,Olson_et_al_unpublished,69.074167,-148.759167,NA,NA,Porewater,NA,6660000,NA,NA,0.46,NA,NA,NA,NA,NA,NA,149.3,NA,NA,NA,NA,NA,NA,NA,NA,NA,NA,NA,NA,NA,CO,1,0,,
Alaska,DHT,USA,Perm site 3 189-213cm,2015-08-08,Desert Research Institute,Christine_Olson,christine.olson@colorado.edu,Olson_et_al_unpublished,69.074167,-148.759167,NA,NA,Porewater,NA,6660000,NA,NA,0.23,NA,NA,NA,NA,NA,NA,13.72,NA,NA,NA,NA,NA,NA,NA,NA,NA,NA,NA,NA,NA,CO,1,0,,
Alaska,DHT,USA,Perm site 3 189-213cm,2015-08-09,Desert Research Institute,Christine_Olson,christine.olson@colorado.edu,Olson_et_al_unpublished,69.074167,-148.759167,NA,NA,Porewater,NA,6660000,NA,NA,0,NA,NA,NA,NA,NA,NA,14.36,NA,NA,NA,NA,NA,NA,NA,NA,NA,NA,NA,NA,NA,CO,1,0,,
Alaska,DHT,USA,Perm site 3 138-189 cm,2015-08-10,Desert Research Institute,Christine_Olson,christine.olson@colorado.edu,Olson_et_al_unpublished,69.074167,-148.759167,NA,NA,Porewater,NA,6660000,NA,NA,0.26,NA,NA,NA,NA,NA,NA,13,NA,NA,NA,NA,NA,NA,NA,NA,NA,NA,NA,NA,NA,CO,1,0,,
Alaska,DHT,USA,Perm site 3 138-189 cm,2015-08-11,Desert Research Institute,Christine_Olson,christine.olson@colorado.edu,Olson_et_al_unpublished,69.074167,-148.759167,NA,NA,Porewater,NA,6660000,NA,NA,0.06,NA,NA,NA,NA,NA,NA,24.9,NA,NA,NA,NA,NA,NA,NA,NA,NA,NA,NA,NA,NA,CO,1,0,,
Alaska,DHT,USA,Perm site 2 core 2 upper (106-134 cm),2015-08-12,Desert Research Institute,Christine_Olson,christine.olson@colorado.edu,Olson_et_al_unpublished,68.756917,-148.892639,NA,NA,Porewater,NA,6660000,NA,NA,1.69,NA,NA,NA,NA,NA,NA,28.35,NA,NA,NA,NA,NA,NA,NA,NA,NA,NA,NA,NA,NA,CO,0,0,,
Alaska,DHT,USA,Perm site 2 core 2 upper (106-134 cm),2015-08-13,Desert Research Institute,Christine_Olson,christine.olson@colorado.edu,Olson_et_al_unpublished,68.756917,-148.892639,NA,NA,Porewater,NA,6660000,NA,NA,0.86,NA,NA,NA,NA,NA,NA,0.4,NA,NA,NA,NA,NA,NA,NA,NA,NA,NA,NA,NA,NA,CO,1,0,,
Alaska,DHT,USA,Perm site 2 core 2 upper (106-134 cm),2015-08-14,Desert Research Institute,Christine_Olson,christine.olson@colorado.edu,Olson_et_al_unpublished,68.756917,-148.892639,NA,NA,Porewater,NA,6660000,NA,NA,0.66,NA,NA,NA,NA,NA,NA,1.28,NA,NA,NA,NA,NA,NA,NA,NA,NA,NA,NA,NA,NA,CO,1,0,,
Alaska,DHT,USA,Perm site 3 39-85cm,2015-08-15,Desert Research Institute,Christine_Olson,christine.olson@colorado.edu,Olson_et_al_unpublished,69.074167,-148.759167,NA,NA,Porewater,NA,6660000,NA,NA,0.51,NA,NA,NA,NA,NA,NA,28.03,NA,NA,NA,NA,NA,NA,NA,NA,NA,NA,NA,NA,NA,CO,1,0,,
Alaska,DHT,USA,Perm site 3 39-85cm,2015-08-16,Desert Research Institute,Christine_Olson,christine.olson@colorado.edu,Olson_et_al_unpublished,69.074167,-148.759167,NA,NA,Porewater,NA,6660000,NA,NA,0.81,NA,NA,NA,NA,NA,NA,41.74,NA,NA,NA,NA,NA,NA,NA,NA,NA,NA,NA,NA,NA,CO,1,0,,
Alaska,DHT,USA,Perm site 2 core 2 lower (134-170 cm),2015-08-17,Desert Research Institute,Christine_Olson,christine.olson@colorado.edu,Olson_et_al_unpublished,68.756917,-148.892639,NA,NA,Porewater,NA,6660000,NA,NA,1.09,NA,NA,NA,NA,NA,NA,71.82,NA,NA,NA,NA,NA,NA,NA,NA,NA,NA,NA,NA,NA,CO,0,0,,
Alaska,DHT,USA,Perm site 2 core 2 lower (134-170 cm),2015-08-18,Desert Research Institute,Christine_Olson,christine.olson@colorado.edu,Olson_et_al_unpublished,68.756917,-148.892639,NA,NA,Porewater,NA,6660000,NA,NA,0.1,NA,NA,NA,NA,NA,NA,94.14,NA,NA,NA,NA,NA,NA,NA,NA,NA,NA,NA,NA,NA,CO,1,0,,
Alaska,DHT,USA,Perm site 1 core 1 (35-75 cm),2015-08-19,Desert Research Institute,Christine_Olson,christine.olson@colorado.edu,Olson_et_al_unpublished,68.614031,-149.309481,NA,NA,Porewater,NA,6660000,NA,NA,2.4,NA,NA,NA,NA,NA,NA,26.06,NA,NA,NA,NA,NA,NA,NA,NA,NA,NA,NA,NA,NA,CO,0,0,,
Alaska,DHT,USA,Perm site 1 core 1 (35-75 cm),2015-08-20,Desert Research Institute,Christine_Olson,christine.olson@colorado.edu,Olson_et_al_unpublished,68.614031,-149.309481,NA,NA,Porewater,NA,6660000,NA,NA,3.2,NA,NA,NA,NA,NA,NA,25.71,NA,NA,NA,NA,NA,NA,NA,NA,NA,NA,NA,NA,NA,CO,0,0,,
Alaska,DHT,USA,Site 4 stream,2015-08-21,Desert Research Institute,Christine_Olson,christine.olson@colorado.edu,Olson_et_al_unpublished,69.146361,-148.853889,NA,NA,River,NA,6660000,NA,NA,0.98,NA,NA,NA,NA,NA,NA,NA,NA,6.68,NA,NA,NA,NA,NA,NA,NA,NA,NA,NA,NA,CO,1,0,,
Alaska,DHT,USA,pit 4 (bottom),2015-08-22,Desert Research Institute,Christine_Olson,christine.olson@colorado.edu,Olson_et_al_unpublished,69.146361,-148.853889,NA,NA,Porewater,NA,6660000,NA,NA,2.81,NA,NA,NA,NA,NA,NA,NA,NA,33.13,NA,NA,NA,NA,NA,NA,NA,NA,NA,NA,NA,CO,0,0,,
Alaska,DHT,USA,Pit 4 soil solution,2015-08-23,Desert Research Institute,Christine_Olson,christine.olson@colorado.edu,Olson_et_al_unpublished,69.146361,-148.853889,NA,NA,Porewater,NA,6660000,NA,NA,4.68,NA,NA,NA,NA,NA,NA,NA,NA,15.52,NA,NA,NA,NA,NA,NA,NA,NA,NA,NA,NA,CO,0,0,,
Alaska,DHT,USA,Pit2/transect S12 Bottom,2015-08-24,Desert Research Institute,Christine_Olson,christine.olson@colorado.edu,Olson_et_al_unpublished,69.146361,-148.853889,NA,NA,Porewater,NA,6660000,NA,NA,4.68,NA,NA,NA,NA,NA,NA,NA,NA,18.09,NA,NA,NA,NA,NA,NA,NA,NA,NA,NA,NA,CO,0,0,,
Alaska,Toolik,USA,Toolik Lake,2015-08-25,Desert Research Institute,Christine_Olson,christine.olson@colorado.edu,Olson_et_al_unpublished,68.630692,-149.61064,NA,NA,Lake,NA,6690,NA,NA,1.24,NA,NA,NA,NA,NA,NA,6.01,NA,NA,NA,NA,NA,NA,NA,NA,NA,NA,NA,NA,NA,CO,0,0,,
Alaska,Toolik,USA,Toolike Lake,2015-08-26,Desert Research Institute,Christine_Olson,christine.olson@colorado.edu,Olson_et_al_unpublished,68.630692,-149.61064,NA,NA,Lake,NA,6690,NA,NA,1.12,NA,NA,NA,NA,NA,NA,NA,NA,4.94,NA,NA,NA,NA,NA,NA,NA,NA,NA,NA,NA,CO,0,0,,
Alaska,Toolik,USA,Stream solution 1a close to the hut,2015-08-27,Desert Research Institute,Christine_Olson,christine.olson@colorado.edu,Olson_et_al_unpublished,68.630692,-149.61064,NA,NA,River,NA,6690,NA,NA,0.83,NA,NA,NA,NA,NA,NA,8.61,NA,NA,NA,NA,NA,NA,NA,NA,NA,NA,NA,NA,NA,CO,1,0,,
Alaska,Toolik,USA,Stream solution 1b close to the hut,2015-08-28,Desert Research Institute,Christine_Olson,christine.olson@colorado.edu,Olson_et_al_unpublished,68.630692,-149.61064,NA,NA,River,NA,6690,NA,NA,0.23,NA,NA,NA,NA,NA,NA,8.69,NA,NA,NA,NA,NA,NA,NA,NA,NA,NA,NA,NA,NA,CO,1,0,,
Alaska,Toolik,USA,Stream solution 2a close to the station,2015-08-29,Desert Research Institute,Christine_Olson,christine.olson@colorado.edu,Olson_et_al_unpublished,68.630692,-149.61064,NA,NA,River,NA,6690,NA,NA,2.81,NA,NA,NA,NA,NA,NA,6.57,NA,NA,NA,NA,NA,NA,NA,NA,NA,NA,NA,NA,NA,CO,0,0,,
Alaska,Toolik,USA,Stream solution 2b close to the station,2015-08-30,Desert Research Institute,Christine_Olson,christine.olson@colorado.edu,Olson_et_al_unpublished,68.630692,-149.61064,NA,NA,River,NA,6690,NA,NA,0.38,NA,NA,NA,NA,NA,NA,6.38,NA,NA,NA,NA,NA,NA,NA,NA,NA,NA,NA,NA,NA,CO,1,0,,
Alaska,Toolik,USA,Toolik stream inlet,2015-08-31,Desert Research Institute,Christine_Olson,christine.olson@colorado.edu,Olson_et_al_unpublished,68.630692,-149.61064,NA,NA,River,NA,6690,NA,NA,1.06,NA,NA,NA,NA,NA,NA,NA,NA,4.51,NA,NA,NA,NA,NA,NA,NA,NA,NA,NA,NA,CO,0,0,,
Alaska,Toolik,USA,Wetland input to lake,2015-09-01,Desert Research Institute,Christine_Olson,christine.olson@colorado.edu,Olson_et_al_unpublished,68.630692,-149.61064,NA,NA,River,NA,6690,NA,NA,0.76,NA,NA,NA,NA,NA,NA,NA,NA,6.24,NA,NA,NA,NA,NA,NA,NA,NA,NA,NA,NA,CO,1,0,,
Alaska,Toolik,USA,Soil solution snow melt/surface bis,2015-09-02,Desert Research Institute,Christine_Olson,christine.olson@colorado.edu,Olson_et_al_unpublished,68.630692,-149.61064,NA,NA,Porewater,NA,6690,NA,NA,3.15,NA,NA,NA,NA,NA,NA,9.36,NA,NA,NA,NA,NA,NA,NA,NA,NA,NA,NA,NA,NA,CO,0,0,,
Alaska,Toolik,USA,Soil solution snow melt/surface solut°,2015-09-03,Desert Research Institute,Christine_Olson,christine.olson@colorado.edu,Olson_et_al_unpublished,68.630692,-149.61064,NA,NA,Porewater,NA,6690,NA,NA,1.94,NA,NA,NA,NA,NA,NA,8.13,NA,NA,NA,NA,NA,NA,NA,NA,NA,NA,NA,NA,NA,CO,0,0,,
Alaska,Toolik,USA,Soil solution vegetation horizon,2015-09-04,Desert Research Institute,Christine_Olson,christine.olson@colorado.edu,Olson_et_al_unpublished,68.630692,-149.61064,NA,NA,Porewater,NA,6690,NA,NA,1.01,NA,NA,NA,NA,NA,NA,14.53,NA,NA,NA,NA,NA,NA,NA,NA,NA,NA,NA,NA,NA,CO,0,0,,
Alaska,Toolik,USA,Soil solution vegetation horizon bis,2015-09-05,Desert Research Institute,Christine_Olson,christine.olson@colorado.edu,Olson_et_al_unpublished,68.630692,-149.61064,NA,NA,Porewater,NA,6690,NA,NA,1.75,NA,NA,NA,NA,NA,NA,10.93,NA,NA,NA,NA,NA,NA,NA,NA,NA,NA,NA,NA,NA,CO,0,0,,
Alaska,Toolik,USA,Soil solution O horizon,2015-09-06,Desert Research Institute,Christine_Olson,christine.olson@colorado.edu,Olson_et_al_unpublished,68.630692,-149.61064,NA,NA,Porewater,NA,6690,NA,NA,1.94,NA,NA,NA,NA,NA,NA,12.05,NA,NA,NA,NA,NA,NA,NA,NA,NA,NA,NA,NA,NA,CO,0,0,,
Alaska,Toolik,USA,Soil solution O horizon bis,2015-09-07,Desert Research Institute,Christine_Olson,christine.olson@colorado.edu,Olson_et_al_unpublished,68.630692,-149.61064,NA,NA,Porewater,NA,6690,NA,NA,3.15,NA,NA,NA,NA,NA,NA,8.51,NA,NA,NA,NA,NA,NA,NA,NA,NA,NA,NA,NA,NA,CO,0,0,,
Alaska,Toolik,USA,Soil solution O horizon ter,2015-09-08,Desert Research Institute,Christine_Olson,christine.olson@colorado.edu,Olson_et_al_unpublished,68.630692,-149.61064,NA,NA,Porewater,NA,6690,NA,NA,5.22,NA,NA,NA,NA,NA,NA,5.62,NA,NA,NA,NA,NA,NA,NA,NA,NA,NA,NA,NA,NA,CO,0,0,,
Alaska,Toolik,USA,Soil solution vegetation horizon ter,2015-09-09,Desert Research Institute,Christine_Olson,christine.olson@colorado.edu,Olson_et_al_unpublished,68.630692,-149.61064,NA,NA,Porewater,NA,6690,NA,NA,1.91,NA,NA,NA,NA,NA,NA,8.25,NA,NA,NA,NA,NA,NA,NA,NA,NA,NA,NA,NA,NA,CO,0,0,,
Alaska,Toolik,USA,wetland little pond,2015-09-10,Desert Research Institute,Christine_Olson,christine.olson@colorado.edu,Olson_et_al_unpublished,68.630692,-149.61064,NA,NA,Porewater,NA,6690,NA,NA,5.31,NA,NA,NA,NA,NA,NA,NA,NA,7.24,NA,NA,NA,NA,NA,NA,NA,NA,NA,NA,NA,CO,0,0,,
Alaska,Toolik,USA,Soil solution surface water/ snow malt ter,2015-09-11,Desert Research Institute,Christine_Olson,christine.olson@colorado.edu,Olson_et_al_unpublished,68.630692,-149.61064,NA,NA,Porewater,NA,6690,NA,NA,1.34,NA,NA,NA,NA,NA,NA,9.45,NA,NA,NA,NA,NA,NA,NA,NA,NA,NA,NA,NA,NA,CO,0,0,,
Alaska,"Toolik, Upland Transect",USA,Core 6 organic,2015-09-12,Desert Research Institute,Christine_Olson,christine.olson@colorado.edu,Olson_et_al_unpublished,68.630692,-149.61064,NA,NA,Porewater,NA,6690,NA,NA,2.59,NA,NA,NA,NA,NA,NA,9.14,NA,NA,NA,NA,NA,NA,NA,NA,NA,NA,NA,NA,NA,CO,0,0,,
Alaska,"Toolik, Upland Transect",USA,Core 6 organic,2015-09-13,Desert Research Institute,Christine_Olson,christine.olson@colorado.edu,Olson_et_al_unpublished,68.630692,-149.61064,NA,NA,Porewater,NA,6690,NA,NA,2.21,NA,NA,NA,NA,NA,NA,9.78,NA,NA,NA,NA,NA,NA,NA,NA,NA,NA,NA,NA,NA,CO,0,0,,
Alaska,"Toolik, Upland Transect",USA,Core 13 organic,2015-09-14,Desert Research Institute,Christine_Olson,christine.olson@colorado.edu,Olson_et_al_unpublished,68.630692,-149.61064,NA,NA,Porewater,NA,6690,NA,NA,0.96,NA,NA,NA,NA,NA,NA,9.38,NA,NA,NA,NA,NA,NA,NA,NA,NA,NA,NA,NA,NA,CO,1,0,,
Alaska,"Toolik, Upland Transect",USA,Core 13 organic,2015-09-15,Desert Research Institute,Christine_Olson,christine.olson@colorado.edu,Olson_et_al_unpublished,68.630692,-149.61064,NA,NA,Porewater,NA,6690,NA,NA,1.92,NA,NA,NA,NA,NA,NA,13.28,NA,NA,NA,NA,NA,NA,NA,NA,NA,NA,NA,NA,NA,CO,0,0,,
Alaska,"Toolik, Upland Transect",USA,Core 8 organic,2015-09-16,Desert Research Institute,Christine_Olson,christine.olson@colorado.edu,Olson_et_al_unpublished,68.630692,-149.61064,NA,NA,Porewater,NA,6690,NA,NA,3.35,NA,NA,NA,NA,NA,NA,20.78,NA,NA,NA,NA,NA,NA,NA,NA,NA,NA,NA,NA,NA,CO,0,0,,
Alaska,"Toolik, Upland Transect",USA,Core 8 organic,2015-09-17,Desert Research Institute,Christine_Olson,christine.olson@colorado.edu,Olson_et_al_unpublished,68.630692,-149.61064,NA,NA,Porewater,NA,6690,NA,NA,4.69,NA,NA,NA,NA,NA,NA,38.77,NA,NA,NA,NA,NA,NA,NA,NA,NA,NA,NA,NA,NA,CO,0,0,,
Alaska,"Toolik, Upland Transect",USA,AL Core 2 lower,2015-09-18,Desert Research Institute,Christine_Olson,christine.olson@colorado.edu,Olson_et_al_unpublished,68.630692,-149.61064,NA,NA,Porewater,NA,6690,NA,NA,5.42,NA,NA,NA,NA,NA,NA,4.11,NA,NA,NA,NA,NA,NA,NA,NA,NA,NA,NA,NA,NA,CO,0,0,,
Alaska,"Toolik, Upland Transect",USA,AL Core 2 lower deoxyg.,2015-09-19,Desert Research Institute,Christine_Olson,christine.olson@colorado.edu,Olson_et_al_unpublished,68.630692,-149.61064,NA,NA,Porewater,NA,6690,NA,NA,1.7,NA,NA,NA,NA,NA,NA,9.82,NA,NA,NA,NA,NA,NA,NA,NA,NA,NA,NA,NA,NA,CO,0,0,,
Alaska,"Toolik, Upland Transect",USA,AL Core 2 lower deoxyg.,2015-09-20,Desert Research Institute,Christine_Olson,christine.olson@colorado.edu,Olson_et_al_unpublished,68.630692,-149.61064,NA,NA,Porewater,NA,6690,NA,NA,0.9,NA,NA,NA,NA,NA,NA,2.27,NA,NA,NA,NA,NA,NA,NA,NA,NA,NA,NA,NA,NA,CO,1,0,,
Alaska,"Toolik, Upland Transect",USA,AL Core 2 lower deoxyg.,2015-09-21,Desert Research Institute,Christine_Olson,christine.olson@colorado.edu,Olson_et_al_unpublished,68.630692,-149.61064,NA,NA,Porewater,NA,6690,NA,NA,2.2,NA,NA,NA,NA,NA,NA,1.46,NA,NA,NA,NA,NA,NA,NA,NA,NA,NA,NA,NA,NA,CO,0,0,,
Alaska,"Toolik, Upland Transect",USA,AL Core 7 upper,2015-09-22,Desert Research Institute,Christine_Olson,christine.olson@colorado.edu,Olson_et_al_unpublished,68.630692,-149.61064,NA,NA,Porewater,NA,6690,NA,NA,4.46,NA,NA,NA,NA,NA,NA,4.87,NA,NA,NA,NA,NA,NA,NA,NA,NA,NA,NA,NA,NA,CO,0,0,,
Alaska,"Toolik, Upland Transect",USA,AL Core 7 upper,2015-09-23,Desert Research Institute,Christine_Olson,christine.olson@colorado.edu,Olson_et_al_unpublished,68.630692,-149.61064,NA,NA,Porewater,NA,6690,NA,NA,2.86,NA,NA,NA,NA,NA,NA,5.76,NA,NA,NA,NA,NA,NA,NA,NA,NA,NA,NA,NA,NA,CO,0,0,,
Alaska,"Toolik, Upland Transect",USA,AL Core 7 upper deoxyg.,2015-09-24,Desert Research Institute,Christine_Olson,christine.olson@colorado.edu,Olson_et_al_unpublished,68.630692,-149.61064,NA,NA,Porewater,NA,6690,NA,NA,3.3,NA,NA,NA,NA,NA,NA,3.95,NA,NA,NA,NA,NA,NA,NA,NA,NA,NA,NA,NA,NA,CO,0,0,,
Alaska,"Toolik, Upland Transect",USA,AL Core 7 upper deoxyg.,2015-09-25,Desert Research Institute,Christine_Olson,christine.olson@colorado.edu,Olson_et_al_unpublished,68.630692,-149.61064,NA,NA,Porewater,NA,6690,NA,NA,4,NA,NA,NA,NA,NA,NA,2.68,NA,NA,NA,NA,NA,NA,NA,NA,NA,NA,NA,NA,NA,CO,0,0,,
Alaska,"Toolik, Upland Transect",USA,AL Core 7 upper deoxyg.,2015-09-26,Desert Research Institute,Christine_Olson,christine.olson@colorado.edu,Olson_et_al_unpublished,68.630692,-149.61064,NA,NA,Porewater,NA,6690,NA,NA,4.1,NA,NA,NA,NA,NA,NA,3.04,NA,NA,NA,NA,NA,NA,NA,NA,NA,NA,NA,NA,NA,CO,0,0,,
Alaska,"Toolik, Upland Transect",USA,AL Core 2 upper,2015-09-27,Desert Research Institute,Christine_Olson,christine.olson@colorado.edu,Olson_et_al_unpublished,68.630692,-149.61064,NA,NA,Porewater,NA,6690,NA,NA,5.21,NA,NA,NA,NA,NA,NA,4.52,NA,NA,NA,NA,NA,NA,NA,NA,NA,NA,NA,NA,NA,CO,0,0,,
Alaska,"Toolik, Upland Transect",USA,Core 2 organic,2015-09-28,Desert Research Institute,Christine_Olson,christine.olson@colorado.edu,Olson_et_al_unpublished,68.630692,-149.61064,NA,NA,Porewater,NA,6690,NA,NA,1.03,NA,NA,NA,NA,NA,NA,30.49,NA,NA,NA,NA,NA,NA,NA,NA,NA,NA,NA,NA,NA,CO,0,0,,
Alaska,"Toolik, Upland Transect",USA,Core 2 organic,2015-09-29,Desert Research Institute,Christine_Olson,christine.olson@colorado.edu,Olson_et_al_unpublished,68.630692,-149.61064,NA,NA,Porewater,NA,6690,NA,NA,1.92,NA,NA,NA,NA,NA,NA,14.2,NA,NA,NA,NA,NA,NA,NA,NA,NA,NA,NA,NA,NA,CO,0,0,,
Alaska,"Toolik, Upland Transect",USA,Core 10 organic,2015-09-30,Desert Research Institute,Christine_Olson,christine.olson@colorado.edu,Olson_et_al_unpublished,68.630692,-149.61064,NA,NA,Porewater,NA,6690,NA,NA,3.06,NA,NA,NA,NA,NA,NA,12,NA,NA,NA,NA,NA,NA,NA,NA,NA,NA,NA,NA,NA,CO,0,0,,
Alaska,"Toolik, Upland Transect",USA,Core 10 organic,2015-10-01,Desert Research Institute,Christine_Olson,christine.olson@colorado.edu,Olson_et_al_unpublished,68.630692,-149.61064,NA,NA,Porewater,NA,6690,NA,NA,1.87,NA,NA,NA,NA,NA,NA,11.29,NA,NA,NA,NA,NA,NA,NA,NA,NA,NA,NA,NA,NA,CO,0,0,,
Alaska,"Toolik, Upland Transect",USA,Core 14 organic,2015-10-02,Desert Research Institute,Christine_Olson,christine.olson@colorado.edu,Olson_et_al_unpublished,68.630692,-149.61064,NA,NA,Porewater,NA,6690,NA,NA,14.53,NA,NA,NA,NA,NA,NA,28.78,NA,NA,NA,NA,NA,NA,NA,NA,NA,NA,NA,NA,NA,CO,0,0,,
Alaska,"Toolik, Upland Transect",USA,Core 14 organic,2015-10-03,Desert Research Institute,Christine_Olson,christine.olson@colorado.edu,Olson_et_al_unpublished,68.630692,-149.61064,NA,NA,Porewater,NA,6690,NA,NA,6.19,NA,NA,NA,NA,NA,NA,41.7,NA,NA,NA,NA,NA,NA,NA,NA,NA,NA,NA,NA,NA,CO,0,0,,
Alaska,"Toolik, Upland Transect",USA,Core 9 organic,2015-10-04,Desert Research Institute,Christine_Olson,christine.olson@colorado.edu,Olson_et_al_unpublished,68.630692,-149.61064,NA,NA,Porewater,NA,6690,NA,NA,2.05,NA,NA,NA,NA,NA,NA,12.57,NA,NA,NA,NA,NA,NA,NA,NA,NA,NA,NA,NA,NA,CO,0,0,,
Alaska,"Toolik, Upland Transect",USA,Core 9 organic,2015-10-05,Desert Research Institute,Christine_Olson,christine.olson@colorado.edu,Olson_et_al_unpublished,68.630692,-149.61064,NA,NA,Porewater,NA,6690,NA,NA,1.79,NA,NA,NA,NA,NA,NA,11.54,NA,NA,NA,NA,NA,NA,NA,NA,NA,NA,NA,NA,NA,CO,0,0,,
Alaska,"Toolik, Upland Transect",USA,AL Core 3,2015-10-06,Desert Research Institute,Christine_Olson,christine.olson@colorado.edu,Olson_et_al_unpublished,68.630692,-149.61064,NA,NA,Porewater,NA,6690,NA,NA,8.51,NA,NA,NA,NA,NA,NA,5.18,NA,NA,NA,NA,NA,NA,NA,NA,NA,NA,NA,NA,NA,CO,0,0,,
Alaska,"Toolik, Upland Transect",USA,AL Core 3,2015-10-07,Desert Research Institute,Christine_Olson,christine.olson@colorado.edu,Olson_et_al_unpublished,68.630692,-149.61064,NA,NA,Porewater,NA,6690,NA,NA,5.51,NA,NA,NA,NA,NA,NA,2.84,NA,NA,NA,NA,NA,NA,NA,NA,NA,NA,NA,NA,NA,CO,0,0,,
Alaska,"Toolik, Upland Transect",USA,Core 12 organic,2015-10-08,Desert Research Institute,Christine_Olson,christine.olson@colorado.edu,Olson_et_al_unpublished,68.630692,-149.61064,NA,NA,Porewater,NA,6690,NA,NA,2.24,NA,NA,NA,NA,NA,NA,12.11,NA,NA,NA,NA,NA,NA,NA,NA,NA,NA,NA,NA,NA,CO,0,0,,
Alaska,"Toolik, Upland Transect",USA,Core 12 organic,2015-10-09,Desert Research Institute,Christine_Olson,christine.olson@colorado.edu,Olson_et_al_unpublished,68.630692,-149.61064,NA,NA,Porewater,NA,6690,NA,NA,1.43,NA,NA,NA,NA,NA,NA,9.44,NA,NA,NA,NA,NA,NA,NA,NA,NA,NA,NA,NA,NA,CO,0,0,,
Alaska,"Toolik, Upland Transect",USA,Core 3 organic,2015-10-10,Desert Research Institute,Christine_Olson,christine.olson@colorado.edu,Olson_et_al_unpublished,68.630692,-149.61064,NA,NA,Porewater,NA,6690,NA,NA,1.12,NA,NA,NA,NA,NA,NA,25.03,NA,NA,NA,NA,NA,NA,NA,NA,NA,NA,NA,NA,NA,CO,0,0,,
Alaska,"Toolik, Upland Transect",USA,Core 3 organic,2015-10-11,Desert Research Institute,Christine_Olson,christine.olson@colorado.edu,Olson_et_al_unpublished,68.630692,-149.61064,NA,NA,Porewater,NA,6690,NA,NA,2.1,NA,NA,NA,NA,NA,NA,29.58,NA,NA,NA,NA,NA,NA,NA,NA,NA,NA,NA,NA,NA,CO,0,0,,
Alaska,"Toolik, Upland Transect",USA,AL Core 5,2015-10-12,Desert Research Institute,Christine_Olson,christine.olson@colorado.edu,Olson_et_al_unpublished,68.630692,-149.61064,NA,NA,Porewater,NA,6690,NA,NA,8.03,NA,NA,NA,NA,NA,NA,6.14,NA,NA,NA,NA,NA,NA,NA,NA,NA,NA,NA,NA,NA,CO,0,0,,
Alaska,"Toolik, Upland Transect",USA,AL Core 5,2015-10-13,Desert Research Institute,Christine_Olson,christine.olson@colorado.edu,Olson_et_al_unpublished,68.630692,-149.61064,NA,NA,Porewater,NA,6690,NA,NA,6.17,NA,NA,NA,NA,NA,NA,4.79,NA,NA,NA,NA,NA,NA,NA,NA,NA,NA,NA,NA,NA,CO,0,0,,
Alaska,"Toolik, Upland Transect",USA,Core 5 organic,2015-10-14,Desert Research Institute,Christine_Olson,christine.olson@colorado.edu,Olson_et_al_unpublished,68.630692,-149.61064,NA,NA,Porewater,NA,6690,NA,NA,14.24,NA,NA,NA,NA,NA,NA,41.44,NA,NA,NA,NA,NA,NA,NA,NA,NA,NA,NA,NA,NA,CO,0,0,,
Alaska,"Toolik, Upland Transect",USA,Core 5 organic,2015-10-15,Desert Research Institute,Christine_Olson,christine.olson@colorado.edu,Olson_et_al_unpublished,68.630692,-149.61064,NA,NA,Porewater,NA,6690,NA,NA,0.75,NA,NA,NA,NA,NA,NA,10.74,NA,NA,NA,NA,NA,NA,NA,NA,NA,NA,NA,NA,NA,CO,1,0,,
Alaska,"Toolik, Upland Transect",USA,AL Core 7 lower,2015-10-16,Desert Research Institute,Christine_Olson,christine.olson@colorado.edu,Olson_et_al_unpublished,68.630692,-149.61064,NA,NA,Porewater,NA,6690,NA,NA,2.43,NA,NA,NA,NA,NA,NA,3.92,NA,NA,NA,NA,NA,NA,NA,NA,NA,NA,NA,NA,NA,CO,0,0,,
Alaska,"Toolik, Upland Transect",USA,AL Core 7 lower,2015-10-17,Desert Research Institute,Christine_Olson,christine.olson@colorado.edu,Olson_et_al_unpublished,68.630692,-149.61064,NA,NA,Porewater,NA,6690,NA,NA,3.21,NA,NA,NA,NA,NA,NA,3.97,NA,NA,NA,NA,NA,NA,NA,NA,NA,NA,NA,NA,NA,CO,0,0,,
Alaska,"Toolik, Upland Transect",USA,Core 7 organic,2015-10-18,Desert Research Institute,Christine_Olson,christine.olson@colorado.edu,Olson_et_al_unpublished,68.630692,-149.61064,NA,NA,Porewater,NA,6690,NA,NA,2.38,NA,NA,NA,NA,NA,NA,11.96,NA,NA,NA,NA,NA,NA,NA,NA,NA,NA,NA,NA,NA,CO,0,0,,
Alaska,"Toolik, Upland Transect",USA,Core 7 organic,2015-10-19,Desert Research Institute,Christine_Olson,christine.olson@colorado.edu,Olson_et_al_unpublished,68.630692,-149.61064,NA,NA,Porewater,NA,6690,NA,NA,1.36,NA,NA,NA,NA,NA,NA,13.82,NA,NA,NA,NA,NA,NA,NA,NA,NA,NA,NA,NA,NA,CO,0,0,,
Alaska,"Toolik, Upland Transect",USA,Core 15 organic,2015-10-20,Desert Research Institute,Christine_Olson,christine.olson@colorado.edu,Olson_et_al_unpublished,68.630692,-149.61064,NA,NA,Porewater,NA,6690,NA,NA,3.09,NA,NA,NA,NA,NA,NA,15.73,NA,NA,NA,NA,NA,NA,NA,NA,NA,NA,NA,NA,NA,CO,0,0,,
"Gillam, Manitoba",Nelson River,Canada,NA,2003-07-01,University of Alberta,NA,Jane.kirk@ec.gc.ca,Kirk_and_Louis_2009,56.35,-94.7,NA,NA,River,NA,NA,NA,NA,1.1,NA,NA,NA,NA,0.05,NA,NA,NA,NA,NA,NA,NA,NA,NA,NA,NA,NA,NA,NA,THg and MeHg approximated from Figure 2,NA,0,0,,
"Gillam, Manitoba",Nelson River,Canada,NA,2003-08-01,University of Alberta,NA,Jane.kirk@ec.gc.ca,Kirk_and_Louis_2009,56.35,-94.7,NA,NA,River,NA,NA,NA,NA,1,NA,NA,NA,NA,0.03,NA,NA,NA,NA,NA,NA,NA,NA,NA,NA,NA,NA,NA,NA,THg and MeHg approximated from Figure 2,NA,0,0,,
"Gillam, Manitoba",Nelson River,Canada,NA,2003-09-01,University of Alberta,NA,Jane.kirk@ec.gc.ca,Kirk_and_Louis_2009,56.35,-94.7,NA,NA,River,NA,NA,NA,NA,0.9,NA,NA,NA,NA,0.04,NA,NA,NA,NA,NA,NA,NA,NA,NA,NA,NA,NA,NA,NA,THg and MeHg approximated from Figure 2,NA,1,0,,
"Gillam, Manitoba",Nelson River,Canada,NA,2003-10-01,University of Alberta,NA,Jane.kirk@ec.gc.ca,Kirk_and_Louis_2009,56.35,-94.7,NA,NA,River,NA,NA,NA,NA,1,NA,NA,NA,NA,0.04,NA,NA,NA,NA,NA,NA,NA,NA,NA,NA,NA,NA,NA,NA,THg and MeHg approximated from Figure 2,NA,0,0,,
"Gillam, Manitoba",Nelson River,Canada,NA,2003-11-01,University of Alberta,NA,Jane.kirk@ec.gc.ca,Kirk_and_Louis_2009,56.35,-94.7,NA,NA,River,NA,NA,NA,NA,1,NA,NA,NA,NA,0.03,NA,NA,NA,NA,NA,NA,NA,NA,NA,NA,NA,NA,NA,NA,THg and MeHg approximated from Figure 2,NA,0,0,,
"Gillam, Manitoba",Nelson River,Canada,NA,2003-12-01,University of Alberta,NA,Jane.kirk@ec.gc.ca,Kirk_and_Louis_2009,56.35,-94.7,NA,NA,River,NA,NA,NA,NA,1.1,NA,NA,NA,NA,0.05,NA,NA,NA,NA,NA,NA,NA,NA,NA,NA,NA,NA,NA,NA,THg and MeHg approximated from Figure 2,NA,0,0,,
"Gillam, Manitoba",Nelson River,Canada,NA,2004-01-01,University of Alberta,NA,Jane.kirk@ec.gc.ca,Kirk_and_Louis_2009,56.35,-94.7,NA,NA,River,NA,NA,NA,NA,0.9,NA,NA,NA,NA,0.04,NA,NA,NA,NA,NA,NA,NA,NA,NA,NA,NA,NA,NA,NA,THg and MeHg approximated from Figure 2,NA,1,0,,
"Gillam, Manitoba",Nelson River,Canada,NA,2004-02-01,University of Alberta,NA,Jane.kirk@ec.gc.ca,Kirk_and_Louis_2009,56.35,-94.7,NA,NA,River,NA,NA,NA,NA,1.1,NA,NA,NA,NA,0.06,NA,NA,NA,NA,NA,NA,NA,NA,NA,NA,NA,NA,NA,NA,THg and MeHg approximated from Figure 2,NA,0,0,,
"Gillam, Manitoba",Nelson River,Canada,NA,2004-03-01,University of Alberta,NA,Jane.kirk@ec.gc.ca,Kirk_and_Louis_2009,56.35,-94.7,NA,NA,River,NA,NA,NA,NA,1,NA,NA,NA,NA,0.05,NA,NA,NA,NA,NA,NA,NA,NA,NA,NA,NA,NA,NA,NA,THg and MeHg approximated from Figure 2,NA,0,0,,
"Gillam, Manitoba",Nelson River,Canada,NA,2004-04-01,University of Alberta,NA,Jane.kirk@ec.gc.ca,Kirk_and_Louis_2009,56.35,-94.7,NA,NA,River,NA,NA,NA,NA,1.2,NA,NA,NA,NA,0.05,NA,NA,NA,NA,NA,NA,NA,NA,NA,NA,NA,NA,NA,NA,THg and MeHg approximated from Figure 2,NA,0,0,,
"Gillam, Manitoba",Nelson River,Canada,NA,2004-05-01,University of Alberta,NA,Jane.kirk@ec.gc.ca,Kirk_and_Louis_2009,56.35,-94.7,NA,NA,River,NA,NA,NA,NA,1.3,NA,NA,NA,NA,0.06,NA,NA,NA,NA,NA,NA,NA,NA,NA,NA,NA,NA,NA,NA,THg and MeHg approximated from Figure 2,NA,0,0,,
"Gillam, Manitoba",Nelson River,Canada,NA,2004-06-01,University of Alberta,NA,Jane.kirk@ec.gc.ca,Kirk_and_Louis_2009,56.35,-94.7,NA,NA,River,NA,NA,NA,NA,1,NA,NA,NA,NA,0.04,NA,NA,NA,NA,NA,NA,NA,NA,NA,NA,NA,NA,NA,NA,THg and MeHg approximated from Figure 2,NA,0,0,,
"Gillam, Manitoba",Nelson River,Canada,NA,2004-07-01,University of Alberta,NA,Jane.kirk@ec.gc.ca,Kirk_and_Louis_2009,56.35,-94.7,NA,NA,River,NA,NA,NA,NA,1.2,NA,NA,NA,NA,0.05,NA,NA,NA,NA,NA,NA,NA,NA,NA,NA,NA,NA,NA,NA,THg and MeHg approximated from Figure 2,NA,0,0,,
"Gillam, Manitoba",Nelson River,Canada,NA,2004-08-01,University of Alberta,NA,Jane.kirk@ec.gc.ca,Kirk_and_Louis_2009,56.35,-94.7,NA,NA,River,NA,NA,NA,NA,1.3,NA,NA,NA,NA,0.06,NA,NA,NA,NA,NA,NA,NA,NA,NA,NA,NA,NA,NA,NA,THg and MeHg approximated from Figure 2,NA,0,0,,
"Gillam, Manitoba",Nelson River,Canada,NA,2004-09-01,University of Alberta,NA,Jane.kirk@ec.gc.ca,Kirk_and_Louis_2009,56.35,-94.7,NA,NA,River,NA,NA,NA,NA,1.1,NA,NA,NA,NA,0.05,NA,NA,NA,NA,NA,NA,NA,NA,NA,NA,NA,NA,NA,NA,THg and MeHg approximated from Figure 2,NA,0,0,,
"Gillam, Manitoba",Nelson River,Canada,NA,2004-10-01,University of Alberta,NA,Jane.kirk@ec.gc.ca,Kirk_and_Louis_2009,56.35,-94.7,NA,NA,River,NA,NA,NA,NA,1,NA,NA,NA,NA,0.04,NA,NA,NA,NA,NA,NA,NA,NA,NA,NA,NA,NA,NA,NA,THg and MeHg approximated from Figure 2,NA,0,0,,
"Gillam, Manitoba",Nelson River,Canada,NA,2004-11-01,University of Alberta,NA,Jane.kirk@ec.gc.ca,Kirk_and_Louis_2009,56.35,-94.7,NA,NA,River,NA,NA,NA,NA,1.5,NA,NA,NA,NA,0.07,NA,NA,NA,NA,NA,NA,NA,NA,NA,NA,NA,NA,NA,NA,THg and MeHg approximated from Figure 2,NA,0,0,,
"Gillam, Manitoba",Nelson River,Canada,NA,2004-12-01,University of Alberta,NA,Jane.kirk@ec.gc.ca,Kirk_and_Louis_2009,56.35,-94.7,NA,NA,River,NA,NA,NA,NA,1.3,NA,NA,NA,NA,0.06,NA,NA,NA,NA,NA,NA,NA,NA,NA,NA,NA,NA,NA,NA,THg and MeHg approximated from Figure 2,NA,0,0,,
"Gillam, Manitoba",Nelson River,Canada,NA,2005-01-01,University of Alberta,NA,Jane.kirk@ec.gc.ca,Kirk_and_Louis_2009,56.35,-94.7,NA,NA,River,NA,NA,NA,NA,1.4,NA,NA,NA,NA,0.06,NA,NA,NA,NA,NA,NA,NA,NA,NA,NA,NA,NA,NA,NA,THg and MeHg approximated from Figure 2,NA,0,0,,
"Gillam, Manitoba",Nelson River,Canada,NA,2005-02-01,University of Alberta,NA,Jane.kirk@ec.gc.ca,Kirk_and_Louis_2009,56.35,-94.7,NA,NA,River,NA,NA,NA,NA,1.2,NA,NA,NA,NA,0.05,NA,NA,NA,NA,NA,NA,NA,NA,NA,NA,NA,NA,NA,NA,THg and MeHg approximated from Figure 2,NA,0,0,,
"Gillam, Manitoba",Nelson River,Canada,NA,2005-03-01,University of Alberta,NA,Jane.kirk@ec.gc.ca,Kirk_and_Louis_2009,56.35,-94.7,NA,NA,River,NA,NA,NA,NA,1.1,NA,NA,NA,NA,0.05,NA,NA,NA,NA,NA,NA,NA,NA,NA,NA,NA,NA,NA,NA,THg and MeHg approximated from Figure 2,NA,0,0,,
"Gillam, Manitoba",Nelson River,Canada,NA,2005-04-01,University of Alberta,NA,Jane.kirk@ec.gc.ca,Kirk_and_Louis_2009,56.35,-94.7,NA,NA,River,NA,NA,NA,NA,1.3,NA,NA,NA,NA,0.06,NA,NA,NA,NA,NA,NA,NA,NA,NA,NA,NA,NA,NA,NA,THg and MeHg approximated from Figure 2,NA,0,0,,
"Gillam, Manitoba",Nelson River,Canada,NA,2005-05-01,University of Alberta,NA,Jane.kirk@ec.gc.ca,Kirk_and_Louis_2009,56.35,-94.7,NA,NA,River,NA,NA,NA,NA,1.2,NA,NA,NA,NA,0.05,NA,NA,NA,NA,NA,NA,NA,NA,NA,NA,NA,NA,NA,NA,THg and MeHg approximated from Figure 2,NA,0,0,,
"Gillam, Manitoba",Nelson River,Canada,NA,2005-06-01,University of Alberta,NA,Jane.kirk@ec.gc.ca,Kirk_and_Louis_2009,56.35,-94.7,NA,NA,River,NA,NA,NA,NA,1.1,NA,NA,NA,NA,0.04,NA,NA,NA,NA,NA,NA,NA,NA,NA,NA,NA,NA,NA,NA,THg and MeHg approximated from Figure 2,NA,0,0,,
"Gillam, Manitoba",Nelson River,Canada,NA,2005-07-01,University of Alberta,NA,Jane.kirk@ec.gc.ca,Kirk_and_Louis_2009,56.35,-94.7,NA,NA,River,NA,NA,NA,NA,1.4,NA,NA,NA,NA,0.06,NA,NA,NA,NA,NA,NA,NA,NA,NA,NA,NA,NA,NA,NA,THg and MeHg approximated from Figure 2,NA,0,0,,
"Gillam, Manitoba",Nelson River,Canada,NA,2005-08-01,University of Alberta,NA,Jane.kirk@ec.gc.ca,Kirk_and_Louis_2009,56.35,-94.7,NA,NA,River,NA,NA,NA,NA,1.2,NA,NA,NA,NA,0.05,NA,NA,NA,NA,NA,NA,NA,NA,NA,NA,NA,NA,NA,NA,THg and MeHg approximated from Figure 2,NA,0,0,,
"Gillam, Manitoba",Nelson River,Canada,NA,2005-09-01,University of Alberta,NA,Jane.kirk@ec.gc.ca,Kirk_and_Louis_2009,56.35,-94.7,NA,NA,River,NA,NA,NA,NA,1,NA,NA,NA,NA,0.04,NA,NA,NA,NA,NA,NA,NA,NA,NA,NA,NA,NA,NA,NA,THg and MeHg approximated from Figure 2,NA,0,0,,
"Gillam, Manitoba",Nelson River,Canada,NA,2005-10-01,University of Alberta,NA,Jane.kirk@ec.gc.ca,Kirk_and_Louis_2009,56.35,-94.7,NA,NA,River,NA,NA,NA,NA,1.1,NA,NA,NA,NA,0.04,NA,NA,NA,NA,NA,NA,NA,NA,NA,NA,NA,NA,NA,NA,THg and MeHg approximated from Figure 2,NA,0,0,,
"Gillam, Manitoba",Nelson River,Canada,NA,2005-11-01,University of Alberta,NA,Jane.kirk@ec.gc.ca,Kirk_and_Louis_2009,56.35,-94.7,NA,NA,River,NA,NA,NA,NA,1.2,NA,NA,NA,NA,0.05,NA,NA,NA,NA,NA,NA,NA,NA,NA,NA,NA,NA,NA,NA,THg and MeHg approximated from Figure 2,NA,0,0,,
"Gillam, Manitoba",Nelson River,Canada,NA,2005-12-01,University of Alberta,NA,Jane.kirk@ec.gc.ca,Kirk_and_Louis_2009,56.35,-94.7,NA,NA,River,NA,NA,NA,NA,1.3,NA,NA,NA,NA,0.06,NA,NA,NA,NA,NA,NA,NA,NA,NA,NA,NA,NA,NA,NA,THg and MeHg approximated from Figure 2,NA,0,0,,
"Gillam, Manitoba",Nelson River,Canada,NA,2006-01-01,University of Alberta,NA,Jane.kirk@ec.gc.ca,Kirk_and_Louis_2009,56.35,-94.7,NA,NA,River,NA,NA,NA,NA,1.6,NA,NA,NA,NA,0.07,NA,NA,NA,NA,NA,NA,NA,NA,NA,NA,NA,NA,NA,NA,THg and MeHg approximated from Figure 2,NA,0,0,,
"Gillam, Manitoba",Nelson River,Canada,NA,2006-02-01,University of Alberta,NA,Jane.kirk@ec.gc.ca,Kirk_and_Louis_2009,56.35,-94.7,NA,NA,River,NA,NA,NA,NA,1.5,NA,NA,NA,NA,0.06,NA,NA,NA,NA,NA,NA,NA,NA,NA,NA,NA,NA,NA,NA,THg and MeHg approximated from Figure 2,NA,0,0,,
"Gillam, Manitoba",Nelson River,Canada,NA,2006-03-01,University of Alberta,NA,Jane.kirk@ec.gc.ca,Kirk_and_Louis_2009,56.35,-94.7,NA,NA,River,NA,NA,NA,NA,1.3,NA,NA,NA,NA,0.05,NA,NA,NA,NA,NA,NA,NA,NA,NA,NA,NA,NA,NA,NA,THg and MeHg approximated from Figure 2,NA,0,0,,
"Gillam, Manitoba",Nelson River,Canada,NA,2006-04-01,University of Alberta,NA,Jane.kirk@ec.gc.ca,Kirk_and_Louis_2009,56.35,-94.7,NA,NA,River,NA,NA,NA,NA,1.2,NA,NA,NA,NA,0.04,NA,NA,NA,NA,NA,NA,NA,NA,NA,NA,NA,NA,NA,NA,THg and MeHg approximated from Figure 2,NA,0,0,,
"Gillam, Manitoba",Nelson River,Canada,NA,2006-05-01,University of Alberta,NA,Jane.kirk@ec.gc.ca,Kirk_and_Louis_2009,56.35,-94.7,NA,NA,River,NA,NA,NA,NA,1.2,NA,NA,NA,NA,0.05,NA,NA,NA,NA,NA,NA,NA,NA,NA,NA,NA,NA,NA,NA,THg and MeHg approximated from Figure 2,NA,0,0,,
"Gillam, Manitoba",Nelson River,Canada,NA,2006-06-01,University of Alberta,NA,Jane.kirk@ec.gc.ca,Kirk_and_Louis_2009,56.35,-94.7,NA,NA,River,NA,NA,NA,NA,1.1,NA,NA,NA,NA,0.04,NA,NA,NA,NA,NA,NA,NA,NA,NA,NA,NA,NA,NA,NA,THg and MeHg approximated from Figure 2,NA,0,0,,
"Gillam, Manitoba",Nelson River,Canada,NA,2006-07-01,University of Alberta,NA,Jane.kirk@ec.gc.ca,Kirk_and_Louis_2009,56.35,-94.7,NA,NA,River,NA,NA,NA,NA,1,NA,NA,NA,NA,0.04,NA,NA,NA,NA,NA,NA,NA,NA,NA,NA,NA,NA,NA,NA,THg and MeHg approximated from Figure 2,NA,0,0,,
"Gillam, Manitoba",Nelson River,Canada,NA,2006-08-01,University of Alberta,NA,Jane.kirk@ec.gc.ca,Kirk_and_Louis_2009,56.35,-94.7,NA,NA,River,NA,NA,NA,NA,1,NA,NA,NA,NA,0.04,NA,NA,NA,NA,NA,NA,NA,NA,NA,NA,NA,NA,NA,NA,THg and MeHg approximated from Figure 2,NA,0,0,,
"Gillam, Manitoba",Nelson River,Canada,NA,2006-09-01,University of Alberta,NA,Jane.kirk@ec.gc.ca,Kirk_and_Louis_2009,56.35,-94.7,NA,NA,River,NA,NA,NA,NA,1.4,NA,NA,NA,NA,0.05,NA,NA,NA,NA,NA,NA,NA,NA,NA,NA,NA,NA,NA,NA,THg and MeHg approximated from Figure 2,NA,0,0,,
"Gillam, Manitoba",Nelson River,Canada,NA,2006-10-01,University of Alberta,NA,Jane.kirk@ec.gc.ca,Kirk_and_Louis_2009,56.35,-94.7,NA,NA,River,NA,NA,NA,NA,1.3,NA,NA,NA,NA,0.05,NA,NA,NA,NA,NA,NA,NA,NA,NA,NA,NA,NA,NA,NA,THg and MeHg approximated from Figure 2,NA,0,0,,
"Gillam, Manitoba",Nelson River,Canada,NA,2006-11-01,University of Alberta,NA,Jane.kirk@ec.gc.ca,Kirk_and_Louis_2009,56.35,-94.7,NA,NA,River,NA,NA,NA,NA,1,NA,NA,NA,NA,0.04,NA,NA,NA,NA,NA,NA,NA,NA,NA,NA,NA,NA,NA,NA,THg and MeHg approximated from Figure 2,NA,0,0,,
"Churchill, Manitoba",Churchill River,Canada,NA,2003-07-01,University of Alberta,NA,Jane.kirk@ec.gc.ca,Kirk_and_Louis_2009,58.77,-94.17,NA,NA,River,NA,NA,NA,NA,1.5,NA,NA,NA,NA,0.1,NA,NA,NA,NA,NA,NA,NA,NA,NA,NA,NA,NA,NA,NA,THg and MeHg approximated from Figure 2,NA,0,0,,
"Churchill, Manitoba",Churchill River,Canada,NA,2003-08-01,University of Alberta,NA,Jane.kirk@ec.gc.ca,Kirk_and_Louis_2009,58.77,-94.17,NA,NA,River,NA,NA,NA,NA,1.2,NA,NA,NA,NA,0.08,NA,NA,NA,NA,NA,NA,NA,NA,NA,NA,NA,NA,NA,NA,THg and MeHg approximated from Figure 2,NA,0,0,,
"Churchill, Manitoba",Churchill River,Canada,NA,2003-09-01,University of Alberta,NA,Jane.kirk@ec.gc.ca,Kirk_and_Louis_2009,58.77,-94.17,NA,NA,River,NA,NA,NA,NA,1,NA,NA,NA,NA,0.09,NA,NA,NA,NA,NA,NA,NA,NA,NA,NA,NA,NA,NA,NA,THg and MeHg approximated from Figure 2,NA,0,0,,
"Churchill, Manitoba",Churchill River,Canada,NA,2003-10-01,University of Alberta,NA,Jane.kirk@ec.gc.ca,Kirk_and_Louis_2009,58.77,-94.17,NA,NA,River,NA,NA,NA,NA,1.1,NA,NA,NA,NA,0.08,NA,NA,NA,NA,NA,NA,NA,NA,NA,NA,NA,NA,NA,NA,THg and MeHg approximated from Figure 2,NA,0,0,,
"Churchill, Manitoba",Churchill River,Canada,NA,2003-11-01,University of Alberta,NA,Jane.kirk@ec.gc.ca,Kirk_and_Louis_2009,58.77,-94.17,NA,NA,River,NA,NA,NA,NA,1.3,NA,NA,NA,NA,0.11,NA,NA,NA,NA,NA,NA,NA,NA,NA,NA,NA,NA,NA,NA,THg and MeHg approximated from Figure 2,NA,0,0,,
"Churchill, Manitoba",Churchill River,Canada,NA,2003-12-01,University of Alberta,NA,Jane.kirk@ec.gc.ca,Kirk_and_Louis_2009,58.77,-94.17,NA,NA,River,NA,NA,NA,NA,1.4,NA,NA,NA,NA,0.12,NA,NA,NA,NA,NA,NA,NA,NA,NA,NA,NA,NA,NA,NA,THg and MeHg approximated from Figure 2,NA,0,0,,
"Churchill, Manitoba",Churchill River,Canada,NA,2004-01-01,University of Alberta,NA,Jane.kirk@ec.gc.ca,Kirk_and_Louis_2009,58.77,-94.17,NA,NA,River,NA,NA,NA,NA,1.1,NA,NA,NA,NA,0.1,NA,NA,NA,NA,NA,NA,NA,NA,NA,NA,NA,NA,NA,NA,THg and MeHg approximated from Figure 2,NA,0,0,,
"Churchill, Manitoba",Churchill River,Canada,NA,2004-02-01,University of Alberta,NA,Jane.kirk@ec.gc.ca,Kirk_and_Louis_2009,58.77,-94.17,NA,NA,River,NA,NA,NA,NA,1,NA,NA,NA,NA,0.09,NA,NA,NA,NA,NA,NA,NA,NA,NA,NA,NA,NA,NA,NA,THg and MeHg approximated from Figure 2,NA,0,0,,
"Churchill, Manitoba",Churchill River,Canada,NA,2004-03-01,University of Alberta,NA,Jane.kirk@ec.gc.ca,Kirk_and_Louis_2009,58.77,-94.17,NA,NA,River,NA,NA,NA,NA,1.5,NA,NA,NA,NA,0.13,NA,NA,NA,NA,NA,NA,NA,NA,NA,NA,NA,NA,NA,NA,THg and MeHg approximated from Figure 2,NA,0,0,,
"Churchill, Manitoba",Churchill River,Canada,NA,2004-04-01,University of Alberta,NA,Jane.kirk@ec.gc.ca,Kirk_and_Louis_2009,58.77,-94.17,NA,NA,River,NA,NA,NA,NA,1.6,NA,NA,NA,NA,0.15,NA,NA,NA,NA,NA,NA,NA,NA,NA,NA,NA,NA,NA,NA,THg and MeHg approximated from Figure 2,NA,0,0,,
"Churchill, Manitoba",Churchill River,Canada,NA,2004-05-01,University of Alberta,NA,Jane.kirk@ec.gc.ca,Kirk_and_Louis_2009,58.77,-94.17,NA,NA,River,NA,NA,NA,NA,1.8,NA,NA,NA,NA,0.18,NA,NA,NA,NA,NA,NA,NA,NA,NA,NA,NA,NA,NA,NA,THg and MeHg approximated from Figure 2,NA,0,0,,
"Churchill, Manitoba",Churchill River,Canada,NA,2004-06-01,University of Alberta,NA,Jane.kirk@ec.gc.ca,Kirk_and_Louis_2009,58.77,-94.17,NA,NA,River,NA,NA,NA,NA,1.4,NA,NA,NA,NA,0.14,NA,NA,NA,NA,NA,NA,NA,NA,NA,NA,NA,NA,NA,NA,THg and MeHg approximated from Figure 2,NA,0,0,,
"Churchill, Manitoba",Churchill River,Canada,NA,2004-07-01,University of Alberta,NA,Jane.kirk@ec.gc.ca,Kirk_and_Louis_2009,58.77,-94.17,NA,NA,River,NA,NA,NA,NA,2,NA,NA,NA,NA,0.2,NA,NA,NA,NA,NA,NA,NA,NA,NA,NA,NA,NA,NA,NA,THg and MeHg approximated from Figure 2,NA,0,0,,
"Churchill, Manitoba",Churchill River,Canada,NA,2004-08-01,University of Alberta,NA,Jane.kirk@ec.gc.ca,Kirk_and_Louis_2009,58.77,-94.17,NA,NA,River,NA,NA,NA,NA,2.3,NA,NA,NA,NA,0.23,NA,NA,NA,NA,NA,NA,NA,NA,NA,NA,NA,NA,NA,NA,THg and MeHg approximated from Figure 2,NA,0,0,,
"Churchill, Manitoba",Churchill River,Canada,NA,2004-09-01,University of Alberta,NA,Jane.kirk@ec.gc.ca,Kirk_and_Louis_2009,58.77,-94.17,NA,NA,River,NA,NA,NA,NA,1.8,NA,NA,NA,NA,0.19,NA,NA,NA,NA,NA,NA,NA,NA,NA,NA,NA,NA,NA,NA,THg and MeHg approximated from Figure 2,NA,0,0,,
"Churchill, Manitoba",Churchill River,Canada,NA,2004-10-01,University of Alberta,NA,Jane.kirk@ec.gc.ca,Kirk_and_Louis_2009,58.77,-94.17,NA,NA,River,NA,NA,NA,NA,1.6,NA,NA,NA,NA,0.16,NA,NA,NA,NA,NA,NA,NA,NA,NA,NA,NA,NA,NA,NA,THg and MeHg approximated from Figure 2,NA,0,0,,
"Churchill, Manitoba",Churchill River,Canada,NA,2004-11-01,University of Alberta,NA,Jane.kirk@ec.gc.ca,Kirk_and_Louis_2009,58.77,-94.17,NA,NA,River,NA,NA,NA,NA,2,NA,NA,NA,NA,0.21,NA,NA,NA,NA,NA,NA,NA,NA,NA,NA,NA,NA,NA,NA,THg and MeHg approximated from Figure 2,NA,0,0,,
"Churchill, Manitoba",Churchill River,Canada,NA,2004-12-01,University of Alberta,NA,Jane.kirk@ec.gc.ca,Kirk_and_Louis_2009,58.77,-94.17,NA,NA,River,NA,NA,NA,NA,2.2,NA,NA,NA,NA,0.22,NA,NA,NA,NA,NA,NA,NA,NA,NA,NA,NA,NA,NA,NA,THg and MeHg approximated from Figure 2,NA,0,0,,
"Churchill, Manitoba",Churchill River,Canada,NA,2005-01-01,University of Alberta,NA,Jane.kirk@ec.gc.ca,Kirk_and_Louis_2009,58.77,-94.17,NA,NA,River,NA,NA,NA,NA,2.1,NA,NA,NA,NA,0.21,NA,NA,NA,NA,NA,NA,NA,NA,NA,NA,NA,NA,NA,NA,THg and MeHg approximated from Figure 2,NA,0,0,,
"Churchill, Manitoba",Churchill River,Canada,NA,2005-02-01,University of Alberta,NA,Jane.kirk@ec.gc.ca,Kirk_and_Louis_2009,58.77,-94.17,NA,NA,River,NA,NA,NA,NA,1.7,NA,NA,NA,NA,0.17,NA,NA,NA,NA,NA,NA,NA,NA,NA,NA,NA,NA,NA,NA,THg and MeHg approximated from Figure 2,NA,0,0,,
"Churchill, Manitoba",Churchill River,Canada,NA,2005-03-01,University of Alberta,NA,Jane.kirk@ec.gc.ca,Kirk_and_Louis_2009,58.77,-94.17,NA,NA,River,NA,NA,NA,NA,1.5,NA,NA,NA,NA,0.15,NA,NA,NA,NA,NA,NA,NA,NA,NA,NA,NA,NA,NA,NA,THg and MeHg approximated from Figure 2,NA,0,0,,
"Churchill, Manitoba",Churchill River,Canada,NA,2005-04-01,University of Alberta,NA,Jane.kirk@ec.gc.ca,Kirk_and_Louis_2009,58.77,-94.17,NA,NA,River,NA,NA,NA,NA,1.8,NA,NA,NA,NA,0.18,NA,NA,NA,NA,NA,NA,NA,NA,NA,NA,NA,NA,NA,NA,THg and MeHg approximated from Figure 2,NA,0,0,,
"Churchill, Manitoba",Churchill River,Canada,NA,2005-05-01,University of Alberta,NA,Jane.kirk@ec.gc.ca,Kirk_and_Louis_2009,58.77,-94.17,NA,NA,River,NA,NA,NA,NA,1.7,NA,NA,NA,NA,0.17,NA,NA,NA,NA,NA,NA,NA,NA,NA,NA,NA,NA,NA,NA,THg and MeHg approximated from Figure 2,NA,0,0,,
"Churchill, Manitoba",Churchill River,Canada,NA,2005-06-01,University of Alberta,NA,Jane.kirk@ec.gc.ca,Kirk_and_Louis_2009,58.77,-94.17,NA,NA,River,NA,NA,NA,NA,1.5,NA,NA,NA,NA,0.15,NA,NA,NA,NA,NA,NA,NA,NA,NA,NA,NA,NA,NA,NA,THg and MeHg approximated from Figure 2,NA,0,0,,
"Churchill, Manitoba",Churchill River,Canada,NA,2005-07-01,University of Alberta,NA,Jane.kirk@ec.gc.ca,Kirk_and_Louis_2009,58.77,-94.17,NA,NA,River,NA,NA,NA,NA,2.1,NA,NA,NA,NA,0.21,NA,NA,NA,NA,NA,NA,NA,NA,NA,NA,NA,NA,NA,NA,THg and MeHg approximated from Figure 2,NA,0,0,,
"Churchill, Manitoba",Churchill River,Canada,NA,2005-08-01,University of Alberta,NA,Jane.kirk@ec.gc.ca,Kirk_and_Louis_2009,58.77,-94.17,NA,NA,River,NA,NA,NA,NA,2,NA,NA,NA,NA,0.2,NA,NA,NA,NA,NA,NA,NA,NA,NA,NA,NA,NA,NA,NA,THg and MeHg approximated from Figure 2,NA,0,0,,
"Churchill, Manitoba",Churchill River,Canada,NA,2005-09-01,University of Alberta,NA,Jane.kirk@ec.gc.ca,Kirk_and_Louis_2009,58.77,-94.17,NA,NA,River,NA,NA,NA,NA,1.8,NA,NA,NA,NA,0.18,NA,NA,NA,NA,NA,NA,NA,NA,NA,NA,NA,NA,NA,NA,THg and MeHg approximated from Figure 2,NA,0,0,,
"Churchill, Manitoba",Churchill River,Canada,NA,2005-10-01,University of Alberta,NA,Jane.kirk@ec.gc.ca,Kirk_and_Louis_2009,58.77,-94.17,NA,NA,River,NA,NA,NA,NA,1.5,NA,NA,NA,NA,0.16,NA,NA,NA,NA,NA,NA,NA,NA,NA,NA,NA,NA,NA,NA,THg and MeHg approximated from Figure 2,NA,0,0,,
"Churchill, Manitoba",Churchill River,Canada,NA,2005-11-01,University of Alberta,NA,Jane.kirk@ec.gc.ca,Kirk_and_Louis_2009,58.77,-94.17,NA,NA,River,NA,NA,NA,NA,1.6,NA,NA,NA,NA,0.17,NA,NA,NA,NA,NA,NA,NA,NA,NA,NA,NA,NA,NA,NA,THg and MeHg approximated from Figure 2,NA,0,0,,
"Churchill, Manitoba",Churchill River,Canada,NA,2005-12-01,University of Alberta,NA,Jane.kirk@ec.gc.ca,Kirk_and_Louis_2009,58.77,-94.17,NA,NA,River,NA,NA,NA,NA,1.7,NA,NA,NA,NA,0.18,NA,NA,NA,NA,NA,NA,NA,NA,NA,NA,NA,NA,NA,NA,THg and MeHg approximated from Figure 2,NA,0,0,,
"Churchill, Manitoba",Churchill River,Canada,NA,2006-01-01,University of Alberta,NA,Jane.kirk@ec.gc.ca,Kirk_and_Louis_2009,58.77,-94.17,NA,NA,River,NA,NA,NA,NA,2,NA,NA,NA,NA,0.2,NA,NA,NA,NA,NA,NA,NA,NA,NA,NA,NA,NA,NA,NA,THg and MeHg approximated from Figure 2,NA,0,0,,
"Churchill, Manitoba",Churchill River,Canada,NA,2006-02-01,University of Alberta,NA,Jane.kirk@ec.gc.ca,Kirk_and_Louis_2009,58.77,-94.17,NA,NA,River,NA,NA,NA,NA,1.9,NA,NA,NA,NA,0.19,NA,NA,NA,NA,NA,NA,NA,NA,NA,NA,NA,NA,NA,NA,THg and MeHg approximated from Figure 2,NA,0,0,,
"Churchill, Manitoba",Churchill River,Canada,NA,2006-03-01,University of Alberta,NA,Jane.kirk@ec.gc.ca,Kirk_and_Louis_2009,58.77,-94.17,NA,NA,River,NA,NA,NA,NA,1.8,NA,NA,NA,NA,0.18,NA,NA,NA,NA,NA,NA,NA,NA,NA,NA,NA,NA,NA,NA,THg and MeHg approximated from Figure 2,NA,0,0,,
"Churchill, Manitoba",Churchill River,Canada,NA,2006-04-01,University of Alberta,NA,Jane.kirk@ec.gc.ca,Kirk_and_Louis_2009,58.77,-94.17,NA,NA,River,NA,NA,NA,NA,1.5,NA,NA,NA,NA,0.15,NA,NA,NA,NA,NA,NA,NA,NA,NA,NA,NA,NA,NA,NA,THg and MeHg approximated from Figure 2,NA,0,0,,
"Churchill, Manitoba",Churchill River,Canada,NA,2006-05-01,University of Alberta,NA,Jane.kirk@ec.gc.ca,Kirk_and_Louis_2009,58.77,-94.17,NA,NA,River,NA,NA,NA,NA,1.5,NA,NA,NA,NA,0.14,NA,NA,NA,NA,NA,NA,NA,NA,NA,NA,NA,NA,NA,NA,THg and MeHg approximated from Figure 2,NA,0,0,,
"Churchill, Manitoba",Churchill River,Canada,NA,2006-06-01,University of Alberta,NA,Jane.kirk@ec.gc.ca,Kirk_and_Louis_2009,58.77,-94.17,NA,NA,River,NA,NA,NA,NA,1.2,NA,NA,NA,NA,0.12,NA,NA,NA,NA,NA,NA,NA,NA,NA,NA,NA,NA,NA,NA,THg and MeHg approximated from Figure 2,NA,0,0,,
"Churchill, Manitoba",Churchill River,Canada,NA,2006-07-01,University of Alberta,NA,Jane.kirk@ec.gc.ca,Kirk_and_Louis_2009,58.77,-94.17,NA,NA,River,NA,NA,NA,NA,1.1,NA,NA,NA,NA,0.11,NA,NA,NA,NA,NA,NA,NA,NA,NA,NA,NA,NA,NA,NA,THg and MeHg approximated from Figure 2,NA,0,0,,
"Churchill, Manitoba",Churchill River,Canada,NA,2006-08-01,University of Alberta,NA,Jane.kirk@ec.gc.ca,Kirk_and_Louis_2009,58.77,-94.17,NA,NA,River,NA,NA,NA,NA,1,NA,NA,NA,NA,0.1,NA,NA,NA,NA,NA,NA,NA,NA,NA,NA,NA,NA,NA,NA,THg and MeHg approximated from Figure 2,NA,0,0,,
"Churchill, Manitoba",Churchill River,Canada,NA,2006-09-01,University of Alberta,NA,Jane.kirk@ec.gc.ca,Kirk_and_Louis_2009,58.77,-94.17,NA,NA,River,NA,NA,NA,NA,1,NA,NA,NA,NA,0.1,NA,NA,NA,NA,NA,NA,NA,NA,NA,NA,NA,NA,NA,NA,THg and MeHg approximated from Figure 2,NA,0,0,,
"Churchill, Manitoba",Churchill River,Canada,NA,2006-10-01,University of Alberta,NA,Jane.kirk@ec.gc.ca,Kirk_and_Louis_2009,58.77,-94.17,NA,NA,River,NA,NA,NA,NA,0.9,NA,NA,NA,NA,0.09,NA,NA,NA,NA,NA,NA,NA,NA,NA,NA,NA,NA,NA,NA,THg and MeHg approximated from Figure 2,NA,1,0,,
"Churchill, Manitoba",Churchill River,Canada,NA,2006-11-01,University of Alberta,NA,Jane.kirk@ec.gc.ca,Kirk_and_Louis_2009,58.77,-94.17,NA,NA,River,NA,NA,NA,NA,0.8,NA,NA,NA,NA,0.08,NA,NA,NA,NA,NA,NA,NA,NA,NA,NA,NA,NA,NA,NA,THg and MeHg approximated from Figure 2,NA,1,0,,
"Edmonton, Alberta",North Saskatchewan River,Canada,NA,2003-07-01,University of Alberta,NA,Jane.kirk@ec.gc.ca,Kirk_and_Louis_2009,53.55,-113.6,NA,NA,River,NA,NA,NA,NA,2,NA,NA,NA,NA,0.15,NA,NA,NA,NA,NA,NA,NA,NA,NA,NA,NA,NA,NA,NA,THg and MeHg approximated from Figure 2,NA,0,0,,
"Edmonton, Alberta",North Saskatchewan River,Canada,NA,2003-08-01,University of Alberta,NA,Jane.kirk@ec.gc.ca,Kirk_and_Louis_2009,53.55,-113.6,NA,NA,River,NA,NA,NA,NA,2.1,NA,NA,NA,NA,0.2,NA,NA,NA,NA,NA,NA,NA,NA,NA,NA,NA,NA,NA,NA,THg and MeHg approximated from Figure 2,NA,0,0,,
"Edmonton, Alberta",North Saskatchewan River,Canada,NA,2003-09-01,University of Alberta,NA,Jane.kirk@ec.gc.ca,Kirk_and_Louis_2009,53.55,-113.6,NA,NA,River,NA,NA,NA,NA,1.8,NA,NA,NA,NA,0.18,NA,NA,NA,NA,NA,NA,NA,NA,NA,NA,NA,NA,NA,NA,THg and MeHg approximated from Figure 2,NA,0,0,,
"Edmonton, Alberta",North Saskatchewan River,Canada,NA,2003-10-01,University of Alberta,NA,Jane.kirk@ec.gc.ca,Kirk_and_Louis_2009,53.55,-113.6,NA,NA,River,NA,NA,NA,NA,2.3,NA,NA,NA,NA,0.25,NA,NA,NA,NA,NA,NA,NA,NA,NA,NA,NA,NA,NA,NA,THg and MeHg approximated from Figure 2,NA,0,0,,
"Edmonton, Alberta",North Saskatchewan River,Canada,NA,2003-11-01,University of Alberta,NA,Jane.kirk@ec.gc.ca,Kirk_and_Louis_2009,53.55,-113.6,NA,NA,River,NA,NA,NA,NA,2.5,NA,NA,NA,NA,0.3,NA,NA,NA,NA,NA,NA,NA,NA,NA,NA,NA,NA,NA,NA,THg and MeHg approximated from Figure 2,NA,0,0,,
"Edmonton, Alberta",North Saskatchewan River,Canada,NA,2003-12-01,University of Alberta,NA,Jane.kirk@ec.gc.ca,Kirk_and_Louis_2009,53.55,-113.6,NA,NA,River,NA,NA,NA,NA,2.4,NA,NA,NA,NA,0.28,NA,NA,NA,NA,NA,NA,NA,NA,NA,NA,NA,NA,NA,NA,THg and MeHg approximated from Figure 2,NA,0,0,,
"Edmonton, Alberta",North Saskatchewan River,Canada,NA,2004-01-01,University of Alberta,NA,Jane.kirk@ec.gc.ca,Kirk_and_Louis_2009,53.55,-113.6,NA,NA,River,NA,NA,NA,NA,3,NA,NA,NA,NA,0.35,NA,NA,NA,NA,NA,NA,NA,NA,NA,NA,NA,NA,NA,NA,THg and MeHg approximated from Figure 2,NA,0,0,,
"Edmonton, Alberta",North Saskatchewan River,Canada,NA,2004-02-01,University of Alberta,NA,Jane.kirk@ec.gc.ca,Kirk_and_Louis_2009,53.55,-113.6,NA,NA,River,NA,NA,NA,NA,4.5,NA,NA,NA,NA,0.45,NA,NA,NA,NA,NA,NA,NA,NA,NA,NA,NA,NA,NA,NA,THg and MeHg approximated from Figure 2,NA,0,0,,
"Edmonton, Alberta",North Saskatchewan River,Canada,NA,2004-03-01,University of Alberta,NA,Jane.kirk@ec.gc.ca,Kirk_and_Louis_2009,53.55,-113.6,NA,NA,River,NA,NA,NA,NA,5,NA,NA,NA,NA,0.5,NA,NA,NA,NA,NA,NA,NA,NA,NA,NA,NA,NA,NA,NA,THg and MeHg approximated from Figure 2,NA,0,0,,
"Edmonton, Alberta",North Saskatchewan River,Canada,NA,2004-04-01,University of Alberta,NA,Jane.kirk@ec.gc.ca,Kirk_and_Louis_2009,53.55,-113.6,NA,NA,River,NA,NA,NA,NA,6,NA,NA,NA,NA,0.6,NA,NA,NA,NA,NA,NA,NA,NA,NA,NA,NA,NA,NA,NA,THg and MeHg approximated from Figure 2,NA,0,0,,
"Edmonton, Alberta",North Saskatchewan River,Canada,NA,2004-05-01,University of Alberta,NA,Jane.kirk@ec.gc.ca,Kirk_and_Louis_2009,53.55,-113.6,NA,NA,River,NA,NA,NA,NA,7,NA,NA,NA,NA,0.7,NA,NA,NA,NA,NA,NA,NA,NA,NA,NA,NA,NA,NA,NA,THg and MeHg approximated from Figure 2,NA,0,0,,
"Edmonton, Alberta",North Saskatchewan River,Canada,NA,2004-06-01,University of Alberta,NA,Jane.kirk@ec.gc.ca,Kirk_and_Louis_2009,53.55,-113.6,NA,NA,River,NA,NA,NA,NA,6,NA,NA,NA,NA,0.6,NA,NA,NA,NA,NA,NA,NA,NA,NA,NA,NA,NA,NA,NA,THg and MeHg approximated from Figure 2,NA,0,0,,
"Edmonton, Alberta",North Saskatchewan River,Canada,NA,2004-07-01,University of Alberta,NA,Jane.kirk@ec.gc.ca,Kirk_and_Louis_2009,53.55,-113.6,NA,NA,River,NA,NA,NA,NA,5.5,NA,NA,NA,NA,0.55,NA,NA,NA,NA,NA,NA,NA,NA,NA,NA,NA,NA,NA,NA,THg and MeHg approximated from Figure 2,NA,0,0,,
"Edmonton, Alberta",North Saskatchewan River,Canada,NA,2004-08-01,University of Alberta,NA,Jane.kirk@ec.gc.ca,Kirk_and_Louis_2009,53.55,-113.6,NA,NA,River,NA,NA,NA,NA,4.5,NA,NA,NA,NA,0.45,NA,NA,NA,NA,NA,NA,NA,NA,NA,NA,NA,NA,NA,NA,THg and MeHg approximated from Figure 2,NA,0,0,,
"Edmonton, Alberta",North Saskatchewan River,Canada,NA,2004-09-01,University of Alberta,NA,Jane.kirk@ec.gc.ca,Kirk_and_Louis_2009,53.55,-113.6,NA,NA,River,NA,NA,NA,NA,4,NA,NA,NA,NA,0.4,NA,NA,NA,NA,NA,NA,NA,NA,NA,NA,NA,NA,NA,NA,THg and MeHg approximated from Figure 2,NA,0,0,,
"Edmonton, Alberta",North Saskatchewan River,Canada,NA,2004-10-01,University of Alberta,NA,Jane.kirk@ec.gc.ca,Kirk_and_Louis_2009,53.55,-113.6,NA,NA,River,NA,NA,NA,NA,3,NA,NA,NA,NA,0.3,NA,NA,NA,NA,NA,NA,NA,NA,NA,NA,NA,NA,NA,NA,THg and MeHg approximated from Figure 2,NA,0,0,,
"Edmonton, Alberta",North Saskatchewan River,Canada,NA,2004-11-01,University of Alberta,NA,Jane.kirk@ec.gc.ca,Kirk_and_Louis_2009,53.55,-113.6,NA,NA,River,NA,NA,NA,NA,2.5,NA,NA,NA,NA,0.25,NA,NA,NA,NA,NA,NA,NA,NA,NA,NA,NA,NA,NA,NA,THg and MeHg approximated from Figure 2,NA,0,0,,
"Edmonton, Alberta",North Saskatchewan River,Canada,NA,2004-12-01,University of Alberta,NA,Jane.kirk@ec.gc.ca,Kirk_and_Louis_2009,53.55,-113.6,NA,NA,River,NA,NA,NA,NA,2,NA,NA,NA,NA,0.2,NA,NA,NA,NA,NA,NA,NA,NA,NA,NA,NA,NA,NA,NA,THg and MeHg approximated from Figure 2,NA,0,0,,
"Edmonton, Alberta",North Saskatchewan River,Canada,NA,2005-01-01,University of Alberta,NA,Jane.kirk@ec.gc.ca,Kirk_and_Louis_2009,53.55,-113.6,NA,NA,River,NA,NA,NA,NA,1.5,NA,NA,NA,NA,0.15,NA,NA,NA,NA,NA,NA,NA,NA,NA,NA,NA,NA,NA,NA,THg and MeHg approximated from Figure 2,NA,0,0,,
"Edmonton, Alberta",North Saskatchewan River,Canada,NA,2005-02-01,University of Alberta,NA,Jane.kirk@ec.gc.ca,Kirk_and_Louis_2009,53.55,-113.6,NA,NA,River,NA,NA,NA,NA,1,NA,NA,NA,NA,0.1,NA,NA,NA,NA,NA,NA,NA,NA,NA,NA,NA,NA,NA,NA,THg and MeHg approximated from Figure 2,NA,0,0,,
"Edmonton, Alberta",North Saskatchewan River,Canada,NA,2005-03-01,University of Alberta,NA,Jane.kirk@ec.gc.ca,Kirk_and_Louis_2009,53.55,-113.6,NA,NA,River,NA,NA,NA,NA,0.9,NA,NA,NA,NA,0.09,NA,NA,NA,NA,NA,NA,NA,NA,NA,NA,NA,NA,NA,NA,THg and MeHg approximated from Figure 2,NA,1,0,,
"Edmonton, Alberta",North Saskatchewan River,Canada,NA,2005-04-01,University of Alberta,NA,Jane.kirk@ec.gc.ca,Kirk_and_Louis_2009,53.55,-113.6,NA,NA,River,NA,NA,NA,NA,1,NA,NA,NA,NA,0.1,NA,NA,NA,NA,NA,NA,NA,NA,NA,NA,NA,NA,NA,NA,THg and MeHg approximated from Figure 2,NA,0,0,,
"Edmonton, Alberta",North Saskatchewan River,Canada,NA,2005-05-01,University of Alberta,NA,Jane.kirk@ec.gc.ca,Kirk_and_Louis_2009,53.55,-113.6,NA,NA,River,NA,NA,NA,NA,1.2,NA,NA,NA,NA,0.12,NA,NA,NA,NA,NA,NA,NA,NA,NA,NA,NA,NA,NA,NA,THg and MeHg approximated from Figure 2,NA,0,0,,
"Edmonton, Alberta",North Saskatchewan River,Canada,NA,2005-06-01,University of Alberta,NA,Jane.kirk@ec.gc.ca,Kirk_and_Louis_2009,53.55,-113.6,NA,NA,River,NA,NA,NA,NA,1.3,NA,NA,NA,NA,0.13,NA,NA,NA,NA,NA,NA,NA,NA,NA,NA,NA,NA,NA,NA,THg and MeHg approximated from Figure 2,NA,0,0,,
"Edmonton, Alberta",North Saskatchewan River,Canada,NA,2005-07-01,University of Alberta,NA,Jane.kirk@ec.gc.ca,Kirk_and_Louis_2009,53.55,-113.6,NA,NA,River,NA,NA,NA,NA,1.1,NA,NA,NA,NA,0.11,NA,NA,NA,NA,NA,NA,NA,NA,NA,NA,NA,NA,NA,NA,THg and MeHg approximated from Figure 2,NA,0,0,,
"Edmonton, Alberta",North Saskatchewan River,Canada,NA,2005-08-01,University of Alberta,NA,Jane.kirk@ec.gc.ca,Kirk_and_Louis_2009,53.55,-113.6,NA,NA,River,NA,NA,NA,NA,1,NA,NA,NA,NA,0.1,NA,NA,NA,NA,NA,NA,NA,NA,NA,NA,NA,NA,NA,NA,THg and MeHg approximated from Figure 2,NA,0,0,,
"Edmonton, Alberta",North Saskatchewan River,Canada,NA,2005-09-01,University of Alberta,NA,Jane.kirk@ec.gc.ca,Kirk_and_Louis_2009,53.55,-113.6,NA,NA,River,NA,NA,NA,NA,1.2,NA,NA,NA,NA,0.12,NA,NA,NA,NA,NA,NA,NA,NA,NA,NA,NA,NA,NA,NA,THg and MeHg approximated from Figure 2,NA,0,0,,
"Edmonton, Alberta",North Saskatchewan River,Canada,NA,2005-10-01,University of Alberta,NA,Jane.kirk@ec.gc.ca,Kirk_and_Louis_2009,53.55,-113.6,NA,NA,River,NA,NA,NA,NA,1.4,NA,NA,NA,NA,0.14,NA,NA,NA,NA,NA,NA,NA,NA,NA,NA,NA,NA,NA,NA,THg and MeHg approximated from Figure 2,NA,0,0,,
"Edmonton, Alberta",North Saskatchewan River,Canada,NA,2005-11-01,University of Alberta,NA,Jane.kirk@ec.gc.ca,Kirk_and_Louis_2009,53.55,-113.6,NA,NA,River,NA,NA,NA,NA,1.3,NA,NA,NA,NA,0.13,NA,NA,NA,NA,NA,NA,NA,NA,NA,NA,NA,NA,NA,NA,THg and MeHg approximated from Figure 2,NA,0,0,,
"Edmonton, Alberta",North Saskatchewan River,Canada,NA,2005-12-01,University of Alberta,NA,Jane.kirk@ec.gc.ca,Kirk_and_Louis_2009,53.55,-113.6,NA,NA,River,NA,NA,NA,NA,1.2,NA,NA,NA,NA,0.12,NA,NA,NA,NA,NA,NA,NA,NA,NA,NA,NA,NA,NA,NA,THg and MeHg approximated from Figure 2,NA,0,0,,
"Edmonton, Alberta",North Saskatchewan River,Canada,NA,2006-01-01,University of Alberta,NA,Jane.kirk@ec.gc.ca,Kirk_and_Louis_2009,53.55,-113.6,NA,NA,River,NA,NA,NA,NA,1.1,NA,NA,NA,NA,0.11,NA,NA,NA,NA,NA,NA,NA,NA,NA,NA,NA,NA,NA,NA,THg and MeHg approximated from Figure 2,NA,0,0,,
"Edmonton, Alberta",North Saskatchewan River,Canada,NA,2006-02-01,University of Alberta,NA,Jane.kirk@ec.gc.ca,Kirk_and_Louis_2009,53.55,-113.6,NA,NA,River,NA,NA,NA,NA,1,NA,NA,NA,NA,0.1,NA,NA,NA,NA,NA,NA,NA,NA,NA,NA,NA,NA,NA,NA,THg and MeHg approximated from Figure 2,NA,0,0,,
"Edmonton, Alberta",North Saskatchewan River,Canada,NA,2006-03-01,University of Alberta,NA,Jane.kirk@ec.gc.ca,Kirk_and_Louis_2009,53.55,-113.6,NA,NA,River,NA,NA,NA,NA,1,NA,NA,NA,NA,0.1,NA,NA,NA,NA,NA,NA,NA,NA,NA,NA,NA,NA,NA,NA,THg and MeHg approximated from Figure 2,NA,0,0,,
"Edmonton, Alberta",North Saskatchewan River,Canada,NA,2006-04-01,University of Alberta,NA,Jane.kirk@ec.gc.ca,Kirk_and_Louis_2009,53.55,-113.6,NA,NA,River,NA,NA,NA,NA,0.9,NA,NA,NA,NA,0.09,NA,NA,NA,NA,NA,NA,NA,NA,NA,NA,NA,NA,NA,NA,THg and MeHg approximated from Figure 2,NA,1,0,,
"Edmonton, Alberta",North Saskatchewan River,Canada,NA,2006-05-01,University of Alberta,NA,Jane.kirk@ec.gc.ca,Kirk_and_Louis_2009,53.55,-113.6,NA,NA,River,NA,NA,NA,NA,0.8,NA,NA,NA,NA,0.08,NA,NA,NA,NA,NA,NA,NA,NA,NA,NA,NA,NA,NA,NA,THg and MeHg approximated from Figure 2,NA,1,0,,
"Edmonton, Alberta",North Saskatchewan River,Canada,NA,2006-06-01,University of Alberta,NA,Jane.kirk@ec.gc.ca,Kirk_and_Louis_2009,53.55,-113.6,NA,NA,River,NA,NA,NA,NA,0.7,NA,NA,NA,NA,0.07,NA,NA,NA,NA,NA,NA,NA,NA,NA,NA,NA,NA,NA,NA,THg and MeHg approximated from Figure 2,NA,1,0,,
"Edmonton, Alberta",North Saskatchewan River,Canada,NA,2006-07-01,University of Alberta,NA,Jane.kirk@ec.gc.ca,Kirk_and_Louis_2009,53.55,-113.6,NA,NA,River,NA,NA,NA,NA,0.6,NA,NA,NA,NA,0.06,NA,NA,NA,NA,NA,NA,NA,NA,NA,NA,NA,NA,NA,NA,THg and MeHg approximated from Figure 2,NA,1,0,,
"Edmonton, Alberta",North Saskatchewan River,Canada,NA,2006-08-01,University of Alberta,NA,Jane.kirk@ec.gc.ca,Kirk_and_Louis_2009,53.55,-113.6,NA,NA,River,NA,NA,NA,NA,0.5,NA,NA,NA,NA,0.05,NA,NA,NA,NA,NA,NA,NA,NA,NA,NA,NA,NA,NA,NA,THg and MeHg approximated from Figure 2,NA,1,0,,
"Edmonton, Alberta",North Saskatchewan River,Canada,NA,2006-09-01,University of Alberta,NA,Jane.kirk@ec.gc.ca,Kirk_and_Louis_2009,53.55,-113.6,NA,NA,River,NA,NA,NA,NA,0.4,NA,NA,NA,NA,0.04,NA,NA,NA,NA,NA,NA,NA,NA,NA,NA,NA,NA,NA,NA,THg and MeHg approximated from Figure 2,NA,1,0,,
"Edmonton, Alberta",North Saskatchewan River,Canada,NA,2006-10-01,University of Alberta,NA,Jane.kirk@ec.gc.ca,Kirk_and_Louis_2009,53.55,-113.6,NA,NA,River,NA,NA,NA,NA,0.3,NA,NA,NA,NA,0.03,NA,NA,NA,NA,NA,NA,NA,NA,NA,NA,NA,NA,NA,NA,THg and MeHg approximated from Figure 2,NA,1,0,,
"Edmonton, Alberta",North Saskatchewan River,Canada,NA,2006-11-01,University of Alberta,NA,Jane.kirk@ec.gc.ca,Kirk_and_Louis_2009,53.55,-113.6,NA,NA,River,NA,NA,NA,NA,0.2,NA,NA,NA,NA,0.02,NA,NA,NA,NA,NA,NA,NA,NA,NA,NA,NA,NA,NA,NA,THg and MeHg approximated from Figure 2,NA,1,0,,
12,"North Slope, AK",USA,NA,2000-07-10,National Taiwan University,NA,cmtseng@ncor.ntu.edu.tw,"Tseng et a.., 2004",68.6333,-149.6333,NA,NA,Lake,NA,NA,NA,NA,1.79,NA,NA,NA,NA,NA,NA,NA,NA,5.8,NA,NA,NA,NA,NA,NA,NA,NA,NA,NA,NA,NA,0,0,,
14,"North Slope, AK",USA,NA,2000-07-10,National Taiwan University,NA,cmtseng@ncor.ntu.edu.tw,"Tseng et a.., 2004",68.6333,-149.6333,NA,NA,Lake,NA,NA,NA,NA,1.28,NA,NA,NA,NA,NA,NA,NA,NA,5.7,NA,NA,NA,NA,NA,NA,NA,NA,NA,NA,NA,NA,0,0,,
15,"North Slope, AK",USA,NA,2000-07-10,National Taiwan University,NA,cmtseng@ncor.ntu.edu.tw,"Tseng et a.., 2004",68.6333,-149.6333,NA,NA,Lake,NA,NA,NA,NA,1.32,NA,NA,NA,NA,NA,NA,NA,NA,5.4,NA,NA,NA,NA,NA,NA,NA,NA,NA,NA,NA,NA,0,0,,
16,"North Slope, AK",USA,NA,2000-07-10,National Taiwan University,NA,cmtseng@ncor.ntu.edu.tw,"Tseng et a.., 2004",68.6333,-149.6333,NA,NA,Lake,NA,NA,NA,NA,1,NA,NA,NA,NA,NA,NA,NA,NA,3.78,NA,NA,NA,NA,NA,NA,NA,NA,NA,NA,NA,NA,0,0,,
Toolik,"North Slope, AK",USA,NA,2000-07-10,National Taiwan University,NA,cmtseng@ncor.ntu.edu.tw,"Tseng et a.., 2004",68.6333,-149.6333,NA,NA,Lake,NA,NA,NA,NA,1.71,NA,NA,NA,NA,NA,NA,NA,NA,4.24,NA,NA,NA,NA,NA,NA,NA,NA,NA,NA,NA,NA,0,0,,
Forgetful,"North Slope, AK",USA,NA,2000-07-10,National Taiwan University,NA,cmtseng@ncor.ntu.edu.tw,"Tseng et a.., 2004",68.6333,-149.6333,NA,NA,Lake,NA,NA,NA,NA,1.34,NA,NA,NA,NA,NA,NA,NA,NA,4.32,NA,NA,NA,NA,NA,NA,NA,NA,NA,NA,NA,NA,0,0,,
Perfect,"North Slope, AK",USA,NA,2000-07-10,National Taiwan University,NA,cmtseng@ncor.ntu.edu.tw,"Tseng et a.., 2004",68.6333,-149.6333,NA,NA,Lake,NA,NA,NA,NA,1.04,NA,NA,NA,NA,NA,NA,NA,NA,2.65,NA,NA,NA,NA,NA,NA,NA,NA,NA,NA,NA,NA,0,0,,
Efficient,"North Slope, AK",USA,NA,2000-07-10,National Taiwan University,NA,cmtseng@ncor.ntu.edu.tw,"Tseng et a.., 2004",68.6333,-149.6333,NA,NA,Lake,NA,NA,NA,NA,1.14,NA,NA,NA,NA,NA,NA,NA,NA,3.07,NA,NA,NA,NA,NA,NA,NA,NA,NA,NA,NA,NA,0,0,,
Surprise,"North Slope, AK",USA,NA,2000-07-10,National Taiwan University,NA,cmtseng@ncor.ntu.edu.tw,"Tseng et a.., 2004",68.6333,-149.6333,NA,NA,Lake,NA,NA,NA,NA,1.14,NA,NA,NA,NA,NA,NA,NA,NA,2.99,NA,NA,NA,NA,NA,NA,NA,NA,NA,NA,NA,NA,0,0,,
Relaxing,"North Slope, AK",USA,NA,2000-07-10,National Taiwan University,NA,cmtseng@ncor.ntu.edu.tw,"Tseng et a.., 2004",68.6333,-149.6333,NA,NA,Lake,NA,NA,NA,NA,1.2,NA,NA,NA,NA,NA,NA,NA,NA,4.27,NA,NA,NA,NA,NA,NA,NA,NA,NA,NA,NA,NA,0,0,,
L1,Lena,Russia,NA,1991-09-01,IFREMER laboratory,NA,NA,"Coquery and Cossa, 1995",71.78,129.3,NA,NA,River,NA,249000000,NA,0.5,2.5,NA,NA,NA,NA,3.5,NA,0.35,NA,NA,NA,NA,NA,NA,NA,NA,NA,NA,NA,NA,NA,NA,0,0,,
L16,Lena,Russia,NA,1991-09-01,IFREMER laboratory,NA,NA,"Coquery and Cossa, 1995",71.6,128.55,NA,NA,River,NA,249000000,NA,0.5,0.3,NA,NA,NA,NA,4.5,NA,0.45,NA,NA,NA,NA,NA,NA,NA,NA,NA,NA,NA,NA,NA,NA,1,0,,
L9,Lena,Russia,NA,1991-09-01,IFREMER laboratory,NA,NA,"Coquery and Cossa, 1995",71.4,128.4,NA,NA,River,NA,249000000,NA,0.5,0.4,NA,NA,NA,NA,3.2,NA,0.32,NA,NA,NA,NA,NA,NA,NA,NA,NA,NA,NA,NA,NA,NA,1,0,,
L13,Lena,Russia,NA,1991-09-01,IFREMER laboratory,NA,NA,"Coquery and Cossa, 1995",71.45,128.35,NA,NA,River,NA,249000000,NA,0.5,1.9,NA,NA,NA,NA,3.2,NA,0.32,NA,NA,NA,NA,NA,NA,NA,NA,NA,NA,NA,NA,NA,NA,0,0,,
L15,Lena,Russia,NA,1991-09-01,IFREMER laboratory,NA,NA,"Coquery and Cossa, 1995",71.53,128.42,NA,NA,River,NA,249000000,NA,0.5,3.7,NA,NA,NA,NA,3.5,NA,0.35,NA,NA,NA,NA,NA,NA,NA,NA,NA,NA,NA,NA,NA,NA,0,0,,
L23,Lena,Russia,NA,1991-09-01,IFREMER laboratory,NA,NA,"Coquery and Cossa, 1995",71.25,128.05,NA,NA,River,NA,249000000,NA,0.5,2,NA,NA,NA,NA,2.5,NA,0.25,NA,NA,NA,NA,NA,NA,NA,NA,NA,NA,NA,NA,NA,NA,0,0,,
C20,Laptev Sea,Russia,NA,1991-09-01,IFREMER laboratory,NA,NA,"Coquery and Cossa, 1995",72,127,NA,NA,Ocean,NA,NA,NA,0.5,18.6,NA,NA,NA,NA,6.8,NA,0.68,NA,NA,NA,NA,NA,NA,NA,NA,NA,NA,NA,NA,NA,NA,0,0,,
C21,Laptev Sea,Russia,NA,1991-09-01,IFREMER laboratory,NA,NA,"Coquery and Cossa, 1995",72.1,127.3,NA,NA,Ocean,NA,NA,NA,0.5,7.1,NA,NA,NA,NA,13.3,NA,1.33,NA,NA,NA,NA,NA,NA,NA,NA,NA,NA,NA,NA,NA,NA,0,0,,
C22,Laptev Sea,Russia,NA,1991-09-01,IFREMER laboratory,NA,NA,"Coquery and Cossa, 1995",72.2,127.6,NA,NA,Ocean,NA,NA,NA,0.5,16.1,NA,NA,NA,NA,10.8,NA,1.08,NA,NA,NA,NA,NA,NA,NA,NA,NA,NA,NA,NA,NA,NA,0,0,,
C23,Laptev Sea,Russia,NA,1991-09-01,IFREMER laboratory,NA,NA,"Coquery and Cossa, 1995",72.3,128,NA,NA,Ocean,NA,NA,NA,0.5,10,NA,NA,NA,NA,12,NA,1.2,NA,NA,NA,NA,NA,NA,NA,NA,NA,NA,NA,NA,NA,NA,0,0,,
C24,Laptev Sea,Russia,NA,1991-09-01,IFREMER laboratory,NA,NA,"Coquery and Cossa, 1995",72.4,128.4,NA,NA,Ocean,NA,NA,NA,0.5,13.8,NA,NA,NA,NA,8.9,NA,0.89,NA,NA,NA,NA,NA,NA,NA,NA,NA,NA,NA,NA,NA,NA,0,0,,
C25,Laptev Sea,Russia,NA,1991-09-01,IFREMER laboratory,NA,NA,"Coquery and Cossa, 1995",72.5,128.8,NA,NA,Ocean,NA,NA,NA,0.5,16.7,NA,NA,NA,NA,9.1,NA,0.91,NA,NA,NA,NA,NA,NA,NA,NA,NA,NA,NA,NA,NA,NA,0,0,,
C27,Laptev Sea,Russia,NA,1991-09-01,IFREMER laboratory,NA,NA,"Coquery and Cossa, 1995",72.7,129.2,NA,NA,Ocean,NA,NA,NA,0.5,18.2,NA,NA,NA,NA,13.2,NA,1.32,NA,NA,NA,NA,NA,NA,NA,NA,NA,NA,NA,NA,NA,NA,0,0,,
C28,Laptev Sea,Russia,NA,1991-09-01,IFREMER laboratory,NA,NA,"Coquery and Cossa, 1995",72.8,129.6,NA,NA,Ocean,NA,NA,NA,0.5,20.6,NA,NA,NA,NA,18.8,NA,1.88,NA,NA,NA,NA,NA,NA,NA,NA,NA,NA,NA,NA,NA,NA,0,1,,
C29,Laptev Sea,Russia,NA,1991-09-01,IFREMER laboratory,NA,NA,"Coquery and Cossa, 1995",72.9,130,NA,NA,Ocean,NA,NA,NA,0.5,11.3,NA,NA,NA,NA,12.3,NA,1.23,NA,NA,NA,NA,NA,NA,NA,NA,NA,NA,NA,NA,NA,NA,0,0,,
C30,Laptev Sea,Russia,NA,1991-09-01,IFREMER laboratory,NA,NA,"Coquery and Cossa, 1995",73,130.4,NA,NA,Ocean,NA,NA,NA,0.5,19.6,NA,NA,NA,NA,8.5,NA,0.85,NA,NA,NA,NA,NA,NA,NA,NA,NA,NA,NA,NA,NA,NA,0,1,,
C30,Laptev Sea,Russia,NA,1991-09-01,IFREMER laboratory,NA,NA,"Coquery and Cossa, 1995",73,130.4,NA,NA,Ocean,NA,NA,NA,0.5,32.6,NA,NA,NA,NA,9,NA,0.9,NA,NA,NA,NA,NA,NA,NA,NA,NA,NA,NA,NA,NA,NA,0,1,,
C32,Laptev Sea,Russia,NA,1991-09-01,IFREMER laboratory,NA,NA,"Coquery and Cossa, 1995",73.2,131.2,NA,NA,Ocean,NA,NA,NA,0.5,8.2,NA,NA,NA,NA,9.4,NA,0.94,NA,NA,NA,NA,NA,NA,NA,NA,NA,NA,NA,NA,NA,NA,0,0,,
26,Ob,Russia,NA,1991-09-01,IFREMER laboratory,NA,NA,"Coquery and Cossa, 1995",67.13,73.5,NA,NA,River,NA,299000000,NA,0.5,0.02,NA,NA,NA,NA,2.4,NA,0.24,NA,NA,NA,NA,NA,NA,NA,NA,NA,NA,NA,NA,NA,NA,1,0,,
27,Ob,Russia,NA,1991-09-01,IFREMER laboratory,NA,NA,"Coquery and Cossa, 1995",67.1,73.2,NA,NA,River,NA,299000000,NA,0.5,0.02,NA,NA,NA,NA,2.2,NA,0.22,NA,NA,NA,NA,NA,NA,NA,NA,NA,NA,NA,NA,NA,NA,1,0,,
23,Ob,Russia,NA,1991-09-01,IFREMER laboratory,NA,NA,"Coquery and Cossa, 1995",67.08,72.95,NA,NA,River,NA,299000000,NA,0.5,17.79,NA,NA,NA,NA,2,NA,0.2,NA,NA,NA,NA,NA,NA,NA,NA,NA,NA,NA,NA,NA,NA,0,0,,
24,Ob,Russia,NA,1991-09-01,IFREMER laboratory,NA,NA,"Coquery and Cossa, 1995",67.06,72.65,NA,NA,River,NA,299000000,NA,0.5,8.46,NA,NA,NA,NA,2,NA,0.2,NA,NA,NA,NA,NA,NA,NA,NA,NA,NA,NA,NA,NA,NA,0,0,,
25,Ob,Russia,NA,1991-09-01,IFREMER laboratory,NA,NA,"Coquery and Cossa, 1995",67.04,72.35,NA,NA,River,NA,299000000,NA,0.5,1.16,NA,NA,NA,NA,2.1,NA,0.21,NA,NA,NA,NA,NA,NA,NA,NA,NA,NA,NA,NA,NA,NA,0,0,,
5,Ob,Russia,NA,1991-09-01,IFREMER laboratory,NA,NA,"Coquery and Cossa, 1995",67,72.05,NA,NA,River,NA,299000000,NA,0.5,3.24,NA,NA,NA,NA,2.9,NA,0.29,NA,NA,NA,NA,NA,NA,NA,NA,NA,NA,NA,NA,NA,NA,0,0,,
6,Ob,Russia,NA,1991-09-01,IFREMER laboratory,NA,NA,"Coquery and Cossa, 1995",66.98,71.75,NA,NA,River,NA,299000000,NA,0.5,9.11,NA,NA,NA,NA,2.9,NA,0.29,NA,NA,NA,NA,NA,NA,NA,NA,NA,NA,NA,NA,NA,NA,0,0,,
29,Ob,Russia,NA,1991-09-01,IFREMER laboratory,NA,NA,"Coquery and Cossa, 1995",66.95,71.45,NA,NA,River,NA,299000000,NA,0.5,5.58,NA,NA,NA,NA,3.1,NA,0.31,NA,NA,NA,NA,NA,NA,NA,NA,NA,NA,NA,NA,NA,NA,0,0,,
30,Ob,Russia,NA,1991-09-01,IFREMER laboratory,NA,NA,"Coquery and Cossa, 1995",66.93,71.15,NA,NA,River,NA,299000000,NA,0.5,16.09,NA,NA,NA,NA,3.8,NA,0.38,NA,NA,NA,NA,NA,NA,NA,NA,NA,NA,NA,NA,NA,NA,0,0,,
12,Yenisei,Russia,NA,1991-09-01,IFREMER laboratory,NA,NA,"Coquery and Cossa, 1995",69.3,86.9,NA,NA,River,NA,258000000,NA,0.5,0.02,NA,NA,NA,NA,1.3,NA,0.13,NA,NA,NA,NA,NA,NA,NA,NA,NA,NA,NA,NA,NA,NA,1,0,,
12,Yenisei,Russia,NA,1991-09-01,IFREMER laboratory,NA,NA,"Coquery and Cossa, 1995",69.3,86.9,NA,NA,River,NA,258000000,NA,0.5,0.11,NA,NA,NA,NA,0.8,NA,0.08,NA,NA,NA,NA,NA,NA,NA,NA,NA,NA,NA,NA,NA,NA,1,0,,
10,Yenisei,Russia,NA,1991-09-01,IFREMER laboratory,NA,NA,"Coquery and Cossa, 1995",69.15,86.6,NA,NA,River,NA,258000000,NA,0.5,0.24,NA,NA,NA,NA,0.4,NA,0.04,NA,NA,NA,NA,NA,NA,NA,NA,NA,NA,NA,NA,NA,NA,1,0,,
9,Yenisei,Russia,NA,1991-09-01,IFREMER laboratory,NA,NA,"Coquery and Cossa, 1995",69.1,86.45,NA,NA,River,NA,258000000,NA,0.5,14.07,NA,NA,NA,NA,3.4,NA,0.34,NA,NA,NA,NA,NA,NA,NA,NA,NA,NA,NA,NA,NA,NA,0,0,,
11,Yenisei,Russia,NA,1991-09-01,IFREMER laboratory,NA,NA,"Coquery and Cossa, 1995",69.25,86.75,NA,NA,River,NA,258000000,NA,0.5,0.99,NA,NA,NA,NA,1,NA,0.1,NA,NA,NA,NA,NA,NA,NA,NA,NA,NA,NA,NA,NA,NA,1,0,,
13,Yenisei,Russia,NA,1991-09-01,IFREMER laboratory,NA,NA,"Coquery and Cossa, 1995",69.35,87.05,NA,NA,River,NA,258000000,NA,0.5,2.8,NA,NA,NA,NA,1,NA,0.1,NA,NA,NA,NA,NA,NA,NA,NA,NA,NA,NA,NA,NA,NA,0,0,,
13,Yenisei,Russia,NA,1991-09-01,IFREMER laboratory,NA,NA,"Coquery and Cossa, 1995",69.35,87.05,NA,NA,River,NA,258000000,NA,0.5,11.23,NA,NA,NA,NA,1.2,NA,0.12,NA,NA,NA,NA,NA,NA,NA,NA,NA,NA,NA,NA,NA,NA,0,0,,
14,Yenisei,Russia,NA,1991-09-01,IFREMER laboratory,NA,NA,"Coquery and Cossa, 1995",69.4,87.2,NA,NA,River,NA,258000000,NA,0.5,16.6,NA,NA,NA,NA,4.4,NA,0.44,NA,NA,NA,NA,NA,NA,NA,NA,NA,NA,NA,NA,NA,NA,0,0,,
15,Yenisei,Russia,NA,1993-09-01,IFREMER laboratory,NA,NA,"Coquery and Cossa, 1995",69.4,87.2,NA,NA,River,NA,258000000,NA,0.5,2.29,NA,NA,NA,NA,0.2,NA,0.02,NA,NA,NA,NA,NA,NA,NA,NA,NA,NA,NA,NA,NA,NA,0,0,,
15,Yenisei,Russia,NA,1993-09-01,IFREMER laboratory,NA,NA,"Coquery and Cossa, 1995",69.45,87.35,NA,NA,River,NA,258000000,NA,0.5,1.89,NA,NA,NA,NA,3.2,NA,0.32,NA,NA,NA,NA,NA,NA,NA,NA,NA,NA,NA,NA,NA,NA,0,0,,
16a,Yenisei,Russia,NA,1993-09-01,IFREMER laboratory,NA,NA,"Coquery and Cossa, 1995",69.5,87.5,NA,NA,River,NA,258000000,NA,0.5,7.98,NA,NA,NA,NA,0.7,NA,0.07,NA,NA,NA,NA,NA,NA,NA,NA,NA,NA,NA,NA,NA,NA,0,0,,
16b,Yenisei,Russia,NA,1993-09-01,IFREMER laboratory,NA,NA,"Coquery and Cossa, 1995",69.52,87.55,NA,NA,River,NA,258000000,NA,0.5,9.89,NA,NA,NA,NA,0.8,NA,0.08,NA,NA,NA,NA,NA,NA,NA,NA,NA,NA,NA,NA,NA,NA,0,0,,
NA,"Yukon River, YT",Canada,NA,2004,NA,NA,NA,"Chetelat et al., 2015",62.1,-135.04,NA,NA,River,NA,NA,NA,NA,2.2,2.4,NA,NA,NA,0.04,NA,NA,NA,2.8,1.8,NA,NA,7.9,NA,NA,NA,NA,NA,NA,"For complete dataset, see paper; location estimated, first year of date range chosen",NA,0,0,,
NA,"Yukon River tributaries, YT",Canada,NA,2004,NA,NA,NA,"Chetelat et al., 2015",62.37,-134.96,NA,NA,River,NA,NA,NA,NA,1.5,1.2,NA,NA,NA,0.04,NA,NA,NA,5.1,5.1,NA,NA,7.8,NA,NA,NA,NA,NA,NA,"For complete dataset, see paper; location estimated, first year of date range chosen",NA,0,0,,
NA,"Mackenzie River, NT",Canada,NA,2003,NA,NA,NA,"Chetelat et al., 2015",62.13,-122.79,NA,NA,River,NA,NA,NA,NA,7,4.3,2.8,2.1,NA,0.09,0.03,NA,NA,NA,NA,NA,NA,NA,NA,NA,NA,NA,NA,NA,"For complete dataset, see paper; location estimated, first year of date range chosen",NA,0,0,,
NA,"Mackenzie River, NT",Canada,NA,2007,NA,NA,NA,"Chetelat et al., 2015",62.13,-122.79,NA,NA,River,NA,NA,NA,NA,13.7,8,1.4,0.7,NA,0.08,0.05,NA,NA,NA,NA,NA,NA,NA,NA,NA,NA,NA,NA,NA,"For complete dataset, see paper; location estimated, first year of date range chosen",NA,0,0,,
NA,"Mackenzie River tributaries, NT",Canada,NA,2003,NA,NA,NA,"Chetelat et al., 2015",63.27,-123.83,NA,NA,River,NA,NA,NA,NA,6.3,2.9,2.6,1.9,NA,NA,NA,NA,NA,NA,NA,NA,NA,NA,NA,NA,NA,NA,NA,NA,"For complete dataset, see paper; location estimated, first year of date range chosen",NA,0,0,,
NA,"Peel River, NT",Canada,NA,2007,NA,NA,NA,"Chetelat et al., 2015",67.35,-134.75,NA,NA,River,NA,NA,NA,NA,18.8,12.2,1.6,0.9,NA,0.1,0.08,NA,NA,NA,NA,NA,NA,NA,NA,NA,NA,NA,NA,NA,"For complete dataset, see paper; location estimated, first year of date range chosen",NA,0,0,,
NA,"Cornwallis Island streams, NU",Canada,NA,1994,NA,NA,NA,"Chetelat et al., 2015",74.75,-94.95,NA,NA,Stream,NA,NA,NA,NA,1.2,1.1,NA,NA,NA,0.07,0.06,NA,NA,1.5,1.1,NA,NA,8.2,NA,NA,NA,NA,NA,NA,"For complete dataset, see paper; location estimated, first year of date range chosen",NA,0,0,,
NA,"Ellesmere Island streams, NU",Canada,NA,2005,NA,NA,NA,"Chetelat et al., 2015",79.5,-75.95,NA,NA,Stream,NA,NA,NA,NA,1.1,0.7,NA,NA,NA,0.04,0.03,NA,NA,NA,NA,NA,NA,NA,NA,NA,NA,NA,NA,NA,"For complete dataset, see paper; location estimated, first year of date range chosen",NA,0,0,,
NA,"Devon Island river, NU",Canada,NA,2006,NA,NA,NA,"Chetelat et al., 2015",72.35,-79.01,NA,NA,River,NA,NA,NA,NA,0.2,NA,NA,NA,NA,0.05,NA,NA,NA,0.9,NA,NA,NA,8,NA,NA,NA,NA,NA,NA,"For complete dataset, see paper; location estimated, first year of date range chosen",NA,1,0,,
NA,"Churchill River, MB",Canada,NA,2003,NA,NA,NA,"Chetelat et al., 2015",58.76,-94.17,NA,NA,River,NA,NA,NA,NA,2,0.8,1.7,0.7,NA,0.18,0.09,NA,NA,20.5,NA,NA,NA,NA,NA,NA,NA,NA,NA,NA,"For complete dataset, see paper; location estimated, first year of date range chosen",NA,0,0,,
NA,"Nelson River, MB",Canada,NA,2003,NA,NA,NA,"Chetelat et al., 2015",56.87,-97.07,NA,NA,River,NA,NA,NA,NA,0.9,0.3,0.5,0.2,NA,0.05,0.03,NA,NA,15.1,NA,NA,NA,NA,NA,NA,NA,NA,NA,NA,"For complete dataset, see paper; location estimated, first year of date range chosen",NA,1,0,,
NA,"Large rivers, Nunavik, QC",Canada,NA,3005,NA,NA,NA,"Chetelat et al., 2015",56,-77,NA,NA,River,NA,NA,NA,NA,1.1,0.1,1.4,0.2,NA,NA,NA,NA,NA,NA,NA,NA,NA,NA,NA,NA,NA,NA,NA,NA,"For complete dataset, see paper; location estimated, first year of date range chosen",NA,0,0,,
NA,"Cornwallis Island, NU (lake)",Canada,NA,2002,NA,NA,NA,"Chetelat et al., 2015",74.75,-94.95,NA,NA,Lake,NA,NA,NA,NA,0.6,0.3,NA,NA,NA,0.04,0.01,NA,NA,1.1,0.6,NA,NA,8.1,NA,NA,NA,NA,NA,NA,"For complete dataset, see paper; location estimated, first year of date range chosen",NA,1,0,,
NA,"Devon Island, NU (lake)",Canada,NA,2006,NA,NA,NA,"Chetelat et al., 2015",72.71,-77.93,NA,NA,Lake,NA,NA,NA,NA,0.5,0.2,NA,NA,NA,0.04,0.02,NA,NA,2,1.6,NA,NA,8.3,NA,NA,NA,NA,NA,NA,"For complete dataset, see paper; location estimated, first year of date range chosen",NA,1,0,,
NA,"Somerset Island, NU (lake)",Canada,NA,2005,NA,NA,NA,"Chetelat et al., 2015",73.5,-94.5,NA,NA,Lake,NA,NA,NA,NA,0.7,NA,NA,NA,NA,0.02,NA,NA,NA,0.5,NA,NA,NA,7.8,NA,NA,NA,NA,NA,NA,"For complete dataset, see paper; location estimated, first year of date range chosen",NA,1,0,,
NA,"Ellesmere Island, NU (lake)",Canada,NA,2003,NA,NA,NA,"Chetelat et al., 2015",79.5,-75.95,NA,NA,Lake,NA,NA,NA,NA,0.9,0.5,NA,NA,NA,0.05,0.03,NA,NA,2.8,2.7,NA,NA,8.2,NA,NA,NA,NA,NA,NA,"For complete dataset, see paper; location estimated, first year of date range chosen",NA,1,0,,
NA,"Mackenzie Basin, NT (lake)",Canada,NA,1998,NA,NA,NA,"Chetelat et al., 2015",62.25,-122.85,NA,NA,Lake,NA,NA,NA,NA,1.8,0.7,NA,NA,NA,0.07,0.04,NA,NA,11.5,5.4,NA,NA,8.1,NA,NA,NA,NA,NA,NA,"For complete dataset, see paper; location estimated, first year of date range chosen",NA,0,0,,
NA,"Mackenzie Delta, NT (lake)",Canada,NA,2004,NA,NA,NA,"Chetelat et al., 2015",68.65,-134.75,NA,NA,Lake,NA,NA,NA,NA,2.3,0.6,0.7,0.2,NA,0.1,0.05,NA,NA,NA,NA,NA,NA,NA,NA,NA,NA,NA,NA,NA,"For complete dataset, see paper; location estimated, first year of date range chosen",NA,0,0,,
NA,"Kent Peninsula, NU (lake)",Canada,NA,2005,NA,NA,NA,"Chetelat et al., 2015",68.05,-104.35,NA,NA,Lake,NA,NA,NA,NA,0.5,0.1,NA,NA,NA,NA,NA,NA,NA,4.6,2.1,NA,NA,NA,NA,NA,NA,NA,NA,NA,"For complete dataset, see paper; location estimated, first year of date range chosen",NA,1,0,,
NA,"Victoria Island, NU (lake)",Canada,NA,2005,NA,NA,NA,"Chetelat et al., 2015",71.6,-115.8,NA,NA,Lake,NA,NA,NA,NA,0.6,NA,NA,NA,NA,NA,NA,NA,NA,5.6,NA,NA,NA,NA,NA,NA,NA,NA,NA,NA,"For complete dataset, see paper; location estimated, first year of date range chosen",NA,1,0,,
NA,"Nunavik, QC (lake)",Canada,NA,2005,NA,NA,NA,"Chetelat et al., 2015",54,-77,NA,NA,Lake,NA,NA,NA,NA,3.2,0.03,NA,NA,NA,NA,NA,NA,NA,1.2,0.7,NA,NA,NA,NA,NA,NA,NA,NA,NA,"For complete dataset, see paper; location estimated, first year of date range chosen",NA,0,0,,
NA,"Ellesmere Island, NU (wetland)",Canada,NA,2002,NA,NA,NA,"Chetelat et al., 2015",79.5,-75.95,NA,NA,Wetland,NA,NA,NA,NA,0.7,0.1,NA,NA,NA,0.02,NA,NA,NA,2.2,2.4,NA,NA,7.2,NA,NA,NA,NA,NA,NA,"For complete dataset, see paper; location estimated, first year of date range chosen",NA,1,0,,
NA,"Cornwallis Island, NU (wetland)",Canada,NA,2002,NA,NA,NA,"Chetelat et al., 2015",74.9,-94.85,NA,NA,Wetland,NA,NA,NA,NA,1,0.2,NA,NA,NA,0.06,0.03,NA,NA,1,NA,NA,NA,NA,NA,NA,NA,NA,NA,NA,"For complete dataset, see paper; location estimated, first year of date range chosen",NA,0,0,,
NA,"Devon Island, NU (wetland)",Canada,NA,2006,NA,NA,NA,"Chetelat et al., 2015",72.3,-80,NA,NA,Wetland,NA,NA,NA,NA,4.4,1.3,NA,NA,NA,NA,NA,NA,NA,22.4,8.2,NA,NA,7,NA,NA,NA,NA,NA,NA,"For complete dataset, see paper; location estimated, first year of date range chosen",NA,0,0,,
NA,"Cornwallis Island, NU (pond)",Canada,NA,2006,NA,NA,NA,"Chetelat et al., 2015",74.75,-94.95,NA,NA,Pond,NA,NA,NA,NA,0.4,NA,NA,NA,NA,0.02,NA,NA,NA,0.9,NA,NA,NA,8.5,NA,NA,NA,NA,NA,NA,"For complete dataset, see paper; location estimated, first year of date range chosen",NA,1,0,,
NA,"Devon Island, NU (pond)",Canada,NA,2006,NA,NA,NA,"Chetelat et al., 2015",72.3,-80,NA,NA,Pond,NA,NA,NA,NA,1,0.4,NA,NA,NA,0.08,0.05,NA,NA,4.6,2,NA,NA,8.3,NA,NA,NA,NA,NA,NA,"For complete dataset, see paper; location estimated, first year of date range chosen",NA,0,0,,
NA,"Ellesmere Island, NU (pond)",Canada,NA,2003,NA,NA,NA,"Chetelat et al., 2015",79.55,-75.9,NA,NA,Pond,NA,NA,NA,NA,2.2,2,NA,NA,NA,0.53,0.68,NA,NA,18.7,12.1,NA,NA,8.4,NA,NA,NA,NA,NA,NA,"For complete dataset, see paper; location estimated, first year of date range chosen",NA,0,0,,
